{"type":"Topology","transform":{"scale":[0.002223579612738866,0.001750369431847126],"translate":[23.221610003000023,-33.06255000099998]},"arcs":[[[370,503],[5,-28],[6,3],[3,-6],[6,1],[13,-11],[11,-17],[-7,-10],[-1,-10],[-7,-3],[-2,-4],[5,-7],[19,-6],[0,5],[13,0],[-2,2],[10,25],[20,-15],[-11,-24],[28,-13],[21,-1],[0,-30],[25,-3],[-2,-12],[7,-5],[5,-15],[0,-21],[-7,-14],[-28,8],[-13,-1],[-16,-17],[-25,22],[-10,-16],[-20,-4],[-14,10],[-32,-20],[-10,21],[-17,-6],[-12,21],[-55,1]],[[276,303],[0,-1]],[[276,302],[-4,2],[-18,-23],[-29,4],[11,-38],[21,-36],[-2,-11],[-47,-8],[3,-37],[-27,-4]],[[184,151],[-30,-1],[9,27],[-14,10],[-17,4],[-22,0],[-13,-28],[-18,8],[-21,0],[1,19],[-9,15],[-28,18],[14,12],[3,23],[-9,34],[-20,22],[2,27],[-12,23],[23,14],[7,-2],[9,5],[11,25],[7,-7],[28,-14],[17,37],[97,-12],[6,9],[-13,18],[10,34],[10,3],[24,18],[9,13],[14,-9],[24,-28],[19,-7],[13,13],[6,1],[12,14],[10,6],[21,2],[6,6]],[[757,480],[-9,-1],[-2,3],[-22,-12],[-7,3],[-5,-4],[-29,-4],[-4,-4],[8,-7],[-8,-8],[-3,4],[-16,-23],[-2,13],[-4,2],[-4,-10],[-7,-3],[-19,20],[-16,-5]],[[608,444],[-4,5]],[[604,449],[-1,2]],[[603,451],[0,7],[3,1]],[[606,459],[-1,5],[-8,5],[-5,-3]],[[592,466],[3,4]],[[595,470],[-3,6],[0,-10]],[[592,466],[1,-5]],[[593,461],[-3,-3]],[[590,458],[-1,0]],[[589,458],[-1,-2]],[[588,456],[0,-1]],[[588,455],[-4,-3],[-10,6],[-20,-4],[-6,9],[-4,-5],[-9,20],[-23,23],[-10,21],[-16,8],[5,13],[-6,1],[-1,4],[6,2],[12,-14],[7,12],[20,-6],[10,21],[-2,12],[3,6],[11,1],[24,18],[11,-27],[29,-4],[-5,14],[12,-2],[5,-13],[15,-9],[0,-10],[8,-8],[9,0],[8,10],[3,-15],[10,7],[25,0],[6,14],[8,-1],[5,18],[-5,13],[1,13],[-36,47],[11,11],[-4,3],[1,21],[14,10],[5,10],[-2,11],[-7,0],[-9,5]],[[693,718],[18,12],[21,-19],[3,-10],[8,-3],[10,4],[4,-20],[5,3],[4,-9],[-2,-3],[8,-12],[3,-13],[-10,-9],[13,-36],[-6,-26],[4,-11],[4,1],[5,-21],[-7,-9],[1,-10],[-7,-10],[0,-9],[-6,3],[-4,-2],[-5,-29]],[[608,444],[-6,-1],[-3,6]],[[599,449],[5,0]],[[603,451],[1,-2]],[[599,449],[-4,6]],[[595,455],[0,-1]],[[595,454],[-1,-2],[-2,4],[-2,-1],[-1,1],[0,0],[-1,0],[0,0]],[[589,458],[1,0]],[[592,466],[14,-7]],[[588,455],[0,1]],[[595,454],[0,1]],[[757,480],[8,-10],[12,-1],[-9,-12],[1,-12],[-4,-15],[-7,3],[-21,-14],[-8,3],[-9,-4],[2,-11],[-5,3],[0,-5],[-4,-3],[9,-6],[-2,-8],[-4,2],[-8,-17],[-16,18],[-26,-2],[-4,16],[-6,-15],[-4,0],[11,-15],[-48,-22],[-11,-19],[-3,-15],[-1,-7],[10,-4],[-5,-24],[-10,2],[-23,-25],[-24,14],[7,-34],[-14,-31],[-5,-24],[-37,-25],[-3,-6],[-6,0],[12,-8],[19,-1],[-14,-20],[-18,2],[-5,-20],[-23,6],[-16,-34],[-5,-3],[-22,-4],[-43,-27],[3,-21],[-10,0],[2,-25],[-22,1],[6,16],[-75,14],[-1,22],[-30,0],[-13,5],[-12,-1],[0,16],[-6,-4],[-27,4],[-2,31],[5,4],[-6,14],[-3,29]],[[276,302],[0,1]],[[370,503],[-3,14],[28,-4],[6,8],[-5,1],[13,10],[2,19],[-12,8],[-5,-15],[2,23],[5,0],[-1,5],[6,3],[5,-2],[3,5],[-6,5],[5,17],[16,-4],[0,4],[6,0],[2,4],[-5,5],[18,23],[-15,13],[4,6],[-15,12],[-8,3],[-4,-5],[-15,-1],[0,12],[9,22],[13,-4],[1,18],[11,2],[2,4],[-14,8],[-3,18],[7,15],[29,-4],[19,-11],[0,6],[7,-5],[14,9],[4,15],[7,6],[37,1],[-4,13],[13,-14],[29,4],[2,-28],[18,-4],[12,13],[0,5],[17,2],[3,12],[9,9],[-7,-13],[4,-3],[9,1],[-6,-7],[28,-9],[-2,-12],[15,-12],[3,4],[6,-1],[0,-6],[8,-1],[-4,-7]]],"objects":{"1":{"type":"GeometryCollection","geometries":[{"arcs":[[0,1,2,3]],"type":"Polygon","properties":{"WARD":"21001001","PROVINCE":"Eastern Cape","CAT_B":"EC101","MUNICNAME":"Camdeboo Local Municipality","WARDNO":1,"VOTERS":3799,"Area":3953.920528,"Shape_Leng":3.94662827731,"Shape_Area":0.379297382388,"ID":432,"POPULATION":8745,"DENSITY":2.21172882410549}},{"arcs":[[4,5,6,7,8,9,10,11,12,13,14,15,16,17]],"type":"Polygon","properties":{"WARD":"21001002","PROVINCE":"Eastern Cape","CAT_B":"EC101","MUNICNAME":"Camdeboo Local Municipality","WARDNO":2,"VOTERS":3693,"Area":1482.05697768,"Shape_Leng":2.81629857453,"Shape_Area":0.141606224335,"ID":540,"POPULATION":7258,"DENSITY":4.897247615514496}},{"arcs":[[-6,18,19]],"type":"Polygon","properties":{"WARD":"21001003","PROVINCE":"Eastern Cape","CAT_B":"EC101","MUNICNAME":"Camdeboo Local Municipality","WARDNO":3,"VOTERS":3320,"Area":1.36409842279,"Shape_Leng":0.0554010119048,"Shape_Area":0.000130581981945,"ID":541,"POPULATION":5919,"DENSITY":4339.129714624131}},{"arcs":[[-8,20,-20,21,22,23,-15,24,-13,-12,25]],"type":"Polygon","properties":{"WARD":"21001004","PROVINCE":"Eastern Cape","CAT_B":"EC101","MUNICNAME":"Camdeboo Local Municipality","WARDNO":4,"VOTERS":4105,"Area":5.84912809322,"Shape_Leng":0.140224328956,"Shape_Area":0.000559802951091,"ID":542,"POPULATION":10281,"DENSITY":1757.6978715711818}},{"arcs":[[-26,-9]],"type":"Polygon","properties":{"WARD":"21001005","PROVINCE":"Eastern Cape","CAT_B":"EC101","MUNICNAME":"Camdeboo Local Municipality","WARDNO":5,"VOTERS":2841,"Area":1.98569107915,"Shape_Leng":0.0834950604902,"Shape_Area":0.000190021646289,"ID":543,"POPULATION":6018,"DENSITY":3030.6829008750346}},{"arcs":[[-10,-11]],"type":"Polygon","properties":{"WARD":"21001006","PROVINCE":"Eastern Cape","CAT_B":"EC101","MUNICNAME":"Camdeboo Local Municipality","WARDNO":6,"VOTERS":3194,"Area":1.05663957173,"Shape_Leng":0.0481673184897,"Shape_Area":0.000101100595082,"ID":544,"POPULATION":6459,"DENSITY":6112.775039671191}},{"arcs":[[-17,26,-24,27,-22,-19,-5,28,-3,29,-1,30]],"type":"Polygon","properties":{"WARD":"21001007","PROVINCE":"Eastern Cape","CAT_B":"EC101","MUNICNAME":"Camdeboo Local Municipality","WARDNO":7,"VOTERS":2212,"Area":6976.10320576,"Shape_Leng":8.53390104894,"Shape_Area":0.668467339308,"ID":545,"POPULATION":6313,"DENSITY":0.904946474241882}}]}}}