{"type":"Topology","transform":{"scale":[0.00017888027804628784,0.0001823243933790716],"translate":[32.03293994400008,-28.153159938999973]},"arcs":[[[2102,1718],[-10,1],[-16,8],[-4,6],[-6,4],[-10,11],[-29,22],[-26,9],[-19,1],[-12,2],[-5,2],[-5,3],[-4,5],[-13,18],[-6,4],[-6,1],[-16,-1],[-44,-5],[-24,-8]],[[1847,1801],[32,167],[-332,76],[-10,28]],[[1537,2072],[164,120],[-23,26],[38,72],[21,43],[13,15],[18,27],[-63,72],[3,2],[7,2],[4,2],[4,1],[9,3],[7,-3],[2,-4],[4,-4],[5,0],[5,2],[3,5],[-3,15],[-2,4],[0,6],[3,3],[8,2],[4,0],[4,2],[7,6],[2,0],[3,-1],[1,0],[2,8],[-1,3],[1,3],[1,9],[-2,6],[2,4],[-1,4],[3,4],[-2,3],[61,-42],[24,31],[28,25],[62,50],[25,-23],[13,3],[38,3],[-20,-158],[65,48],[167,53],[7,33],[-18,-4],[-19,-7],[-20,2],[-2,1],[-51,100],[2,13],[9,22],[-18,9]],[[2141,2693],[3,2],[3,1],[7,-5],[11,-3],[2,1],[2,4],[3,1],[8,-2],[10,-6],[10,2],[9,-1],[9,0],[13,-2],[17,0],[10,-2],[5,1],[8,3],[15,-3],[6,1],[7,2],[14,6],[6,-3],[8,-1],[1,7],[7,3],[6,-5],[-1,8],[2,0],[6,-6],[4,4],[-3,1],[-1,7],[6,4],[2,-5],[0,-7],[7,-1],[0,5],[2,6],[3,6],[8,1],[6,9],[-3,6],[-8,1],[3,3],[7,-1],[2,5],[23,-1],[-4,3],[3,4],[8,-3],[-2,-6],[2,-4],[6,2],[0,-8],[-4,-5],[3,-1],[8,1],[9,0],[-2,-7],[12,4],[5,-6],[6,-3],[4,11],[5,0],[5,-4],[-3,-4],[4,-3],[1,-7],[-7,-1],[-3,-6],[7,-3],[-1,-3],[-6,-5],[-7,2],[0,-4],[2,-6],[-8,-1],[3,-6],[5,-4],[-4,-6],[7,-4],[-5,-4],[-3,-12],[-3,1],[-2,-1],[1,-7],[4,-6],[4,5],[3,-4],[0,-8],[5,-4],[1,-8],[2,-7],[-5,-4],[14,-15],[-2,0],[-8,-1],[-2,-5],[-7,4],[1,-6],[-5,-7],[0,-1],[6,-1],[4,-3],[1,-7],[-4,-6],[-5,-5],[2,-6],[-2,-3],[8,-7],[5,4],[5,1],[0,-10],[-5,-14],[3,-3],[1,-3],[8,-8],[2,-5],[12,-6],[2,0],[10,3],[9,-3],[4,-3],[1,-3],[2,-8],[-1,-5],[-3,-6],[1,-19],[-1,-7],[-3,-5],[-8,-3],[-2,-5],[0,-3],[3,-5],[6,-5],[9,-5],[8,-7],[5,-1],[0,-2],[-1,-2],[6,-12],[4,-4],[4,-1],[2,-1],[2,-2],[1,-3],[-3,-5],[-8,-1],[-7,-11],[-12,-1],[-11,-5],[-20,-6],[-4,-1],[-5,-3],[-4,-4],[-4,-7],[-12,-5],[-4,0],[-6,-3],[-6,-1],[-5,-2],[-3,0],[-2,-1],[0,-2],[-2,-1],[-6,-2],[-3,0],[-5,3],[-5,1],[-12,4],[-10,-16],[-35,-34],[-60,-86],[-3,-9],[-2,-24],[0,-9],[-14,-1],[-2,-1],[-1,-5],[-207,-83],[9,-18],[2,-11],[0,-30],[1,-12],[7,-26],[4,-10],[4,-7],[4,-10],[4,-7],[6,-7],[3,-6],[6,-29],[-2,-13],[-5,-9],[-1,-10],[-3,-3],[-2,-6],[-4,-4],[-3,-1],[0,-4],[1,-4],[-3,-6],[-6,-21],[-1,-10],[3,-4],[2,-9],[1,-11],[-1,-5],[2,-5],[-4,-4],[-1,-4],[3,-4],[1,-8],[3,-5],[1,-5]],[[2102,1718],[35,1],[9,-5],[12,-10],[1,-3],[6,-30],[3,-11],[1,-12],[3,-3],[6,-3],[4,-4],[6,-3],[3,-5],[6,-1],[13,-9],[5,7],[1,4],[2,2],[7,1],[30,30],[13,8],[7,0],[4,-4],[5,0],[5,-1],[11,-8],[3,-5],[3,-1],[10,-1],[7,0],[7,3],[5,-1],[10,1],[3,-1],[7,-1],[9,-5],[6,0],[12,-5],[2,-2],[7,-6],[11,0],[10,-6],[10,-1],[6,-2],[7,-2],[9,-1],[4,-3],[8,-3],[8,-8],[4,-1],[3,1],[0,-9],[-3,-20],[0,-7],[2,-7],[0,-7],[-2,-6],[4,-6],[6,-20],[2,-14],[-1,-20],[3,-6],[3,-13],[955,-214]],[[3440,1260],[3,-8],[3,-5],[7,-2],[2,-4],[1,-6],[-3,-19],[-2,-31],[-4,-29],[-8,-37],[-21,-97],[-8,-49],[-13,-64],[-7,-24],[-12,-41],[-24,-90],[-63,-294],[-23,-89],[-8,-39],[-5,-36],[-5,-70],[-1,-84],[1,-14],[3,-18],[-514,75],[-47,23],[-78,-19],[-60,16],[-60,24],[-33,75],[-77,11],[-67,-54],[-22,-22],[-162,138],[-121,-36],[-10,-4],[-55,-42],[-2,0],[1,3],[1,2],[1,5],[-4,12],[0,6],[7,14],[0,3],[-3,4],[-5,-6],[-7,-6],[-11,-5],[-5,-3],[-2,0],[-5,2],[-4,-2],[-3,4],[-1,-1],[-2,2],[-6,-1],[-1,2],[-3,4],[0,4],[-2,10],[7,16],[-1,6],[4,7],[1,6],[4,7],[1,6],[3,6],[6,5],[3,5],[5,15],[4,5],[1,7],[7,2],[3,4],[0,5],[2,2],[1,3],[-5,1],[-3,-4],[-2,-1],[-2,0],[-2,3],[-3,1],[-8,-2],[-3,0],[-27,6],[-3,2],[-7,2],[-11,7],[-2,6],[-2,3],[-2,1],[-3,6],[-6,3],[-5,-1],[-2,2],[-3,3],[-3,1],[-4,7],[-5,3],[-1,4],[-7,8],[-4,0],[-2,1],[-5,1],[1,3],[-3,4],[-4,0],[-3,1],[-17,13],[-13,16],[0,1],[6,0],[-3,5],[-2,1],[-5,0],[-4,-1],[-3,-2],[-6,-9],[0,-8],[-1,0],[-2,4],[2,10],[-2,1],[-2,0],[0,5],[-2,1],[-2,-1],[4,5],[6,6],[13,6],[10,-4],[4,-3],[27,-7],[6,0],[6,8],[4,1],[3,12],[-1,4],[2,1],[3,6],[3,3],[2,4],[9,4],[10,-2],[3,-3],[4,-2],[1,-3],[3,-2],[4,-1],[1,1],[2,2],[8,4],[-21,9],[-27,10],[-8,2],[-15,0],[-20,-2],[-13,1]],[[1778,622],[-3,66],[-6,171],[9,39],[113,434],[70,-5],[103,240],[-11,-2],[-15,0],[-10,-4],[-11,3],[-10,-1],[-7,0],[-3,1],[-18,-1],[-13,1],[-15,-1],[-19,-3],[-23,-9],[-13,-3],[-13,-1],[-18,2],[-12,4],[-6,3],[-6,6],[-7,9],[-3,2],[-9,4],[-7,0],[-7,-2],[-3,-2],[-4,-5],[46,233]],[[1778,622],[-2,-1],[-10,0],[-5,-2],[-8,-6],[-2,-5],[-3,-3],[-8,-4],[-3,-5],[-1,-9],[-11,-13],[-4,-11],[-5,-8],[-1,-8],[6,-9],[1,-4],[0,-8],[-1,-5],[1,-4],[1,-2],[4,-2],[5,1],[5,-2],[3,-7],[0,-4],[-4,-10],[-6,-9],[-2,-11],[-4,-8],[-7,-13],[-2,-8],[0,-7],[-5,-20],[-12,-27],[-3,-5],[-6,-3],[-11,-3],[-11,-5],[-6,-2],[-3,-3],[-1,-5],[1,-4],[4,-2],[6,0],[8,3],[5,0],[10,-4],[8,-7],[1,-3],[-3,-5],[0,-10],[7,-11],[8,-19],[1,-3],[0,-5],[-4,-4],[-6,-2],[-8,-1],[-2,-1],[-3,-5],[-4,-2],[-9,-2],[-4,-2],[-12,-19],[-3,-2],[-7,-11],[-7,-6],[-13,-7],[-10,-8],[-3,-4],[-2,-5],[11,-20],[2,-17],[-1,-5],[-3,-5],[-3,-3],[-10,-8],[-11,-6],[-16,-6],[-10,0],[-4,0],[-3,-2],[-4,-5],[-4,-2],[-6,-1],[-6,3],[-5,6],[1,7],[3,8],[-1,4],[-4,5],[0,8],[-4,4],[-2,0],[-5,-3],[-2,-2],[-4,-7],[-6,-24],[-1,-8],[2,-29],[0,-10],[3,-16],[3,-8],[-2,-17],[3,-20],[-1,-8],[-4,-6],[-5,-3],[-7,0],[-7,-2],[-15,-9],[-5,-3],[-23,-1],[-6,2],[-14,1],[-6,2],[-4,2],[-12,9],[-9,0],[-17,7],[-7,1],[-4,0],[-7,-4],[-4,0],[-5,2],[-13,4],[-5,0],[-14,4],[-20,9],[-7,6],[-3,9],[7,43],[-1,8],[-2,7],[-3,5],[-8,6],[-7,1],[-4,0],[-10,-7],[-22,-9],[-18,-4],[-17,0],[-5,1],[-3,3],[-5,3],[-12,2],[-12,6],[-18,14],[-7,2],[-10,0],[-24,-9],[-14,-9],[-29,-14],[-21,-19],[-2,-5],[-10,-9],[-4,-1],[-5,0],[-4,1],[-3,4],[-6,14],[-2,4],[-8,9],[-14,28],[-5,11],[-6,10],[-4,3],[-10,4],[-10,3],[-9,1],[-11,-2],[-6,-2],[-5,-4],[-5,-11],[-9,-14],[-22,-23],[-12,-21],[-6,-18],[0,-6],[-2,-5],[-6,-1],[-15,4],[-14,11],[-12,17],[-4,8],[-2,7],[0,11],[3,6],[4,3],[28,16],[12,9],[5,7],[6,22],[3,0],[93,586],[-105,352],[21,24],[1,4],[-8,6],[-3,5],[0,3],[5,8],[-2,12],[-4,1],[-4,2],[-5,-1],[-3,3],[-1,0],[1,-1],[-1,-4],[-1,0],[-3,4],[-12,8],[-1,3],[0,4],[-1,2],[-2,1],[-4,1],[-5,-2],[-3,1],[-3,3],[-5,10],[-3,1],[-2,0],[-7,-3],[-5,1],[-8,6],[-1,1],[2,2],[-2,1],[-2,8],[-4,21],[2,6],[-2,4],[7,3],[3,6],[0,3],[-2,3],[-3,1],[-1,4],[-3,6],[-2,0],[-4,-3],[-3,0],[-1,1],[0,11],[-3,3],[-7,1],[-5,-1],[-6,-4],[-2,0],[-1,-1],[-3,1],[-3,-1],[-4,-2],[1,-10],[-2,-4],[-7,-4],[-1,-4],[-1,-11],[-5,-10],[-5,-4],[-5,-1],[-2,0],[-6,8],[-2,0],[-6,-1],[0,-3],[-3,-2],[-2,0],[-5,3],[-8,1],[-10,-4],[-5,-6],[-6,-3],[-4,-6],[-11,-8],[-6,-2],[-10,3],[-12,0],[-24,13],[-10,4],[-8,7],[-4,3],[-6,0],[-7,3],[-7,-2],[-10,1],[-7,-1],[-2,0],[-2,2],[-5,3],[-6,1],[-13,0],[-9,6],[-5,5],[-4,2],[-4,0],[-2,1],[-2,3],[-7,4],[-8,4],[-6,0],[-11,3],[-21,14],[-17,8],[-9,3],[-5,0],[-6,-1],[-9,0],[-5,-2],[-3,-1],[-2,-3],[0,-2],[5,-5],[1,-2],[-4,-1],[-1,1],[-3,0],[-5,-5],[0,-4],[4,-10],[0,-2],[-3,-2],[-1,-3],[2,-5],[-7,-9],[-4,-4],[-2,-6],[-4,-2],[-7,-1],[-3,-1],[-4,-3],[-4,-8],[-1,-3],[1,-4],[-4,-4],[0,-2],[8,-10],[0,-10],[-2,-5],[-4,-5],[-2,-4],[-4,0],[-3,-1],[-2,-6],[-7,-4],[-3,-1],[-8,3],[-5,-1],[-8,3],[-3,-3],[-1,-3],[-2,-3],[-4,-2],[-5,-2],[-8,-3],[-4,-5],[1,-6],[1,-2],[0,-1],[-4,-3],[-2,-7],[-4,-7],[-6,-3],[-3,-3],[-4,-1],[-2,-2],[-25,-8],[-10,2],[-4,0],[-5,-3],[-4,-1],[-8,4],[-8,2],[-4,0],[-5,-2],[-11,-11],[-53,-13],[-116,138],[161,182],[5,-1],[2,-3],[1,0],[11,9],[4,-1],[4,10],[5,3],[8,-1],[4,1],[6,11],[11,8],[4,4],[3,5],[4,7],[3,9],[-5,13],[0,16],[-4,2],[-11,-5],[-13,1],[-3,3],[-1,4],[-4,7],[1,3],[4,4],[24,11],[7,5],[1,2],[0,3],[-5,3],[-2,-1],[-2,-3],[-2,0],[-13,5],[-1,2],[-1,2],[1,1],[3,3],[6,2],[4,0],[8,-1],[10,-2],[6,0],[18,8],[4,-1],[8,-3],[4,0],[3,2],[5,5],[2,5],[1,12],[2,5],[4,2],[2,-1],[1,-3],[4,-2],[11,0],[13,-2],[5,0],[11,4],[10,2],[5,-1],[2,-1],[3,-7],[4,-11],[-2,-3],[-6,-4],[-2,-3],[0,-4],[9,-8],[8,-5],[6,-2],[8,0],[4,2],[5,4],[4,11],[4,1],[7,2],[6,5],[7,3],[5,1],[4,-1],[10,-8],[3,-1],[7,0],[7,2],[12,1],[2,2],[-1,5],[-6,4],[-1,3],[-4,0],[-2,1],[-1,6],[0,3],[7,4],[3,0],[4,-5],[4,-2],[6,0],[7,-2],[3,3],[-1,3],[-2,1],[0,3],[-3,5],[1,1],[4,0],[1,1],[2,0],[5,-4],