{"type":"Topology","transform":{"scale":[0.0001696165790861126,0.00015187176644494935],"translate":[31.835769944000052,-28.76138493899998]},"arcs":[[[2485,654],[-1,6],[1,4],[11,18],[1,2],[7,3],[9,7],[3,4],[2,10],[3,8],[1,1],[8,3],[0,4],[-2,2],[-5,1],[0,2],[3,2],[4,0],[5,4],[0,3],[-3,5],[3,9],[5,1],[7,12],[5,4],[0,8],[3,8],[3,2],[4,6]],[[2562,793],[8,12],[6,7],[4,8],[14,17],[10,17],[16,16],[11,8],[7,9],[5,7],[5,14],[10,10],[13,19],[5,12],[1,22],[3,8],[4,5],[26,26],[16,10],[11,9],[18,21],[29,23],[92,141],[9,6],[44,40],[5,7],[27,23],[3,5],[5,16],[2,4],[4,5],[6,5],[2,11],[-4,12],[-5,4],[-30,-13],[-11,-3],[-20,6],[-12,6],[-101,42],[11,12],[4,9],[9,3],[2,1],[0,16],[-3,11],[1,4],[6,5],[8,15],[8,9],[7,14],[6,6],[7,9],[5,13],[7,11],[9,6],[1,3],[-2,10],[22,12],[17,15],[15,12],[12,14],[-1,5],[-15,7],[-3,3],[-1,4],[2,7],[5,6],[4,6],[5,4],[4,6],[0,2],[-1,10],[7,16],[-5,9],[-4,2],[-2,4],[0,5],[-4,3],[2,5],[-1,5],[1,5],[-6,9],[-1,15]],[[2938,1738],[5,6],[13,18],[24,8],[12,3],[77,26],[8,2],[12,4],[19,9],[16,4],[19,2],[32,-6],[8,2],[7,-2],[20,7],[8,8],[12,3],[5,4],[12,5],[11,10],[7,8],[6,20],[11,16],[5,6],[127,-24],[0,-12],[-2,-17],[-3,-7],[1,-6],[-6,-16],[-5,-22],[-1,-9],[0,-14],[-4,-21],[-4,-13],[-6,-14],[-1,-7],[-6,-15],[-10,-25],[-16,-32],[-5,-18],[-5,-12],[-8,-13],[-3,-18],[-3,-22],[-4,-10],[-12,-17],[-10,-22],[-1,-5],[-17,-26],[-4,-9],[-8,-12],[-10,-12],[-5,-11],[-14,-18],[-7,-16],[-11,-16],[-11,-18],[-12,-14],[-2,-6],[-9,-14],[-7,-7],[-29,-44],[-7,-8],[-4,-8],[-9,-10],[-14,-18],[-7,-6],[-21,-28],[-16,-18],[-10,-7],[-33,-33],[-10,-8],[-14,-14],[-7,-5],[-31,-35],[-24,-19],[-87,-60],[-29,-23],[-10,-11],[-12,-9],[-30,-36],[-7,-15],[-7,-5],[-2,-5],[-10,-11],[-27,-41],[-1,-11],[-3,-6],[-13,-9],[-33,-32],[-82,-69],[-12,-12],[-32,-19],[-46,-32],[-19,-10]],[[1606,1686],[-47,-61],[33,-2],[3,-2],[5,-8],[13,-10],[3,0],[14,7],[9,1],[46,-7],[29,-2],[55,-20],[14,-1],[0,-30],[-1,-9],[-3,-6],[-53,-75],[-16,-22],[-35,-40],[-4,-12],[-22,-73],[-18,-41],[-41,-55],[-6,-5],[-19,-12],[-6,-5],[-5,-6],[-2,-8],[-1,-7],[6,-57],[0,-10],[-17,-44],[5,0],[12,3]],[[1557,1067],[-13,-74],[108,-124],[17,-75],[4,-3],[-2,-1],[143,-156],[-49,-41],[42,-44],[2,-35]],[[1809,514],[10,-123]],[[1819,391],[-138,-9],[-88,-47],[-105,41],[-116,6],[30,128],[-1,0],[0,2],[-96,128],[-54,-68],[1,-1],[-24,-29],[-2,1],[-16,-20],[-5,-11],[-2,-11],[-8,-20],[-7,-14],[-4,-3],[-5,-2],[-5,1],[-32,11],[-6,-1],[-3,1],[4,1],[0,3],[-1,2],[-2,2],[-5,1],[-5,5],[-13,0],[-9,1],[-9,-3],[-7,2],[-6,9],[8,5],[1,3],[-2,3],[-6,5],[-4,4],[-2,4],[-1,6],[1,3],[8,3],[3,3],[0,5],[-6,6],[0,3],[2,1],[7,0],[9,-2],[10,1],[2,3],[-1,10],[5,2],[4,-4],[5,-9],[3,-2],[3,1],[5,10],[6,7],[2,5],[-2,7],[-8,7],[-5,10],[1,8],[6,4],[2,9],[0,5],[-4,2],[0,3],[2,2],[7,2],[7,0],[7,1],[1,3],[0,7],[3,7],[2,2],[8,3],[2,2],[5,10],[16,3],[1,3],[-1,4],[-2,1],[-5,2],[-8,-1],[-6,3],[-13,17],[-3,10],[-1,1],[-2,-2],[-6,-9],[-2,-8],[2,-4],[-1,-2],[-6,0],[-10,3],[0,2],[3,8],[-1,5],[1,5],[-1,2],[-2,2],[-4,-1],[-3,1],[-1,4],[6,5],[2,3],[0,8],[-1,3],[-8,7],[-3,0],[-3,4],[-2,0],[-2,-4],[-3,1],[-3,6],[-5,3],[0,2],[2,1],[-1,2],[-4,2],[-4,0],[-4,-1],[-6,1],[-8,-5],[-10,-2],[-5,-5],[-5,1],[-8,2],[-7,0],[-4,0],[-2,-3],[-6,2],[-3,-3],[-4,-2],[-7,1],[-5,-4],[-5,-7],[-2,-1],[0,-4],[-4,0],[-1,-2],[-2,1],[-1,4],[-2,5],[-5,3],[-2,4],[-8,2],[-6,-2],[-2,0],[0,4],[1,4],[7,5],[5,6],[-1,1],[-8,5],[-2,9],[1,7],[8,9],[3,10],[-1,3],[-4,4],[-3,12],[-9,5],[-2,4],[0,7],[1,6],[2,1],[3,7],[-1,4],[-2,2],[6,4],[8,-2],[2,3],[8,3],[2,5],[6,2],[-2,5],[2,2],[-2,4],[2,7],[4,4],[-32,22]],[[970,918],[67,60]],[[1037,978],[81,76],[44,54],[219,285],[-1,1],[1,6],[0,4],[-5,4],[-2,0],[-2,2],[-4,0],[-3,5],[-6,0],[-3,6],[-4,3],[-5,1],[-2,3],[0,11],[-7,9],[5,11],[-1,6],[3,6],[0,7],[5,1],[2,4],[-2,6],[-3,5],[-5,0]],[[1342,1494],[2,3],[4,0],[1,1],[-1,4],[3,0],[3,3],[3,-1],[1,-4],[4,-3],[9,1],[-3,4],[2,7],[6,7],[2,1],[0,4],[1,1],[5,1],[2,6],[1,5],[3,4],[1,0],[1,-2],[4,0],[5,5],[0,6],[2,1],[4,2],[0,7],[3,1],[1,1],[-1,3],[1,4],[0,4],[7,5],[4,0],[11,7],[1,3],[-11,11],[-4,9],[-2,3],[-5,5],[-8,2],[0,5],[0,3],[4,1],[1,4],[4,3],[0,5],[4,6],[-1,5],[3,5],[3,3],[7,1],[2,3],[5,2],[3,5],[-2,4],[0,1],[3,1],[3,-2],[1,0],[5,7]],[[1449,1677],[5,3],[2,2],[-6,14],[2,5],[6,2],[14,10],[16,3],[7,-1],[22,-7],[1,3],[1,9],[2,4],[5,1],[8,-2],[5,-2],[6,-5],[8,-2],[3,-2],[22,-23],[4,-2],[12,-3],[12,2]],[[2485,654],[-14,-13],[-30,-16],[-28,-23],[-29,-24],[-24,-24],[-37,-31],[-31,-28],[-8,-11],[-11,-11],[-13,-17],[-32,-34],[-7,-14],[-20,-32],[-14,-16],[-13,-10],[-31,-36],[-9,-11]],[[2134,303],[-12,10],[-2,5],[9,21],[-2,5],[-4,4],[-2,1],[-7,-5],[-14,-14],[-5,-3],[-10,12],[-32,10],[4,3],[5,8],[18,16],[57,67],[7,6],[-5,7],[-15,13],[-3,6],[-5,7],[-5,4],[-5,7],[-5,10],[-11,13],[-281,-2]],[[1557,1067],[40,-1],[93,1],[25,8],[44,21],[49,-47],[12,-7],[29,-21],[18,-33],[17,-19],[24,-13],[55,-36],[56,-54],[14,-1],[26,26],[-54,104],[170,85],[-45,112],[114,46],[70,-118],[103,-36],[-30,-94],[-16,-13],[-5,1],[-5,-3],[-4,-6],[-2,-8],[-128,-121],[-3,-13],[5,-19],[11,1],[22,6],[6,-4],[7,2],[8,-6],[5,-2],[2,0],[6,-8],[7,-2],[15,4],[7,14],[6,-2],[10,3],[15,1],[7,5],[7,4],[9,7],[8,4],[5,9],[7,7],[14,3],[11,28],[5,5],[5,7],[1,-1],[4,1],[5,-2],[6,-2],[15,1],[17,-3],[4,0],[-7,-10],[-11,-28],[5,5],[12,5],[12,2],[13,11],[7,-2],[2,2],[4,-1],[7,2],[10,6],[5,1],[9,-1],[5,-2],[9,-11],[1,-11],[-3,-13],[-3,-6],[-6,-6],[-16,-8],[-1,-2],[0,-2],[3,-2],[0,-5],[2,-3],[2,2],[2,3],[0,4],[-2,2],[1,2],[2,0],[2,-2],[1,1],[4,4],[3,6],[5,0],[0,-6],[-5,-17],[-1,-13],[3,-2]],[[1606,1686],[120,153],[183,243]],[[1909,2082],[15,-4],[9,-5],[4,-5],[4,-2],[30,-4],[33,-16],[34,-5],[31,-12],[28,-6],[25,-3],[42,-14],[18,-7],[37,-8],[11,1],[25,8],[20,3],[21,1],[11,3],[7,0],[8,3],[20,3],[11,5],[-21,-112],[16,-3],[-5,-31],[-21,-112],[2,-2],[4,0],[21,8],[13,2],[5,0],[24,-5],[3,1],[1,3],[8,5],[8,1],[6,2],[27,-7],[5,0],[7,1],[6,2],[5,3],[2,2],[8,12],[6,5],[9,4],[11,1],[6,0],[7,-5],[-1,-6],[-2,-5],[10,-22],[37,-36],[8,-5],[27,-20],[9,-4],[11,-3],[7,-7],[19,-10],[6,-9],[16,-9],[7,-2],[20,0],[9,-1],[10,-3],[12,-10],[8,-10],[8,-6],[10,-12],[15,-11],[6,-3],[15,0],[9,-7],[13,-4],[7,2],[13,7],[3,5],[4,15],[0,14],[2,7],[1,2],[3,0],[10,1],[14,6],[10,6],[9,7],[11,21],[29,33],[2,7],[6,8],[9,9]],[[2134,303],[-22,-26],[-29,-26],[-36,-33]],[[2047,218],[-14,15],[-3,9],[-10,6],[-6,1],[-12,9],[-8,-1],[-15,7],[-15,12],[-22,23],[-51,66],[-4,-3],[-6,-12],[-7,0]],[[1874,350],[4,2],[-59,39]],[[1885,74],[-9,-15],[-4,-3],[-3,-6],[-7,-8],[-14,-11],[-19,-22],[-10,-9],[-108,84],[-1,19],[2,9],[13,16],[7,5]],[[1732,133],[7,-9],[4,-1],[2,1],[5,0],[3,-1],[10,-8],[5,-5],[8,11],[8,-4],[6,3],[-1,9],[-5,3],[2,7],[3,3],[1,5],[-1,2],[13,-7],[3,4],[7,-7],[16,-10],[-16,-19],[22,-7],[6,-4],[4,-4],[19,-8],[22,-13]],[[970,918],[-242,-278],[-14,1],[-4,1],[-3,0],[-12,-5],[-15,-2],[-5,-2],[-8,2],[-11,7],[-6,3],[-1,2],[-1,5],[-3,7],[0,1],[2,1],[2,3],[3,-1],[7,5],[3,6],[5,5],[2,4],[-2,5],[-6,3],[-8,6],[-2,9],[-5,5],[-2,4],[-1,7],[2,9],[0,7],[-7,-3],[-6,-4],[-2,-9],[-2,-3],[-5,1],[-8,9],[-3,5],[-3,4],[-2,6],[-12,10],[-2,7],[-5,3],[-4,1],[-9,-3],[-3,-3],[-1,-6],[3,-15],[-1,-8],[-2,-4],[-7,-8],[-5,-2],[-4,1],[-10,15],[-2,4],[1,3],[17,12],[0,3],[0,10],[-2,6],[-4,2],[-3,0],[-8,-2],[-10,1],[-1,3],[-2,19],[3,7],[3,1],[2,1],[7,10],[10,2],[2,3],[6,18],[-1,3],[-2,1],[-1,3],[0,2],[-1,6],[0,1],[3,0],[1,1],[-1,8],[-4,4]],[[558,864],[1,9],[3,2],[4,2],[4,6],[0,8],[5,12],[0,10],[7,10],[4,10],[4,14],[4,9],[18,-7],[5,1],[3,11],[0,7],[1,3],[5,4],[2,5],[6,4],[3,3],[0,8],[-2,4],[0,10],[7,10],[5,-2],[3,-4],[11,-1],[15,-11],[12,0],[6,3],[9,0],[1,6],[5,10],[5,6],[5,3],[3,1],[17,1],[8,5],[12,1],[7,6],[4,9],[1,11],[3,5],[2,0],[2,4],[3,0],[1,1],[2,10],[-2,2],[4,4],[-2,4],[2,3],[0,8],[4,5],[3,5],[3,2],[2,4],[-2,7],[-2,3],[0,2],[10,4],[9,1],[-3,13],[0,5],[2,10],[3,10],[10,6],[9,7],[14,20],[5,8],[21,15],[10,5],[16,10],[3,7],[2,12],[6,2],[10,-1],[3,-2],[3,-3],[18,-6],[2,-4],[3,4],[0,15],[2,7],[9,6],[5,2],[4,-1],[9,-8],[4,-1],[6,0],[32,10]],[[1021,1285],[7,1],[12,-1],[8,-4],[10,-7],[2,-3],[5,-14],[2,-18],[3,-9],[-2,-2],[-7,2],[-14,-1],[-2,-1],[-23,5],[-5,-1],[-3,-3],[-4,-2],[-3,-11],