{"type":"Topology","transform":{"scale":[0.0001459084745762716,0.0001370224719100944],"translate":[31.487649944000054,-28.758769938999933]},"arcs":[[[2217,2387],[1,-72],[-85,-145],[-28,-98],[-8,-60]],[[2097,2012],[-49,-12],[-146,-76],[-80,-5]],[[1822,1919],[-278,277],[-15,-4],[-6,-3],[-2,-4],[-10,-25],[0,-7],[-6,-19],[-8,-18],[-3,-7],[-2,-7],[-6,-3],[-4,0],[-2,1],[0,2],[1,3],[6,15],[2,6],[-1,3],[-4,18],[-4,2],[-5,1],[-2,-1],[-9,-10],[-6,-2],[-5,-3],[-9,0],[-2,2],[-3,5],[-3,3],[-6,4],[-4,0],[-2,-2],[-2,-2],[-11,-12],[-3,-1],[-5,1],[-8,7],[-5,3],[-7,8],[-2,1],[-34,2],[0,-3],[4,-19],[3,-8],[-1,-6],[-2,-4],[-14,-7],[-6,-5],[-1,-3],[1,-3],[9,-2],[9,-3],[8,-1],[2,-2],[1,-4],[-10,-10],[-3,-8],[-4,-2],[-7,0],[-18,17],[-2,0],[-2,-2],[2,-14],[-1,-11],[-3,-7],[-3,-2],[-10,-5],[-10,-1],[-12,1],[-12,3],[-5,-1],[0,-1],[5,-8],[2,-1],[5,2],[1,0],[1,-1],[0,-6],[0,-1],[-6,-7],[-10,-4],[-15,-3],[-4,-2],[0,-3],[-2,-1],[-10,-3],[-4,0],[-5,4],[-6,2],[-11,1],[-2,0],[-3,-2],[-4,0],[-4,2],[-7,6],[-2,7],[-1,4],[1,9],[-9,18],[-3,3],[-10,3],[-3,3],[-4,10],[1,7],[2,4],[11,16],[3,10],[7,3],[-6,2],[-15,-1],[-8,-2],[-7,-2],[-6,-4],[-9,-9],[-5,-7],[-6,-13],[1,-13],[-2,-5],[-8,-6],[-8,-8],[-3,-5],[-2,-5],[-3,-18],[-2,-6],[-5,-5],[-10,-9],[-4,-5],[-3,-7],[-1,-14],[-3,-3],[-2,-1],[-5,-4],[-1,-7],[20,-6],[5,0],[11,7],[4,1],[7,0],[18,-6],[4,1],[6,-1],[20,-12],[3,-4],[6,-5],[8,-1],[4,-2],[10,-5],[8,-4],[9,-8],[18,-5],[6,-6],[2,-6],[-8,3],[-4,-2],[-5,-3],[-10,-10],[-5,-1],[-5,0],[-4,-1],[-5,-11],[-3,-2],[-2,1],[-6,8],[-5,5],[-4,2],[-6,0],[-3,-2],[-2,-5],[1,-5],[-1,-2],[-1,-3],[-7,-5],[-14,1],[-3,1],[-5,-1],[-4,-3],[-3,-9],[-5,-6],[-6,0],[-8,-2],[2,-8],[0,-5],[-6,-2],[-4,1],[-7,1],[-6,-1],[-8,-3],[-5,-1],[-2,-1],[-6,-8],[-6,-4],[-5,0],[-7,-13],[-1,-9],[-2,-1],[-6,-4],[-2,-2],[-3,-2],[-2,-12],[-2,-2],[-4,-4],[-4,-7],[-4,-8],[-1,-5],[1,-7],[3,-4]],[[1000,1730],[-4,-1],[-2,0],[-3,0],[-5,3],[-2,3],[0,2],[1,6],[1,5],[-9,13],[-8,6],[-15,6],[-3,4],[-4,13],[0,11],[1,9],[-3,10],[1,12],[7,15],[-1,4],[-2,3],[-5,3],[-7,-1],[-4,2],[-3,0],[-16,-12],[-4,-1],[-14,1],[-5,2],[-6,6],[-9,2],[-3,1],[-16,13],[-13,4],[-9,4],[-9,4],[-9,7],[-14,4],[-8,0],[-7,2],[-4,4],[0,9],[-4,8],[1,5],[5,12],[-10,0],[-4,-2],[-5,0],[-9,-3],[-25,-11],[-11,-10],[-10,-2],[-6,-2],[-14,0],[-5,0],[-8,5],[-11,2],[-11,0],[-17,3],[-20,6],[-13,0],[-4,2],[-5,5],[-6,3],[-26,6],[-13,4],[-4,0]],[[550,1939],[-8,11],[-4,11],[0,6],[-3,4],[0,3],[-2,1],[1,3],[-1,2],[3,4],[14,8],[3,3],[1,3],[9,4],[6,9],[3,3],[4,2],[3,1],[2,2],[1,4],[3,4],[2,1],[4,1],[8,7],[2,1],[7,-2],[3,-7],[3,-2],[6,0],[4,2],[10,8],[10,5],[3,-1],[4,-7],[4,-2],[2,2],[1,3],[5,3],[16,4],[4,-1],[2,-1],[5,-7],[4,0],[3,3],[3,5],[-2,6],[2,6],[0,2],[7,5],[-1,5],[1,3],[3,2],[3,0],[10,5],[2,5],[8,14],[5,4],[-8,7],[-11,-1],[-8,5],[-10,4],[-13,15],[-10,3],[-5,9],[-8,6],[-9,17],[-1,9],[-4,9],[-1,10],[-12,21],[-8,6],[-9,2],[-8,6],[-12,15],[-7,6],[-15,12],[-8,6],[-5,8],[-3,9],[-5,8],[-7,18],[-6,8],[1,10],[3,9],[5,9],[-3,9],[4,9],[9,5],[4,9],[-8,5],[4,8],[0,10],[-13,15],[0,9],[-6,8],[-6,19],[4,8],[-4,19],[-7,7],[-8,6],[11,15],[9,6],[9,0],[6,9],[8,3],[20,22],[7,7],[7,7],[4,8],[-5,8],[1,9],[9,4],[2,8],[16,11],[0,10],[8,5],[10,-3],[7,4],[1,9],[-2,9],[0,10],[-2,9],[1,10],[12,13],[18,10],[0,8],[4,7],[7,7],[20,0],[5,-4],[1,-4],[5,-9],[7,-13],[2,0],[1,-3],[2,-1],[1,-2],[2,-1],[2,-2],[7,0],[4,1],[6,6],[7,16],[1,28],[-1,15],[-8,40],[-2,18],[1,6],[3,3],[2,2],[7,4],[6,1],[10,0],[22,-6],[16,-8],[9,-6],[12,-10],[3,-6],[1,-4],[-2,-7],[-1,-3],[-4,-6],[9,-22],[3,-10],[0,-18],[-4,-21],[-5,-31],[-2,-5],[-5,-10],[0,-9],[1,-8],[10,-9],[10,-3],[15,-8],[15,-12],[7,-7],[13,-5],[27,-15],[14,-5],[4,-1],[11,-1],[7,1],[32,7],[10,4],[13,2],[5,2],[7,1],[5,2],[6,6],[1,4],[6,16],[0,3],[-7,11],[-6,13],[-5,6],[-4,3],[-2,4],[-2,8],[0,3],[2,4],[14,16],[21,21],[8,4],[6,6],[8,5],[7,3],[15,6],[6,1],[6,0],[6,0],[7,-2],[7,-5],[11,-9],[5,-8],[6,-7],[2,-12],[3,-4],[11,-16],[6,-4],[7,-8],[24,-30],[6,-7],[6,-5],[10,-4],[10,-1],[8,0],[15,7],[17,12],[6,5],[4,6],[3,16],[2,4],[8,7],[5,5],[9,5],[4,1],[10,-1],[18,-4],[9,-1],[10,-4],[12,-4],[6,0],[5,2],[6,5],[5,9],[0,5],[-2,8],[-6,9],[-21,19],[-5,4],[-24,14],[-12,14],[-4,11],[-1,10],[1,9],[5,8],[7,5],[11,4],[5,2],[6,0],[9,-3],[10,-1],[13,1],[3,1],[23,15],[26,11],[24,15],[27,10],[29,5],[14,1],[30,-3],[10,-2],[4,-1],[2,-3],[4,-7],[0,-6],[0,-6],[-3,-6],[-10,-5],[-9,-2],[-15,-2],[-13,1],[-7,4],[-5,3],[-3,1],[-5,0],[-7,-1],[-7,-6],[-13,-13],[-9,-16],[-3,-8],[0,-8],[4,-4],[7,-4],[23,-6],[10,-7],[4,-7],[4,-8],[7,-26],[6,-9],[20,-25],[15,-14],[6,-8],[16,-19],[11,-12],[12,-14],[6,-5],[8,-6],[19,-15],[23,-13],[10,-5],[20,-14],[11,-6],[11,-5],[13,-5],[11,-1],[17,0],[-46,-150],[480,13]],[[1822,1919],[-231,-14],[-236,-761],[-44,24],[-17,8],[-7,4],[-19,7],[-10,2],[-4,0],[-19,-2],[-18,-3],[-13,-4],[-9,-4],[-14,-3],[-5,-2],[-5,1],[-9,0],[-6,-1]],[[1156,1171],[-3,16],[0,15],[-1,10],[2,15],[4,8],[2,7],[8,14],[3,8],[2,5],[24,19],[2,3],[2,9],[-3,7],[3,23],[2,3],[6,8],[3,5],[6,19],[0,4],[-1,2],[-6,7],[-4,4],[-4,13],[-12,12],[-4,3],[-18,11],[-8,0],[-8,-1],[-2,1],[-2,5],[-4,2],[-5,1],[-10,1],[-1,18],[1,9],[0,4],[-2,1],[0,1],[-2,1],[0,2],[2,8],[0,4],[1,1],[2,1],[1,3],[5,3],[-1,3],[1,3],[0,7],[-2,6],[-1,4],[3,5],[-1,2],[0,5],[1,4],[2,5],[1,4],[4,1],[2,2],[7,1],[6,10],[11,6],[3,0],[1,-7],[2,-1],[6,0],[6,2],[9,5],[3,3],[2,16],[2,6],[-1,5],[-2,3],[-10,2],[-1,2],[-6,4],[-4,0],[-4,2],[-2,0],[-4,-3],[-4,-1],[-1,0],[-11,-3],[-5,-4],[-7,0],[-7,-2],[-5,1],[-2,-2],[-2,-5],[-6,-9],[-5,-3],[-7,-3],[-13,-1],[-8,6],[-4,7],[2,4],[-1,7],[-1,1],[-4,0],[1,8],[-6,5],[-3,0],[-3,2],[-3,6],[-5,1],[-1,5],[-4,2],[-1,2],[0,3],[-6,8],[-1,5],[-7,5],[-1,2],[-5,0],[-6,-7],[-10,-9],[-6,-4],[-2,0],[0,2],[-3,20],[0,10],[10,28],[1,8],[0,3],[-4,5],[-1,4],[-1,25],[-1,5],[-3,3],[-2,1],[-6,-4]],[[1156,1171],[9,-27],[3,-8],[2,-10],[-1,-10],[-4,-19],[-3,-2],[-4,-3],[-12,0],[-6,-4],[-12,0],[-7,0]],[[1121,1088],[-5,4],[-7,-1],[-2,3],[-3,3],[-6,1],[-4,-1],[-15,6],[-14,-1],[-9,-5],[-1,1],[-6,5],[-5,-1],[-3,3],[-9,2],[-21,-3],[-17,0],[-10,-3],[-14,-8],[-4,-4],[-5,-1],[-4,-11],[-13,-13],[-3,-2],[-3,1],[-2,1],[-2,3],[-5,3],[-4,1],[-9,0],[-2,-3],[-9,-6],[-7,-4],[-7,-8],[-4,-4],[0,-6],[4,-32],[0,-16],[-2,-9],[-10,-33],[0,-6],[0,-6],[6,-16],[2,-16],[-2,-6],[-5,-4],[-5,-1],[-8,2],[-14,7],[-18,16],[-14,10],[-6,7],[-5,4],[-6,4],[-7,3],[-8,3],[-5,0],[-4,-2],[-4,-3],[-2,-2],[-3,-5],[0,-5],[2,-5],[5,-11],[-2,-2],[-3,0],[-9,4],[-14,8],[-7,1],[-16,13],[-11,1],[-12,-1],[-3,-1],[-22,-5],[-10,-7],[-4,-4],[-10,-11],[-12,-14],[-7,-12],[-23,2],[-9,2],[-8,-5],[-19,9],[-6,4],[-7,11],[-6,0],[-1,-3],[2,-10],[0,-5],[-2,-4],[-4,-3],[-2,0]],[[551,886],[0,20],[-20,36],[-24,41],[24,16],[34,26],[0,51],[-24,10],[-29,-56],[-44,-5],[-58,15],[-15,-46],[-43,-11],[-20,5],[15,31],[-5,26],[-29,-5],[-19,62],[-39,31],[-34,46],[-29,-15],[-5,21],[-19,41],[-25,10],[-34,0],[15,-36],[-5,-41],[-24,-16],[-10,47],[-85,-5],[60,419],[9,1],[4,0],[2,-1],[20,0],[3,1],[11,-6],[-1,-3],[2,-6],[-2,-3],[1,-7],[6,-6],[10,-6],[2,-2],[-15,-10],[-1,-9],[14,-14],[6,-8],[5,-18],[3,-14],[80,-15],[1,19],[2,4],[4,1],[3,0],[5,-2],[6,-8],[0,-3],[3,0],[1,-2],[2,1],[2,2],[5,8],[2,1],[9,-2],[28,-11],[5,0],[4,0],[6,-1],[8,0],[11,3],[8,4],[4,5],[-1,4],[-6,6],[-4,4],[-4,0],[6,9],[-2,3],[1,4],[5,2],[-4,6],[3,2],[2,4],[3,3],[-1,4],[1,2],[-1,3],[-1,2],[0,3],[1,7],[3,3],[1,4],[0,6],[3,9],[3,3],[5,2],[2,3],[4,2],[7,9],[6,2],[3,3],[13,3],[7,-1],[3,2],[3,5],[2,2],[5,0],[2,2],[5,-1],[2,4],[6,3],[2,2],[-1,2],[2,1],[2,7],[0,8],[1,2],[1,4],[1,8],[2,4],[12,10],[5,3],[0,1],[2,1],[-2,3],[0,2],[10,2],[0,4],[-2,1],[0,5],[3,2],[5,8],[3,3],[8,5],[5,8],[7,4],[5,7],[3,1],[2,1],[1,-1],[16,11],[7,-1],[4,0],[3,-1],[6,2],[4,2],[6,3],[4,0],[3,2],[6,3],[3,0],[2,0],[2,-2],[3,-1],[4,-6],[11,-8],[5,0],[9,2],[6,0],[2,0],[7,-8],[0,-6],[1,-2],[2,-2],[4,-1],[3,-3],[1,-2],[-1,-4],[3,1],[10,11],[-1,4],[-5,12],[-3,2],[-8,1],[-1,1],[6,6],[7,0],[5,4],[1,2],[0,6],[4,4],[-2,7],[0,3],[-1,3],[-2,1],[-1,0],[-5,-2],[-2,1],[1,2],[2,3],[0,2],[-5,6],[-2,10],[-4,3],[1,6],[-7,7],[-2,5],[-4,8],[-8,3],[-4,6],[1,1],[4,-2],[5,1],[1,1],[-1,2],[-1,6],[2,1],[5,0],[1,1],[1,2],[-1,4],[-2,3],