{"type":"Topology","transform":{"scale":[0.0001238485447866704,0.00012483611626467667],"translate":[31.156969944000025,-28.77812993899994]},"arcs":[[[1805,1156],[2,5]],[[1807,1161],[-98,72],[-72,51],[-131,86],[183,143],[66,53],[66,-56],[50,293],[4,1]],[[1875,1804],[18,4],[13,0],[0,-3],[150,-58]],[[2056,1747],[15,-90]],[[2071,1657],[29,-173],[-3,-1],[34,-194],[36,-18],[-209,-221],[-153,106]],[[2050,2560],[-123,-182],[-112,-162],[146,-68],[-107,-285],[5,-6],[4,-8],[6,-18],[6,-27]],[[1807,1161],[-99,-252]],[[1708,909],[-160,88],[0,-20],[3,-14],[14,-28],[0,-6],[5,-13],[-2,-12],[-4,0],[-9,-8],[-3,-10],[-9,-3],[-9,-7],[-4,-6],[-13,-9],[-3,-4],[-10,0],[-10,-2],[-3,-3],[-4,1],[-10,-3],[-8,-1],[4,-3],[8,0],[-1,-7],[1,-6],[1,-3],[-9,-12],[-8,-5],[-4,0],[0,-8],[-15,-8],[-4,-5],[-5,-2],[-4,-6],[-3,-11],[2,-6],[-4,-10],[-3,-11],[-6,-3],[164,-119],[-45,-80],[-92,-172]],[[1446,372],[-3,4],[0,2],[3,7],[2,5],[1,7],[0,2],[-8,16],[-5,11],[-8,18],[-7,18],[-5,10],[-2,10],[-3,13],[-5,11],[-1,5],[-2,2],[-7,2],[-5,-1],[-4,0],[-2,-2],[-6,-1],[-3,-2],[0,-3],[1,-3],[6,-7],[3,-12],[0,-13],[-3,-7],[-11,-1],[-9,2],[-14,0],[-28,2],[-10,-1],[-3,-1],[-5,-4],[-12,-14],[-4,-3],[-15,-4],[-3,0],[-6,2],[-9,4],[-4,3],[-21,24],[-8,3],[-3,4],[-3,4],[-4,2],[-8,4],[-9,1],[-9,-3],[-22,-6],[-11,-2],[-8,-1],[-21,-5],[-18,0],[-11,2],[-6,1],[-9,6],[-9,9],[-7,12],[-3,7],[-15,21],[-4,4],[-7,4],[-2,0],[-3,-1],[-8,-8],[-10,-12],[-7,-7],[-7,-14],[-3,-4],[-5,-3],[-10,-8],[-5,-1],[-8,-2],[-2,-1],[-7,1],[-2,1],[-6,3],[-9,18],[-1,4],[-1,15],[4,14],[1,3],[2,4],[10,13],[6,5],[8,6],[3,3],[3,6],[9,13],[3,9],[6,9],[0,3],[0,5],[-3,7],[-3,5],[-10,11],[-2,2],[-5,1],[-9,-1],[-10,-4],[-12,-7],[-6,-3],[-15,-10],[-15,-8],[-7,-1],[-8,-5],[-2,0],[-7,-3],[-3,1],[-10,0],[-7,-2],[-9,-4],[-5,0],[-3,1],[-11,7],[-8,7],[-2,3],[-5,2],[-4,5],[-8,4],[-4,2],[-4,0],[-4,-2],[-5,1],[-6,5],[-5,1],[-1,4],[2,12],[2,5],[1,16],[-4,9],[-1,8],[-3,2],[-5,9],[0,3],[1,2],[0,4],[2,4],[1,1],[5,3],[5,2],[4,2],[3,1],[11,3],[19,6],[15,10],[4,5],[3,2],[4,6],[3,1],[12,-4],[3,-3],[6,-5],[2,-3],[3,-3],[1,-2],[2,0],[5,-4],[8,-3],[3,0],[4,1],[2,0],[1,-1],[3,-1],[4,-2],[1,-3],[5,-2],[3,-2],[3,-1],[7,-2],[2,-1],[3,1],[2,0],[1,-1],[3,0],[3,4],[1,3],[3,4],[1,11],[5,11],[0,1],[-1,2],[-2,2],[-5,1],[-1,-1],[-3,4],[-12,3],[-12,6],[-4,3],[-4,6],[-1,7],[-2,4],[-8,7],[-6,2],[-6,2],[-10,0],[-3,0],[-10,6],[-7,6],[-1,4],[2,7],[11,9],[3,5],[0,14],[-1,5],[-2,3],[-1,3],[6,19],[0,4],[1,3],[0,8],[0,3],[-3,2],[-11,1],[-13,-6],[-5,-1],[-4,-1],[-3,1],[-7,5],[-4,6],[-2,6],[-2,5],[0,3],[-1,4],[-4,3],[-2,3],[0,5],[-1,3],[-4,2],[-2,0],[-11,0],[-5,2],[-11,0],[-5,3],[-7,5],[-1,3],[0,3],[4,7],[5,6],[8,20],[3,21],[3,7],[3,6],[3,7],[-1,4],[1,2],[0,3],[-4,4],[-4,1],[-7,-4],[-7,-3],[-13,-2],[-4,-2],[-2,1],[-2,3],[-1,2],[2,8],[-1,18],[1,7],[-2,3],[-7,4],[-2,0],[-1,-1],[-12,-7],[-18,-4],[-8,-1],[-13,3],[-10,11],[-5,9],[-1,4],[2,4],[4,2],[3,1],[6,1],[9,4],[3,4],[8,6],[-1,2],[-2,3],[-8,5],[-15,9],[-16,5],[-13,4],[-14,-4],[-1,-1],[-11,-3],[-6,-3],[-5,-5],[0,-4],[3,-6],[5,-19],[1,-12],[5,-7],[0,-4],[-1,-2],[-3,-5],[-8,-5],[-2,-1],[-2,-2],[-3,-2],[-1,-1],[-12,-6],[-2,0],[-4,-1],[-4,-2],[-3,-3],[-7,-9],[-3,-2],[-1,-2],[-1,0],[-2,-2],[-6,-3],[-1,0],[-6,4],[-4,5],[-3,9],[-3,3],[-6,4],[-1,2],[-2,1],[-1,1],[-5,-1],[-5,-4],[-3,-14],[-3,-6],[-9,-6],[-4,0],[-18,3],[-7,3],[-9,6],[-6,8],[-1,4],[0,1],[3,3],[9,11],[1,3],[0,4],[0,7],[-3,3],[-3,1],[-4,3],[-16,4],[-10,2],[-15,0],[-2,-1],[-3,-4],[0,-2],[-2,-1],[-2,-4],[0,-8],[3,-5],[0,-1],[-2,-2],[-7,-4],[-6,-2],[-21,-3],[-4,-3],[-22,-1],[-9,-2],[-2,-1],[-1,-2],[-6,-1],[-3,-1],[-9,-1],[-7,2],[-11,9],[-6,7],[-2,0],[-5,0],[-4,2],[-6,1],[0,4],[2,13],[2,4],[4,8],[3,10],[9,14],[4,9],[3,4],[8,6],[2,3],[0,5],[0,2],[-3,3],[-3,8],[-2,1],[0,7],[-1,3],[2,17],[3,11],[-1,2],[1,5],[-1,9],[1,5],[-1,4],[-2,2],[2,4],[-6,6],[-2,1],[-3,1],[-17,-1],[-3,1],[-4,4],[-1,8],[8,17],[2,8],[0,12],[-2,4],[-5,5],[-2,3],[-5,5],[-2,0],[-2,-1],[-7,-6],[-5,-1],[-6,-1],[-7,-2],[-13,-2],[-4,-3],[-8,-8],[-7,-4],[-6,-1],[-7,0],[-4,1],[-5,0],[-9,2],[-3,3],[-3,4],[-9,6],[-7,8],[-8,7],[-2,4],[-1,5],[-2,2],[1,2],[-2,2],[-1,3],[-2,2],[-1,3],[-10,9],[-6,8],[-2,2],[-3,1],[-2,1],[-2,8],[6,10],[1,5],[2,2],[-1,2],[2,2],[0,5],[1,1],[-1,3],[0,3],[3,8],[2,10],[-2,5],[0,5],[-1,3],[-12,8],[-6,4],[0,1],[-6,6],[-2,8],[-3,5],[-2,1],[0,3],[2,5],[1,2],[4,4],[-1,4],[-8,12],[0,5],[-1,4],[-3,5],[0,1],[3,6],[0,6],[-10,11],[-2,5],[-2,2],[0,3],[-1,1],[0,1],[2,2],[3,2],[2,0],[5,-2],[6,-2],[1,-3],[2,-2],[3,-1],[2,0],[2,5],[-1,4],[3,5],[-1,1],[-3,4],[-13,10],[-12,1],[-8,0],[-8,2],[-7,4],[-4,2],[-4,2],[-3,2],[-5,2],[-5,-1],[-1,2],[-1,6],[-4,3],[0,3],[3,8],[5,6],[6,4],[3,1],[2,3],[1,2],[0,7],[2,3],[-6,8],[-7,11],[-1,7],[8,19],[3,14],[2,5],[0,5],[3,5],[1,5],[-1,8],[-3,5],[-3,2],[-2,3],[-1,10],[1,2],[0,8],[2,13],[0,14],[1,4],[5,1],[2,1],[1,4],[-1,7],[-3,6],[0,4],[-2,4],[-5,2],[-16,3],[-4,-2],[-9,-2],[-6,1],[-1,2],[0,2],[1,2],[2,0],[1,1],[-2,5],[-3,2],[-2,2],[-8,0],[-5,2],[-1,1],[1,9],[3,3],[5,3],[4,2],[0,-6],[14,-4],[7,-2],[9,7],[31,16],[12,9],[16,6],[12,16],[4,13],[4,11],[22,12],[13,11],[22,9],[29,10],[13,5],[17,39],[-1,8],[2,12],[6,19],[-3,21],[-8,24],[3,47],[11,22],[7,5],[9,9],[6,2],[23,-11],[30,-8],[8,0],[7,3],[2,0],[6,-3],[21,-17],[6,-2],[6,-1],[6,1],[6,2],[8,6],[8,8],[-114,82],[-30,33],[244,179],[24,-17],[4,3],[48,30],[46,29],[18,12],[12,7],[85,55],[213,-169],[208,185],[61,-78],[167,166],[-1,21],[-13,15],[-1,5],[4,14],[-2,14],[1,3],[6,14],[4,16],[12,16],[1,6],[8,18],[-1,12],[-3,8],[-10,11],[-4,7],[-5,21],[-2,21],[0,8],[3,16],[-3,7],[1,13],[4,11],[7,9],[13,8],[5,23],[6,11],[15,10],[6,10],[9,4],[36,13],[19,23],[19,37],[4,18],[23,37],[73,-38],[22,-26],[200,-233],[201,-258]],[[1708,909],[107,-60],[122,-80],[32,-22],[253,99]],[[2222,846],[2,-7],[9,-5],[10,-9],[17,-8],[24,-9],[11,-3],[17,-8],[7,-4],[5,-4],[3,-7],[0,-10],[-7,-22],[-6,-9],[0,-12],[4,-6],[3,-2],[4,-1],[14,1],[5,-1],[5,-2],[4,-4],[2,-4],[3,-5],[-4,-11],[3,-4],[4,-15],[-2,-7],[1,-2],[-1,-18],[1,-1],[3,-4],[3,-8],[-2,-6],[-2,-13],[117,-155],[5,4],[5,6],[2,2],[2,1],[4,-2],[3,-3],[4,-1],[7,-3],[5,-1],[-25,-161]],[[2491,303],[-24,-153],[-17,-141],[-2,0],[-4,8],[-5,15],[-9,16],[-13,26],[-38,40],[-11,13],[-41,26],[-21,8],[-21,0],[-12,-2],[-17,-8],[-6,-4],[-1,-9],[1,-12],[3,-14],[3,-11],[5,-13],[7,-22],[2,-12],[5,-12],[0,-13],[-6,-7],[-8,-4],[-13,3],[-14,4],[-17,6],[-41,24],[-22,17],[-7,5],[-10,8],[-11,6],[-8,6],[-5,3],[-7,4],[-6,1],[-17,2],[-10,0],[-4,-2],[-4,-8],[0,-12],[3,-5],[0,-8],[4,-12],[0,-16],[-2,-8],[-2,-5],[-11,-13],[-14,-2],[-5,-2],[-14,0],[-14,6],[-3,2],[-12,3],[-11,0],[-10,-6],[-6,-10],[-6,-2],[-9,1],[-5,4],[-5,6],[-3,3],[-4,9],[-4,7],[-4,2],[-11,4],[-12,2],[-13,2],[-17,4],[-7,1],[-11,0],[-11,2],[-10,4],[-22,10],[-8,6],[-9,4],[-7,0],[-4,-4],[-11,-13],[-10,-13],[-5,-6],[-8,-7],[-9,-5],[-5,-2],[-5,-1],[-3,0],[-16,12],[-12,6],[-3,3],[-4,7],[-10,10],[-13,7],[-6,3],[-4,0],[-4,-4],[-9,-8],[-9,-5],[-3,-2],[-6,-10],[-6,-6],[-2,-6],[-9,-11],[-2,-4],[-6,-5],[-14,-7],[-14,-4],[-16,-3],[-9,0],[-7,2],[-15,5],[-2,5],[-1,6],[0,9],[3,8],[5,7],[2,6],[2,7],[3,7],[2,10],[3,7],[0,4],[-1,3],[-2,3],[-2,3],[0,6],[1,3],[1,15],[-8,12],[-3,3],[-10,4],[-7,1],[-6,2],[-2,0],[-2,0],[-6,-3],[-4,-3],[-4,-5],[-9,-6],[-10,-2],[-4,-2],[-7,-4],[-10,0],[-1,1],[-1,2],[-9,9],[-3,5],[-3,11],[-4,8],[0,3],[0,5],[3,6],[3,8],[3,11],[1,9],[1,21],[-6,9],[-8,4],[-5,1],[-8,-4],[-6,-2],[-21,-2],[-19,-3],[-12,-4],[-15,-3],[-10,-3],[-3,0],[-15,0],[-8,2],[-13,5],[-1,2],[1,5],[4,7],[5,3],[13,9],[2,4],[7,3],[4,5],[5,7],[10,8],[4,1],[16,2],[3,-1],[15,-12],[9,-1],[4,1],[6,3],[8,6],[3,7],[3,4],[3,6],[7,7],[3,2],[5,2],[15,6],[12,9],[2,4],[7,13],[5,7],[5,12],[1,7],[2,6],[4,5],[4,5],[2,2],[0,2],[-1,2],[-2,2],[-7,3],[-3,1],[-7,-1],[-7,-3],[-7,-5],[-3,-1],[-6,1],[-3,3]],[[2670,1456],[-37,-243],[95,66],[74,-180],[-205,-113]],[[2597,986],[-49,-27],[-110,-33],[-216,-80]],[[1708,909],[97,247]],[[2071,1657],[-15,90]],[[2050,2560],[279,-149],[248,61],[228,-20],[-27,110],[1,3],[1,8],[-2,10],[-11,29],[-1,3],[-5,7],[-28,65],[-4,21],[-5,13],[-3,12],[-3,4],[-1,12],[1,7],[1,3],[2,2],[4,2],[3,3],[5,9],[8,5],[5,1],[7,5],[3,3],[4,0],