{"type":"Topology","transform":{"scale":[0.00017666871419958692,0.00012876805456003807],"translate":[29.10122994200003,-29.97804006499996]},"arcs":[[[3041,1888],[-82,78],[-175,60],[1,-36],[-35,28],[-95,84],[-46,40],[-65,-104],[-160,86],[-59,-129],[-8,0],[-3,2],[1,4],[2,2],[2,12],[-3,7],[-2,0],[-1,-5],[-2,-1],[0,-1],[-5,1],[-3,-2],[2,-6],[-1,-2],[-3,0],[-1,5],[-1,2],[-1,-2],[-1,-6],[-2,0],[-3,4],[-1,3],[0,-1],[-2,-9],[-1,2],[-3,-2],[-3,2],[-5,-12],[2,-1],[1,2],[8,0],[0,-2],[-5,-1],[2,-3],[-9,0],[-1,-1],[2,-1],[0,-3],[-2,-1],[-7,0],[-3,2],[-3,-4],[2,-2],[0,-3],[-23,3],[-6,2],[-6,5],[-3,-1],[-4,7],[-6,0],[-3,3],[-4,-1],[-2,3],[0,2],[4,2],[2,6],[-10,1],[0,6],[2,2],[2,-1],[9,0],[1,2],[-2,15],[-4,4],[-2,0],[-2,3],[-3,0],[-1,3],[3,2],[6,-1],[2,-5],[3,2],[1,3],[-4,5],[-2,-2],[-2,1],[-3,4],[-3,-1],[-5,0],[-2,4],[1,6],[3,4],[3,0],[2,-1],[0,-3],[5,2],[4,-4],[1,0],[-1,4],[1,3],[0,3],[2,1],[5,0],[2,-2],[1,-7],[-1,-3],[1,-2],[1,0],[4,3],[1,5],[-3,1],[0,2],[1,3],[-4,1],[-1,2],[1,4],[2,-3],[1,0],[1,1],[-1,5],[-4,3],[-1,4],[-5,5],[-2,-2],[2,-5],[0,-1],[-2,0],[-5,10],[-9,9],[-4,-1],[-2,7],[-7,4],[-3,7],[-2,-2],[1,-4],[0,-3],[4,-2],[-2,-2],[2,-6],[-2,-1],[-3,4],[-3,0],[-3,-7],[0,-4],[1,-3],[0,-7],[-5,-2],[-2,-5],[-7,0],[-2,4],[2,2],[0,2],[-4,0],[-1,-3],[-69,104],[-47,-43],[14,75],[-25,-4],[-11,0],[-10,4],[-8,-1],[-24,-14],[-11,2],[-6,-3],[-29,-1],[-37,34]],[[1898,2231],[103,178],[13,49],[-19,13],[-13,0],[-33,17],[-9,4],[-5,-3],[-7,-10],[-5,-5],[-5,0],[-5,4],[-3,6],[-7,24],[-14,34],[-15,33],[-5,5],[-14,1],[-16,18],[-16,26],[-15,35],[-13,12],[-7,14],[-5,2],[-5,5],[-5,2],[-5,13],[-7,2],[-5,-3],[-6,10],[-1,0],[1,-7],[-1,-2],[-3,5],[-7,-2],[-17,9],[-6,-1],[-5,11],[-9,3],[-4,3],[0,2],[2,2],[-2,3],[-3,1],[-7,5],[-6,1],[-5,8],[-11,3],[-9,-5],[-5,0],[-2,2],[-2,5],[-3,2],[-3,7],[-23,2],[-7,3],[-15,11],[-21,8],[-17,17],[-4,3],[-2,8],[-7,6],[-13,-4],[-14,8],[-5,-1],[-5,2],[-3,6],[-16,14],[-9,1],[-2,5],[-3,5],[-6,-1],[-12,8],[-14,3],[-11,7],[-8,8],[-9,3],[-5,3],[-6,0],[-10,2],[-15,5],[-9,4],[-37,0],[-12,7],[-30,5],[-22,7],[-9,2],[-6,4],[-11,12],[-9,4],[-46,8],[-4,-2],[-3,-6],[-2,-2],[-2,0],[-3,1],[-2,-1],[-4,-11],[0,-6],[1,-4],[-1,-2],[-2,1],[-3,10],[0,8],[-2,1],[-9,-2],[-3,1],[0,3],[6,15],[-2,3],[-9,2],[-7,4],[0,3],[3,5],[0,3],[-13,2],[-11,11],[-13,8],[-4,1],[-4,12],[-9,13],[-1,1],[-2,-3],[-2,4],[-3,-2],[-2,3],[0,5],[-2,0],[-2,-4],[-2,1],[-2,3],[2,8],[-3,1],[-1,-3],[-2,1],[-2,7],[-4,1],[-1,9]],[[1058,3060],[15,-5],[19,1],[14,-6],[5,-1],[17,3],[14,4],[3,3],[5,6],[3,2],[2,-1],[7,-6],[9,2],[9,-6],[22,10],[16,1],[5,6],[9,3],[5,4],[30,90],[-3,15],[-3,7],[-16,7],[-2,8],[0,8],[-2,7],[-3,3],[-15,-1],[-5,3],[-6,15],[-1,14],[-2,2],[-17,9],[-9,11],[-11,9],[-7,3],[-8,1],[0,7],[7,31],[12,1],[0,2],[-2,11],[1,2],[17,5],[4,4],[1,3],[1,10],[-1,42],[2,17],[-9,13],[-11,-4],[-5,12],[-2,2],[-5,0],[-2,2],[-5,9],[-7,26],[-10,13],[0,10],[-12,15],[-22,15],[-3,9],[-12,10],[-1,5],[-6,16],[0,4],[1,1],[9,-15],[26,-6],[10,5],[1,6],[17,5],[5,4],[2,10],[2,32],[4,6],[0,2],[-10,3],[0,22],[-3,7],[-1,14],[-1,7],[-5,6],[-10,4],[-2,13],[-8,12],[58,18],[132,-79],[129,-53],[44,-28],[34,9],[80,-75],[87,6],[31,-38],[22,-10],[5,5],[12,-6],[5,-6],[9,0],[16,-11],[9,0],[13,-10],[12,2],[5,-1],[5,5],[5,2],[3,5],[2,1],[24,-2],[3,2],[2,4],[3,2],[9,-3],[-16,-29],[10,-46],[24,-43],[20,22],[80,14],[-8,-26],[-20,-106],[69,-36],[87,-56],[-14,-45],[107,-71],[129,66],[2,-1],[2,3],[0,8],[10,5],[3,7],[10,0],[9,3],[7,1],[5,-2],[4,-4],[-1,9],[4,16],[-3,7],[-7,5],[-17,5],[-9,4],[-12,19],[-9,7],[1,6],[38,-7],[33,23],[2,-3],[31,6],[57,-67],[66,80],[40,-100],[55,-8],[20,-64],[91,50],[-15,-91],[-79,0],[-59,-60],[-6,1],[-8,-1],[-7,-5],[-8,-1],[-16,-35],[16,-19],[41,-18],[-28,-250],[-37,-3],[-11,-103],[64,-26],[90,-5],[60,10],[2,-84],[6,-59],[53,-34],[34,29],[19,30],[6,-2],[8,4],[3,0],[5,-3],[3,-7],[6,-8],[2,0],[4,2],[4,7],[7,1],[12,-6],[7,-9],[4,-1],[6,3],[11,10],[10,2],[4,-1],[20,-14],[3,2],[2,6],[3,4],[14,10],[-3,12],[71,-17],[32,-22],[1,21],[4,9],[-3,28],[5,-1],[4,-12],[13,-22],[4,-2],[-1,9],[4,1],[2,-4],[4,-4],[5,6],[6,2],[10,-2],[0,-3],[73,-12],[40,-20],[8,-6],[-86,-73],[-7,-84],[-47,-48],[-2,-1],[-126,-44],[38,-40],[-46,-171]],[[3041,1888],[73,-27],[-46,-54],[74,-37],[108,-50],[-10,-65],[-122,-28],[-64,-150],[101,-64],[-126,-87],[135,-59],[-6,-10],[1,-8],[-5,-8],[-4,1],[-5,-10],[-4,-4],[-9,0],[-11,-7],[-5,-8],[-10,-1],[-4,-6],[-1,-9],[-3,-3],[-2,-2],[1,-4],[0,-2],[4,-1],[7,3],[2,-2],[0,-5],[-1,-5],[-6,-15],[-9,-13],[1,-5],[4,-8],[5,-4],[2,-4],[-3,-5],[-5,-5]],[[3098,1117],[-41,40],[-6,3],[-12,3],[-13,13],[-9,2],[-7,-1],[-6,-5],[-48,-59],[-7,-6],[-7,-1],[-85,-1],[-5,1],[-101,62],[-39,19]],[[2712,1187],[2,19],[-2,52],[1,42],[1,9],[4,13],[21,43],[4,7],[5,12],[0,5],[-3,7],[-1,5],[-2,7],[1,10],[-1,18],[15,61],[-126,126],[-151,-18],[-6,36],[-85,-36],[-150,99],[-135,145],[-242,110],[-26,-56],[-159,44]],[[1677,1947],[88,124],[133,160]],[[2712,1187],[1,-39],[-2,-35],[0,-21],[-2,-7],[-7,-13],[1,-16],[-3,-7],[-6,-9],[-19,-17],[-1,0],[-2,1],[-6,-5],[-6,-1],[-9,-10],[0,-5],[2,-4],[0,-4],[1,-3],[0,-2],[-4,-4],[1,-1],[3,-2],[9,0],[2,-2],[-2,-4],[0,-6],[-1,-3],[-4,-4],[-5,-1],[-1,-2],[1,-4],[3,-1],[1,-7],[-15,6],[-6,4],[-12,14],[-4,3],[-8,0],[-26,-7],[-82,-128],[-46,-16],[-178,-146],[-16,118],[69,72],[63,173],[-29,13],[-206,50],[-147,161],[29,52],[36,-1],[-1,33],[-40,5],[-57,-2],[7,18],[5,101],[-30,-14],[-9,41],[-122,-47],[-170,-56],[-23,46],[102,103],[-12,78],[-8,-3],[-7,0],[-3,8],[12,27],[-32,95],[-7,87],[-7,110]],[[3098,1117],[-20,-8],[-2,-2],[0,-4],[2,-2],[18,-5],[12,-5],[4,-4],[0,-5],[-5,-3],[-1,-5],[-1,-10],[3,-15],[1,-2],[2,-1],[7,2],[3,-4],[0,-3],[-6,-4],[-2,-3],[-1,-9],[1,-10],[4,-6],[3,-1],[1,0],[3,4],[6,1],[6,2],[5,-1],[5,-4],[3,-13],[-1,-4],[-5,-1],[-8,3],[-3,3],[-2,-1],[-5,-19],[-3,-4],[-7,-3],[-2,-12],[-12,-3],[-4,-10],[-2,-1],[-13,-1],[-3,-3],[-1,-11],[5,-26],[-3,-23],[3,-4],[11,0],[3,-1],[2,-2],[-1,-6],[-9,-10],[0,-3],[2,-2],[4,-1],[8,3],[5,0],[10,-5],[4,-3],[3,-12],[-2,-2],[-5,0],[-1,-3],[6,-14],[2,-13],[4,-14],[0,-6],[-2,-6],[-2,-12],[5,-10],[6,-7],[-93,-11],[-38,42],[-9,-99],[2,-25],[28,-42],[-413,-342],[-470,-165],[-2,-1],[0,-3],[-2,0],[-5,-5],[-7,-3],[-12,0],[-17,-5],[-3,-2],[-8,1],[-8,6],[-5,0],[-6,15],[-2,5],[-2,0],[-1,-3],[-1,-8],[-6,-9],[-3,-1],[-4,3],[-2,7],[-4,0],[-2,-2],[-5,-10],[3,-6],[-1,-12],[-4,-7],[-4,4],[-3,-6],[-3,-1],[-4,3],[-1,-1],[-1,-3],[-2,-1],[-1,4],[-2,1],[-3,0],[-5,2],[-4,12],[-2,2],[-10,-10],[-14,-11],[-3,-5],[-11,-2],[-6,1],[-6,3],[-11,-4],[-8,3],[-2,-3],[-3,-11],[-7,-3],[0,-5],[-1,-2],[-12,-3],[-9,2],[-6,4],[-4,1],[-2,-2],[-3,-6],[0,-15],[-1,-8],[-5,-5],[-5,-1],[-13,2],[-12,6],[-4,4],[-24,4],[-2,5],[-1,6],[-6,7],[0,4],[1,3],[-4,10],[-9,9],[-9,12],[-5,2],[-9,-3],[-6,1],[-3,0],[-3,-4],[-3,0],[-1,4],[3,2],[0,3],[-3,2],[0,2],[2,3],[1,-4],[3,0],[-1,7],[-1,3],[-4,2],[-5,-2],[-1,-1],[0,-3],[-2,-3],[-2,-1],[-1,5],[1,1],[-1,2],[-5,-2],[-2,2],[-2,-3],[-2,0],[-3,12],[-4,-1],[-1,1],[1,10],[-5,1],[-1,7],[-1,2],[-2,1],[-2,-1],[0,-8],[-1,-1],[-1,1],[-3,5],[-1,3],[7,12],[0,7],[-3,2],[-3,1],[-3,4],[-2,-3],[-7,-3],[-5,3],[-3,0],[1,-3],[-2,-3],[-6,0],[0,3],[3,2],[-1,2],[-4,1],[2,9],[-2,1],[-2,-2],[-2,1],[-1,4],[-1,7],[-4,0],[2,-3],[0,-1],[-4,0],[-2,-4],[-1,1],[-4,0],[0,3],[-3,0],[-6,4],[-3,1],[-4,7],[2,1],[3,0],[0,2],[-2,4],[-2,-2],[-1,1],[-1,7],[-3,0],[-4,5],[0,4],[-2,6],[2,2],[-1,6],[2,1],[7,-4],[3,3],[0,2],[-4,1],[0,1],[7,4],[-1,3],[7,5],[6,8],[1,6],[0,4],[-21,0],[-15,3],[-9,-2],[-13,-6],[-5,-4],[-2,0],[-2,16],[-7,6],[-3,11],[-4,2],[-4,-5],[-5,-2],[-2,1],[-6,13],[-6,28],[-3,3],[-1,-3],[-10,-6],[0,-2],[-2,-4],[-2,-9],[-2,-3],[-4,-13],[-3,-4],[-9,11],[0,2],[-3,0],[-3,4],[-5,4],[-4,1],[-8,-4],[-5,0],[-8,6],[-10,3],[-8,1],[-18,11],[-4,-1],[-2,-3],[-6,-15],[-1,-8],[-4,-3],[-8,-3],[-2,1],[-2,3],[-1,13],[-4,10],[-6,3],[-2,-2],[-5,1],[-3,-1],[-1,-1],[5,-3],[0,-2],[-5,1],[-4,-1],[-3,-2],[1,-2],[-4,-3],[-3,3],[-4,1],[0,-6],[-3,-3],[-2,4],[-3,-1],[0,3],[-2,0],[-2,-3],[0,-2],[4,-2],[3,1],[1,-2],[-2,-4],[-4,-1],[-3,-4],[0,-4],[4,-2],[1,-4],[-3,-3],[-6,2],[-8,10],[0,5],[-2,4],[3,1],[0,2],[-4,6],[0,3],[-2,6],[-3,2],[-6,-1],[-5,0],[-1,-2],