{"type":"Topology","transform":{"scale":[0.0002647825897321456,0.00022962466541553932],"translate":[29.85237694200004,-30.40289994099993]},"arcs":[[[287,1267],[121,17],[47,-42],[-10,-24]],[[445,1218],[-29,-13]],[[416,1205],[-37,-16],[-58,-26],[33,-209],[3,-1],[1,2],[11,0],[7,2],[0,9],[6,9],[2,7],[5,7],[12,10],[12,4],[3,8],[3,2],[2,6],[5,4],[4,8],[50,-54],[-33,-82],[36,-17],[-22,-63],[-13,-69],[-73,-71],[0,-6],[-4,-9],[-10,-9],[-6,-12],[-1,-10],[7,0],[10,8],[7,1],[22,-3],[17,1],[11,2],[33,12],[-1,-14],[41,-55],[73,85],[3,-2],[3,-17],[13,-21],[29,-5]],[[622,621],[-22,-89],[-33,-25],[-33,37],[-29,-23]],[[505,521],[-2,1],[-2,7],[-2,3],[-5,3],[-6,0],[-10,-1],[-10,-5],[-18,-4],[-12,-5],[-9,-1],[-8,3],[-15,12],[-7,2],[-24,-2],[-10,6],[-3,3],[-5,29],[-2,5],[-8,4],[-1,6],[0,12],[1,4],[3,1],[0,2],[-3,21],[-3,7],[-20,7],[-12,7],[-7,-2],[-3,1],[-3,3],[-2,5],[0,12],[-3,8],[-4,5],[-4,2],[-4,0],[-4,-3],[-2,0],[-2,2],[-1,7],[1,5],[12,20],[0,5],[-1,14],[-4,4],[-1,10],[4,14],[1,3],[4,2],[16,2],[7,-1],[2,-2],[-2,-19],[-7,-19],[0,-6],[1,-2],[5,1],[7,8],[10,15],[17,15],[3,1],[12,0],[7,-5],[6,-10],[-2,-15],[7,-9],[6,1],[13,12],[10,18],[3,11],[-2,3],[-7,1],[-6,4],[-19,32],[0,5],[4,7],[-1,14],[-19,16],[-51,20],[-3,0],[-4,-5],[-10,-5],[-3,-7],[-4,-2],[-6,-3],[-2,0],[-7,1],[-5,6],[-8,4],[-4,8],[-13,5],[-3,5],[0,4],[1,8],[2,4],[4,2],[10,1],[9,5],[9,12],[6,3],[5,1],[1,2],[-3,5],[-9,4],[-2,-1],[-3,-4],[-1,-7],[-2,0],[-6,4],[-1,1],[1,8],[0,5],[-15,17],[-9,17],[0,6],[1,18],[6,9],[1,6],[-2,8],[-4,3],[-3,0],[-42,3],[-6,-8],[-3,-2],[-14,0],[-13,-3],[-3,0],[-4,4],[-5,3],[-12,-1],[-5,8],[-2,9],[-7,11],[-32,20],[-6,7],[-9,3],[-4,7],[-26,35],[-4,8],[-11,6],[-5,5],[-6,10],[-1,11],[2,4],[4,3],[13,1],[9,3],[5,4],[1,7],[-4,7],[-5,3],[-11,3],[-5,4],[-10,20],[-3,9],[-1,11],[-5,8],[-3,8],[62,54],[225,-29]],[[723,1508],[-38,-78],[31,-41],[-1,-11],[-6,-26],[21,-9],[3,0],[5,4],[2,1],[3,0],[5,-2],[16,-22]],[[764,1324],[14,-18]],[[778,1306],[14,-97],[-52,-79],[34,-11],[3,4],[6,-2],[8,-8],[4,-1],[0,-3],[2,0],[0,-2],[4,0],[3,3],[7,-5],[-3,-5],[-3,-8],[-1,-20],[-9,-13],[-9,-6],[-3,-4],[0,-5],[1,-5]],[[784,1039],[9,-15],[1,-7],[-4,-11],[6,-1],[0,-4],[121,-52],[-72,-78],[-18,11],[-43,-27],[50,-87],[-130,0],[1,-46],[-23,-51],[14,-8],[3,-3],[11,-5],[-34,-44],[-54,10]],[[416,1205],[29,13]],[[287,1267],[111,169],[20,-16],[-1,-8],[-16,-40],[39,-8],[3,17],[64,-5],[47,56],[11,67],[32,40],[2,-3],[4,1],[3,-1],[6,-7],[11,-5],[6,-2],[5,3],[10,-4],[14,7],[17,-1],[9,2],[10,18],[5,4],[3,-2],[7,-15],[2,-8],[0,-4],[12,-14]],[[1215,1473],[-32,4],[-135,-34],[1,-2],[-1,-2],[-16,-5],[-3,0],[-2,4],[-62,-16],[-9,-6],[-9,-10],[-12,-18],[-17,-14],[-47,-19],[-5,8],[-88,-57]],[[778,1306],[-14,18]],[[723,1508],[8,-2],[8,-5],[5,-1],[8,0],[6,3],[6,-3],[3,0],[6,6],[23,5],[6,-1],[9,3],[4,0],[8,-3],[29,11],[5,0],[9,-2],[11,1],[11,-9],[13,-3],[10,4],[10,2],[6,3],[5,1],[2,2],[3,8],[6,6],[1,6],[-1,4],[-4,5],[-1,7],[-4,5],[-1,3],[0,11],[1,7],[-1,9],[1,12],[-3,7],[9,-4],[17,-12],[-35,178]],[[922,1772],[80,-94],[117,-63],[-21,-47],[167,-25],[-50,-70]],[[1120,1022],[-155,6],[-1,2],[-10,-8],[-2,2],[-154,12],[-3,6],[-11,-3]],[[1215,1473],[110,-15],[-52,-45],[222,-155],[-175,-33],[11,-136],[-238,23],[27,-90]],[[2012,854],[-5,3],[-3,0],[-12,-9],[-3,-1],[-2,-6],[-2,1],[-2,3],[-3,0],[-5,-15],[-11,-11],[-6,-4],[-13,-2],[-3,-3],[-2,-5],[8,-9],[0,-3],[-12,0],[-5,-13],[-8,-4],[-6,0],[-10,3],[-5,-6],[-1,-4],[0,-4],[3,-3],[0,-2],[-14,2],[-16,-2],[-11,1],[-11,4],[-7,-4],[-5,0],[-4,2],[-2,7],[-6,6],[1,3],[-6,-3],[-2,-8],[-3,0],[-6,9],[-6,4]],[[1806,781],[-20,106],[29,47],[-79,71],[-16,85],[-24,0]],[[1696,1090],[9,5],[13,4],[11,-1],[26,41],[0,4],[-11,23],[-3,4],[-2,6],[-5,0],[0,5],[-2,5],[-5,3],[0,4],[1,2],[6,0],[1,3],[3,5],[-1,5],[3,3],[4,2],[0,3],[6,8],[3,0],[4,5],[0,2],[-1,6],[4,1],[7,-1],[5,3],[3,-4],[2,-1],[2,2],[0,3],[4,5],[7,1],[2,3],[-1,8],[4,-1],[4,3],[0,2],[-3,2],[-1,2],[4,1],[4,-1],[0,2],[-5,5],[-5,8],[3,6],[2,1],[6,-4],[2,0],[2,4],[6,3],[3,3],[3,7],[2,4],[6,2],[1,6],[2,3],[6,0],[11,9],[1,5],[4,4],[12,5],[6,1],[1,2],[-1,2],[-2,1],[-10,0],[-2,1],[-1,2],[1,2],[6,2],[2,7],[6,6],[-2,4],[-7,3],[-6,-3],[-6,7],[-8,1],[-2,3],[0,2],[2,4],[4,3],[0,4],[-1,2],[-12,4],[-4,15],[1,5],[-2,7],[3,6],[4,4],[0,4],[-15,6],[-11,3],[-2,3],[-1,6],[-4,4],[-5,-1],[-7,-2],[-3,0],[-1,1],[-1,13],[9,7],[0,3],[-9,13],[0,4],[1,1],[6,-1],[5,4],[1,2],[-4,9],[1,3],[2,2],[5,2],[39,-6],[61,34]],[[1902,1549],[0,-5],[-3,-6],[-4,-14],[-6,-6],[-3,-6],[0,-11],[5,-9],[5,-5],[6,-3],[7,1],[15,7],[4,0],[9,-1],[2,-3],[-1,-5],[-4,-7],[-8,-8],[-15,-11],[-2,-8],[0,-2],[8,-6],[15,-2],[7,1],[5,5],[2,1],[9,-1],[4,-8],[7,-6],[16,-5],[18,-10],[2,-2],[2,-9],[-3,-21],[-14,-8],[-9,-1],[-4,1],[-4,-2],[-2,-9],[0,-11],[1,-3],[7,-4],[15,-3],[19,1],[4,-1],[9,-9],[4,-6],[5,-4],[6,-4],[4,-4],[6,-4],[8,-4],[3,0],[2,0],[3,5],[2,15],[4,8],[8,5],[6,8],[12,5],[13,1],[9,-3],[11,-4],[3,-6],[7,-5],[9,-4],[3,0],[3,7],[5,6],[1,4],[0,5],[-8,23],[-1,6],[1,5],[0,24],[4,5],[4,2],[5,0],[4,-2],[5,-10],[4,-21],[3,-8],[2,-26],[3,-3],[3,-1],[7,0],[7,2],[4,4],[7,20],[1,16],[3,5],[7,0],[15,-10],[-109,-255],[1,-3],[7,-4],[0,-6],[3,-3],[1,-4],[3,-1],[0,-7],[1,-5],[-2,-2],[1,-5],[-2,-6],[2,-2],[6,0],[9,-15],[2,-7],[-1,-7],[0,-3],[3,-2],[3,1],[1,-1],[3,-14],[3,-1],[2,-7],[5,-5],[9,-5],[9,2],[9,-2],[-1,-7],[3,-6],[3,-2],[11,-1],[1,-3],[-1,-3],[-1,-5],[-4,1],[-2,0],[1,-3],[2,-1],[3,-8],[-15,-15],[-5,-7],[-6,-3],[-4,1],[0,1],[3,6],[-1,3],[-8,7],[-1,-1],[-11,-21],[0,-2],[4,-5],[0,-3],[-4,0],[-8,3],[-4,-2],[-4,2],[-10,-4],[-11,-2],[-12,-5],[-7,-1],[3,-18],[5,-10],[-1,-2],[2,-2],[1,-9],[-9,-11],[-7,-13],[-6,-5],[-8,-4],[-4,-11],[-13,-14],[-4,-1],[-5,4],[-5,20],[-7,12],[-2,1],[-2,-1],[0,-10],[-1,-1],[-3,1],[-13,18],[-4,3],[-7,4],[-3,-1],[-3,-6],[-2,1],[-10,-23]],[[1549,226],[-122,76],[-20,14],[60,137],[15,11]],[[1482,464],[1,-1],[-2,-5],[-1,-6],[3,-4],[1,-3],[1,-2],[2,0],[8,4],[7,2],[2,-1],[-2,-5],[-5,-8],[0,-6],[2,0],[8,5],[4,-1],[2,-3],[1,-9],[1,-3],[3,-1],[4,3],[3,-1],[2,-3],[0,-5],[-4,-14],[2,-7],[4,-3],[6,1],[6,6],[4,1],[20,-10],[4,-1],[2,1],[3,4],[1,6],[-1,3],[-2,1],[0,16],[-3,11],[0,5],[7,7],[14,0],[6,3],[4,-1],[2,-5],[1,-11],[1,-7],[2,-2],[-1,-2],[1,-2],[9,-1],[1,-4],[-3,-11],[6,-5],[8,-2],[5,0],[4,-8],[6,-6],[2,0],[4,-6],[-3,-2],[0,-3],[-7,-7],[-2,-4],[-6,-2],[-8,-8],[-2,-3],[0,-4],[-6,0],[-18,-17],[-1,-6],[1,-8],[-1,-4],[-5,-5],[-5,-4],[-11,-12],[-2,-3],[-1,-4],[-4,-5],[0,-4],[1,-7],[-4,-8],[-7,-6],[1,-12],[-5,0],[-4,-4]],[[2012,854],[-29,-68],[13,-123],[-57,10],[-45,-116]],[[1894,557],[-3,1],[-12,-7],[-1,-3],[-10,-33],[-4,-5],[-13,-9],[-22,-5],[-12,8],[-17,1],[-6,5],[5,3],[4,-2],[5,-1],[10,14],[7,1],[8,-1],[5,0],[8,7],[11,6],[3,6],[0,6],[-2,6],[-3,6],[0,5],[-1,5],[1,4],[-2,5],[5,10],[0,6],[2,2],[0,3],[4,2],[1,3],[-1,3],[-4,2],[-1,3],[1,3],[5,8],[1,11],[-2,12],[2,6],[3,4],[2,13],[2,2],[1,-3],[2,1],[5,8],[1,8],[-2,3],[-35,8],[-3,-2],[-21,4],[-15,81]],[[1894,557],[-45,-119],[-131,-217],[-12,0],[-2,-23],[-29,-49]],[[1675,149],[-22,13],[-5,-2],[-7,-2],[-26,9],[-11,13],[-12,19],[-7,4],[-1,3],[-8,6],[-4,2],[-4,-1],[-5,5],[-14,8]],[[1482,464],[-23,-1],[-4,8],[3,4],[7,2],[14,8],[-1,5],[-2,2],[-7,5],[-8,2],[-2,3],[1,11],[13,6],[0,1],[-3,11],[4,4],[11,3],[2,3],[-1,5],[2,11],[-5,3],[-5,-2],[-5,1],[-2,7],[-7,8],[-4,8],[-2,5],[3,6],[5,-2],[4,3],[-10,12],[-9,9],[-2,6],[14,1],[7,3],[-1,3],[6,30],[5,10],[13,12],[4,7],[11,21],[8,21],[25,-21],[134,187],[-22,39],[-13,25],[44,104],[4,2],[6,11],[1,9],[-1,4],[2,1]],[[1675,149],[-5,-32],[-41,7],[2,8],[-21,8],[-30,7],[-50,32],[-11,-21],[-18,-25],[-14,9],[-24,-16],[-36,-39],[-18,-11],[-63,-19],[-10,-20],[-9,-37],[-119,2]],[[1208,2],[1,8],[-1,2],[-7,2],[4,10],[-2,1],[-5,-2],[-2,0],[-3,6],[-10,13],[22,3],[-6,33],[2,6],[6,-3],[2,3],[3,1],[4,-1],[4,-3],[5,-1],[3,5],[3,2],[-3,6],[4,3],[1,5],[4,7],[9,3],[2,2],[2,11],[8,6],[6,7],[14,0],[5,7],[1,5],[7,9],[3,5],[8,6],[8,4],[0,8],[-7,23],[-4,5],[-10,10],[-12,13],[-10,33],[-2,12],[-1,4],[-8,-8],[-15,-12],[-14,-5],[-6,2],[-11,16],[-3,2],[-8,-1],[-30,94]],[[1169,369],[2,1],[19,35],[-34,135],[-15,-15],[-66,83],[2,15],[-90,24],[-3,57],[17,25],[-22,15],[-9,30]],[[970,