{"type":"Topology","transform":{"scale":[0.0005143696090142971,0.000491161242216351],"translate":[30.480120000000056,-24.14592999699994]},"arcs":[[[1102,416],[6,0],[0,-2],[6,4],[1,-1],[1,-4],[2,-1],[7,0],[5,2],[3,0],[2,-2],[-3,-3],[0,-5],[4,-6],[3,3],[4,1],[2,-1],[-1,-2],[3,-1],[1,1],[1,7],[22,5]],[[1171,411],[-2,-24],[-12,-36]],[[1157,351],[-7,2],[-14,8],[-17,13],[-5,9],[-11,-5],[-4,7],[-6,0],[-2,5],[-11,-4],[-1,-3],[-2,0],[0,-1],[-3,2],[-3,0],[-3,1],[-9,7],[-8,-3],[-11,1],[-3,-2]],[[1037,388],[-5,7],[-6,3]],[[1026,398],[3,15]],[[1029,413],[2,2],[2,-1],[5,3],[5,-7],[5,4],[2,-2],[13,-1],[2,-1],[5,7],[1,-1],[2,5]],[[1073,421],[3,-1],[0,1],[10,-5],[0,-2],[2,-1],[-2,-3],[-2,-2],[1,-5],[1,0],[0,-1],[3,0],[3,-2],[4,9],[2,-1],[4,8]],[[1157,351],[30,0],[4,1],[3,3],[20,-1],[3,-1],[1,-3],[-2,-7],[5,2],[16,4],[20,1],[3,-2],[0,-14],[1,-3],[2,-1],[15,0],[14,7],[4,4],[9,10],[-2,3],[1,3],[11,-2],[5,-8],[6,-3],[7,0],[2,-5],[27,7]],[[1362,346],[3,-5],[50,-34],[5,-10],[0,-30],[2,-56]],[[1422,211],[-5,0],[-11,6],[-13,14],[-5,3],[-6,0],[-5,-1],[-21,-8],[-4,-2],[-3,-4],[-5,-10],[-2,-13],[1,-13],[-2,-5],[-10,-2],[-4,-1],[-19,-12],[-5,-4],[-9,-4]],[[1294,155],[-1,2],[-6,2],[-17,61],[-8,2],[-11,4],[-5,4],[-2,6],[-2,17],[-2,3],[-4,11],[-3,4],[-7,4],[-5,2],[-13,-1],[-6,1],[-5,3],[-1,2],[-6,1],[-3,-1],[-2,-2],[-2,-8],[-6,-1],[-6,6],[-3,8],[3,18],[-8,26],[-61,3]],[[1102,332],[6,17],[-6,1],[-6,0],[-4,6],[1,4],[-1,2],[-12,0],[-1,-1],[-3,-1],[-5,-2],[-5,-1],[-10,11],[-3,1],[-4,-2],[0,4],[-12,17]],[[1172,455],[0,-3],[1,0]],[[1173,452],[-2,-41]],[[1102,416],[0,7],[4,-1],[2,0],[0,8],[-10,10]],[[1098,440],[-12,11],[-20,2],[-10,2]],[[1056,455],[2,9]],[[1058,464],[4,5],[4,0],[1,3],[2,0],[1,-1],[3,17],[4,-1],[5,-5],[0,-2],[-3,-3],[7,-4],[6,-1],[7,4],[0,1],[2,-1],[1,1],[1,-2],[5,1],[-1,3],[2,1],[2,3],[7,0],[3,-1],[2,1],[6,0],[0,7],[-2,7],[-7,7],[2,4],[-2,8],[7,5],[3,7]],[[1130,528],[20,-2]],[[1150,526],[34,-4]],[[1184,522],[-12,-67]],[[1073,421],[-2,1],[-2,3],[5,3],[2,0],[1,-1],[1,0],[0,-2],[7,1],[-1,2]],[[1084,428],[3,0],[2,2],[-1,1],[10,9]],[[1084,428],[0,1],[-2,0],[-2,8],[2,2],[-3,4],[-10,-5]],[[1069,438],[-3,-2],[-4,7],[-6,-5],[1,-1],[-2,1],[-2,-4],[-5,3],[-1,-2],[-1,1],[1,2],[-1,7],[9,5],[1,5]],[[1029,413],[0,3]],[[1029,416],[3,21]],[[1032,437],[3,-1],[-1,-7],[4,-2],[3,4],[1,-1],[1,1],[9,-4],[-2,-4],[6,-3],[3,5],[4,1],[4,2],[-2,4],[5,3],[-1,3]],[[1032,437],[0,4]],[[1032,441],[4,28]],[[1036,469],[22,-5]],[[1032,441],[-3,-25]],[[1026,398],[-12,6],[-10,-1],[-2,-4],[-13,-14],[-6,-17],[-3,2],[-2,0],[1,1],[-2,4],[-6,1],[-5,-4],[-4,-10],[-1,-5],[5,-6],[4,-2]],[[970,349],[-2,-31],[0,-23],[-55,-10],[-29,-7],[-65,29]],[[819,307],[24,114],[1,27],[132,28]],[[976,476],[60,-7]],[[1102,332],[-5,-6],[-3,-2],[-12,-4],[-11,0],[-13,14],[-6,4],[-4,0],[-26,-11],[-10,-2],[-19,5],[-5,2],[-2,2],[0,4],[-4,6],[-11,6],[-1,-1]],[[1294,155],[-23,-8],[-9,2],[-10,7],[-7,2],[-38,-5],[-4,-2],[-6,-6],[-3,-2],[-14,-4],[-27,-10],[-3,-2],[-10,-13],[-14,-8],[-30,0],[-6,-3],[-9,-1],[-8,-5],[-2,-1],[-2,-5],[0,-4],[5,-10],[1,-7],[-3,-8],[-5,-5],[-32,-23],[-71,79],[61,37],[-26,60],[-105,-21],[-32,33],[-29,-79],[-37,-14],[-84,-32],[-4,11],[-10,14],[-2,-1],[-33,54],[-7,19],[-25,50],[-64,-66],[1,-1]],[[568,177],[-4,4],[-1,2],[2,4],[0,8],[-1,2],[-10,4],[0,2],[1,5],[-6,8],[-3,1],[-9,-3],[-5,0],[-5,-2],[-5,-3],[-11,-3],[-8,0],[-7,0],[-7,-1],[-7,5],[-6,-1],[-20,18],[-11,3],[-4,7],[-15,11],[-10,11],[-9,8],[-8,1],[-15,9],[-9,4],[4,5],[-17,8],[-4,2],[-15,15],[-39,34],[98,70],[-75,67],[126,60],[4,-13],[5,-7],[8,5],[11,1],[10,4],[7,-16],[6,-3],[-2,-1],[-3,-6],[-5,-1],[-7,-8],[-3,-1],[-2,-2],[11,-12],[11,-1],[65,-34],[6,-1],[11,3],[3,-2],[4,-4],[9,6],[12,3],[8,5],[4,1],[13,-11],[-4,-14],[1,-7],[11,-6],[13,-4],[5,0],[9,1],[4,2],[6,10],[2,9],[2,3],[19,0],[5,1],[2,2],[-1,-97],[54,-18],[52,-22]],[[1173,452],[28,-9],[47,-28],[15,-3],[0,4],[4,1],[6,-1],[0,8],[5,1],[2,1],[2,-1],[6,0],[2,-2],[-1,-7],[9,0],[5,3],[5,0],[1,-11],[22,0],[0,-7],[31,-55]],[[1172,455],[8,2],[39,-2],[28,2],[11,-6],[1,-1],[7,0],[2,-1],[6,-1],[33,1],[1,-5],[21,2],[-4,59],[-6,85],[-29,422]],[[1290,1012],[2,1],[-20,22],[-22,22],[-8,11],[-3,4],[-5,11],[-3,5],[-1,4],[-17,16],[-6,10],[-2,8],[0,5],[2,4],[4,1],[7,3],[19,3],[4,2],[6,3],[3,4],[4,19],[-1,4],[-2,4],[4,-1],[6,6],[1,2],[-5,20],[-7,7],[-2,7],[-3,2],[1,2],[8,4],[5,0],[1,-3],[3,-1],[1,1],[1,6],[-4,4],[0,2],[3,6],[9,8],[8,1],[3,-3],[5,2],[4,13],[3,3],[5,0],[-2,5],[-4,6],[0,2],[4,3],[4,5],[5,14],[-1,2],[-4,3],[2,5],[0,2],[-3,8],[-3,3],[-2,3],[-4,14],[1,3],[3,5],[6,3],[2,2],[0,3],[-3,2],[0,6],[3,2],[1,15],[-1,8],[-2,4],[3,10],[1,2],[5,2],[3,6],[0,5],[-4,4],[-2,5],[1,2],[6,7],[0,2],[-3,6],[0,3],[5,5],[4,20],[0,2],[-3,4],[-2,8],[2,2],[1,8],[-4,10],[1,6],[-8,6],[-2,10],[0,13],[4,7],[9,-2],[4,7],[9,6],[2,8],[-1,8],[8,15],[2,16],[4,13],[84,4],[2,8],[-1,15],[22,1],[11,-3],[8,-4],[5,-6],[8,-12],[11,-10],[10,-3],[9,2],[9,-2],[8,-5],[18,-18],[8,-3],[7,2],[9,-7],[3,-9],[4,-7],[5,-6],[5,-3],[4,5],[1,4],[17,18],[8,0],[10,4],[-2,23],[0,16],[8,22],[0,12],[-10,53],[0,9],[7,-1],[11,0],[12,4],[21,2],[10,1],[7,3],[12,6],[9,5],[10,15],[7,7],[6,5],[9,3],[3,-1],[6,-7],[7,-4],[8,-2],[11,3],[7,-1],[15,3],[16,7],[9,-4],[5,0],[6,2],[6,8],[10,3],[9,13],[-1,5],[0,4],[3,4],[5,0],[6,-1],[11,-5],[5,1],[3,2],[2,9],[6,1],[13,9],[11,0],[5,-2],[4,0],[6,4],[5,-1],[13,1],[4,5],[2,7],[7,11],[11,9],[4,5],[3,8],[1,10],[6,2],[10,5],[1,5],[7,6],[8,1],[4,-3],[4,-5],[11,-3],[11,3],[11,-3],[19,-4],[13,-9],[-1,-4],[-3,-5],[-7,-77],[-10,-287],[20,-146],[204,-223],[48,-77],[14,-189],[139,-337],[217,-137],[0,-27],[6,-34],[-61,-4],[-15,2],[-9,-2],[-14,0],[-8,2],[-7,-1],[-4,-4],[-3,-5],[2,-5],[-1,-7],[-3,-4],[-5,-1],[-11,0],[-5,0],[-10,4],[-7,6],[-12,5],[-6,7],[-8,4],[-10,9],[-4,1],[-8,0],[-12,-4],[-5,-3],[-25,-22],[-6,-4],[-10,-12],[-18,-11],[-5,-5],[-2,-6],[0,-8],[5,-22],[2,-6],[1,-14],[-4,-15],[-8,-7],[-25,-15],[-33,-6],[-22,0],[-13,1],[-7,6],[-3,3],[-2,10],[-3,5],[-3,10],[-5,16],[-3,15],[-3,13],[-6,9],[-5,4],[-8,1],[-13,0],[-38,-7],[-12,-4],[-11,-7],[-22,-27],[-1,-18],[-2,-5],[-4,-6],[-12,-10],[-3,-2],[-7,0],[-15,8],[-13,11],[-7,10],[-6,10],[-5,6],[-6,3],[-13,-1],[-18,-4],[-7,-4],[-4,-5],[-4,-5],[-1,-5],[0,-12],[-2,-7],[-10,-4],[-12,-2],[-5,1],[-16,5],[-21,22],[-9,5],[-10,3],[-13,5],[-22,11],[-21,3],[-17,1],[-6,2],[-18,15],[-5,3],[-13,-3],[-1,-35],[-9,-17],[-9,-11],[-6,-5],[-16,-4],[-21,-13],[-20,-9],[-6,-1],[-6,4],[-5,7],[-7,21],[-6,2],[-8,-2],[-11,-11],[-10,-13],[-6,-9],[-10,-6],[-21,-3],[-14,-4],[-11,-6],[-11,-4],[-8,-1],[-12,-5],[-6,-1],[-8,3],[-7,4],[-10,8],[-6,4],[-10,1],[-6,-2],[-11,-11],[-8,-13],[-16,-16],[-22,-12],[-13,-3],[-6,3],[-4,4],[-5,17],[-5,29],[-9,16],[-8,9],[-7,11],[-12,12],[-17,12],[-7,4],[-9,3]],[[1149,574],[1,-3],[4,1],[4,0],[0,-2],[2,0],[1,-3],[14,-12],[12,11]],[[1187,566],[3,3],[3,-6],[4,2],[0,1],[1,1],[5,-13],[-19,-32]],[[1150,526],[0,1],[-2,1],[0,6],[-5,7],[1,6],[-3,2],[1,4],[-2,1],[1,7],[-1,2],[-4,3],[-2,5],[6,-1],[2,1],[-1,1],[6,3],[2,-1]],[[1149,574],[-2,3],[3,1],[-1,4]],[[1149,582],[8,2],[0,-2],[6,-2],[-1,-2],[4,-1],[-2,-6],[3,-2],[5,5],[3,1],[2,0],[3,-1],[7,-8]],[[1149,582],[-4,16],[8,1],[0,3],[-70,2],[30,59],[-49,12],[13,123],[-29,-6],[-91,11]],[[957,803],[-26,137]],[[931,940],[8,0],[4,2],[2,2],[2,6],[0,4],[-3,12],[1,7],[3,3],[7,3],[5,-1],[10,-6],[26,-6],[8,-5],[8,-4],[4,1],[2,-1],[2,1],[6,-2],[8,4],[8,7],[19,9],[7,1],[17,-5],[4,0],[4,1],[10,9],[4,8],[0,7],[-7,13],[-1,5],[1,7],[3,3],[4,0],[8,-5],[9,-3],[10,0],[22,2],[7,-1],[3,-3],[4,-2],[5,-8],[5,-13],[0,-7],[4,-13],[4,0],[4,-4],[6,-9],[6,-5],[2,-1],[13,4],[13,14],[2,12],[0,8],[-1,6],[2,5],[3,1],[25,2],[14,4],[13,3]],[[1130,528],[-48,6],[0,32],[1,-1],[2,2],[2,-4],[4,0],[3,2],[2,-4],[5,5],[0,-1],[5,1],[-1,5],[6,2],[-1,3],[5,2],[11,2],[13,0],[10,2]],[[976,476],[-3,10],[0,41],[4,103],[1,51],[-1,4],[-5,7],[0,5],[-91,31],[24,90],[52,-15]],[[568,177],[0,-4],[1,-3],[3,-1],[4,1],[3,-1],[2,-6],[-1,-3],[-3,-2],[-1,-7],[1,-3],[4,-4],[1,-4],[-1,-7],[1,-5],[-2,-8],[0,-5],[-1,-3],[-3,-2],[-1,-1],[-195,-109],[-49,44],[-164,142],[-16,16],[-151,134],[90,10],[-6,54],[66,16],[-4,103],[-82,9],[-10,42],