{"type":"Topology","transform":{"scale":[0.0003294040420875529,0.00026235849056605975],"translate":[30.27532999700003,-24.582070000999977]},"arcs":[[[2365,1333],[18,-150],[-10,-151],[-3,-40],[140,-7],[153,19],[40,15],[104,37],[88,-160],[40,-70],[-249,-39],[0,-236],[131,42],[49,-91],[104,-186],[-83,-217],[-62,-5],[-115,-12],[-173,-21],[-127,-12]],[[2410,49],[-1,1],[-5,1],[-31,7],[-19,13],[-9,7],[-5,5],[-11,16],[-5,3],[-8,2],[2,28],[-1,6],[-4,6],[-10,11],[-4,3],[-4,1],[-9,0],[15,145],[-10,102],[-6,53],[-56,149],[-60,92],[-276,-102],[-140,-56],[-42,65],[-3,6],[-1,6]],[[1707,619],[0,3]],[[1707,622],[5,1],[3,2],[15,46],[20,29],[31,35],[2,4],[42,25],[-5,10],[-66,83],[-21,4],[-3,1],[-19,19],[-2,11],[-25,-5],[5,15],[1,10],[-2,13],[-6,16],[-2,4],[-2,10],[0,8],[2,5],[9,13],[9,11],[12,12],[5,8],[13,10],[10,4],[11,-1],[10,-2],[6,0],[2,5],[1,8],[0,3],[-2,23],[-2,8],[-2,4],[-14,14],[-6,8],[-17,24],[-1,4],[-1,18],[1,8],[-2,17],[2,9],[6,10],[3,5],[2,9],[0,6],[-14,19],[-22,11],[-7,6],[-5,7],[-5,7]],[[1682,1256],[0,3],[-3,5],[0,4],[4,6],[0,7],[-1,5],[-1,2],[-6,3],[-1,1],[0,5],[0,2],[-8,13],[-5,6],[-3,9],[-5,7],[-6,13],[0,9],[2,6],[-1,5],[-1,17],[-7,29],[-6,12],[-10,26],[1,16],[0,3],[1,6],[14,30],[3,9],[1,2],[5,2],[18,-3],[5,-1],[-10,-15],[-3,-10],[0,-7],[2,-8],[2,-6],[4,-4],[55,-54],[5,-3],[39,-12],[4,-2],[5,-6],[121,-216],[294,91],[165,67],[10,3]],[[1707,622],[0,-3]],[[2410,49],[-47,-4],[-151,-23],[-136,-22],[-15,232],[-123,-14],[-15,-3],[-113,-49],[-136,95],[-74,49],[-9,7],[-43,50],[-80,97],[-92,27],[-76,10],[-187,-1],[-72,68],[0,0]],[[1041,568],[-1,11],[-1,4],[-5,15],[-10,19],[-2,6],[1,5],[1,18],[-2,24],[1,9],[5,13],[0,5],[-1,5],[-3,3],[-7,14],[-2,7],[-1,7],[1,5],[4,6],[6,6],[-1,3],[-1,4],[-2,4],[-3,-1],[-7,2],[-4,4],[-5,5],[0,3],[-5,10],[-3,1],[-4,-1],[-5,0],[-2,4],[-5,6],[-2,3],[-6,3],[-5,1]],[[965,801],[2,9],[-1,5],[1,1],[-2,4],[1,1],[-1,2],[0,1],[-1,0],[-3,3],[1,5],[-2,2],[-1,6],[0,2],[0,2],[3,6],[3,2],[5,5],[1,2],[2,5],[5,12],[12,16],[4,8],[5,5],[8,13],[4,2],[3,4],[2,1],[3,-1],[0,-6],[1,-2],[3,1],[2,5],[2,-3],[1,1],[3,0],[2,-3],[3,-1],[4,-8],[4,-7],[3,-9],[2,-2],[7,-12],[1,3],[5,3],[3,6],[1,4],[0,11],[3,11],[0,4],[-2,3],[2,10],[8,21],[2,6],[3,5],[4,1],[5,-1],[10,-5],[3,0],[11,-1],[7,-5],[1,-3],[3,-4],[12,2],[3,-4],[2,-3],[4,-5],[9,6]],[[1156,943],[6,-6],[14,-9],[5,-5],[13,-30],[2,-9],[0,-14],[-5,-25],[-19,10],[-2,-9],[-1,0],[-2,1],[-5,-4],[9,-38],[-3,-13],[0,-9],[2,-5],[3,-5],[5,-4],[4,0],[18,13],[20,26],[2,2],[3,1],[5,-1],[7,-7],[3,-1],[4,0],[4,2],[3,8],[1,16],[2,9],[21,39],[1,4],[4,25],[3,6],[9,5],[5,1],[5,-1],[4,-4],[9,-19],[19,-28],[2,-2],[3,-2],[6,0],[19,18],[20,26],[23,24],[5,7],[2,7],[1,7],[-1,7],[-3,15],[0,7],[0,3],[2,4],[4,4],[17,8],[15,0],[10,7],[15,7],[10,6],[4,1],[4,0],[5,1],[26,16],[6,5],[16,5]],[[1545,1046],[8,0],[8,3],[4,5],[3,2],[2,5],[3,4],[2,10],[-1,6],[-4,6],[-3,6],[3,17],[6,13],[4,3],[4,2],[5,2],[4,5],[14,23],[5,4],[5,10],[10,13],[8,7],[4,0],[8,4],[14,11],[3,3],[8,12],[8,16],[3,9],[-1,9]],[[1156,943],[-5,9],[-32,91]],[[1119,1043],[95,69],[74,55],[20,11],[237,-132]],[[1041,568],[2,-18],[-5,-10],[-5,-3],[-5,-3],[-28,1],[-12,-2],[-4,-3],[-3,-1],[-3,0],[-12,6],[-15,5],[-7,5],[-5,5],[-3,1],[-23,-19],[-12,-8],[-2,-3],[-3,-1],[-6,-5],[-8,-1],[-2,2],[-3,5],[-4,22],[-1,10],[-6,13],[-2,3],[-3,9],[-5,10],[-1,9],[-4,4],[-2,-1],[-3,-3],[-2,-6],[-2,-17],[0,-18],[-4,-11],[-4,-5],[-5,-3],[-10,-4],[-5,-3],[-8,-7],[-22,20],[-47,129],[-69,35],[-41,51]],[[627,758],[7,0],[1,1],[6,5],[5,6],[7,1],[5,7],[2,5],[5,4],[-3,3],[0,3],[1,7],[4,4],[6,3],[6,8],[3,2],[5,4],[1,3],[4,4],[9,7],[4,6],[3,2],[6,0],[1,-1],[1,-3],[5,0],[2,1],[1,3],[2,1],[4,-1],[2,2],[5,-1],[1,1],[3,-1],[0,5],[-1,1],[0,2],[9,5],[4,1],[4,4],[3,5],[0,3],[0,3],[-1,2],[0,6]],[[759,881],[4,-3],[7,-7],[1,-3],[0,-2],[-4,-3],[-2,-4],[-1,-7],[2,-5],[2,0],[2,2],[2,-1],[4,2],[7,0],[7,-1],[6,-3],[3,1],[3,-1],[1,2],[6,1],[6,-2],[-3,-15],[3,-6],[8,1],[1,-2],[6,-3],[2,-6],[7,-1],[2,0],[1,-2],[3,3],[4,0],[1,3],[1,0],[2,2],[1,-1],[4,2],[5,-3],[2,1],[6,-3],[2,0],[1,2],[0,-2],[4,2],[2,3],[1,0],[0,-2],[6,3],[11,-1],[3,2],[4,-3],[5,1],[4,-1],[2,-4],[0,-3],[1,-1],[18,1],[1,-1],[1,-3],[6,-2],[7,1],[2,-5],[8,-3],[5,0]],[[759,881],[6,9],[2,1],[1,-1],[6,-1],[8,7],[6,1],[4,0],[7,3],[12,17],[3,6],[6,3],[2,8],[2,1],[1,2],[4,0],[5,4],[5,1],[7,6],[6,1],[4,-2],[14,1],[7,3],[6,1],[5,4],[3,0],[6,1],[3,3],[3,1],[0,2],[2,1],[0,7],[2,1],[1,4],[4,4],[3,6],[3,11],[0,5],[1,7],[6,8],[0,1],[-1,2],[3,3],[0,1],[2,3],[1,4],[2,3],[1,4],[1,0],[3,1],[3,5],[2,4]],[[942,1048],[2,0],[5,5],[10,-2],[3,1],[2,1],[2,5],[9,5],[5,0],[2,3],[7,-2],[9,1],[12,7],[17,5],[6,4],[6,1],[5,10],[3,3],[6,2],[3,3],[4,1],[5,5],[3,0],[4,3],[15,-19],[16,-16],[5,-6],[6,-10],[5,-15]],[[942,1048],[-5,2],[-6,-3],[-4,2],[-9,0],[-6,-4],[-3,-5],[-7,1],[-3,-6],[-13,-8],[-2,0],[-1,2],[-6,-1],[-4,-4],[-11,-3],[-2,1],[-3,-1],[-3,2],[-6,0],[-3,3],[-4,1],[-1,2],[-4,4],[2,5],[0,7],[-3,1],[-13,10],[0,1],[3,6],[-2,3],[-9,0],[-4,-2],[-3,4],[-4,0],[-5,-1],[-3,1],[-7,-2],[-1,3],[0,3],[2,10],[2,3],[-1,1],[-3,-1],[-1,0],[-6,2],[-13,1],[1,3],[-4,6],[-5,3],[-1,4],[1,2],[-11,10],[-2,4],[-5,4],[-2,6],[1,1],[1,2],[1,3],[1,8],[-3,0],[-4,-2],[-3,-5],[-6,-5],[-1,-1],[-3,4],[-6,3],[-6,-5],[-4,6],[-3,1],[-6,-3]],[[698,1137],[-4,1],[-3,7],[-2,0],[-2,-1],[-1,-2],[-2,-2],[-4,1],[-2,-2],[-2,1],[-3,0],[0,-1],[-1,-2],[-10,0],[-1,-2],[-5,-1],[-2,1],[-3,-1],[-2,0],[-4,-1],[-8,1],[-9,-2],[-9,-4],[-4,11],[-7,7]],[[608,1146],[9,6],[3,5],[2,1],[2,3],[5,2],[7,1],[6,4],[2,3],[0,4],[4,10],[3,3],[10,15],[4,2],[4,4],[2,0],[1,2],[3,2],[7,0],[3,-1],[2,0],[1,3],[3,3],[0,3],[6,6],[4,3],[3,5],[2,0],[3,-3],[2,5],[1,6],[2,2],[0,1],[5,2],[4,5],[3,1],[3,-1],[1,3],[-10,9],[-101,143]],[[619,1408],[-26,38],[-54,59]],[[539,1505],[6,0],[2,0],[-3,7],[1,2],[1,2],[0,3],[9,-2],[10,-3],[9,-7],[2,0],[7,2],[3,6],[2,3],[5,0],[1,2],[3,-1],[6,0],[2,-1],[1,-7],[3,-2],[3,0],[5,5],[2,0],[4,-5],[5,-8],[2,-1],[2,0],[7,10],[3,2],[5,-7],[3,-8],[2,-1],[1,-1],[1,-7],[2,-4],[15,-11],[4,-5],[6,-5],[3,0],[5,1],[6,10],[6,7],[4,9],[2,1],[8,-1],[9,11],[11,9]],[[735,1510],[8,7],[15,17],[9,7],[5,2],[5,0],[15,-1],[7,-8],[4,-6],[5,-4],[1,-5],[-2,-9],[-1,-7],[2,-3],[2,-2],[12,0],[12,2],[2,1],[3,6],[3,11],[2,6],[2,4],[3,2],[4,0],[3,-4],[8,-5],[5,-5],[0,-5],[-6,-12],[0,-2],[2,-2],[2,0],[4,2],[9,2],[6,3],[14,2],[12,5],[3,2],[0,1],[0,8],[0,2],[2,1],[7,-4],[4,-5],[3,-4],[0,-8],[7,-1],[16,-7],[4,-5],[0,-7],[2,-5],[5,-2],[9,0],[7,-2],[8,1],[11,6],[4,4],[3,8],[1,8],[2,7],[2,2],[18,9],[11,4],[3,-1],[8,-5],[9,0],[6,1],[10,4],[13,9],[4,6],[1,9],[-1,2],[-6,7],[-5,6],[-3,6],[1,4],[6,2],[6,5],[6,3],[3,0],[2,-1],[16,-13],[5,-3],[8,-1],[3,3],[10,30],[5,2],[10,-1],[4,2],[3,3],[0,5],[-3,4],[-1,5],[-1,10],[2,9],[4,3],[8,-3],[3,-3],[15,-22],[6,-5],[4,-1],[5,-1],[3,1],[3,4],[7,13],[10,3],[18,3],[-36,36],[305,204],[0,3],[2,0],[4,4],[2,4],[-1,10],[4,15],[-3,10],[3,12],[-2,8],[-6,7],[-1,5],[1,14],[4,5],[1,4],[-2,11],[-5,3],[-6,-2],[-5,2],[-2,5],[1,6],[-1,4],[100,124],[39,-95],[10,-34],[51,-103],[3,3],[16,-27],[4,-11],[2,-9],[131,61],[32,12],[26,12],[46,150],[50,-63],[163,40],[41,-112],[-94,-69],[110,-150],[18,15],[18,18],[14,11],[8,10],[3,8],[2,7],[-3,12],[-6,19],[-1,8],[3,8],[3,4],[2,0],[5,5],[6,4],[3,1],[11,1],[8,6],[4,-1],[14,1],[7,-1],[23,1],[13,8],[68,-12],[105,17],[-17,-111],[-57,7],[34,-108],[-85,-79],[-89,-79],[13,-172]],[[627,758],[-35,44],[-71,48]],[[521,850],[3,2],[2,4],[2,0],[7,7],[3,5],[6,3],[7,8],[5,4],[3,5],[3,5],[4,3],[4,6],[5,1],[3,5],[5,-1],[2,3],[3,2],[4,5],[5,1],[4,9],[3,4],[6,1],[3,7],[6,8],[0,4],[2,4],[3,4],[4,3],[2,3],[2,15],[5,5],[0,1],[-4,0],[-4,1],[-4,-1],[-1,0],[0,1],[4,10],[4,7],[1,5],[6,8],[0,9],[2,4],[0,0],[1,4],[4,0],[0,2],[2,0],[1,1],[0,2],[2,0],[1,2],[1,2],[3,2],[3,6],[3,5],[-1,2],[4,3],[-7,6],[4,7],[1,4],[1,1],[-1,6],[9,7],[0,2],[3,1],[3,5],[5,3],[0,2],[-1,0],[0,1],[1,3],[0,2],[5,7],[-2,1],[0,2],[1,2],[4,2],[0,2],[7,10]],[[521,850],[-31,21],[-75,68]],[[415,939],[1,3],[4,0],[5,8],[5,12],[0,4],[2,3],[-1,2],[1,2],[10,-2],[3,7],[5,5],[6,4],[2,4],[9,6],[5,7],[5,5],[0,3],[-1,3],[1,2],[0,4],[1,3],[3,1],[0,4],[0,2],[0,3],[-4,5],[0,6],[1,3],[0,4],[-1,3],[3,