{"type":"Topology","transform":{"scale":[0.00048081436331231733,0.00030910156298830094],"translate":[28.90196996000003,-22.758070058999976]},"arcs":[[[2729,236],[-16,115],[-81,-9],[-40,130],[-3,0],[-8,-5],[-3,-4],[-4,-4],[-2,-3],[-61,80],[37,32],[9,52],[-35,55],[-13,26],[30,5],[5,1],[37,25],[2,5],[20,45],[-57,63],[-54,78],[104,50],[30,78],[12,77],[79,-43],[68,-33],[15,97],[65,-57],[0,-2],[1,-1],[5,-4],[6,-2],[3,-2],[138,-78],[-22,110],[121,79],[8,50],[-21,6],[13,91]],[[3117,1339],[10,3],[2,0],[45,14],[18,7],[18,9],[14,8],[10,9],[5,2],[16,15],[18,14],[1,0],[7,4],[7,3],[14,2],[5,-1],[4,-2],[5,-3],[6,-5],[1,-2],[13,-7],[3,-1],[10,1],[11,-2],[13,-4],[21,-9],[12,-4],[8,-4],[12,-5],[7,-1],[4,0],[7,6],[5,8],[5,10],[4,5],[5,3],[17,4],[3,2],[4,2],[5,1],[5,-1],[8,1],[16,-3],[15,-5],[8,-3],[3,-3],[4,-3],[3,-6],[4,-7],[7,-8],[7,-9],[5,-5],[4,-2],[5,-3],[11,1],[3,1],[6,3],[2,2],[39,-167],[-47,-95],[-80,-106],[-51,-106],[-101,-97],[-67,-67],[-65,-67],[-1,2],[-1,0],[-1,0],[-5,1],[-5,0],[-1,0],[-5,-9],[-1,-3],[-3,0],[-3,0],[-2,1],[-1,2],[-1,1],[-1,-1],[-1,-1],[-1,-1],[-3,-1],[-6,-5],[-7,-4],[-3,0],[-1,3],[-2,-2],[0,-1],[-2,-8],[-1,-1],[-2,0],[-2,-2],[-4,-5],[-1,-1],[-1,2],[-2,1],[-2,-1],[-1,-4],[-3,-3],[1,-11],[-1,-3],[1,-3],[0,-1],[-1,-5],[-1,-2],[2,-3],[0,-1],[3,-1],[1,-1],[0,-5],[2,-5],[1,-7],[-1,-1],[-1,0],[-1,-2],[1,-3],[-1,-4],[1,-2],[-1,-3],[-1,-2],[-2,-5],[-3,-4],[-1,-6],[-1,-5],[-3,-2],[-3,1],[-3,-4],[-2,0],[-1,-1],[-1,-1],[-1,-4],[-1,-2],[-7,-5],[-2,-3],[-1,-3],[-1,-2],[-2,-1],[-3,1],[-3,-1],[-3,-3],[0,-1],[-1,-2],[0,-3],[3,-5],[1,-6],[0,-7],[0,-5],[-2,-2],[-5,-5],[-1,-1],[-1,-4],[0,-3],[-1,-6],[0,-9],[-1,-5],[-4,-9],[-1,-7],[-75,-58],[-75,-34],[-74,-1],[-66,-48],[-32,-21],[-56,-33]],[[2729,236],[26,-24],[-79,-3],[-113,12],[8,-97],[-68,51],[-89,19],[-9,-43],[-52,57],[-25,58],[-74,-55],[-49,49],[-54,-46],[-17,88],[-53,-20],[-54,-57],[17,-70],[-53,-48],[-79,-51],[-47,-56],[-17,90],[-4,72],[-1,1],[0,24],[-50,94],[-33,-29],[-85,27],[-3,-3],[-109,14],[-72,29],[-84,82],[-83,62],[-134,50],[17,-103],[-126,21],[4,-47],[-114,-41],[-26,34],[-26,37],[-73,91],[-1,-35],[-16,-1],[-11,0],[-26,3],[-8,2],[-3,0],[-1,-1],[0,-3],[1,1],[13,-23],[-50,-53],[-37,-35],[-68,-52],[-19,131],[-51,147],[-20,77],[-122,45],[-95,-30],[-47,-28],[-52,-43],[-73,-35],[-37,66],[-36,84],[-23,45],[-61,27],[-3,2],[5,3],[2,5],[1,4],[0,10],[-2,13],[0,12],[1,13],[1,4],[3,1],[7,-1],[6,1],[4,1],[3,2],[1,2],[1,5],[1,10],[3,33],[0,9],[-1,7],[1,8],[3,14],[3,6],[1,4],[1,7],[-1,5],[4,13],[6,12],[2,3],[7,11],[1,4],[3,7],[4,3],[4,6],[3,4],[0,3],[4,3],[3,5],[3,7],[1,2],[0,6],[-1,7],[0,4],[3,7],[3,4],[4,8],[4,15],[1,8],[0,14],[1,5],[0,6],[1,4],[7,16],[1,4],[5,9],[2,5],[1,2],[4,8],[4,6],[8,15],[1,3],[1,6],[3,6],[2,6],[1,2],[1,14],[-1,15],[-1,5],[-2,7],[-2,10],[-1,12],[-2,13],[-3,8],[-2,1],[-2,4],[-2,7],[1,14],[0,17],[-1,20],[-2,7],[0,2],[2,19],[0,14],[2,4],[2,13],[1,9],[1,10],[3,4],[2,4],[3,2],[8,8],[4,4],[3,9],[1,5],[-1,10],[0,6],[3,6],[2,1],[2,3],[2,9],[1,1],[1,1],[3,2],[2,1],[5,0],[4,1],[15,10],[5,7],[8,12],[1,4],[1,10],[1,9],[0,4],[0,3],[1,9],[2,2],[2,2],[2,1],[9,8],[2,2],[1,3],[1,11],[-1,14],[0,5],[0,5],[-1,8],[0,11],[-1,8],[2,16],[1,6],[2,4],[3,3],[4,6],[2,3],[3,0],[2,-1],[7,-6],[4,-2],[2,0],[2,1],[1,2],[2,7],[0,6],[0,8],[4,8],[6,7],[4,2],[3,-1],[13,-1],[1,0],[2,-2],[3,-5],[3,-1],[3,1],[3,2],[8,1],[6,-2],[9,0],[17,2],[5,-3],[9,-6],[3,-1],[4,0],[11,2],[10,6],[5,2],[6,4],[4,1],[5,5],[5,5],[3,2],[7,1],[7,-1],[7,-2],[5,-2],[9,-1],[9,-1],[3,1],[7,2],[5,1],[3,-1],[7,-4],[6,-3],[5,-2],[4,0],[10,2],[6,2],[5,3],[6,6],[5,8],[11,9],[11,13],[4,4],[3,4],[2,5],[3,5],[7,16],[5,4],[9,7],[2,2],[2,6],[4,3],[8,6],[7,2],[21,3],[7,2],[3,3],[6,7],[3,2],[3,0],[6,0],[11,-2],[13,-5],[10,-5],[4,-4],[3,-2],[3,-3],[6,-6],[6,-4],[2,-1],[4,-3],[2,-2],[2,-3],[2,-4],[3,-4],[4,-1],[3,0],[3,2],[2,2],[6,7],[3,2],[3,-1],[3,-2],[4,-9],[1,0],[12,1],[1,1],[4,8],[2,4],[5,6],[3,2],[4,1],[2,-1],[4,-5],[4,-1],[5,1],[5,3],[5,3],[3,0],[5,-1],[8,-5],[7,-2],[6,1],[10,3],[8,1],[4,-4],[3,-3],[2,-8],[1,-13],[1,-7],[1,-4],[2,-4],[4,-7],[2,-2],[3,-4],[4,-2],[5,1],[3,2],[5,6],[4,6],[6,17],[2,5],[2,2],[4,0],[2,-2],[1,-3],[3,-9],[1,-2],[2,-1],[5,-3],[8,-3],[8,1],[7,3],[22,12],[18,9],[6,4],[20,20],[2,2],[14,2],[5,5],[0,2],[2,8],[1,2],[11,8],[4,2],[13,6],[10,3],[21,5],[3,1],[21,5],[12,4],[13,3],[5,2],[9,1],[8,1],[7,-1],[16,-5],[6,-2],[7,-4],[2,-1],[18,-8],[2,-3],[2,-1],[11,-7],[9,-5],[15,-4],[18,0],[4,1],[5,6],[3,4],[5,14],[1,5],[0,8],[-2,21],[0,5],[1,6],[2,5],[3,4],[4,4],[7,2],[13,1],[14,2],[12,2],[3,2],[6,4],[16,18],[3,2],[4,3],[5,2],[3,0],[5,-1],[4,-2],[7,-5],[9,-10],[15,-22],[5,-4],[5,-3],[4,-2],[5,0],[3,1],[7,3],[3,3],[3,5],[7,25],[5,10],[3,5],[4,6],[5,8],[6,4],[4,3],[15,3],[3,2],[12,11],[12,10],[3,1],[9,-1],[4,-3],[4,-4],[2,-3],[1,-3],[5,-7],[8,-19],[2,-3],[3,-2],[6,0],[3,0],[31,8],[9,-1],[8,-1],[3,-1],[2,-1],[5,-5],[6,-4],[7,-4],[7,-4],[4,-2],[6,1],[10,3],[16,3],[16,-1],[8,0],[15,3],[32,1],[7,0],[9,-3],[6,-5],[14,-14],[8,-11],[5,-6],[12,-10],[6,-6],[0,-1],[6,-12],[4,-7],[5,-6],[18,-13],[6,-3],[17,-9],[12,-6],[9,0],[10,1],[27,1],[12,-1],[2,-1],[4,-4],[4,-5],[12,-19],[11,-16],[6,-8],[3,-3],[5,-4],[7,-4],[4,-1],[5,-1],[3,0],[12,5],[15,6],[8,3],[18,4],[8,1],[5,1],[4,-1],[3,-2],[2,-1],[18,-19],[3,-5],[3,-4],[3,-4],[18,-17],[11,-12],[8,-6],[7,-6],[5,-10],[6,-11],[4,-6],[4,-10],[5,-1],[3,0],[12,3],[5,0],[14,-4],[23,-13],[0,3],[1,0],[6,1],[17,1],[8,-2],[2,-1],[3,-2],[2,-2],[1,-3],[2,-10],[0,-6],[-1,-5],[0,-15],[1,-10],[1,-8],[3,-9],[3,-5],[5,-7],[6,-5],[6,-3],[8,0],[20,3],[12,1],[8,-2],[7,-5],[7,-7],[3,-5],[4,-5],[4,-8],[6,-11],[10,-16],[3,-4],[6,-5],[8,-7],[15,-8],[5,-3],[11,-9],[8,-8],[4,-5],[5,-7],[12,-24],[22,-35],[4,-5],[5,-3],[6,-1],[8,1],[8,5],[21,19],[7,6],[11,5],[4,2],[13,2],[11,0],[9,2],[15,3],[16,4],[11,1],[13,-2],[7,0],[20,3],[15,2],[16,0],[4,-1],[3,-2],[5,-3],[2,-3],[4,-6],[2,-4],[2,-12],[2,-7],[3,-5],[5,-5],[9,-8],[5,-3],[0,-3],[6,-6],[5,-6],[5,-9],[2,-4],[9,-25],[7,-25],[11,-21],[5,-10],[12,-16],[7,-7],[9,-4],[8,-3],[7,0],[8,2],[8,4],[5,4],[3,2],[9,9],[2,2],[5,2],[6,3],[8,-1],[9,-3],[6,-2],[9,-2],[9,-2],[7,0],[7,0],[4,1],[17,6],[9,1],[10,0],[10,-3],[8,-3],[2,0],[7,-3],[8,-1],[8,2],[18,12],[9,4],[10,5]],[[2333,1363],[-2,-5],[-7,2],[-2,-1],[-14,5],[0,-13],[-2,-4]],[[2306,1347],[-1,1],[-2,-2],[-2,-1],[-49,-17],[-5,-20],[-32,-94],[65,-29],[59,-79],[94,-32],[4,2],[6,6],[4,2],[8,6],[7,9],[3,10],[1,5],[1,4],[1,4],[1,4],[3,7],[4,2],[3,-1],[7,5],[3,3],[1,7],[0,9],[0,6],[0,6],[-1,7],[0,3],[0,2],[2,2],[4,4],[4,5],[4,5],[0,2],[2,3],[4,13],[1,9],[-1,5],[0,3],[-1,2],[0,8],[-1,1],[-1,4],[-2,4],[0,2],[-1,2],[0,1],[-2,4],[-2,4],[-5,10],[-4,10],[0,0],[-2,1],[-69,52]],[[2419,1338],[-5,4],[-54,57],[-5,-3],[-2,-2]],[[2353,1394],[-2,4],[-3,2],[-2,1],[-10,-1],[-4,1],[-4,-9],[4,-28],[1,-1]],[[2353,1394],[-1,-4],[-3,-2],[-1,-2],[-3,-1],[-1,-4],[1,-3],[-4,-2],[0,-3],[4,0],[6,3],[0,-3],[2,0],[0,-1],[-2,-1],[0,-2],[7,4],[-1,5],[1,1],[2,0],[1,-3]],[[2361,1376],[-1,0],[1,-7],[-12,-6],[-13,-1],[-1,-3]],[[2335,1359],[-2,4]],[[2419,1338],[-2,-3],[-6,-5],[-1,1],[-7,3],[-10,2],[-7,-1],[-5,0],[-1,0],[0,-1],[-3,-1],[-1,4],[-3,6],[-4,-3],[2,5],[0,2],[-1,2],[-1,2],[-8,25]],[[2335,1359],[-9,-25],[-15,7],[-5,5]],[[2306,1346],[0,1]],[[2306,1347],[0,-1]]],"objects":{"125":{"type":"GeometryCollection","geometries":[{"arcs":[[0,1]],"type":"Polygon","properties":{"WARD":"93401001","PROVINCE":"Limpopo","CAT_B":"LIM341","MUNICNAME":"Musina Local Municipality","WARDNO":1,"VOTERS":3728,"Area":1201.76378861,"Shape_Leng":1.73291596119,"Shape_Area":0.105462344597,"ID":3919,"POPULATION":13365,"DENSITY":11.121153862905459}},{"arcs":[[-1,2],[3,4,5,6]],"type":"Polygon","properties":{"WARD":"93401002","PROVINCE":"Limpopo","CAT_B":"LIM341","MUNICNAME":"Musina Local Municipality","WARDNO":2,"VOTERS":4280,"Area":6277.34878495,"Shape_Leng":4.98533646129,"Shape_Area":0.550608228593,"ID":3920,"POPULATION":16747,"DENSITY":2.667846024447627}},{"arcs":[[7,8,9,-7]],"type":"Polygon","properties":{"WARD":"93401003","PROVINCE":"Limpopo","CAT_B":"LIM341","MUNICNAME":"Musina Local Municipality","WARDNO":3,