{"type":"Topology","transform":{"scale":[0.00027802495101146183,0.00019797496868476032],"translate":[30.204159943000036,-22.860940058999972]},"arcs":[[[626,315],[12,-12],[6,-12],[2,-10],[-1,-3],[2,-5],[7,-8],[11,-6],[11,-4],[10,-10],[6,-2]],[[692,243],[-4,-8],[1,-5],[-1,-1],[-1,-2],[-4,-5],[-5,2],[-9,-5],[-6,1],[-3,2],[-3,-1],[-15,-6],[-6,-4],[-10,-2],[-6,-6],[-10,-4],[-8,-10],[-5,-5],[-5,-3],[-2,1],[-6,-3],[-5,-6],[-4,-7],[-13,-1],[-3,-4],[-4,0],[-3,-2],[-8,-9],[-5,-3],[-9,-3],[-6,2],[-3,-2],[-3,0],[-1,3],[-4,-2],[-2,3],[-4,-5],[-3,-7],[-3,-2],[-6,4],[-3,0],[-2,-4],[-4,-2],[-5,0],[-3,-4],[-2,-1],[0,2],[-1,1],[-2,-1],[-3,-4],[-3,-2],[-1,-3],[-4,-1],[-5,-4],[-5,0],[-8,-4],[-4,0],[-3,5],[-2,0],[-5,-4],[-8,-10],[-4,-2],[-18,18],[-54,64],[-49,-124],[-51,4],[-154,-62],[-14,17],[4,41],[-10,37],[-8,54],[-14,77],[6,60],[-15,82],[-2,28],[0,16]],[[39,412],[6,-12],[3,-3],[4,0],[9,6],[6,3],[7,-1],[2,-1],[7,-11],[5,-3],[2,0],[4,4],[4,3],[6,0],[5,-2],[3,-3],[7,-13],[8,-9],[5,-1],[6,1],[6,5],[2,0],[15,-12],[13,-2],[7,-5],[3,0],[8,-3],[12,2],[7,2],[21,18],[13,-7],[4,-1],[17,2],[9,7],[7,2],[8,2],[10,-2],[5,5],[2,-1],[5,-8],[7,-7],[3,-5],[2,-4],[0,-6],[2,-2],[0,-2],[-1,-5],[1,-16],[-3,-3],[0,-3],[1,-11],[-20,-23],[25,-63],[48,49],[5,2],[2,-2],[5,-11],[3,-3],[6,-2],[1,1],[6,1],[16,6],[1,1],[3,6],[5,1],[24,15],[12,-3],[9,1],[9,-28],[11,0],[3,3],[2,7],[4,2],[3,5],[3,1],[1,2],[5,3],[4,4],[9,2],[7,-1],[18,-16],[5,11],[2,2],[8,3],[1,-1],[1,1],[0,-2],[6,1],[6,5],[7,0],[7,3],[11,9],[13,8],[5,5]],[[860,1015],[3,-11],[2,-3],[2,-5],[0,-7],[1,-4],[3,-4],[4,-1],[4,-9],[4,-3],[-1,-9],[-2,-6],[-7,-8],[-1,-6],[0,-17],[-9,-2],[-3,-5],[1,-3],[4,-1],[1,-2],[-2,-10],[-4,-3],[-4,-1],[-2,-2],[1,-9],[-1,-5],[-9,-7],[-2,-4],[-1,-7],[-6,-5],[-3,-10],[1,-3],[-2,-3],[-3,-10],[12,1],[5,2],[20,13],[2,4],[2,-3],[1,-7],[2,-4],[5,-4],[2,-5],[1,-5],[1,-23],[1,-6],[3,-4],[12,-9],[7,-1],[16,1],[13,6],[3,3],[7,0],[0,-12],[-2,-6],[-1,-4],[2,-16],[4,-1],[6,3],[6,6],[6,2],[12,1],[11,15],[9,-12],[2,-5],[3,0],[3,2],[7,-1],[1,1]],[[1013,762],[-4,-9],[-1,-5],[3,-8],[2,-15],[5,-11],[1,-8],[-2,-3],[0,-7],[5,-14],[1,-5],[3,-5],[5,-10],[1,-3],[2,-4],[5,-14],[1,-4],[7,-5],[2,-4],[0,-3],[-4,-8],[0,-3],[7,-15],[4,-5],[6,0],[3,-1],[3,-4],[6,-3],[7,-11],[0,-5],[-6,-10],[-8,0],[-11,-3],[-7,-2],[-5,-5],[-3,-1],[-2,-3],[-13,-1],[-7,-4],[-10,-1],[-13,-7],[-1,-2],[0,-4]],[[995,527],[-10,10],[0,3],[-1,2],[-9,1],[-1,1],[-1,3],[0,8],[-1,7],[-4,4],[-4,9],[0,7],[-2,3],[-13,-2],[-17,-1],[-9,-5],[-18,-3],[-8,-4],[-3,-1],[-12,-5],[-11,-8],[-11,1],[-34,-16],[-14,2],[-9,-7],[-5,-1],[-7,0],[-6,3],[-6,0],[-9,-6],[-3,0],[-6,3],[-1,5],[-6,7],[-9,-1],[-10,-4],[-7,1],[-7,5],[-4,0],[-1,3],[-3,-6],[-1,-10],[-7,-5],[-4,0],[-15,-7],[-13,-12],[-4,-1],[-4,1],[-1,-1],[-4,-9],[-3,-1],[-15,-16],[-5,-3],[-3,-3],[-6,-1],[-1,-3],[0,-3],[-2,-4],[0,-6],[-10,-12],[86,-100],[-19,-11],[-5,-1],[-17,1],[-26,-7],[-4,-4],[-4,-12]],[[39,412],[-6,3],[-5,-2],[-11,-9],[-9,2],[-8,7],[57,67],[27,44],[150,167],[84,197],[112,161],[130,53],[130,90]],[[690,1192],[2,-6],[6,-5],[4,-6],[3,-15],[5,-11],[5,-8],[14,-15],[11,-14],[37,-42],[3,-2],[15,-2],[2,-1],[2,-3],[2,-11],[3,-4],[5,-11],[11,-9],[7,-4],[4,-6],[24,1],[5,-3]],[[995,527],[-1,-2],[-2,-3],[1,-3],[-6,-2],[0,-7],[5,-2],[7,-12],[4,-5],[1,-1],[2,2],[6,-4],[3,0],[7,-9],[15,-1],[3,2],[4,-7],[4,-2],[21,1],[6,-2],[6,-9],[2,-10],[4,-4],[9,-13],[3,-13],[2,-3]],[[1101,418],[-10,3],[-7,3],[-6,0],[-9,-1],[-2,-1],[-3,-5],[-8,-3],[-3,-3],[-2,-6],[0,-6],[-1,-5],[-5,-5],[-3,-1],[-2,-4],[-15,-27],[-4,1],[-19,12],[-7,10],[-6,2],[-17,-4],[-8,-4],[-10,-9],[-6,-10],[-10,-8],[-8,-1],[-4,3],[-4,8],[-7,2],[-6,-2],[-11,-5],[-5,-5],[-8,-5],[-6,3],[-3,-1],[-2,-2],[-4,-4],[-6,-11],[-13,-14],[-1,-9],[-5,-5],[-7,-3],[-8,5],[-5,1],[-17,-6],[-9,-5],[-9,-10],[-6,-3],[0,-2],[-3,-1],[-9,4],[-4,2],[-2,-1],[-11,-9],[-4,-6],[-6,-11],[-12,-12],[-3,-1],[-7,6],[-15,7],[-5,-2],[-2,-3],[-2,1],[-5,-3],[-2,-4]],[[1137,744],[-3,-8],[1,-2],[1,-2],[0,-9],[1,-2],[4,-1],[2,-10],[9,-8],[7,-11],[6,-5],[3,-4],[-25,-26],[5,-8],[-8,-8],[-3,0],[-1,-2],[-1,-3],[-4,-6],[9,-16],[15,-8],[2,-4],[4,-5],[5,0],[0,-3],[-2,0],[0,-11],[6,-5],[6,7],[29,48],[9,-9],[2,1],[4,-2],[6,-6],[3,-10],[2,-14],[2,-6],[2,-1],[4,1],[3,-2],[3,-3],[4,-8],[0,-16],[5,-22],[0,-12],[6,-14],[3,-16],[2,-1],[3,-6]],[[1268,486],[-6,-2],[-4,0],[-15,10],[-4,0],[-10,-7],[-5,-1],[-7,-8],[-10,-16],[-2,-12],[-4,-4],[-1,-3],[-3,0],[-3,2],[0,12],[-10,3],[-3,-1],[-2,-3],[0,-2],[2,-12],[-4,-13],[-4,-4],[-14,-7],[-7,-7],[-11,0],[-8,3],[-6,3],[-6,6],[-5,-3],[-4,1],[-5,-3],[-6,0]],[[1013,762],[6,3],[11,1],[4,4],[10,2],[10,4],[2,2],[6,9],[5,5],[3,6],[2,12],[2,6],[-1,14],[4,-7],[4,-1],[5,-3],[6,-9],[3,-2],[10,-3],[4,-8],[-2,-13],[2,-7],[4,-2],[7,-2],[12,-6],[12,0],[-5,-11],[-2,-12]],[[1411,756],[-2,-5],[-11,-13],[-20,-20],[-4,-9],[-6,-4],[-3,-1],[-11,-9],[-3,-6],[-5,-3],[-4,-5],[-3,-1],[-2,-2],[-2,0],[-2,-3],[-4,-3],[-1,-2],[-10,-2],[-10,-5],[-10,-10],[-2,-1],[-3,-4],[-3,-1],[-4,-5],[-3,-1],[-1,-2],[-2,-2],[-2,0],[-1,2],[-2,0],[-2,-1],[-1,-2],[-3,-1],[-1,1],[-2,-2],[27,-39],[6,-35],[5,-65]],[[1304,495],[-11,-1],[-13,-3],[-12,-5]],[[1137,744],[1,-2],[4,1],[9,3],[17,11],[5,5],[9,8],[8,2],[30,0],[24,-1],[14,-2],[13,-6],[5,7],[7,7],[10,15],[6,20],[12,-3],[10,-4],[8,3],[3,-2],[10,-3],[2,-3],[3,1],[6,-4],[5,0],[5,-2],[3,-4],[3,-2],[3,-4],[6,-6],[4,-2],[3,2],[6,-1],[12,-10],[5,-6],[2,-4],[1,-2]],[[1867,1091],[8,-13],[6,-8],[7,-7],[3,-5],[2,-8],[1,-7],[0,-7],[-1,-7],[-2,-7],[-8,-10],[-9,-3],[-9,-5],[-1,-4],[-6,-4],[-16,-16],[-5,-3],[-10,-3],[-14,0],[-6,-4],[-4,-6],[-9,-22],[-7,-8],[1,-16],[-3,-12],[-8,-14],[-10,-9],[6,-45],[-5,-29],[-19,-30],[-40,-24],[-48,-9],[-52,-1],[-31,-3],[-16,-5],[-25,-27],[2,-38],[-14,-21],[-7,3],[-39,-14],[-10,-31],[2,-32],[-7,-2],[-7,2],[-13,5],[-7,0],[-16,-5],[-7,-5],[-21,-18],[-18,-13],[-9,-12],[-5,-11],[-9,-7],[-8,-5],[-4,-7],[-3,-3],[-6,-4],[-6,-1],[-21,4]],[[1411,756],[13,1],[5,3],[16,14],[7,2],[21,2],[3,2],[4,1],[0,-2],[4,-2],[2,2],[9,7],[1,0],[2,-2],[4,0],[3,2],[1,3],[12,6],[3,3],[1,0],[1,-2],[2,1],[6,9],[4,0],[7,6],[4,0],[1,1],[1,7],[3,4],[2,6],[-1,6],[1,2],[-3,4],[-2,8],[2,2],[0,5],[2,2],[-1,3],[-2,2],[0,8],[2,4],[2,0],[0,5],[1,3],[-1,1],[-6,2],[-9,6],[0,2],[-5,7],[2,3],[0,2],[-4,14],[-1,12],[-4,6],[-4,9],[0,18],[-2,4],[0,5],[-5,7],[-9,17],[0,12],[3,12],[0,16],[-10,1],[-15,3],[-23,2],[-11,-3],[-39,1],[-3,-3],[-7,1],[-15,-4],[-12,2],[-2,-1],[-2,1],[-2,0],[-3,1],[-2,-2],[-3,1]],[[1360,1039],[-5,0],[-25,5],[-5,3],[-1,1],[1,4],[-2,2],[-3,3],[-1,5],[-5,2],[-2,6],[-4,5],[-2,6],[-4,6],[-2,8],[-4,6],[-2,22],[-5,9],[0,2],[3,3],[-1,4],[1,3],[-2,3],[-1,11],[-8,13],[-6,6],[1,4],[-1,6],[2,8],[-1,6],[-4,8],[5,9],[2,3],[17,-8],[-1,-13],[7,-2],[9,2],[17,0],[9,2],[1,2],[22,-1],[2,-9],[2,-4],[12,7],[18,7],[5,6],[10,-3],[3,-4],[6,1],[7,-5],[5,-2],[8,-9],[1,-2],[3,-3],[0,-3],[2,-1],[7,1],[9,4],[21,6],[4,4],[10,2],[0,10],[14,-4],[8,1],[25,7],[10,5],[23,8],[7,7],[9,16],[13,-2],[27,2],[4,-4],[6,-2],[27,1],[5,1],[0,2],[1,6],[-2,7],[2,3],[7,-1],[13,-7],[4,-1]],[[1698,1251],[2,-1],[5,-7],[5,-1],[3,-2],[3,-6],[4,-2],[3,-3],[0,-2],[-2,-1],[-2,-4],[1,-2],[6,-3],[1,-6],[2,-2],[7,0],[8,-4],[5,-8],[8,-5],[7,-9],[6,-2],[8,1],[3,-2],[2,-3],[7,-4],[5,-8],[3,-1],[3,-5],[1,-1],[2,-4],[4,-4],[7,-11],[10,-25],[15,-14],[13,-17],[2,-2],[4,2],[8,8]],[[860,1015],[6,-5],[4,0],[3,1],[10,10],[5,0],[5,0],[3,-5],[10,-8],[3,1],[7,6],[10,2],[5,-1],[6,3],[4,5],[5,3],[3,0],[6,-3],[4,0],[2,2],[3,12],[2,1],[4,1],[5,-4],[2,0],[6,3],[3,6],[2,1],[3,0],[9,-4],[2,1],[3,5],[0,12],[4,2],[5,4],[3,4],[6,4],[2,7],[2,3],[7,1],[2,-1],[5,-6],[12,-11],[8,-1],[4,-9],[5,-5],[7,1],[5,-4],[3,-5],[0,-8],[4,-5],[8,-3],[17,70],[14,2],[2,1],[15,22],[10,12],[2,7],[5,4],[0,-5],[2,-4],[8,-3],[3,-6],[2,-7],[7,-4],[4,-8],[0,-11],[-5,-11],[-1,-6],[7,-22],[2,-27],[3,-13],[3,-4],[2,-1],[7,3],[1,3],[10,-3],[8,-6],[15,2],[3,0],[2,-2],[10,0],[7,4],[0,3],[3,2],[10,4],[1,2],[7,2],[2,0],[12,-5],[7,2],[23,1],[11,3],[18,-5],[4,15]],[[690,1192],[2,11],[6,14],[2,8],[0,14],[2,9]],[[702,1248],[2,0],[14,12],[22,13],[5,6],[5,1],[6,-1],[8,-7],[15,-6],[4,-11],[7,-3],[-2,-4],[0,-5],[2,