{"type":"Topology","transform":{"scale":[0.0003875353663440401,0.00034290995068493883],"translate":[28.843200000000024,-23.99645999799998]},"arcs":[[[829,1606],[3,-6],[2,-8],[2,-27],[3,-12],[-1,-10],[-2,-7],[0,-7],[2,-4]],[[838,1525],[-12,1],[-24,11],[-4,5],[-11,-24],[-52,28],[-35,23],[-9,-15],[-9,-25],[-3,-5],[-11,-6],[-4,-1],[-9,-9],[-6,-7],[-4,-3],[-9,-2],[-5,-8],[-10,0],[-6,4],[-6,-1],[-9,-4],[-8,-6],[-1,-4],[-2,-1],[-6,-7],[-3,-2],[-11,-3],[1,-3]],[[570,1461],[-4,3],[-3,0],[-1,1],[-6,0],[-4,1],[-5,-3],[-5,1],[-1,3],[-5,5],[-1,4],[-6,7],[-13,11],[-13,4],[-7,5],[-3,0]],[[493,1503],[-14,-3],[-6,0],[-4,2],[-6,0],[-30,11],[-7,2],[-9,6],[-2,4],[-3,4],[-6,2],[-12,10],[-9,4],[-5,4],[-2,2],[-8,13],[-3,13],[-3,6],[-16,11],[-12,5],[-4,0],[-9,5],[-6,8],[-2,1],[-6,7],[-4,2],[-10,8],[-7,4],[-4,1]],[[284,1635],[19,73],[90,-19],[39,136],[40,-17],[131,-35],[-27,-100],[95,-19],[31,-12],[86,-31],[37,-4],[4,-1]],[[493,1503],[-1,-5],[-6,-13],[2,-8],[-4,-1],[0,-9],[4,-3],[2,-4],[1,-4],[4,-8],[2,-13],[4,-4],[1,-19],[2,-2],[3,-2],[2,-2],[7,-27],[4,-7],[0,-8],[1,-3],[4,-8],[1,-6],[2,-6],[2,-1],[7,-13],[0,-5],[-2,-8],[0,-23],[-2,-9],[-3,-1],[-2,-2],[-1,-2],[0,-7],[-1,-2],[-7,-6],[-5,-2],[-17,-2],[-6,1]],[[491,1259],[-6,1],[-29,1],[-5,1],[-9,0],[-4,2],[-6,0],[-4,2],[0,1],[-3,-2],[-8,-7],[-6,-10],[-5,-4],[-8,-10],[-4,-3],[-5,0],[-4,-3],[-13,-4],[-4,-4],[-1,-2],[-9,-3],[-7,0],[-3,-1],[-6,-4],[-2,-3],[0,-7],[-2,-3],[-1,1],[-2,3],[-2,0],[-3,-2],[-1,0],[-2,3],[-6,1],[-6,4],[-6,0],[-2,-1],[-2,1],[-8,3],[-6,4],[-7,-1],[-3,2],[-2,6],[-4,2],[-1,2],[-4,9],[-3,1],[-6,-2],[-2,2],[-4,0]],[[255,1235],[-82,83],[25,145],[75,8],[21,1],[-22,115],[12,48]],[[1179,1363],[-143,-51],[-71,16]],[[965,1328],[-9,10],[-11,17],[-1,-1],[-10,-21],[-119,46],[3,7],[9,7],[13,6],[2,2],[5,11],[5,7],[4,3],[2,6],[2,3],[10,10],[2,5],[3,6],[10,5],[9,3],[-7,7],[-19,11],[-12,20],[-8,6],[-1,1],[-6,13],[-3,7]],[[829,1606],[30,-9],[51,119],[90,-52],[-30,-94],[-16,-105],[31,-15],[135,45],[59,-132]],[[965,1328],[37,-43],[-22,-18],[9,-53],[-62,-10],[0,-2]],[[927,1202],[-9,0],[-8,16],[-3,4],[-5,4],[-113,25],[-116,15]],[[673,1266],[44,97],[-4,1],[-11,7],[-1,3],[-2,6],[-2,2],[-13,8],[-3,3],[-3,7],[-7,4],[-4,6],[-5,4],[-5,6],[-3,8],[-4,6],[-4,4],[-4,0],[-2,1],[-2,1],[-2,2],[-3,2],[-9,7],[-14,6],[-7,0],[-18,-2],[-5,3],[-3,0],[-7,3]],[[978,995],[-13,9],[-13,3],[-1,3],[-1,11],[-2,9],[-4,8],[-5,8],[-3,6],[-3,19],[-3,7],[3,8],[-8,12],[-4,11],[-3,6],[-7,23],[0,6],[2,3],[-1,4],[-3,6],[-6,14],[14,6],[18,6],[-8,19]],[[1179,1363],[17,-39],[107,45],[7,-40],[33,-75],[-70,-31],[-1,-51],[19,-52],[-64,-28],[-109,-1],[-26,-59],[-35,3],[-77,-35],[-2,-5]],[[673,1266],[-3,-6],[3,-7],[1,-4],[5,-7],[3,-11],[2,-5],[3,-7],[1,-20],[3,-8],[2,-12],[8,-10],[1,-22],[-2,-8],[-4,-11],[-1,-4]],[[695,1124],[-80,17],[57,-142]],[[672,999],[-101,26],[-15,9],[-4,2]],[[552,1036],[-5,1],[-2,23],[-5,27],[-24,81],[24,30],[-34,16],[16,18],[-2,3],[-8,7],[-6,2],[-8,1],[-3,1],[-3,5],[-1,8]],[[552,1036],[-3,-5],[1,-3],[-86,-33],[3,-9],[-11,-3],[-2,6],[-22,-12]],[[432,977],[-31,-16],[-7,3],[-1,2],[-11,8],[-1,12],[-1,4],[-3,3],[1,2],[-1,1],[-12,4],[-6,3],[-3,3],[-2,4],[-3,-4],[-8,4],[-15,0],[-7,3],[-2,3],[-16,-17],[-5,-4],[-4,9],[0,5],[-33,31],[-15,17],[-30,-1],[-3,4],[-27,38]],[[186,1098],[13,10],[29,53],[97,1],[-70,73]],[[978,995],[-75,-227],[-14,-63]],[[889,705],[-35,-5]],[[854,700],[3,10],[3,4],[0,4],[4,8],[0,4],[-1,2],[1,4],[-1,6],[1,1],[2,6],[-1,14]],[[865,763],[1,4],[-2,3],[2,4],[-1,0],[0,2],[-2,1],[0,4],[2,11],[0,2],[2,5],[-2,10],[1,10],[-1,19],[1,4],[0,10],[1,1],[-2,13],[1,2],[-1,4],[-1,1],[0,3],[-3,2],[-3,8],[-1,1],[-1,4],[3,3],[1,5],[-2,5],[3,8],[3,4],[3,1],[3,3],[1,14],[-4,10],[-8,11],[-5,1],[-3,7],[-5,7],[-2,5],[-3,1],[-4,5],[0,4],[-3,6],[-4,5],[-2,3],[-2,1],[-1,-3],[0,-5],[1,-5],[-1,-3],[-6,-8],[-3,-3],[-2,-5],[-13,-1],[-11,1],[-8,-1],[-9,1],[0,3],[-2,1],[-4,11],[-1,7],[-2,3],[-2,4],[0,10],[-3,22],[-6,82],[-58,13]],[[865,763],[-1,-1],[-4,-2],[-9,0],[-1,-3],[-4,-1],[-12,4],[-9,0],[-7,6],[-4,6],[-4,3],[-6,12],[-3,16],[-6,7],[-12,19],[-1,5],[-1,9],[-5,9],[-4,3],[-2,1],[-2,2],[-4,2],[-3,5],[-7,6],[-1,2],[-2,1],[-1,1],[-1,-2],[-4,2],[-2,1],[-2,3],[-2,0],[-6,5],[-5,1],[-4,1],[-9,-3],[-10,2],[-8,4],[-6,4],[-14,4],[-8,4],[-2,2],[-3,0],[-6,4],[-5,9],[-4,3],[-3,1],[-7,4],[-2,4],[-1,-1],[-1,-1],[-1,0],[-3,1],[-3,3],[44,69]],[[432,977],[0,-4],[-4,-9],[2,-4],[0,-4],[2,-2],[7,-1],[3,-2],[1,-5],[5,-9],[0,-3],[2,-3],[5,-2],[-1,-5],[2,-2],[5,-1],[6,-5],[-2,-8],[12,-3],[3,-8],[7,-6],[12,-4],[0,-1],[-3,-1],[-1,-2],[2,-3],[-3,-11],[4,-2],[0,-9],[1,-4],[4,-7],[5,-5],[1,-4],[2,-3],[1,-6],[2,-7],[-1,-6],[1,-2],[-3,-8],[2,-1]],[[513,805],[-1,-9],[0,-2],[-2,-1],[0,-4],[-6,-5],[-1,-4],[-1,0],[-1,-2],[-3,0],[-9,-7],[-5,-6],[-5,-3],[-4,-3],[-3,-2],[-1,-3],[-2,-1],[-3,-5],[-2,-1],[-4,1],[-10,-2],[-13,-4],[-5,33],[-19,-2]],[[413,773],[4,41],[-4,3],[-6,6],[-8,11],[-4,7],[-14,5],[-12,7],[-7,2],[-15,-2],[-6,1],[-9,11],[-2,3],[0,3],[-3,4],[-2,1],[-6,0],[-6,2],[-3,21],[-1,-1],[-52,38],[-39,16],[-55,-33],[-64,-41],[-7,-5]],[[92,873],[-9,147],[103,78]],[[848,530],[1,3],[-4,3],[-7,3],[-5,0],[-6,3],[-12,2],[-20,0],[-6,2],[-2,-1],[-4,1],[-6,7],[-6,3],[-2,3],[-5,0],[-3,2],[1,-5],[-16,2],[-5,-2],[-3,-2],[-12,-13],[-22,11],[-65,20],[-12,34]],[[627,606],[-9,61],[-4,1],[-2,-1],[-4,0]],[[608,667],[-1,3],[-1,5],[2,8],[-2,2],[4,7],[1,-2],[5,-1],[2,-3],[5,-1],[2,-2],[8,-3],[5,0],[3,-2],[6,1],[3,3],[1,3],[7,0],[7,3],[4,0],[20,-9],[18,-12],[3,-6],[0,-8],[3,-3],[11,-3],[23,-3],[6,-6],[1,2],[4,0],[3,3],[4,5],[1,8],[6,5],[3,6],[5,6],[9,7],[12,-14],[37,32]],[[838,698],[16,2]],[[889,705],[-14,-105],[39,-17],[-26,-56],[-38,-33],[-2,36]],[[848,530],[0,1],[-57,-99],[3,-23],[6,-32]],[[800,377],[1,-2],[-10,-9],[-5,1],[-5,0],[-5,3],[-4,3],[-5,8],[0,-2],[-5,-3],[-2,-4],[-3,-16],[-10,-4],[-1,-2],[-14,-4],[-5,-4],[-4,-2],[-2,-3],[-8,-2],[-8,1],[-1,0],[0,-3],[0,-5],[-26,-7],[-9,-11],[-3,-7],[-4,-2],[-1,1],[-2,0],[-4,1],[-2,2],[-3,0],[-1,2],[-3,1],[0,2],[-2,3],[0,3],[-1,1],[0,1],[-2,3],[2,4],[-1,1],[0,10],[-1,1],[0,3],[-1,3],[2,0],[-1,5],[1,1],[1,3],[2,3],[0,0],[3,9],[0,1],[-2,2],[-2,0],[0,-1],[-2,1],[-2,4],[-1,6],[-4,0],[0,5],[-2,2],[0,4],[-3,3],[3,1],[-1,3],[-1,1],[-4,1],[-1,0],[0,2],[2,1],[-3,10],[1,5],[-1,3],[0,4],[-4,7],[2,2],[-1,1],[-5,3],[-4,0],[-3,-1],[-7,-5],[-13,-3],[-7,-5],[-19,-3],[-11,0],[-4,4],[-2,3],[-39,42]],[[508,467],[61,73],[58,66]],[[772,19],[0,7],[-2,6],[1,6],[-4,6],[-2,2],[-1,3],[-5,4],[-1,0],[-1,2],[0,1],[-2,4],[-3,5],[1,5],[-2,1],[0,4],[-2,0],[-1,2],[-4,1],[5,19],[4,-4],[2,6],[4,4],[4,2],[8,-1],[6,-10],[3,1],[0,3],[2,1],[0,4],[0,4],[2,8],[0,2],[1,2],[1,6],[-2,5],[1,2],[-2,2],[-2,5],[0,14],[-32,2],[0,-2],[-3,-2],[-1,0],[1,2],[-1,1],[0,3],[3,8],[-1,3],[-1,2],[-10,3],[-1,3],[-2,-1],[0,1],[1,1],[0,1],[-4,3],[-2,2],[-1,2],[-6,5],[-1,2],[1,1],[1,3],[-1,1],[0,1],[-4,-2],[-5,7],[-6,1],[-4,2],[-1,2],[-2,1],[-3,5],[-5,3],[0,2],[-2,3]],[[689,222],[7,0],[3,2],[2,0],[4,4],[4,0],[5,3],[7,3],[5,8],[3,2],[9,6],[8,13],[7,8],[6,2],[7,4],[2,0],[1,3],[4,1],[2,3],[5,1],[5,5],[2,-1],[7,6],[3,0],[8,2],[3,4],[1,-1],[4,3],[3,1],[1,2],[2,0],[4,4],[15,1],[2,3],[1,3],[-1,8],[4,3],[0,5],[5,3],[6,14],[1,3],[3,2],[1,4]],[[860,359],[96,-32],[-88,-174],[6,-96],[-59,-20],[-43,-18]],[[772,19],[-16,-7],[-42,-12],[-68,34],[-51,122],[-17,24]],[[578,180],[4,1],[4,-3],[2,3],[2,0],[7,-2],[3,1],[1,3],[2,0],[5,-2],[1,-1],[3,-1],[3,-2],[6,0],[5,3],[2,3],[4,1],[2,3],[6,2],[3,-1],[3,3],[4,2],[2,0],[3,1],[4,5],[6,2],[1,3],[-1,2],[6,7],[3,0],[7,7],[7,2],[1,0]],[[800,377],[60,-18]],[[578,180],[-57,85],[-102,22],[-61,59],[43,107]],[[401,453],[62,5],[45,9]],[[608,667],[-9,2],[-4,-8],[-3,-3],[-7,-2],[-9,-4],[-5,-1],[-7,4],[-5,-1],[-3,-3],[-4,-9],[-3,1],[-3,1],[-1,-2],[1,-3],[-2,-3],[-3,-1],[-1,2],[-2,-1],[0,-2],[-2,0],[-3,2],[-6,0],[-2,-6],[0,-7],[-2,-4],[-8,-9],[-3,-5],[-7,-4],[-6,-6],[-5,-1],[-7,3],[-10,1],[-16,7],[-16,5],[1,3],[9,9],[3,4],[6,5],[0,2],[-1,2],[-11,7],[-13,5],[-12,3],[-7,0],[-2,2],[-1,3],[-3,2],[-18,-4],[-4,1],[-7,1],[-2,1],[-5,5],[2,5],[11,20],[-7,11],[-2,4],[-2,7],[-15,-4],[-29,-2],[-15,-2],[-35,-15],[-29,-17]],[[257,668],[-16,