{"type":"Topology","transform":{"scale":[0.0008667801366723309,0.0007732841139410364],"translate":[29.02628000300007,-23.81135999999998]},"arcs":[[[692,499],[-13,-29],[-24,-13],[18,-25],[22,-59],[11,-1]],[[706,372],[7,-1],[30,-13],[31,-13],[32,16],[41,16],[-5,8],[9,35]],[[851,420],[38,-41]],[[889,379],[14,-16],[14,-20],[12,-21],[49,39],[-20,56],[0,12],[23,-5],[1,4],[10,21],[-28,28],[6,7]],[[970,484],[13,40],[5,-5],[11,-9],[2,-2],[2,3],[1,11],[4,7],[3,1],[15,-5],[10,2],[4,2],[4,7],[0,14],[-1,1],[0,8],[5,10],[16,-19],[3,1],[4,-1],[4,1],[4,5],[4,4],[3,-2],[4,0],[1,-3],[2,0],[1,-1],[1,1],[1,2],[9,-3],[6,7],[1,25],[8,27],[47,-2],[-3,-47],[9,-9],[-4,-18],[4,-38],[-14,-14],[-13,6],[-16,-21],[-10,-28],[24,8],[11,-34],[-17,-15],[40,-44],[-5,-7],[-8,-42],[-25,-17],[-18,-7],[-33,-24],[-24,-22],[-2,-16],[16,-26],[-34,-4],[-39,-9],[-12,-12],[-49,-22],[-23,-40],[-12,22],[-23,38],[-64,-24],[-4,-22],[-69,-45],[-12,-6],[-80,-28],[2,-5],[-59,-32],[-7,20],[-3,-6],[-7,19],[-22,-24],[2,-2],[-4,-3],[-2,1],[-11,-12],[-40,62],[2,15],[1,33],[-5,19],[-21,-1],[-13,21],[0,3],[-12,47],[10,42],[-22,5],[-67,-24],[-22,58],[0,23],[31,14],[-14,33],[-4,17]],[[371,367],[5,7],[32,4],[4,-1],[38,-25],[5,0],[17,6],[0,3],[4,11],[-7,16],[-10,31],[8,35],[-21,47],[-14,29],[-28,47],[59,26],[30,11],[53,27],[28,9],[4,10],[8,33]],[[586,693],[30,6],[37,3],[-2,-10],[1,-3],[1,-3],[0,-4],[-1,-6],[0,-5],[8,-7],[10,-16],[5,-7],[5,-5],[2,-4],[5,-3],[1,-3],[-1,-1],[-4,-4],[-8,-7],[0,-2],[1,-4],[-1,-4],[1,0],[-14,-36],[4,-4],[8,-11],[1,-2],[7,-3],[1,-2],[0,-3],[-1,-5],[-3,-3],[-5,-7],[-1,-6],[0,-3],[2,-4],[0,-10],[3,-4],[2,-3],[4,0],[8,1]],[[889,379],[1,1],[2,1],[2,3],[4,6],[1,5],[3,5],[1,13],[1,6],[4,6]],[[908,425],[1,3],[0,4],[1,-1],[1,0],[1,2],[2,0],[2,3],[4,2],[0,0],[-1,10]],[[919,448],[7,3],[0,-2],[4,1],[0,2],[0,0],[0,7],[-2,1],[1,2],[3,1],[0,4],[-4,3],[-1,24]],[[927,494],[1,1]],[[928,495],[12,-2],[30,-9]],[[927,494],[-3,-3],[-2,1],[0,-4],[-4,-3],[1,-1],[-4,-5],[-2,-3],[-2,0],[-3,-2],[0,0],[0,-1],[-1,-3],[-6,-3],[-2,-3],[2,-2],[-2,-2],[5,-17],[7,1],[8,4]],[[908,425],[-3,2],[-3,-2],[-6,3],[0,7],[-2,2],[-1,0],[-1,1],[-2,-1],[1,6],[-3,3],[-10,1],[-6,-2],[-2,3],[-5,4],[-11,5],[-2,0],[1,-4],[-1,-1],[-8,-5],[-3,-3],[-3,-1],[-1,0],[-2,2],[0,3],[-2,5],[-3,3],[-7,9],[-9,-26]],[[814,439],[-8,3],[-1,-4],[0,-3],[-1,-3],[-6,-1],[-3,0]],[[795,431],[-5,13],[0,8],[1,4],[0,48]],[[791,504],[33,21],[2,-39],[27,8],[51,4],[24,-3]],[[764,396],[-1,-2],[2,-1],[-2,-2],[4,-3],[0,-1],[1,-1],[-4,-6],[0,-4],[-6,-4],[-2,3],[-5,3],[-1,0],[-4,-1],[-3,5],[-1,4],[-2,2],[-10,-4],[-20,-8],[-4,-4]],[[692,499],[1,1]],[[693,500],[3,-1],[2,-2],[1,-1],[-1,-5],[1,-3],[2,-2],[4,-3],[5,-9],[0,-3],[-5,-9],[-6,-6],[0,-4],[4,-13],[4,-4],[3,0],[1,0],[2,-2],[2,-6],[1,-8],[0,-6],[1,-2],[4,-1],[4,-2],[5,-7],[1,-2],[2,0],[8,2],[2,2],[2,0],[2,1],[5,-10],[4,2],[8,0]],[[764,396],[10,1],[6,10],[0,4],[-1,2],[4,-1],[2,3],[8,-7],[-1,-2],[1,0],[1,2],[2,1],[1,1]],[[797,410],[4,-7],[-2,-4],[8,2],[9,-6]],[[816,395],[10,-5],[6,6],[-4,5],[6,8],[0,6],[17,5]],[[816,395],[1,2],[-4,3],[4,4],[-2,2],[0,0],[-1,2],[2,2],[-6,-1],[-6,2],[10,28]],[[795,431],[-3,0],[5,-4],[0,-1],[-3,-4],[-1,1],[-3,-4],[4,-4],[-1,-1],[4,-4]],[[693,500],[13,31],[47,-20],[38,-7]],[[371,367],[-47,-19],[-35,76],[-60,-21],[-14,7],[7,47],[14,42],[-40,22]],[[196,521],[4,41]],[[200,562],[53,-9],[4,14],[16,34],[7,19]],[[280,620],[12,29],[12,41],[-42,13],[-17,-40]],[[245,663],[-26,6],[0,-13],[-4,-8],[-1,-9],[-20,3],[4,17],[-6,9],[-5,1],[-4,4],[-11,9],[-4,5]],[[168,687],[33,-14],[23,41],[17,-5],[6,14],[-7,2],[3,7],[16,-4],[5,18],[15,-5],[55,-17],[49,16],[37,-2],[58,-7],[-15,-44],[65,5],[58,1]],[[248,620],[-16,6],[-3,-12],[-10,3],[4,15],[9,-2],[0,3],[-1,3],[5,0],[6,-3]],[[242,633],[7,-2],[1,1],[5,-2],[0,-4],[-7,0],[0,-6]],[[245,663],[-1,-3],[7,-2],[2,-2],[-1,-5],[2,-1],[0,-5],[-2,1],[-1,-3],[-2,-1],[-2,-7],[-4,1],[-1,-3]],[[248,620],[1,-5],[14,1],[17,4]],[[200,562],[7,13],[-12,5],[-5,1],[-3,0],[-2,0],[-2,6],[-2,0],[-1,1],[-2,4],[1,9],[11,23],[-39,13]],[[151,637],[7,54],[10,-4]],[[196,521],[-23,-52],[-15,4],[-17,2],[-38,14],[-14,5],[-43,9],[12,44],[-58,15],[17,29],[18,29],[0,1],[29,40],[47,-9],[40,-15]]],"objects":{"131":{"type":"GeometryCollection","geometries":[{"arcs":[[0,1,2,3,4,5,6]],"type":"Polygon","properties":{"WARD":"93503001","PROVINCE":"Limpopo","CAT_B":"LIM353","MUNICNAME":"Molemole Local Municipality","WARDNO":1,"VOTERS":2917,"Area":2118.45657616,"Shape_Leng":3.11074385864,"Shape_Area":0.187349202628,"ID":4019,"POPULATION":10465,"DENSITY":4.939917163168518}},{"arcs":[[7,8,9,10,11,-4]],"type":"Polygon","properties":{"WARD":"93503002","PROVINCE":"Limpopo","CAT_B":"LIM353","MUNICNAME":"Molemole Local Municipality","WARDNO":2,"VOTERS":3917,"Area":70.2791391388,"Shape_Leng":0.404231978954,"Shape_Area":0.00621247351224,"ID":4020,"POPULATION":8908,"DENSITY":126.75169487217059}},{"arcs":[[-11,12,-9,13,14,15,16]],"type":"Polygon","properties":{"WARD":"93503003","PROVINCE":"Limpopo","CAT_B":"LIM353","MUNICNAME":"Molemole Local Municipality","WARDNO":3,"VOTERS":2776,"Area":50.8228542072,"Shape_Leng":0.462887321256,"Shape_Area":0.00449094006933,"ID":4021,"POPULATION":5914,"DENSITY":116.36497186657753}},{"arcs":[[-10,-13]],"type":"Polygon","properties":{"WARD":"93503004","PROVINCE":"Limpopo","CAT_B":"LIM353","MUNICNAME":"Molemole Local Municipality","WARDNO":4,"VOTERS":3193,"Area":7.19436904472,"Shape_Leng":0.122779844708,"Shape_Area":0.000635758459594,"ID":4022,"POPULATION":7171,"DENSITY":996.751758969447}},{"arcs":[[17,-1,18,19]],"type":"Polygon","properties":{"WARD":"93503005","PROVINCE":"Limpopo","CAT_B":"LIM353","MUNICNAME":"Molemole Local Municipality","WARDNO":5,"VOTERS":2927,"Area":36.7476646641,"Shape_Leng":0.35339289337,"Shape_Area":0.00324808662823,"ID":4023,"POPULATION":4930,"DENSITY":134.15818515445088}},{"arcs":[[-18,20,21,22,-2]],"type":"Polygon","properties":{"WARD":"93503006","PROVINCE":"Limpopo","CAT_B":"LIM353","MUNICNAME":"Molemole Local Municipality","WARDNO":6,"VOTERS":3674,"Area":34.9011310942,"Shape_Leng":0.371520558866,"Shape_Area":0.00308567894427,"ID":4024,"POPULATION":8499,"DENSITY":243.51646303556038}},{"arcs":[[-8,-3,-23,23,-14]],"type":"Polygon","properties":{"WARD":"93503007","PROVINCE":"Limpopo","CAT_B":"LIM353","MUNICNAME":"Molemole Local Municipality","WARDNO":7,"VOTERS":3622,"Area":33.4693785742,"Shape_Leng":0.321613586595,"Shape_Area":0.002958350611,"ID":4025,"POPULATION":10117,"DENSITY":302.2763024288335}},{"arcs":[[24,-21,-20,25,-16]],"type":"Polygon","properties":{"WARD":"93503008","PROVINCE":"Limpopo","CAT_B":"LIM353","MUNICNAME":"Molemole Local Municipality","WARDNO":8,"VOTERS":3831,"Area":73.8822087077,"Shape_Leng":0.374642024787,"Shape_Area":0.00652899272403,"ID":4026,"POPULATION":9765,"DENSITY":132.1698440098515}},{"arcs":[[-22,-25,-15,-24]],"type":"Polygon","properties":{"WARD":"93503009","PROVINCE":"Limpopo","CAT_B":"LIM353","MUNICNAME":"Molemole Local Municipality","WARDNO":9,"VOTERS":3656,"Area":3.98318768491,"Shape_Leng":0.129679914567,"Shape_Area":0.000352082586629,"ID":4027,"POPULATION":8043,"DENSITY":2019.2370122227196}},{"arcs":[[-6,26,27,28,29,30,31]],"type":"Polygon","properties":{"WARD":"93503010","PROVINCE":"Limpopo","CAT_B":"LIM353","MUNICNAME":"Molemole Local Municipality","WARDNO":10,"VOTERS":3329,"Area":636.211692988,"Shape_Leng":1.61227942959,"Shape_Area":0.0561905023566,"ID":4028,"POPULATION":7883,"DENSITY":12.390529892616556}},{"arcs":[[32,33]],"type":"Polygon","properties":{"WARD":"93503011","PROVINCE":"Limpopo","CAT_B":"LIM353","MUNICNAME":"Molemole Local Municipality","WARDNO":11,"VOTERS":2921,"Area":2.84455649384,"Shape_Leng":0.0950663619664,"Shape_Area":0.00025113774878,"ID":4029,"POPULATION":5060,"DENSITY":1778.8361774349116}},{"arcs":[[34,-33,35,-29,36,37,-31]],"type":"Polygon","properties":{"WARD":"93503012","PROVINCE":"Limpopo","CAT_B":"LIM353","MUNICNAME":"Molemole Local Municipality","WARDNO":12,"VOTERS":2581,"Area":64.0215387123,"Shape_Leng":0.511221760593,"Shape_Area":0.00565258151957,"ID":4030,"POPULATION":8380,