{"type":"Topology","transform":{"scale":[0.0003730273057909531,0.00033852609586738],"translate":[26.40754000300006,-25.097980002999975]},"arcs":[[[2947,1897],[-107,-39],[-138,-61],[20,-47],[30,-80],[10,-79],[-11,-5],[-21,-7],[-3,-2],[-33,-46]],[[2694,1531],[-6,6],[13,18],[-21,15]],[[2680,1570],[0,-1]],[[2680,1569],[-1,2],[-1,7],[4,2],[4,13],[3,9],[0,5],[2,6],[3,11],[4,3],[4,6],[-2,4],[-5,5],[-211,-102],[-129,-59],[6,-11],[15,-17],[2,-5],[6,-7],[2,-5],[6,-5],[0,-2],[2,-1],[5,-6],[2,-6],[8,-9],[1,-5],[6,-6],[1,-4],[6,-5],[12,-13],[2,-5],[2,-9]],[[2439,1360],[-124,-98],[-108,-74],[-67,54],[-62,-21],[-62,-39],[-54,-43],[-81,-58],[-77,-62]],[[1804,1019],[-54,143],[-93,-25],[2,-16]],[[1659,1121],[-72,-2],[0,-1],[-63,-3],[13,-163],[-102,-2],[1,-15],[-107,-42],[-114,-43],[-185,-70],[-33,-11],[-36,-67],[-40,-67],[-123,77],[-16,-31],[-104,82],[-103,88],[-56,-17],[-93,-13],[-102,18],[-188,13],[3,12],[4,10],[1,6],[1,14],[-2,8],[-4,6],[-6,4],[-9,1],[-4,0],[-5,-6],[-6,-3],[-4,0],[-6,3],[-3,3],[-14,17],[-7,4],[-3,4],[-8,10],[-3,5],[-1,4],[-7,5],[-3,6],[0,3],[6,8],[3,6],[-1,11],[-4,4],[-2,8],[0,4],[3,8],[-3,2],[2,5],[-3,7],[-2,8],[-10,20],[-6,13],[-4,13],[0,5],[2,6],[5,6],[4,13],[-1,5],[-6,6],[0,2],[4,8],[4,10],[2,16],[7,14],[3,9],[-1,4],[-2,3],[-10,3],[-3,5],[1,11],[2,8],[1,11],[-3,22],[0,10],[1,3],[4,6],[7,4],[2,3],[2,6],[0,15],[-1,2],[-2,2],[-15,5],[-6,1],[-9,5],[-11,3],[-8,5],[-2,3],[4,12],[3,5],[2,2],[3,0],[9,7],[16,20],[2,6],[0,20],[6,8],[2,9],[3,5],[2,-1],[3,-5],[5,3],[9,0],[16,10],[3,3],[2,6],[1,1],[7,0],[5,-3],[4,-1],[12,8],[11,13],[5,10],[1,6],[3,3],[6,10],[21,15],[6,9],[8,21],[7,9],[3,13],[10,20],[-4,14],[0,8],[2,7],[2,4],[7,4],[8,9],[2,9],[-1,7],[5,12],[-1,9],[8,8],[1,2],[-1,1],[0,2],[6,6],[5,7],[2,12],[7,9],[1,15],[3,6],[-1,6],[3,4],[1,5],[0,2],[-4,0],[1,5],[2,4],[2,2],[6,-3],[2,1],[1,6],[5,0],[5,6],[1,6],[1,1],[0,3],[-3,3],[-1,11],[4,-2],[2,0],[-1,16],[-3,4],[0,2],[8,3],[3,4],[4,3],[10,1],[5,7],[7,3],[7,7],[6,-2],[1,0],[2,4],[-5,1],[0,1],[1,2],[3,1],[10,-1],[2,3],[6,1],[1,2],[-2,5],[3,1],[1,6],[3,2],[-2,8],[1,2],[4,7],[3,2],[6,-1],[6,-6],[4,1],[1,4],[5,4],[3,5],[1,4],[1,2],[2,7],[-2,6],[1,2],[3,3],[0,2],[1,1],[6,1],[2,-2],[5,-2],[4,-3],[2,0],[3,8],[3,5],[1,5],[10,9],[-1,6],[3,6],[-2,4],[6,3],[-2,5],[-5,0],[0,1],[1,1],[6,1],[2,3],[6,3],[9,-3],[4,4],[0,1],[-2,0],[-5,0],[2,2],[2,3],[5,2],[5,5],[2,0],[0,-2],[5,1],[7,8],[0,2],[-1,0],[-3,-2],[-2,0],[1,6],[-2,4],[2,2],[9,0],[0,3],[2,2],[2,7],[3,6],[0,10],[5,2],[-1,2],[-5,0],[-1,2],[8,5],[6,-1],[5,-2],[2,3],[2,2],[4,-2],[0,-3],[5,0],[2,3],[2,-1],[6,-3],[3,3],[4,0],[8,7],[8,-1],[4,2],[2,3],[1,5],[-1,5],[9,12],[3,0],[1,-3],[1,-1],[8,8],[2,5],[8,4],[1,0],[5,-3],[5,3],[8,-5],[4,4],[-1,2],[2,2],[0,3],[4,-1],[-1,2],[-2,1],[1,4],[1,0],[3,-2],[1,1],[0,2],[-5,4],[0,2],[9,4],[4,1],[3,0],[3,3],[5,1],[1,1],[-2,3],[1,1],[3,-1],[3,4],[8,-5],[4,-3],[3,1],[2,-1],[3,0],[3,-5],[3,1],[3,1],[3,1],[0,1],[-2,1],[-1,4],[0,4],[3,2],[6,-2],[1,4],[5,-3],[2,0],[1,3],[-4,2],[6,1],[2,2],[1,3],[-4,0],[2,4],[5,5],[-1,2],[-4,-2],[0,2],[4,6],[1,-1],[1,-2],[4,0],[0,12],[3,4],[-2,2],[-2,-1],[-1,1],[0,3],[-4,3],[-3,8],[-4,-1],[0,1],[1,3],[5,0],[2,1],[2,4],[-1,5],[-3,1],[5,3],[0,1],[-1,2],[2,0],[3,-2],[1,0],[0,3],[-2,1],[-2,0],[0,3],[2,0],[4,-3],[0,3],[3,2],[1,5],[4,-2],[1,5],[2,-3],[2,0],[-2,7],[4,1],[1,3],[2,2],[0,1],[-1,3],[-2,1],[-1,-3],[-2,0],[1,6],[12,4],[3,3],[1,0],[2,-3],[5,2],[0,2],[-1,3],[2,2],[1,5],[3,-2],[2,1],[6,5],[1,-1],[2,-3],[3,1],[6,0],[6,-4],[3,-1],[0,2],[-1,7],[1,2],[8,3],[5,-1],[2,1],[-6,5],[3,2],[2,-1],[1,1],[-1,2],[-4,3],[3,5],[1,10],[3,-1],[5,3],[-3,3],[2,2],[-3,3],[1,1],[2,1],[4,3],[1,0],[1,-3],[5,-1],[0,2],[-3,1],[-1,2],[6,0],[-1,3],[2,2],[4,-3],[-1,-3],[0,-2],[4,3],[2,-2],[6,0],[2,5],[2,-3],[2,4],[2,0],[1,-4],[3,1],[1,2],[-1,1],[1,2],[-2,3],[1,1],[2,-2],[2,3],[3,-1],[2,2],[0,2],[3,0],[1,3],[4,2],[1,-5],[3,1],[0,3],[-1,3],[2,1],[2,-1],[1,1],[0,1],[-3,1],[1,1],[2,2],[3,-2],[1,1],[0,3],[-5,2],[0,2],[1,1],[4,0],[5,7],[1,6],[5,-2],[3,2],[3,-1],[2,1],[3,-1],[4,-6],[2,-1],[1,2],[-1,5],[2,0],[5,-4],[8,-2],[2,-3],[-2,-5],[-3,-3],[1,-4],[4,-2],[2,1],[6,-1],[3,-3],[5,3],[3,-1],[0,1],[-2,2],[1,1],[5,-1],[4,1],[4,0],[4,3],[5,-1],[0,2],[0,4],[2,8],[1,2],[3,0],[1,2],[2,0],[1,-4],[1,0],[2,1],[2,-1],[2,3],[4,-1],[1,1],[7,-1],[3,4],[2,0],[0,4],[3,1],[-2,3],[0,1],[2,0],[1,-2],[3,4],[5,0],[2,-1],[3,4],[1,0],[0,-3],[3,-3],[0,-4],[2,-3],[0,-6],[2,0],[1,-1],[0,-1],[2,-1],[9,9],[-1,4],[3,2],[6,-1],[5,2],[4,2],[6,-2],[-1,3],[0,4],[4,-1],[3,-3],[2,1],[0,4],[4,3],[2,3],[0,3],[-3,3],[3,2],[-2,5],[3,0],[0,2],[-4,2],[-1,7],[1,1],[3,-2],[4,-1],[2,3],[4,-1],[3,-3],[2,-1],[-1,3],[-1,3],[3,1],[1,-3],[2,0],[1,1],[1,7],[2,0],[3,-2],[0,3],[1,0],[3,-4],[4,0],[0,0],[-3,4],[5,2],[3,4],[5,4],[-1,2],[-1,6],[3,1],[4,-1],[3,2],[0,-4],[3,0],[3,7],[0,8],[1,2],[0,3],[3,3],[2,-1],[0,-3],[1,1],[3,-1],[2,1],[0,2],[-4,2],[3,3],[2,-1],[2,-4],[2,2],[0,-5],[3,0],[2,-2],[2,2],[0,3],[2,1],[-2,3],[1,2],[2,-1],[0,-3],[3,-5],[7,2],[0,4],[1,1],[2,-2],[3,-9],[6,1],[4,4],[4,8],[0,3],[4,-1],[3,6],[3,1],[0,3],[1,-1],[1,-4],[3,1],[-1,4],[-3,2],[0,2],[5,2],[0,1],[-1,2],[1,1],[2,-1],[3,3],[1,-4],[5,0],[0,3],[-1,4],[1,1],[1,1],[-1,1],[-3,0],[0,1],[2,2],[-1,2],[5,6],[1,4],[2,1],[2,-2],[2,2],[-1,4],[1,1],[7,2],[1,1],[0,2],[5,0],[4,1],[-4,4],[0,2],[3,1],[2,2],[0,2],[-3,2],[0,3],[3,1],[6,1],[1,2],[-6,5],[1,2],[-3,8],[-9,3],[0,6],[3,1],[2,2],[0,4],[-3,3],[2,6],[-2,1],[-4,-4],[-1,6],[-3,-1],[2,5],[-3,9],[-2,1],[0,2],[2,1],[-2,2],[2,1],[1,4],[3,0],[0,3],[3,2],[0,3],[-3,4],[2,3],[2,-1],[2,3],[3,2],[7,-2],[3,2],[3,-1],[3,1],[1,8],[1,3],[2,2],[-1,3],[3,8],[5,6],[6,2],[6,10],[1,3],[0,6],[-3,5],[6,-1],[-2,5],[0,5],[7,6],[1,4],[-2,5],[-3,1],[-2,-2],[1,-5],[-2,-1],[-1,-3],[-2,1],[-5,3],[-4,2],[-3,-1],[-7,-4],[-9,2],[-2,2],[-1,2],[0,6],[1,7],[-1,7],[-2,4],[-4,2],[-2,3],[0,8],[3,13],[1,1],[6,0],[9,1],[6,3],[5,4],[5,4],[3,6],[1,16],[-8,21],[-1,7],[-3,11],[-3,2],[-4,-1],[-4,4],[-7,2],[-4,3],[-9,9],[-3,6],[1,7],[9,19],[5,17],[-4,17],[-3,10],[-2,7],[-3,7],[-7,5],[-1,6],[6,18],[3,2],[15,3],[24,9],[11,5],[5,7],[4,11],[9,39],[1,9],[-2,13],[1,16],[-1,8],[2,12],[3,8],[8,15],[3,8],[7,9],[9,10],[9,16],[14,10],[1,3],[3,24],[2,3],[2,8],[0,9],[2,4],[-7,23],[2,14],[4,5],[2,5],[-2,13],[-2,3],[-1,5],[0,6],[3,1],[1,3],[-2,11],[7,31],[13,12],[4,7],[2,4],[1,1],[5,0],[8,6],[12,12],[2,5],[1,11],[-3,32],[1,12],[-3,6],[-2,12],[-6,21],[1,4],[6,11],[21,26],[3,6],[3,8],[6,5],[0,3],[-1,8],[1,9],[-3,7],[6,12],[-3,7],[1,3],[5,8],[10,11],[8,2],[3,4],[2,5],[5,9],[-3,14],[0,5],[-4,4],[-1,3],[-3,6],[-7,7],[-3,2],[-11,0],[-7,6],[-10,4],[-6,-2],[-2,1],[-3,6],[-1,10],[2,4],[3,2],[8,7],[2,6],[5,3],[17,5],[10,1],[3,1],[14,25],[7,6],[-1,3],[-7,6],[-4,5],[-14,6],[-1,2],[1,17],[0,11],[3,8],[5,7],[3,11],[0,16],[-2,10],[-2,6],[3,5],[2,8],[5,7],[5,10],[6,6],[5,6],[5,4],[1,2],[1,7],[-2,4],[1,3],[0,6],[4,5],[1,2],[-3,11],[-4,5],[3,17],[3,7],[0,2],[-3,9],[-3,4],[-1,7],[-3,3],[0,1],[6,12],[2,8],[1,3],[-1,6],[0,2],[6,7],[0,11],[3,3],[5,0],[2,3],[0,6],[-6,6],[0,1],[4,12],[1,10],[2,2],[7,3],[2,3],[-2,19],[-6,10],[0,2],[8,8],[14,11],[11,3],[5,2],[6,1],[5,5],[10,3],[5,4],[4,0],[2,2],[10,2],[-1,-9],[-1,-5],[4,-5],[-1,-6],[-2,-2],[-5,-1],[0,-1],[1,-3],[6,-5],[0,-4],[-3,-2],[-5,-1],[-1,2],[-3,8],[-5,1],[-3,-2],[-4,-6],[-2,1],[-2,9],[-3,2],[-5,-13],[1,-10],[1,-2],[8,-5],[2,-4],[6,1],[2,-4],[0,-7],[3,-3],[7,-2],[15,1],[2,-1],[0,-3],[1,-3],[-1,-5],[0,-3],[0,-4],[1,-6],[-1,-5],[0,-6],[5,-8],[0,-6],[21,1],[-2,-5],[-3,-4],[-6,-5],[-12,-2],[-2,-5],[0,-4],[3,-3],[0,-5],[1,-1],[2,0],[1,-2],[-1,-3],[-4,0],[-1,-1],[-2,0],[-1,-1],[1,-2],[4,0],[0,-2],[2,1],[1,0],[0,-3],[2,-3],[-1,-3],[1,-3],[-8,-8],[-1,-4],[2,-6],[7,-9],[2,-6],[0,-5],[-6,-13],[-1,-4],[2,-1],[9,1],[-27,-17],[27,-47],[19,5],[7,-14],[5,-5],[10,-1],[9,-3],[9,-16],[1,-8],[-3,-7],[0,-2],[2,-3],[10,-2],[8,-8],[1,-8],[2,-2],[3,-1],[0,-3],[-1,-4],[2,-8],[3,0],[3,0],[3,-2],[6,0],[9,-7],[7,-2],[0,-7],[1,-3],[4,-2],[2,-3],[0,-5],[3,-5],[0,-3],[2,-4],[-1,-3],[1,-3],[-1,-4],[0,-4],[-4,-10],[0,-21],[8,-8],[1,-5],[5,-3],[1,-5],[5,-6],[2,-7],[6,-3],[3,-6],[1,0],[8,2],[1,-1],[0,-2],[4,0],[1,-1],[0,-3],[-2,-4],[1,-9],[7,