{"type":"Topology","transform":{"scale":[0.000663946714374223,0.0005339796558946929],"translate":[27.564050000000066,-24.88232000199997]},"arcs":[[[848,1047],[-12,3],[-2,0],[0,2],[1,4],[0,2],[-1,5],[-1,1],[-2,0],[-6,1],[-8,0],[-2,1],[-4,3],[-7,2],[-2,1],[-5,4],[-5,9],[-1,4],[0,1],[1,1],[4,1],[2,2],[0,4],[-3,3],[-1,2],[-1,3],[-1,2],[1,2],[1,1],[5,2]],[[799,1113],[19,0],[20,1],[-2,-2],[-3,-4],[5,-5],[3,4],[1,0],[0,-1],[0,-2],[1,0],[1,0],[4,2],[1,-3],[1,3],[0,0],[6,0],[0,0],[3,0],[-11,-59]],[[1428,547],[-9,0],[-28,-23],[-77,100],[-14,-73],[-63,42],[-32,-98],[-52,64],[-45,-33]],[[1108,526],[-6,23],[-31,7],[-32,-3],[-31,11],[-43,6],[0,-1],[-42,6],[-33,10],[-12,2],[-33,-2],[-8,-16],[-3,-20],[-71,-24],[-23,-58]],[[740,467],[-89,-10],[-19,1],[-16,9],[-8,4],[-109,90],[-51,8],[-50,-5],[-18,-2],[-46,-12],[-128,-20],[-23,88],[-4,54],[-31,11],[20,32],[42,-1],[1,0],[1,-1],[1,1],[1,1],[3,-2],[0,0],[1,1],[0,0],[4,-1],[4,1],[2,0],[2,0],[0,0],[3,1],[4,-1],[1,-1],[2,-1],[1,1],[1,-2],[1,0],[2,0],[2,-2],[2,2],[1,-1],[1,0],[0,3],[1,0],[1,0],[3,1],[8,-11],[14,55],[-48,9],[-9,1],[-39,7],[-27,-14],[-21,-10],[-38,15],[-5,2],[-13,5],[-53,-3],[-9,80],[-16,86],[42,17],[24,10],[0,-2],[2,-4],[0,-1],[60,32],[1,-10],[14,6],[18,-22],[41,-48],[90,-18],[50,56],[23,25],[16,19],[3,2],[-14,26],[-19,36],[5,15],[73,0],[7,6],[1,-3],[29,15],[-1,-4],[50,4],[5,13],[19,-11],[44,34],[40,-59],[33,5],[0,53],[35,89],[-20,-1],[-29,99],[3,3],[2,-1],[1,-1],[6,3],[2,0],[4,-1],[3,-3],[1,-2],[1,-2],[0,-2],[1,-1],[1,-1],[2,0],[10,3],[2,0],[2,-1],[3,-4],[2,-3],[1,-2],[1,-7],[1,-6],[1,-4],[1,-3],[1,-2],[2,1],[1,1],[1,3],[1,2],[1,5],[2,1]],[[702,1291],[1,0],[8,-3],[3,0],[3,0],[3,0],[2,0],[4,2],[8,2],[3,0],[1,-1],[3,-1],[2,-3],[1,-2],[0,-1],[-1,-2],[-1,-1],[-3,0],[-3,0],[-5,0],[-1,0],[-2,-2],[-2,-2],[-1,-2],[0,-6],[0,-4],[0,-2],[1,-1],[3,-2],[2,-1],[6,2],[9,0],[1,0],[1,-1],[1,-3],[1,-2],[-1,-3],[-3,-13],[0,-5],[1,-8],[3,-4],[1,-8],[1,-1],[2,-1],[2,1],[3,2],[4,2],[3,0],[2,-2],[2,-4],[2,-4],[1,-5],[2,-3],[3,-1],[6,-1],[5,1],[2,-2],[3,-3],[4,-6],[4,-3],[9,-6],[2,-3],[0,-4],[-5,-5],[-3,-3],[-2,-1],[-3,-6],[-3,-1],[-6,1],[-3,0],[-4,-2],[-2,-2],[-1,-4],[1,-7],[-1,-3],[1,-4],[2,-2],[7,-6],[1,-2],[0,0],[6,-5],[2,-2],[0,-1],[0,-2],[-1,-1]],[[848,1047],[35,-18],[31,45],[41,6],[18,4],[19,119],[-32,17],[-10,51],[-56,23]],[[894,1294],[2,63],[27,57],[18,60],[5,50],[66,118],[45,-20],[1,-1],[20,45],[49,-22],[66,-22],[2,2],[0,2],[0,3],[-1,1],[0,4],[-1,4],[-1,6],[-1,3],[-1,5],[0,7],[1,2],[0,1],[7,3],[1,1],[1,2],[2,1],[2,2],[1,0],[1,-2],[2,0],[1,0],[2,-1],[41,-22],[31,12],[0,-2],[0,0],[1,-1],[2,-1],[4,-6],[3,-7],[1,0],[2,0],[1,-1],[1,-8],[0,-3],[1,-5],[-1,-3],[4,-6],[3,-16],[1,-2],[5,-1],[1,-1],[1,-1],[1,-4],[1,-3],[-1,-1],[-2,-2],[-4,-2],[-1,-2],[1,-2],[2,-5],[1,-2],[4,-1],[3,0],[2,-1],[0,-1],[1,-5],[2,-2],[2,-1],[1,0],[0,1],[1,5],[2,2],[2,1],[4,3],[2,0],[0,-1],[0,-2],[1,-1],[2,-1],[3,-1],[3,-3],[3,-1],[0,-2],[-2,-9],[1,-3],[2,-2],[2,-1],[2,-1],[1,-1],[4,5],[3,1],[3,3],[2,0],[1,-1],[1,-3],[3,-6],[0,-1],[3,-1],[0,-1],[-2,-3],[-1,-4],[-2,-3],[-1,-3],[-2,0],[-4,-1],[-2,-1],[0,-3],[0,-5],[1,-2],[1,-2],[2,-1],[3,-1],[4,-5],[0,-2],[0,-3],[2,-5],[0,-1],[-2,-1],[-5,-2],[-2,-1],[0,-1],[-1,-2],[1,-1],[0,-1],[1,0],[5,-2],[2,-2],[1,-4],[-1,-1],[-3,-2],[-4,-3],[-1,-1],[-2,-4],[-6,-6],[-1,-6],[-1,-6],[0,-4],[-1,-4],[-1,-4],[1,-1],[1,-1],[2,0],[1,1],[2,2],[2,0],[1,0],[2,-2],[1,-14],[2,-6],[3,-3],[2,-4],[1,-3],[2,-1],[2,-2],[1,-1],[2,-3],[1,-2],[0,-3],[-1,-2],[-1,-1],[-4,1],[-3,-1],[-5,-2],[-4,-1],[-2,-1],[0,-1],[0,-4],[1,-4],[2,-1],[4,1],[2,-1],[1,-1],[0,-3],[0,-2],[-2,-6],[0,-4],[2,-2],[3,-4],[1,-2],[1,-1],[-2,-2],[-2,-1],[-4,-1],[-3,-3],[-2,-1],[-1,-1],[-96,-9],[4,-66],[-4,-22],[-2,-38],[-11,-56],[-40,5],[-5,-56],[13,-3],[1,-8],[-5,-5],[8,-4],[-2,-6],[-18,-5],[-1,-20],[7,3],[16,-49],[11,-71],[33,-4],[17,0],[69,-67],[-17,-27],[1,-17],[-10,-42],[41,12],[48,-15],[5,-19],[1,-9],[-1,-16],[6,-18],[4,-38],[3,-18],[-37,-42],[37,-25],[-11,-40]],[[702,1291],[16,30],[61,-3],[37,-10],[5,2],[-7,8],[-6,5],[10,2],[0,-1],[1,1],[4,-5],[18,3],[36,-22],[17,-7]],[[1281,383],[-12,-19]],[[1269,364],[-9,-13],[-4,0],[1,-1],[-1,0],[0,-10],[2,-4],[-5,-4],[2,-2],[-6,-4],[-8,-5],[0,-1],[-5,-12],[-4,-21],[-45,16],[-24,78],[0,3]],[[1163,384],[6,8],[2,1],[29,5],[3,0],[10,-1],[5,-2],[1,0],[5,-2],[12,-12],[45,2]],[[1306,345],[-16,2],[-2,-1]],[[1288,346],[-5,9],[-4,4],[-1,1],[-9,4]],[[1281,383],[36,-1],[-4,-3],[1,-3],[1,-1],[6,-4],[0,-3]],[[1321,368],[-11,-1],[1,-6],[-1,0],[0,-3],[-1,-2],[1,-1],[0,-1],[-1,-1],[2,-2],[-1,-1],[0,-1],[-4,-4]],[[1320,351],[-1,1],[-2,-1],[0,0],[-8,-7],[-3,1]],[[1321,368],[0,-3],[0,-1],[4,1],[1,-1],[-1,-1],[2,-3],[-1,0],[1,-1],[1,1],[2,0],[1,0],[0,-1],[4,1],[3,-18],[-3,-1],[-1,8],[-2,0],[0,-1],[-5,3],[0,1],[-2,0],[0,-3],[-3,-1],[-1,2],[-1,0],[0,1]],[[1428,547],[81,36],[43,-63],[12,-16],[-5,-21],[-16,20],[-14,-29],[23,-96],[51,-3],[11,-62],[-26,-45],[-81,-12],[-56,-32],[60,-64],[14,-85],[-54,-31],[-54,-28],[-6,-16],[-37,94],[-39,-24],[-40,47],[-3,-3],[-12,14],[2,4]],[[1282,132],[28,24],[39,31],[30,17],[16,11],[-20,43],[-11,-6],[-42,55],[-22,27]],[[1300,334],[15,3],[-1,8],[3,0],[0,2],[0,1],[3,3]],[[1163,384],[2,97],[-21,-11],[-18,-4],[-18,60]],[[1288,346],[6,-8],[3,-2],[1,-1],[2,-1]],[[1282,132],[-74,47],[-15,-5],[-3,-8],[2,-6],[1,-5],[-6,3],[-2,-6],[-33,5],[-55,5],[-24,82],[-23,6],[-30,-3],[-1,-3],[-45,40],[-44,-16],[-8,108],[-20,8],[-36,20],[-67,68],[-28,-2],[-31,-3]]],"objects":{"137":{"type":"GeometryCollection","geometries":[{"arcs":[[0,1]],"type":"Polygon","properties":{"WARD":"93605001","PROVINCE":"Limpopo","CAT_B":"LIM365","MUNICNAME":"Modimolle Local Municipality","WARDNO":1,"VOTERS":3047,"Area":11.598594914,"Shape_Leng":0.158318312738,"Shape_Area":0.00103155331102,"ID":4129,"POPULATION":10028,"DENSITY":864.5874844629478}},{"arcs":[[2,3,4,5,-1,6,7]],"type":"Polygon","properties":{"WARD":"93605002","PROVINCE":"Limpopo","CAT_B":"LIM365","MUNICNAME":"Modimolle Local Municipality","WARDNO":2,"VOTERS":2738,"Area":3381.75837272,"Shape_Leng":4.21809720668,"Shape_Area":0.300944790857,"ID":4130,"POPULATION":6513,"DENSITY":1.925921157625905}},{"arcs":[[-7,-2,-6,8]],"type":"Polygon","properties":{"WARD":"93605003","PROVINCE":"Limpopo","CAT_B":"LIM365","MUNICNAME":"Modimolle Local Municipality","WARDNO":3,"VOTERS":3549,"Area":184.611391297,"Shape_Leng":0.700291991638,"Shape_Area":0.0164114767754,"ID":4131,"POPULATION":6897,"DENSITY":37.35955810497203}},{"arcs":[[9,10,11]],"type":"Polygon","properties":{"WARD":"93605004","PROVINCE":"Limpopo","CAT_B":"LIM365","MUNICNAME":"Modimolle Local Municipality","WARDNO":4,"VOTERS":3184,"Area":30.6524584601,"Shape_Leng":0.230159022194,"Shape_Area":0.00273451018065,"ID":4132,"POPULATION":4551,"DENSITY":148.47096215541703}},{"arcs":[[12,13,-10,14,15]],"type":"Polygon","properties":{"WARD":"93605005","PROVINCE":"Limpopo","CAT_B":"LIM365","MUNICNAME":"Modimolle Local Municipality","WARDNO":5,"VOTERS":3213,"Area":5.05687027886,"Shape_Leng":0.100230047982,"Shape_Area":0.000451093755018,"ID":4133,"POPULATION":12212,"DENSITY":2414.93242392467}},{"arcs":[[16,-16,17]],"type":"Polygon","properties":{"WARD":"93605006","PROVINCE":"Limpopo","CAT_B":"LIM365","MUNICNAME":"Modimolle Local Municipality","WARDNO":6,"VOTERS":3646,"Area":1.61802385385,"Shape_Leng":0.080299404436,"Shape_Area":0.000144340537882,"ID":4134,"POPULATION":9577,"DENSITY":5918.948584850617}},{"arcs":[[18,19,20,-18,-15,-12,21,-3]],"type":"Polygon","properties":{"WARD":"93605007","PROVINCE":"Limpopo","CAT_B":"LIM365","MUNICNAME":"Modimolle Local Municipality","WARDNO":7,"VOTERS":3621,"Area":546.2885602,"Shape_Leng":1.54033448023,"Shape_Area":0.0487336262459,"ID":4135,"POPULATION":7957,"DENSITY":14.565562194981508}},{"arcs":[[-22,-11,-14,22,-20,23,-4]],"type":"Polygon","properties":{"WARD":"93605008","PROVINCE":"Limpopo","CAT_B":"LIM365","MUNICNAME":"Modimolle Local Municipality","WARDNO":8,"VOTERS":3294,"Area":515.392486976,"Shape_Leng":1.23803520268,"Shape_Area":0.0459750552901,"ID":4136,"POPULATION":6107,