{"type":"Topology","transform":{"scale":[0.00038473819502617026,0.0002825191580680681],"translate":[28.891619982000066,-25.113479935999976]},"arcs":[[[265,713],[6,-14],[-65,-50],[15,-34]],[[221,615],[16,-38],[-67,-26]],[[170,551],[-13,-5]],[[157,546],[-27,91]],[[130,637],[-12,38],[-34,75],[-25,44],[63,57],[60,-145],[72,38],[11,-31]],[[468,611],[-1,0],[-3,2],[-8,0],[-18,3],[-8,1],[-8,6],[0,-2],[1,-12],[-5,2],[-4,2],[-4,2],[-7,-10],[-4,2],[-2,0],[-2,2],[-3,2],[-3,5],[-1,3],[-3,0],[-19,13],[-10,5],[-7,0],[-5,2],[-2,2],[-2,-2],[-1,0],[-5,1],[-2,-4],[-1,-1],[-12,-2],[-12,-4],[-2,0],[-1,-1],[-3,-2],[-1,0]],[[300,626],[-7,17],[-32,-25],[-9,22],[-31,-25]],[[265,713],[162,-1],[41,-101]],[[284,431],[-48,-31],[-6,-3],[-7,-5],[-58,-36],[-14,11],[31,84],[-10,-2],[-9,0],[-4,1],[-6,4],[-9,5],[-2,0],[-8,3],[-3,1],[-1,-1],[-1,-2],[-2,2],[-2,1],[-2,1],[-12,7],[-8,29],[-3,9],[-70,-45]],[[30,464],[-30,95],[130,78]],[[157,546],[13,5]],[[300,626],[38,-96],[0,-2],[0,-1],[-15,-33],[-35,33],[-1,2],[-2,1],[-3,1],[-3,0],[-3,-1],[-6,1],[-2,-3],[-6,-3],[-1,2],[-15,13],[-5,-2],[1,-13],[-1,-1],[3,-7],[-2,-3],[3,-9],[3,-5],[3,2],[1,3],[8,-17],[2,-8],[22,-49]],[[468,611],[29,-143]],[[497,468],[0,-1],[-30,-9]],[[467,458],[-19,-32],[0,1],[-48,3],[-103,9],[-13,-8]],[[1012,580],[-28,5],[1,-36],[-12,-37],[47,-8],[-23,-94],[0,-1],[1,-2],[-12,-16],[18,-4],[8,9],[0,-32],[62,25],[25,50],[18,-19],[3,-2],[46,-10],[4,-2],[3,-3],[2,-4],[1,-2],[-4,1],[0,-6],[-2,-1],[0,-2],[-6,-4],[0,-1],[2,-4],[4,-2],[-1,-5],[1,-10],[-1,-3],[-4,-7],[-4,-14],[-4,-8],[-2,-3],[-6,-2],[-4,-3],[-15,-4],[-3,-1],[-2,-2],[-5,-7],[1,-10],[1,-1],[1,-1],[2,1],[1,2],[0,1],[2,0],[3,-1],[5,-2],[3,-2],[1,0],[1,-1],[1,0],[3,-8],[3,-3],[2,-6],[1,-5],[0,-4],[-2,-5],[-1,-2],[-4,-3],[0,-2],[-2,-1],[-5,-8],[-1,-4],[2,-4],[0,-2],[4,-2],[1,-1],[4,-8],[2,-3],[2,-3],[0,-4],[-2,-6],[4,-2],[3,-6],[-1,-5],[62,-23],[-3,-44],[0,-2]],[[1214,129],[7,-74],[-176,8],[-16,-4],[0,1],[1,4],[-1,3],[-4,6],[-3,4],[-4,4],[-5,0],[-4,-2],[-3,-2],[-6,-7],[-18,-7],[-10,-6],[-8,-8],[-12,-13],[-2,12],[0,11],[-1,6],[0,6],[-3,3],[-3,3],[-1,5],[1,6],[5,11],[2,6],[0,2],[-6,6],[-8,9],[-4,4],[-4,6],[-5,11],[-1,6],[-2,12],[0,8],[2,9],[3,7],[0,6],[0,5],[-4,4],[-12,2],[-3,-1],[-6,-3],[-6,-5],[-5,-1],[-4,0],[-9,3],[-15,10],[-4,2],[-8,0],[-12,3],[-7,-6],[-11,-3],[-4,0],[-1,1],[-1,12],[-5,-4],[-5,-2],[-14,-2],[-7,-2],[-49,-13],[14,-28],[6,-9],[1,-2],[1,-2],[1,-1],[2,-8],[6,-13],[0,-15],[-6,2],[-5,-1],[-7,-3],[-3,-4],[-1,-3],[-1,-2],[-3,-2],[-3,-1],[-6,0],[-5,-2],[-6,-10],[-6,-15],[-4,-14],[-1,-7],[-5,-5],[-5,-7],[-2,-7],[-3,-2],[-4,-5],[-3,-2],[-9,-1],[-7,-3],[-3,-3],[-2,-5],[-1,-1],[-3,-3],[-5,-5],[-3,-1],[-3,0],[-7,-1],[-9,5],[-7,2],[-2,2],[-15,15],[-5,2],[-6,0],[-4,0],[-2,1],[-2,-6],[-33,25],[-11,-8],[-10,9],[-9,-11],[-8,11],[-8,-12],[-9,21],[14,21],[-5,4],[-7,6]],[[504,87],[1,3],[0,8],[4,5],[0,2],[3,4],[2,3],[1,1],[2,6],[4,5],[3,1],[1,3],[0,2],[2,1],[3,3],[4,3],[4,3],[3,0],[1,1],[3,6],[3,6],[1,1],[5,1],[4,3],[3,7],[2,2],[0,3],[4,5],[3,5],[-2,3],[-1,0],[-2,-1],[-2,-3],[-1,0],[-1,-2],[0,-1],[0,-1],[-5,3],[-4,7],[-3,1],[1,3],[3,5],[3,5],[5,6],[1,4],[9,11],[-5,6],[-2,4],[-4,3],[-4,4],[-6,13],[-6,10],[-1,0],[-5,11],[51,78],[-90,80],[-32,29]],[[497,468],[197,101],[39,12]],[[733,581],[52,-35],[32,-14],[0,2],[-1,2],[-1,0],[-1,0],[-2,3],[-2,5],[1,1],[-1,0],[0,3],[3,4],[11,7],[3,1],[5,-1],[4,-1],[13,-9],[104,108],[24,16],[3,0],[3,0],[2,-1],[22,-20],[3,-2],[2,-70]],[[504,87],[0,2],[-39,81],[-134,37],[-47,-24],[-3,-1],[-61,-31],[-2,8],[-10,-6],[-13,37],[-1,-1],[-6,17],[-6,19],[-10,26],[-2,6],[-2,8],[-4,12],[-9,27],[-8,21],[-1,4],[-4,12],[-30,58],[1,3],[-64,-25],[-14,39],[11,2],[-16,46]],[[1183,521],[1,-1],[2,0],[19,-6],[1,1],[2,-1],[1,-1],[4,-1],[1,1],[2,-2],[3,-1],[2,0],[2,-2],[13,-3],[1,0],[1,0],[2,-2],[1,1],[3,-2],[32,-9],[3,10],[4,5],[9,7],[3,3],[5,4]],[[1300,522],[-13,-71]],[[1287,451],[-14,-73],[84,27]],[[1357,405],[43,15]],[[1400,420],[3,-157],[-49,33],[-27,-42],[3,-1],[3,-3],[2,-3],[2,-4],[2,-2],[4,-2],[6,-4],[4,-1],[4,-3],[3,-6],[3,-9],[-149,-87]],[[1012,580],[1,-36],[11,2],[34,-1],[-1,-2],[6,1],[4,0],[70,-3],[0,1],[9,-1],[0,-2],[-2,-3],[0,-1],[-1,-2],[6,-2],[1,2],[2,3],[1,5],[3,4],[10,-1],[0,2],[1,1],[0,1],[0,1],[1,-1],[1,-7],[0,-2],[-2,-6],[0,-2],[3,-1],[-1,-5],[14,-4],[0,0]],[[1287,451],[5,-2],[4,-2],[4,-6],[2,-6],[5,1],[0,-4],[8,-1],[6,5],[1,2],[2,-1],[6,-2],[0,0],[2,-2],[6,0],[4,1],[2,-2],[3,0],[0,-3],[4,-17],[4,-5],[2,-2]],[[1427,576],[16,-11]],[[1443,565],[5,-61],[-48,-84]],[[1300,522],[2,1],[5,3],[1,2],[1,3],[1,15],[1,5],[1,11],[1,7],[1,7],[-1,7],[-2,7],[-2,4],[-4,4],[-7,8],[-4,7],[-3,13],[1,7],[1,7],[0,8],[67,-36],[-3,-10],[4,0],[3,1],[5,5],[58,-32]],[[1612,888],[-4,-8],[-2,-7],[-2,-32],[-1,-25],[0,-5],[1,-4],[0,-5],[-2,-3],[-4,-3],[-3,-3],[-5,-2],[-5,-1],[-9,2],[-5,1],[-4,-3],[-5,-5],[-4,-3],[-4,0],[-1,-3],[-4,-3],[-5,-5],[-3,1],[-4,1],[-3,1],[-2,2],[-2,1],[-2,-1],[-3,-3],[-3,-2],[-4,-6],[-1,-5],[-1,-4],[0,-7],[-2,-7],[-5,-10],[-4,-3],[-2,-5],[-6,-5],[-4,-2],[-5,-6],[-61,-135]],[[1183,521],[1,11],[25,67],[4,8],[1,3],[1,4],[6,43],[0,3],[0,5],[-9,44],[-1,4],[1,3],[2,6],[22,37],[1,3],[0,4],[-8,26],[-3,3],[-3,2],[-3,1],[-29,6],[-13,5],[-4,2],[-1,3],[-10,28],[4,0],[24,13],[3,2],[4,3],[13,15]],[[1211,875],[3,-3]],[[1214,872],[1,-2],[2,0],[5,1],[7,-1],[3,1],[3,2],[5,2],[1,1],[2,3],[-1,10],[0,4],[2,13],[3,7],[4,4],[3,2],[11,3],[4,1],[2,2],[1,0],[3,-1],[2,0],[2,1],[5,4],[5,1],[13,3],[3,2],[4,3],[6,8],[4,3],[5,1],[2,0],[1,-1],[3,-9],[2,-2],[0,-3],[5,-11],[2,-3],[4,-3],[5,-1],[12,-6],[8,-3],[4,0],[8,1],[3,2],[8,8],[3,3],[1,3],[2,4],[2,2],[5,6],[2,3],[4,5],[4,8],[10,-3],[3,-2],[4,-4],[3,-4],[4,-2],[3,-1],[1,-1],[2,-3],[1,-1],[3,0],[3,2],[5,-1],[0,-2],[1,-3],[3,-1],[0,0],[0,-2],[0,-1],[3,-1],[6,-5],[2,0],[2,-2],[5,2],[3,0],[4,-3],[2,-1],[2,-2],[2,0],[2,1],[3,0],[3,-2],[3,-3],[4,3],[2,1],[4,-2],[2,-5],[1,0],[2,1],[0,3],[0,1],[1,0],[1,-1],[2,-3],[3,-2],[2,-3],[2,-1],[2,-1],[1,0],[3,1],[2,4],[0,1],[2,0],[1,1],[4,1],[1,1],[1,3],[-1,0],[-1,2],[2,2],[8,0],[4,0],[1,1],[0,2],[3,2],[1,0],[4,-2],[1,0],[1,1],[2,3],[1,0],[5,4],[4,1],[5,-2],[3,-2],[4,-5],[3,-6],[1,-3],[3,-1],[5,-3],[1,-2],[1,-1],[1,-2],[2,-2],[1,-3],[-1,-2],[1,-1],[1,-3],[1,-1]],[[2005,735],[-23,-40],[-3,-10]],[[1979,685],[-11,-4],[-4,-1],[-24,-1],[-9,1],[-14,7],[-15,4],[-7,6],[-7,8],[-3,7],[-2,2],[-23,11],[-6,12],[-3,3],[-5,4],[-7,1],[-7,3],[-4,0],[-5,-2],[-4,1],[-2,-3],[1,-7],[0,-8],[3,-5],[0,-3],[-8,0],[-3,-1],[-6,-5],[-2,-2],[-8,2],[-3,2],[-2,3],[-4,1],[-6,2],[-2,0],[-2,-2],[-3,0],[-2,-1],[-2,1],[-5,3],[-4,1],[-4,2],[-3,2],[-4,2],[-5,4],[-5,-1],[-2,-1],[-4,0],[-2,-2],[0,0],[-3,1],[-4,0],[-4,-2],[-7,0],[-1,1],[-1,0],[-6,-1],[-3,3],[-5,0],[-2,2],[-2,4],[-2,2],[-3,-1],[-2,1],[-2,-1],[0,-1],[-1,0],[-2,0],[-2,2],[-6,-1],[-2,-2],[0,-1],[-4,-1],[-5,-4],[-21,-9],[-5,-1],[1,-2],[0,0],[1,-2],[2,-2],[0,-3],[-1,-4],[0,-3],[1,-3],[6,-7],[2,-6],[-1,-3],[1,-2],[1,-1],[5,-4],[3,1],[3,3],[2,0],[1,-1],[2,0],[3,-2],[6,-6],[0,-2],[0,-10],[1,-5],[4,-7],[6,-7],[1,-2],[1,-6],[3,-4],[-2,-10],[-2,-5],[1,-9],[2,-3],[2,-3],[6,-4],[1,-3],[1,-4],[1,-1],[8,-4],[5,-2],[7,-4],[1,-2],[-1,-2],[0,-1],[0,-3],[6,-7],[4,-2],[-1,-1],[-109,-137]],[[1619,425],[-116,84],[-60,56]],[[1612,888],[1,0],[3,1],[2,0],[2,-1],[2,-4],[26,67],[14,1],[7,2],[5,1],[2,0],[55,109]],[[1731,1064],[112,-97],[125,-28],[19,-7],[-2,-3],[-3,-5],[-4,-3],[-3,-4],[-1,-3],[-1,-2],[-1,-4],[-2,-3],[-10,-6],[-1,-2],[-3,-4],[-7,-5],[-3,-3],[-2,-1],[-2,-3],[-2,-3],[-3,0],[0,-1],[3,-6],[0,-2],[3,-8],[-1,-3],[1,-4],[5,-14],[3,-3],[1,-4],[15,-29],[3,-8],[1,-4],[3,-4],[5,-9],[9,-12],[1,-4],[1,-5],[-2,-10],[0,-3],[1,-1],[9,-1],[3,-2],[3,-4],[1,-2]],[[1979,685],[-42,-117],[-102,-48],[86,-77],[-70,-5],[-3,1],[-5,-1],[-24,-2],[-4,-1],[-4,0],[-1,2],[-1,0],[-2,-2],[-4,1],[-2,0],[-103,-24],[9,24],[-88,-11]],[[1536,1217],[24,-47],[17,46],[37,-21],[14,-10],[-1,-4],[1,-1],[2,4],[50,-18],[91,-23],[19,37],[141,-72],[161,7],[124,26],[76,-151],[-150,3],[-43,-100],[27,-30],[-74,-45],[-47,-83]],[[1731,1064],[-138,85],[-8,3],[-11,8],[-22,-30],[-12,-11],[-16,-13],[-9,-5],[-10,-11],[3,-10],[-5,-3],[-5,-1],[-2,