{"type":"Topology","transform":{"scale":[0.0002304002365069701,0.00020696908729768857],"translate":[29.696560009000052,-24.626039972999934]},"arcs":[[[1197,835],[-93,-140],[74,-89],[-31,-96],[112,-70],[-32,-155],[48,-66],[-7,-4],[-11,-9],[-7,-2],[-13,-8],[-8,-1],[-16,-29],[-12,-8],[-6,10],[-1,-3],[2,-8],[-3,-5],[1,-5],[-1,-3],[-2,1],[-1,-2],[1,-6],[-3,-4],[1,-4],[-2,1],[-2,-2],[0,-5],[-4,-3],[-4,3],[-4,-9],[-5,-3],[-7,1],[-2,-4],[-6,-1],[3,-9],[-5,-10],[-2,-1],[-3,2],[-3,-3],[-4,2],[-3,-1],[-9,-9],[-10,-2],[0,-3],[-7,-6],[-1,-7],[-4,-1],[-3,-2],[-2,-8],[-12,-8],[-1,-8],[-5,-7],[-1,1],[2,5],[-4,0],[0,-3],[-7,-9],[1,-7],[-2,-3],[-10,7],[0,9],[-3,3],[-1,6],[-17,17],[-4,7],[-4,4],[-2,9],[-6,0],[-2,2]],[[1022,74],[-2,26],[-6,20],[-12,22],[-8,14],[-51,62],[-1,6],[3,1],[-1,1],[11,-6],[2,-4],[4,-3],[20,-5],[-7,11],[-1,9],[-6,4],[1,14],[3,14],[0,5],[6,4],[8,13],[4,4],[0,4],[-2,2],[0,3],[-2,2],[-2,11],[2,3],[6,2],[0,2],[5,4],[7,3],[2,-1],[1,4],[2,11],[4,3],[1,5],[-1,1],[3,3],[-1,9],[-6,6],[-6,3],[-4,0],[-2,3],[-3,-1],[-3,3],[-3,8],[-1,10],[1,6],[-30,-12],[-31,-17],[-12,-4],[-1,4]],[[913,366],[-13,59],[62,-9],[5,3],[12,18],[-3,3],[2,4],[-15,9],[1,6],[-3,3],[-1,4],[-2,0],[-1,3],[1,4],[-4,5],[2,2],[0,8],[9,15],[20,-3],[4,5],[-2,1],[2,3],[-3,2],[0,5],[-4,6],[2,2],[0,3],[-3,1],[-1,2],[-5,3],[4,4],[1,10],[-7,4],[-2,8],[-2,3],[1,7],[-4,-1],[-2,3],[-1,7],[-8,4],[-7,1],[-4,-5],[-6,4],[-5,-2],[-5,2],[-4,5],[-2,9],[-5,2],[-4,-3],[-4,0],[-6,10],[1,6],[-11,11],[1,7],[-8,6],[-1,5],[-1,5],[4,2],[4,-5],[6,-2],[2,9],[0,6],[-11,19],[-32,26],[1,22],[-26,19]],[[832,741],[-1,6],[5,5],[1,3],[-8,1],[-2,5],[-8,5],[1,4],[8,1],[0,3],[-10,5],[-2,9],[-6,14],[-5,3],[-2,4],[16,-5],[10,9],[14,3],[9,6],[7,7],[8,4],[9,-4],[6,-1],[8,3],[8,-1],[14,6],[11,-6],[5,9],[3,-1],[7,2],[-4,3],[2,5],[4,-4],[4,6],[2,1],[1,-3],[3,1],[8,7],[1,3],[4,1],[4,8],[2,1],[4,-1],[4,5],[3,-3],[4,2],[3,-2],[2,7],[5,2],[14,0],[3,-9],[4,0],[6,-6],[2,1],[0,3],[4,-2],[0,4],[5,2],[-2,-4],[12,-3],[5,-1],[1,3],[4,1],[3,-3],[-2,-3],[4,-2],[0,3],[2,1],[3,-4],[0,-4],[2,-2],[-4,0],[2,-5],[4,2],[2,-3],[3,1],[11,-1],[2,-5],[0,-9],[2,-4],[6,-3],[5,-5],[3,3],[4,0],[11,6],[6,1],[2,0],[4,-8],[17,1],[9,-2],[5,-3],[3,2],[6,1],[16,12],[3,1],[6,-2],[2,2],[3,-1]],[[763,147],[-49,-2],[11,-3],[-5,-17],[-22,-12],[-3,2],[-1,5],[-8,3],[-24,3],[-3,5],[-1,12],[-36,-1],[-137,-142],[-139,103],[-26,77],[2,4],[1,37]],[[323,221],[9,12],[14,6],[5,4],[15,5],[12,8],[10,3],[4,3],[9,11],[17,11],[13,3],[20,11],[12,2],[17,15],[-1,7],[7,25],[0,26],[6,13],[8,12],[0,9]],[[500,407],[4,2],[6,-2],[5,-7],[-5,-1],[-1,-1],[1,-2],[11,0],[4,-5],[4,-7],[-2,-5],[1,-5],[1,0],[4,3],[5,-1],[1,-12],[2,-3],[8,-1],[0,-9],[10,2],[8,-2],[6,-5],[1,-3],[6,-2],[4,-5],[1,-4],[9,-6],[3,-6],[1,-5],[6,-3],[6,-9],[-1,-1],[-4,-2],[0,-1],[5,-5],[5,-12],[8,-3],[1,-9],[6,-8],[4,-4],[-3,-6],[7,-1],[-5,-6],[3,-1],[3,2],[3,-11],[5,-1],[1,-5],[2,-2],[7,1],[-3,-6],[4,-6],[10,-8],[5,-11],[8,5],[4,1],[2,3],[5,-2],[2,-3],[8,2],[4,6],[16,-9],[5,-14],[1,-8],[16,-13],[19,-18]],[[913,366],[-75,-32],[-10,1],[-1,13],[-4,9],[-5,7],[-14,13],[-1,7],[-8,10],[-4,7],[-5,25],[0,9],[3,11],[-1,5],[-2,4],[0,8],[-4,12],[-12,23],[-1,9],[-4,9],[-1,6],[-3,5],[-5,19],[-2,29],[-63,-116],[-101,141]],[[590,600],[-43,61]],[[547,661],[20,26],[7,2],[7,7],[2,6],[7,5],[31,11],[25,18],[14,6]],[[660,742],[15,-9],[20,-15],[9,9],[-5,3],[9,14],[1,1],[5,-4],[6,4],[15,-21],[-6,-4],[12,-18],[16,9],[4,4],[15,-5],[5,7],[4,0],[2,-2],[3,-7],[19,27],[25,-8],[-2,14]],[[1022,74],[-2,-8],[-6,-15],[-3,-16],[-3,-5],[2,-2],[-2,-2],[-13,0],[-8,-2],[-5,11],[-5,-2],[-4,4],[-6,22],[-1,10],[-6,14],[-7,6],[-7,10],[-6,5],[-7,3],[-4,0],[-2,3],[-5,-3],[-32,45],[-127,-5]],[[500,407],[-1,1],[-1,11],[-10,0],[-1,3],[1,5],[-8,6],[-2,3],[-7,4],[1,13],[-7,3],[1,4],[-1,5],[-11,11],[-1,7],[2,6],[0,15],[18,7],[8,4],[16,16],[18,13],[11,12],[8,6],[2,8],[13,6],[13,7],[7,1],[15,10],[6,6]],[[1189,1071],[39,-188],[-31,-48]],[[660,742],[-9,13],[20,28],[-10,23],[4,8],[3,0],[9,9],[4,8],[3,3],[2,7],[-4,4],[-1,5],[-9,15],[-9,3],[-2,3],[-3,11],[10,3],[5,-2],[2,0],[2,3],[10,6],[0,6],[-2,3],[-5,10],[-1,0],[-3,17],[-8,5],[-7,13],[-1,10],[-11,8],[-6,10],[-8,4],[-3,-1]],[[632,977],[2,7],[9,9],[0,2],[5,8],[3,9],[10,14],[4,11],[9,12],[10,25],[12,11],[6,10],[7,4]],[[709,1099],[135,-26],[46,145]],[[890,1218],[53,32],[114,-56]],[[1057,1194],[27,-13],[105,-110]],[[547,661],[-8,12],[-94,85],[38,69],[-40,59],[-13,10],[-9,0],[-7,3],[-4,17],[-1,9],[2,10],[-13,-1],[0,1],[5,1],[-1,6],[5,4],[-2,2],[2,2],[-1,7]],[[406,957],[-2,16],[2,5],[5,-1],[0,14],[4,-1],[0,4],[2,0],[-12,6],[-2,17],[10,-4],[21,-2],[8,1],[13,-8],[11,4],[13,1],[3,-1],[2,-3],[-1,-4],[14,-11],[0,-9],[-2,-3],[-4,-2],[15,-11],[9,-4],[-6,-6],[3,-2],[-3,-5],[1,-6],[6,-1],[4,-4],[4,-7],[9,-6],[3,-8],[5,-1],[3,-4],[2,4],[16,6],[5,11],[10,16],[5,2],[4,-1],[0,2],[2,0],[1,2],[12,0],[1,3],[10,1],[4,4],[-2,0],[-1,3],[1,1],[4,-2],[2,4],[7,-1],[1,7],[4,4]],[[323,221],[0,20],[-3,11],[-27,7],[9,22],[25,5],[-17,24],[-10,3],[-34,20],[68,31],[-231,116],[-103,289],[11,11],[29,14],[9,0],[10,5],[26,2],[6,1],[6,4],[10,11],[2,9],[-4,14],[2,13],[2,3],[15,9],[11,5],[8,7],[-1,8],[-5,4],[-5,11],[-3,20],[-5,15],[1,8],[10,18],[5,7],[2,1],[21,-7],[8,0],[3,4],[5,13],[2,14],[-5,12],[-1,11],[5,15],[0,9],[8,21],[4,23]],[[192,1084],[10,-2],[7,-3],[16,3],[5,-5],[6,0],[4,2],[7,8],[5,1],[17,-3],[7,10],[6,-2],[5,-8],[14,13],[6,0],[4,-2],[9,-11],[-1,-9],[2,-4],[-3,-14],[-6,-19],[6,0],[4,-6],[-3,-8],[7,-8],[-1,-3],[-26,-12],[0,-21],[-9,-2],[0,-28],[4,2],[13,-3],[2,1],[8,1],[1,-1],[3,1],[11,0],[6,-4],[8,-2],[9,-1],[25,-8],[7,17],[19,3]],[[192,1084],[-7,21],[-2,14],[-6,12],[-1,9],[1,16],[3,10],[5,5],[14,9],[6,7],[12,18]],[[217,1205],[102,-12],[311,-79],[79,-15]],[[837,1541],[5,-5],[9,-4],[-1,-7],[2,-4],[9,-4],[2,-9],[12,-5],[9,1],[2,-3],[-1,-7],[6,-5]],[[891,1489],[-6,-11],[3,-3],[0,-5],[-3,0],[0,-4],[-2,-2],[3,-4],[-2,-1],[0,-2],[-2,-5],[0,-6],[-3,-4],[1,-2],[-2,-1],[-2,-13],[-2,-3],[-1,2],[-1,-4],[-4,-4],[-16,-1],[-3,-5],[-9,-3],[-3,-6],[0,-14],[-4,-7],[-8,-7],[0,-6],[1,-2],[-1,-7],[-3,0],[-4,-13],[-6,-4],[-4,-9],[-1,-12],[-3,-9],[-6,-6],[-13,-8],[-13,-21],[0,-4],[-5,-5],[-6,-2],[-1,-10],[1,-3],[129,-35]],[[217,1205],[19,24],[13,19],[33,31],[25,32],[3,7],[-1,4],[-6,8],[-10,7],[-5,1],[-38,-2],[-7,3],[-4,4],[-3,13],[2,25],[-23,38],[-5,11],[0,4],[3,6],[11,4],[13,2],[19,0],[11,6],[2,4],[1,4],[-5,19],[-1,9],[-4,8],[-1,9],[-1,5],[3,17],[-2,10],[-10,22],[-1,11],[3,22],[3,8],[5,6],[15,12],[1,3],[1,9],[-3,17],[1,8],[1,7],[4,11],[16,21],[16,11],[50,8],[14,5],[33,15],[30,-5],[11,1],[4,3],[7,10],[13,20],[1,5],[-1,26],[2,9],[4,5],[24,14],[12,4],[6,-1],[3,-4],[8,-15],[6,-4]],[[538,1801],[4,-18],[-3,-14],[-32,-1],[-1,-8],[6,-4],[12,-15],[10,-7],[6,-9],[0,-6],[-3,-7],[-1,-1],[-4,2],[-1,-1],[3,-4],[9,-5],[15,-3],[6,-7],[9,0],[3,-6],[5,-5],[14,-4],[6,-7],[5,-3],[-3,-15],[14,-4],[32,2],[3,-5],[10,2],[3,-1],[7,-6],[9,1],[4,-4],[17,-8],[7,-10],[9,-7],[5,-16],[15,-1],[-1,-13],[5,-6],[6,1],[12,-9],[10,1],[8,-8],[13,4],[8,-2],[0,-14],[10,4],[10,0],[1,-5],[2,-2],[11,4],[3,-2],[1,-8]],[[1126,1378],[1,-5],[4,-1],[4,-3],[1,-5],[2,-2],[-3,-3],[1,-2],[-3,-3],[-2,-1],[-2,1],[-4,-11],[-3,-2],[3,-5],[-2,-2],[-2,1],[2,-4],[0,-7],[-4,-9],[-3,-2],[1,-3],[-2,0],[0,-5],[-2,0],[0,-3],[2,-1],[-2,-2],[1,-1],[-1,-8],[-2,-3],[-2,1],[-2,-5],[3,-8],[-3,-22],[-7,-8],[-3,1],[-5,0],[-9,-7],[0,-4],[2,-3],[1,-9],[-6,-11],[-10,-8],[-10,-4],[-3,-6]],[[891,1489],[23,-5],[7,-10],[5,3],[7,-1],[9,-6],[8,4],[2,4],[2,-1],[2,-5],[10,2],[8,-8],[9,-1],[3,-10],[8,2],[10,-9],[6,0],[3,1],[3,-1],[5,2],[4,-5],[-2,-6],[3,-2],[4,-1],[1,-2],[2,0],[4,5],[9,1],[4,-3],[4,1],[15,-18],[-2,-4],[12,0],[3,-8],[5,-1],[1,-4],[10,-1],[6,-7],[9,-5],[6,0],[4,-4],[3,-8]],[[1126,1378],[2,3],[6,-1],[5,2],[6,-3],[2,1],[2,-3],[1,2],[5,-1],[6,3],[2,-1],[8,0],[3,-2],[3,2],[5,0],[3,-3],[2,1],[0,2],[7,-1],[21,3],[9,-2],[9,1],[4,-2],[12,0],[25,30],[144,122],[-83,42],[-43,173],[135,59],[95,199]],[[1522,2004],[6,-11],[2,-20],[17,-28],[9,-12],[12,-12],[12,-8],[31,-33],[13,-10],[6,-1],[19,7],[-71,-177],[6,-294],[-175,-212],[-1,-3],[-219,-119]],[[776,1833],[72,