{"type":"Topology","transform":{"scale":[0.0006831473477588725,0.0006089623351267972],"translate":[29.80058100100007,-26.50405999899993]},"arcs":[[[1470,61],[-7,-61],[-85,22],[-40,9],[-23,67],[6,2],[10,20]],[[1331,120],[15,-8],[6,-1],[5,1],[12,9],[13,6],[5,3],[7,8],[3,0],[3,-1],[5,-3],[10,-4],[7,-4],[2,8],[-1,6],[1,2],[2,2],[2,-1],[5,-6]],[[1433,137],[0,-2],[2,-4],[-1,-1],[-1,-1],[1,-4],[-2,-2],[0,-1],[3,0],[3,-2],[0,-1],[-5,-3],[-3,-5],[1,-2],[2,-3],[-1,-3],[-1,-2],[2,-2],[2,2],[3,0],[2,-2],[6,-3],[5,-5],[12,-5],[1,-1],[-1,-6],[1,-2],[-1,-1],[7,-5],[-1,-6],[-2,1],[3,-5]],[[1331,120],[13,27],[72,2],[-3,8]],[[1413,157],[2,2],[3,0],[3,3],[-2,3],[2,6],[12,0],[5,4],[1,0],[2,-6],[5,-1],[1,-4],[2,-2],[-2,-4],[1,-3],[0,-7],[2,-4],[0,-2],[-3,0],[0,0],[-2,-1],[0,-2],[-2,2],[0,-2],[-1,0],[-5,3],[-2,-3],[-2,0],[0,-2]],[[1547,197],[-39,-44],[-38,-92]],[[1413,157],[-25,56]],[[1388,213],[26,1],[-6,7],[1,7],[1,2],[4,1],[3,2],[1,1],[4,-1],[0,2],[4,0],[4,2],[4,0],[2,3],[8,1],[1,1],[0,4],[2,4],[1,5],[4,-1],[2,1],[5,0],[3,-2],[2,1],[2,-3],[1,1],[2,0],[2,1],[2,-1],[3,-2],[0,2],[-3,3],[1,1]],[[1474,256],[29,0],[44,-59]],[[1388,213],[-23,13],[33,55]],[[1398,281],[38,14],[-12,10],[-7,3],[-7,22],[3,2],[3,-1],[2,2]],[[1418,333],[3,1],[5,6],[6,3],[2,1],[2,-3],[2,-1],[0,-1],[4,-1],[2,-2],[1,-1],[-1,-3],[3,-2],[6,-6],[1,-2],[-1,-5],[2,-1],[2,-3],[4,-2],[0,-3],[3,-2],[1,-2],[2,1],[1,-1],[0,-2],[1,-2],[1,-4],[-2,1],[-2,-1],[-2,-2],[0,-4],[2,-1],[0,-1],[0,-8],[-1,-1],[-2,0],[-3,-3],[0,-1],[5,-5],[4,0],[4,-5],[1,-2],[1,-1],[2,-3],[0,-1],[-3,-2]],[[1581,532],[-31,-37],[8,-26]],[[1558,469],[-3,-6],[-2,-1],[-1,0],[0,-3],[-1,0],[0,-2],[-4,4],[-2,0],[-4,-2],[-2,-3],[0,-1],[-1,-1],[-12,-7],[-1,0],[-1,1],[-2,-2],[-2,0],[-8,2],[3,-7],[3,-4],[10,-6],[5,1],[-3,-3],[1,-5],[-4,-6],[-3,-1],[-3,-4],[-3,-2]],[[1518,411],[-3,-1],[-8,2],[-1,-1],[-5,-1],[-6,6],[-1,-2],[-6,3],[0,1],[-2,1],[-5,12],[7,5],[5,-3],[1,2],[3,2],[5,10],[1,1],[-2,2],[2,0],[-1,3],[1,6],[3,2],[-17,21]],[[1489,482],[7,-1],[7,4],[1,2],[3,1],[3,-1],[1,0],[0,3],[1,3],[5,4],[3,0],[1,4],[-9,10],[10,11],[-2,0],[-1,2],[-3,2],[-4,4],[-2,0],[-2,3],[11,5],[10,9],[0,-1]],[[1529,546],[3,-5],[8,-7],[1,-4],[2,-1],[0,2],[0,5],[2,2],[-1,4],[3,0],[9,2],[2,1],[8,0],[3,1],[12,-14]],[[1740,479],[-41,-81],[-102,-97],[-5,-11]],[[1592,290],[-5,3],[-3,0],[-3,2],[-4,15],[-3,2],[-7,2],[-3,3],[-2,1],[-5,14],[-9,7],[0,2]],[[1548,341],[50,72],[-20,16],[-2,-2],[-1,1],[-2,3],[1,1],[-4,6],[0,2],[-2,3],[-3,1],[-7,25]],[[1581,532],[9,-10],[2,3],[1,6],[1,2],[0,2],[2,0],[2,1],[6,1],[2,0],[5,-2],[1,1],[5,1],[1,2],[1,0],[12,-5],[14,1],[11,-3],[8,-2],[2,0],[4,-7],[4,-15],[15,-12],[3,-4],[5,-4],[4,-1],[4,0],[6,-1],[13,-7],[16,0]],[[1378,399],[-10,-12],[3,-3],[5,-9],[4,-6],[6,-2],[12,0],[0,-3],[0,-6],[-3,-1],[0,-2],[3,-1],[3,-10],[3,-3],[5,-3],[2,1],[-1,2],[6,-5],[1,-2],[1,-1]],[[1398,281],[-41,34],[-57,10],[-114,-18],[14,73],[1,13],[3,2],[1,-1],[1,1],[2,-4],[1,0]],[[1209,391],[38,0],[9,-5],[1,0],[5,3],[0,2],[3,3],[1,2],[1,2],[2,1],[1,-1],[1,1],[1,1],[0,3],[1,2],[4,1],[4,-1],[3,4],[1,0],[1,-2],[3,2],[3,1],[1,1],[5,0],[6,-4],[2,0],[2,1],[0,-1],[1,0],[2,-4],[5,-1],[2,0],[3,4],[0,1],[0,1],[1,-1],[0,1],[7,-2],[0,6],[-2,1],[0,2],[2,0],[6,3],[2,0],[1,-3],[1,0],[1,2],[2,0],[2,2],[2,1],[9,0],[2,-2],[6,-3],[6,-12],[4,-5],[1,0],[1,2],[3,-1]],[[1754,507],[-14,-28]],[[1529,546],[2,5],[5,2],[-1,4],[-1,1],[0,8],[-7,4],[-3,3],[3,6],[2,4],[0,4],[1,1],[1,2],[0,1],[-2,1],[18,0]],[[1547,592],[5,0],[15,-9],[4,15],[42,-5],[2,4],[46,-22],[65,-31],[3,1],[5,-10],[10,-7],[7,-7],[0,-11],[3,-3]],[[1518,411],[-1,-3],[-1,-1],[-1,-3],[-6,-8],[-3,-3],[1,-1],[-2,-1],[10,-13],[16,-1],[9,-13],[1,-16],[7,-7]],[[1592,290],[-45,-93]],[[1378,399],[38,45],[50,17],[23,22],[0,-1]],[[1493,797],[23,-26],[-8,-10],[15,-6],[-2,-10],[13,-20]],[[1534,725],[2,-7],[-38,7]],[[1498,725],[-16,4],[-14,6],[0,3],[-1,6],[-1,5],[-1,3],[-1,5]],[[1464,757],[1,2],[-1,5],[3,4],[-2,6],[1,3],[-4,4],[6,9],[4,4],[1,1],[0,2],[0,1]],[[1473,798],[2,4],[2,-1],[7,-7],[4,0],[2,3],[3,0]],[[1829,657],[-101,25],[-15,51],[31,98],[2,13],[-29,41],[22,3],[57,0],[7,51],[34,14]],[[1837,953],[104,4],[-20,-101],[-14,-31],[-20,-40],[-27,-68],[-31,-60]],[[1473,798],[-18,11],[-14,6],[-9,8],[-1,4],[-9,4],[2,3],[-2,0],[-3,-3],[0,0],[2,-3],[-1,-1],[-7,2],[5,2],[1,3],[-1,5],[-2,2],[-2,4],[16,6]],[[1430,851],[44,-17],[3,-2],[6,6],[9,-6],[0,1],[7,-1],[6,-4],[0,-1],[-2,-4],[-1,0],[1,-1],[0,-2],[-4,-4],[0,-2],[1,-1],[-2,-2],[6,-2],[5,-3],[2,-3],[0,-3],[-5,-2],[-13,-1]],[[1498,725],[-40,-55]],[[1458,670],[-6,-9],[-2,2],[-2,5],[-4,3],[-2,5],[1,4],[-4,3],[0,2],[-2,2],[0,1],[-5,2],[-2,1],[-2,3],[-3,0],[0,3],[-5,9],[1,1],[-4,5]],[[1417,712],[0,1]],[[1417,713],[1,0],[-3,5],[3,2],[-1,2],[3,3]],[[1420,725],[9,-2],[2,4],[0,2],[2,1],[1,3],[1,4],[3,1],[3,3],[1,4],[-1,1],[5,0],[2,4],[1,1],[4,0],[2,-1],[3,1],[3,1],[-2,4],[0,2]],[[1459,758],[5,-1]],[[467,678],[-1,3],[-3,-3],[0,4],[3,-1],[0,1],[-4,1],[0,3],[-3,0],[-2,1],[0,-1],[2,-1],[-1,-2],[1,-1],[-1,0],[1,-1],[1,1],[1,-1],[-3,-9]],[[458,672],[-39,18],[7,41],[8,2],[9,-7],[31,-20],[10,3],[4,-24],[-18,1],[0,-5],[-3,0],[0,-3]],[[1458,670],[27,-14],[35,-13],[0,-3],[29,-13],[2,-4],[-2,-2],[-3,-7],[-3,-4],[-1,-3],[1,-4],[2,-6],[0,-3],[2,-2]],[[1209,391],[-3,12],[-46,83]],[[1160,486],[82,68],[16,3],[11,82],[47,-5],[0,40],[57,-32],[26,86]],[[1399,728],[1,0],[1,-2],[2,-1],[1,1],[0,2],[2,-3],[9,-12],[1,1],[1,-2]],[[1152,922],[4,-1],[2,-10],[1,-2],[-2,-3],[0,-3],[1,-2],[2,-2],[-1,-3],[2,-3],[-2,-3],[-1,-2],[-1,0],[-3,3],[-3,3],[-1,-1],[-1,0],[-10,7],[-5,2],[-2,-8],[-4,-3],[3,-6],[0,-6],[1,-7],[-1,-2],[-4,0],[-8,18],[-3,11],[10,4],[4,6],[7,0],[6,4],[2,3],[5,11],[2,-5]],[[1645,941],[-28,-102],[-40,0],[-16,-67],[-2,-17],[-25,-30]],[[1430,851],[24,47],[27,69]],[[1481,967],[55,-18],[45,2],[64,-10]],[[1829,657],[-75,-150]],[[1645,941],[64,-6],[25,28],[1,-1],[79,85],[4,-29],[2,-47],[17,-18]],[[1420,725],[3,2],[-1,1],[3,2],[0,2],[-3,2],[-5,-3],[-6,10],[3,1],[7,0],[9,5]],[[1430,747],[16,8],[3,3],[3,3],[7,-3]],[[849,1014],[-17,-23],[-62,-41],[-5,0],[-4,-3],[9,-18],[46,-65],[-65,-50],[-5,8],[-22,-84],[82,-2],[-2,-78],[10,4],[10,-23],[3,-69],[-14,-1],[3,-22]],[[816,547],[-12,-28],[15,-30],[-24,-25],[-32,62],[-65,-27],[-71,-29],[-28,-4],[-2,31],[-46,-79],[-30,-14],[-6,71],[-133,9],[-18,28],[-66,-37],[-9,-5],[-42,-42],[-41,44],[-60,-7],[-2,6],[-79,-7],[-13,-40],[-46,93],[-6,42],[15,96],[24,56],[5,-4],[51,98],[-13,17],[0,11],[0,29],[30,23],[-30,50],[-38,21],[13,26],[13,49],[20,23],[54,-12],[24,-21],[42,-38],[22,-12],[57,-10],[-12,58],[68,11],[74,27],[7,23],[6,4],[79,23],[3,17],[72,-28],[19,54],[83,-35],[-40,-77],[16,-35],[36,-23],[30,-31],[47,75],[72,-10]],[[458,672],[6,-3],[2,0],[3,3],[-4,-1],[0,3],[2,4]],[[1473,798],[-1,-1]],[[1472,797],[-8,-2],[-1,-1],[0,-2],[-5,1],[-4,-2],[-4,-5],[-3,0],[-1,8],[-4,3],[-1,0],[-4,-7],[-4,-1],[1,-2],[-3,-4],[-5,-11],[-2,-8],[0,-4],[-1,-3],[1,-5]],[[1424,752],[-5,3],[-2,4],[-8,3],[-8,-28],[-4,-4],[2,-2]],[[1160,486],[-27,-8],[1,-2],[-2,-1],[-13,-1],[-6,-2],[-10,-4],[0,2],[-88,-25],[-151,90],[-48,12]],[[849,1014],[21,4],[35,11],[17,36],[36,28],[-3,4],[-6,9],[21,28],[1,-1],[-7,7],[0,2],[-2,3],[0,3],[-1,2],[32,16],[7,-40],[28,31],[18,19],[-42,42],[33,42],[15,13],[58,-65],[69,-35],[-39,60],[47,56],[10,-8],[30,0],[0,20],[11,-1],[126,-48],[-3,-11],[-8,-18],[8,-22],[13,-26],[19,-16],[-1,-5],[-3,-4],[4,-31],[13,-14],[14,-31],[-6,-9],[10,-11],[34,-2],[26,-8],[13,-13],[-3,-54],[-13,-10]],[[1430,747],[0,3],[-6,0],[0,2]],[[1472,797],[1,1]],[[1417,713],[0,-1]]],"objects":{"145":{"type":"GeometryCollection","geometries":[{"arcs":[[0,1,2]],"type":"Polygon","properties":{"WARD":"83001001","PROVINCE":"Mpumalanga","CAT_B":"MP301","MUNICNAME":"Albert Luthuli Local Municipality","WARDNO":1,"VOTERS":3695,"Area":65.3592719218,"Shape_Leng":0.355947091527,"Shape_Area":0.00591553056238,"ID":3414,"POPULATION":8689,"DENSITY":132.94211738460112}},{"arcs":[[-2,3,4]],"type":"Polygon","properties":{"WARD":"83001002","PROVINCE":"Mpumalanga","CAT_B":"MP301","MUNICNAME":"Albert Luthuli Local Municipality","WARDNO":2,"VOTERS":3787,