{"type":"Topology","transform":{"scale":[0.0006497850005000032,0.0005181353345864652],"translate":[29.468669998000056,-26.859809995999967]},"arcs":[[[771,711],[12,-11]],[[783,700],[-2,-2],[-1,0],[-1,-1],[0,0]],[[779,697],[-2,1],[0,0],[-3,4],[-1,-2],[0,1],[-1,-1],[-2,1],[0,1],[-1,1],[-6,-1],[-1,-4],[-1,0],[0,1],[-1,1],[1,4],[1,1],[-2,0]],[[760,705],[-1,2],[-4,4]],[[755,711],[3,4],[1,0],[0,3],[2,0],[1,2],[9,-10],[0,1]],[[735,701],[-1,15],[12,5],[-2,1],[2,2],[3,-2],[1,-5],[5,-6]],[[760,705],[-25,-4]],[[776,677],[1,-7],[-1,-2],[-1,-2],[-2,1],[-2,-3],[6,-4],[1,2],[3,-1],[1,1],[2,-1]],[[784,661],[2,-2],[0,-1],[1,-5],[0,-2],[-6,-2]],[[781,649],[-3,-1],[-2,0],[-1,0],[-2,-3],[-14,-14],[0,-4],[-7,-2],[-3,16],[1,5],[4,0],[1,14],[-7,2],[-10,1],[0,12],[14,-2],[5,14]],[[757,687],[10,-5],[4,-3]],[[771,679],[2,0],[3,-2],[0,0]],[[787,690],[1,-8],[-3,-1],[1,-5]],[[786,676],[-2,0],[0,0],[-4,0],[0,1],[-1,-1],[-3,2],[0,-1]],[[771,679],[2,3],[0,2]],[[773,684],[2,4],[2,0],[-1,0],[3,-2],[0,1],[1,2],[3,2],[4,-1]],[[773,684],[0,3],[-2,1],[0,4],[1,0],[1,2],[1,0],[0,1],[4,1],[1,1]],[[783,700],[1,-2],[1,-2],[2,-6]],[[805,672],[1,-2]],[[806,670],[-22,-7],[0,-2]],[[786,676],[4,1],[1,-5],[10,6],[3,1],[1,-7]],[[802,626],[-8,-2],[-4,16],[-11,-3],[-1,6],[4,1],[0,1],[0,2],[-1,2]],[[806,670],[0,-1]],[[806,669],[2,-8],[17,5],[-6,-39],[-4,3],[-1,0],[-12,-4]],[[607,742],[41,-53],[19,2],[20,3],[34,4],[14,3]],[[760,705],[-3,-14],[0,-4]],[[802,626],[-2,-29],[-9,-29],[0,0],[1,4],[-7,1],[3,-45]],[[788,528],[6,-73],[-52,-31],[-37,69],[-8,-9],[6,-8],[-2,-2],[0,-1],[0,-1],[-31,38],[-7,-21],[-58,28],[-76,-64],[7,-38],[9,-47]],[[545,368],[-36,28],[-88,-3],[0,22],[-59,-10],[-36,16],[-22,9],[-20,9],[-9,4],[-11,5],[3,91],[-4,98]],[[263,637],[100,-58],[46,20],[17,24],[6,9],[30,42],[26,18],[93,78],[26,-28]],[[913,873],[-17,-68],[-13,-94]],[[883,711],[-9,-8]],[[874,703],[-6,-5],[-76,7],[-11,12],[-10,-5],[0,-1]],[[607,742],[28,80],[-36,42],[81,47]],[[680,911],[7,-8],[38,-37],[48,59],[2,3],[7,9],[2,1],[2,-1],[2,1],[-1,3]],[[787,941],[30,3],[11,2],[85,-73]],[[770,1190],[-25,-7],[-2,-37],[3,-2],[2,-1],[4,-4],[2,0],[1,-1],[3,-1],[1,-1],[0,-4],[2,-2],[1,0],[1,-1],[1,-4],[-95,1],[-1,23],[-81,-12],[1,-6],[26,-107],[12,-38],[2,-4],[10,-14],[13,-18],[12,-15],[17,-24]],[[263,637],[-31,1],[9,55],[3,18],[3,19],[-2,14],[-4,21],[-29,34],[-5,21],[-57,-15],[-30,62],[-14,11],[-40,31],[-6,4],[20,33],[19,31],[2,1],[-3,1],[-98,0],[7,34],[-5,61],[49,1],[16,2],[5,-1],[12,2],[6,26],[-16,13],[20,24],[19,-15],[-3,43],[33,0],[37,1],[2,8],[6,18],[5,1],[85,-5],[28,-5],[46,26],[0,7],[12,-1],[5,16],[11,31],[67,-42],[33,33],[33,33],[4,4],[5,-11],[17,-40],[26,-58],[14,47],[83,9],[3,-8],[45,6],[17,2],[43,-51]],[[1381,171],[0,-6],[-39,-1],[-13,-44],[-15,-51],[-110,-1],[-95,15],[3,-13],[17,-68],[-43,-2],[-11,48],[-45,0],[-16,95],[39,26],[-38,84],[-26,-15],[-70,42],[0,0],[-20,12],[-11,-19],[-78,40],[-35,-100],[-13,-41],[-41,15],[0,-1],[0,-2],[-2,-2],[-2,-1],[0,0],[-1,1],[2,2],[-2,0],[-1,1],[-1,-2],[-1,0],[-1,1],[-1,0],[-3,-2],[-3,3],[-1,-1],[-3,-3],[1,-4],[-1,-1],[-1,1],[0,0],[-1,-5],[0,-6],[1,-2],[-1,-2],[1,-2],[-5,-4],[-2,-1],[-1,-2],[0,-1],[1,-1],[0,0],[-1,-1],[-1,0],[-1,-1],[0,-1],[1,0],[0,0],[1,0],[1,0],[1,-2],[1,0],[0,-2],[-1,-3],[-1,-1],[1,0],[2,1],[0,0],[1,0],[0,-1],[-1,-2],[1,-1],[0,-1],[-3,-1],[-1,-2],[-1,0],[0,1],[0,2],[-2,1],[0,1],[-2,3],[-1,2],[-1,1],[-1,0],[0,-1],[0,-1],[-1,-1],[1,-2],[-2,-3],[1,-1],[-1,-2],[1,-1],[1,0],[0,-2],[-1,-2],[1,-1],[-1,-2],[0,-2],[-1,-1],[-1,0],[-1,1],[0,0],[1,1],[0,0],[-3,2],[0,4],[-2,1],[0,2],[-1,0],[-1,1],[0,1],[-4,6],[-2,0],[-1,-2],[-3,-8],[0,-8],[-1,-1],[-1,0],[-4,2],[-4,4],[-2,2],[-1,2],[1,2],[-1,3],[-1,1],[-3,1],[1,1],[0,0],[1,0],[0,1],[-5,8],[-2,0],[-1,0],[0,-1],[0,-2],[0,-2],[2,1],[2,-1],[0,-1],[-1,-2],[0,-1],[-4,0],[-1,-1],[-1,-2],[-1,-6],[-1,-2],[-1,0],[0,0],[-1,1],[-1,4],[1,2],[-1,1],[-3,0],[-3,-2],[-1,1],[-1,0],[0,-1],[0,-1],[-1,-1],[-1,1],[0,2],[-1,2],[1,1],[-1,2],[-1,1],[-4,2],[-1,0],[-1,-1],[-1,-2],[-2,-2],[0,-1],[1,-7],[5,-15],[0,-1],[-2,0],[-1,-1],[1,-3],[1,-3],[0,-2],[1,-2],[0,-2],[0,-1],[-1,-2],[-2,-2],[-1,-3],[-2,-1],[-1,-2],[-3,-2],[-1,0],[-1,0],[0,1],[5,4],[0,1],[-1,1],[-2,3],[-8,8],[-4,2],[-2,2],[-3,1],[-3,2],[0,2],[1,2],[0,1],[-4,0],[-1,0],[-2,1],[-2,0],[-3,-1],[-2,-3],[2,83],[2,12],[37,194],[-72,-37]],[[788,528],[15,7],[14,6],[27,12],[5,-13],[38,3],[7,-6],[25,22],[-5,10],[36,63]],[[950,632],[3,-2]],[[953,630],[19,-16],[5,-2],[22,-1],[11,-2],[11,-1],[4,-2],[11,-7],[8,-3],[32,-12],[12,-5],[35,-13],[-2,-3],[3,-93],[2,-30],[30,-21],[-21,-76],[6,-6],[21,38],[9,-10],[27,20],[16,14],[55,43],[11,10],[5,3],[38,-63],[35,42],[25,-65],[11,-27],[-41,-11],[2,-83],[24,-26],[2,-51]],[[1693,1036],[-15,-4]],[[1678,1032],[-91,-26],[-4,-17],[-13,-48],[-33,-2],[0,-34],[-7,-1],[-4,-1],[-1,3],[-9,-4],[0,1],[-3,0],[-1,0],[0,0],[-1,-1],[-1,1],[1,-6],[-19,8],[-11,-14],[-2,-1],[-4,-1],[-11,2],[-4,0],[-4,0],[-6,-3],[11,-37],[7,-8],[-31,-1]],[[1437,842],[-114,-4],[27,103],[-58,3],[-36,10],[-67,-7],[-35,-4],[-4,9]],[[1150,952],[-4,2]],[[1146,954],[-7,28],[118,100],[66,26],[61,45],[33,-81],[60,42],[13,-52],[99,28],[44,56],[59,-17],[1,-93]],[[770,1190],[32,35]],[[802,1225],[0,-12],[-1,-7],[-1,-9],[0,-2],[1,-3],[11,-16],[1,-3],[1,-5],[5,-13],[0,-4],[-1,-4],[-3,-7],[0,-3],[0,-3],[2,-10],[1,-8],[1,-4],[1,-2],[5,-9],[1,-2],[0,-2],[-1,-4],[-3,-4],[-7,-15],[-3,-4],[-3,-2],[-11,-4],[1,-4],[-2,-1],[0,0],[-7,-3],[1,-2],[-2,-1],[-2,-1],[-2,-5],[0,-1],[-4,-3],[-2,0],[-2,-23],[-2,-8],[-1,-19],[1,-5],[8,-24],[4,-23]],[[1078,1013],[-33,-55],[-16,-24],[-4,-7],[-34,-55],[-71,29],[-7,-28]],[[802,1225],[6,6],[7,8],[9,6],[69,43],[20,-33],[72,-6],[67,-4],[6,-84]],[[1058,1161],[-24,-12],[-5,-24],[-19,-1],[-1,-13],[4,-1],[-8,-20],[-31,-73],[104,-4]],[[1600,625],[-57,57],[-61,-55],[-36,44],[-28,37],[64,26],[7,2],[-61,62],[9,44]],[[1678,1032],[16,5]],[[1694,1037],[64,11]],[[1758,1048],[60,11],[59,10],[61,-12],[42,-40],[-9,-19],[-26,-46],[25,-15],[6,-17],[24,-58],[-76,-2],[-24,-56],[-7,-3],[24,-78],[6,-1],[13,-44],[-93,-62],[-16,16],[-41,53],[0,1],[-3,-2],[-2,0],[-6,1],[-5,2],[-7,3],[-4,1],[-5,0],[-14,-3],[-8,1],[-3,-1],[-3,-1],[-3,-3],[-5,-2],[-1,-1],[-3,-4],[-1,0],[-2,7],[-30,-1],[-50,-36],[-31,-22]],[[874,703],[8,7]],[[882,710],[84,-51],[-15,-27]],[[951,632],[-1,0]],[[806,669],[-1,3]],[[1600,625],[-25,-18],[-36,-26],[56,-87],[-5,-7],[36,-35],[38,-29],[13,1],[30,3],[27,3],[30,-14],[0,-13],[-48,6],[-36,-31],[-6,-40],[3,-2],[1,-1],[0,-2],[0,-3],[-1,-2],[-2,-1],[-3,-3],[-1,0],[-4,-1],[-1,-1],[-1,-2],[1,-1],[1,-1],[3,0],[1,-1],[2,-1],[0,-1],[0,-2],[0,-2],[-3,-5],[0,-1],[1,-1],[0,-1],[0,0],[-2,0],[-3,3],[-4,0],[-1,1],[-2,2],[-2,0],[0,-3],[0,-4],[-1,-4],[0,0],[-1,-6],[0,-1],[1,-1],[0,-4],[0,-2],[-1,-2],[-1,-1],[-2,0],[-4,-3],[-2,-2],[0,-2],[-2,-1],[-1,-3],[-1,-1],[-3,-1],[0,-2],[0,-2],[-3,-1],[-1,2],[-2,1],[-1,1],[-1,0],[0,0],[-1,-1],[-2,-2],[-1,-1],[-2,-2],[-4,0],[-6,2],[-2,-1],[0,-2],[0,-2],[0,-2],[-5,-5],[0,-6],[0,-1],[-1,-1],[-1,-1],[-2,-1],[-5,1],[-1,-1],[-2,0],[-1,3],[-4,4],[0,1],[0,3],[-1,0],[0,0],[-2,-2],[-1,0],[-1,-2],[0,-2],[0,-2],[1,-2],[-1,-2],[-1,0],[-1,2],[-3,2],[-1,0],[-2,-1],[-2,-3],[-1,-1],[0,-3],[-1,-1],[0,-5],[0,-2],[-1,-1],[-1,-1],[-1,1],[-2,3],[-3,1],[-2,1],[0,-1],[0,-1],[-2,-1],[-6,-1],[-4,1],[-2,-1],[-1,0],[-1,-3],[-3,-1],[-1,-3],[0,-3],[1,-1],[3,-1],[0,-2],[-1,-1],[0,-2],[1,-1],[0,0],[-2,-1],[-2,1],[-1,0],[0,-1],[-1,-2],[-1,-1],[-2,-1],[-2,1],[-2,3],[0,0],[-2,-1],[-1,0],[-2,-2],[-1,0],[1,-2],[0,-1],[-3,-2],[0,-1],[-3,-1],[-1,0],[-1,1],[-1,0],[-1,-1],[-1,0],[-1,2],[-5,1],[-3,2],[-1,0],[-2,-3],[-1,-3],[-3,1],[-1,1],[0,0],[-1,1],[-1,-1],[0,-3],[0,-1],[-1,-1],[-3,3],[-1,1],[0,1],[-1,1],[-1,0],[-1,-1],[-3,0],[-1,0],[-1,0],[0,1],[1,2],[1,1],[0,1],[-3,2],[-1,1],[0,2],[-1,1],[-1,-8],[0,-1],[1,-2],[-2,-4],[-2,-1],[-1,1],[-2,-1],[-2,1],[-1,-1],[-1,1],[-1,0],[-1,1],[0,-2],[-2,1],[-1,1],[0,2],[0,1],[-1,2],[0,1],[2,1],[0,1],[-5,0],[-1,-1],[-1,0],[-1,2],[0,0],[-1,0],[-1,0],[0,2],[-1,0],[-1,-1],[0,-2],[0,2],[-1,-2],[-1,0],[1,-1],[0,0],[0,0],[0,-1],[-1,0],[-1,0],[1,-2],[-1,-2],[1,-1],[1,0],[-2,0],[0,-2],[-1,1],[-1,-2],[0,0],