{"type":"Topology","transform":{"scale":[0.0002872254205654175,0.0002791540051795572],"translate":[29.41886999700006,-27.50615000299996]},"arcs":[[[1768,599],[-32,-56]],[[1736,543],[-1,1],[-22,-56]],[[1713,488],[-14,4]],[[1699,492],[3,9],[-33,10],[-4,-12]],[[1665,499],[0,-1]],[[1665,498],[-3,1],[0,0],[-7,1],[5,1],[1,4],[0,7],[-1,2],[-3,1],[0,3],[-2,2],[1,9]],[[1656,529],[0,11],[-6,0],[0,7],[3,11],[-16,2],[13,36],[1,12],[-12,2],[-14,-1],[-7,1],[7,27],[51,-14],[7,8],[2,12],[2,0],[13,-15],[7,-13],[61,-16]],[[1699,492],[-2,-6],[-16,4],[-1,-1],[-10,1],[2,6],[-7,2]],[[1665,498],[0,1]],[[1713,488],[-5,-14],[-37,-43],[-3,3],[-17,-4],[-5,2],[-2,-1],[-3,1],[-2,3],[-4,2],[-3,6],[-3,1],[-1,2],[0,12],[-1,4],[-4,2],[-9,0],[-2,-1],[-6,-4],[-3,-4],[-10,-5],[-3,0]],[[1590,450],[3,2],[5,2],[3,3],[1,2],[5,39],[19,-2],[2,14],[6,-3],[1,0],[-1,2],[0,3],[1,2],[3,1],[4,-1],[3,-4],[1,-2],[3,0],[3,1],[2,4],[-3,6],[5,10]],[[1761,1445],[-1,-9]],[[1760,1436],[5,1],[-14,-73],[-1,-16],[-6,-31],[70,-5],[0,-3],[1,-3],[-2,-9],[21,-6],[3,-2],[-9,-22],[10,-13]],[[1838,1254],[4,-5],[58,-77],[4,-58],[14,-23],[19,-5],[-39,-33],[-24,-27],[-42,-38],[35,-42],[6,-54],[19,-66],[-3,-2],[-9,-7],[-17,-16],[-3,-4],[-81,-18],[-5,-6],[3,-45],[-8,-24],[1,-1],[39,-23],[-41,-81]],[[1590,450],[-5,-2],[-3,-3],[-2,0],[-6,0],[-4,-1],[-6,-3],[-4,-3],[-4,-1],[-9,4],[-7,0],[-13,6],[-19,3],[-20,6],[-14,1],[-7,-1]],[[1467,456],[1,3],[118,65],[4,3],[-73,24],[-55,20],[-32,14],[-27,11]],[[1403,596],[-22,10]],[[1381,606],[3,6],[3,1],[1,3],[0,2],[2,2],[-1,5],[2,5],[-1,4],[-1,2],[0,4],[-2,5],[-1,2],[1,3],[-57,53],[-27,23],[24,45],[20,35],[-2,73],[115,143],[38,75],[34,83],[27,146],[10,60],[-34,40],[-17,6],[9,11],[-53,21],[-9,-10],[-55,22],[-51,-71],[-5,-9],[-13,9],[-8,7],[-5,6],[-3,4],[-25,13],[-13,8]],[[1287,1443],[-15,8]],[[1272,1451],[127,166],[83,-2],[1,10],[13,7],[10,-12],[5,23],[-15,1],[-10,0],[-38,2],[0,5],[28,5]],[[1476,1656],[87,12],[14,2],[-14,-52],[-2,-6],[-4,-6],[34,17],[48,25],[4,1],[-5,-8],[-3,-1],[0,-4],[6,-5],[-7,-6],[7,-4],[37,-55],[6,-9],[4,-3],[1,-4],[12,-18],[13,-14],[3,-11],[17,-27],[27,-35]],[[2713,541],[-28,-49],[-42,-34],[-42,-33],[-18,1],[-37,-18],[14,-17],[-5,-26],[-14,-17],[-18,-16],[-111,97],[-86,64],[-28,-6],[-37,15]],[[2261,502],[6,36],[24,24],[35,86],[32,10],[18,23],[6,40],[214,-39],[23,-21],[0,-3],[-4,-8],[-5,-2],[0,-2],[-2,-1],[51,-17],[54,-87]],[[825,1797],[111,-24],[-10,-99],[28,52],[176,-88],[-24,-183],[2,-16],[3,-4],[2,-2],[7,0],[39,12],[35,-2],[0,10],[22,36],[38,-19],[-1,-16],[-4,-4],[23,1]],[[1272,1451],[15,-8]],[[1381,606],[22,-10]],[[1467,456],[-19,-41],[4,-24],[-8,-24],[-30,-12],[-12,-16],[4,-57],[-9,0],[-8,-3],[-12,-8],[-2,-12],[-9,-6],[-2,-33],[3,-5],[-17,-11],[-3,-4],[-23,-3],[-3,-4],[-7,-19],[-15,-3],[-4,-3],[-29,13],[-23,6],[-9,0],[-48,34],[-3,7],[-5,5],[-15,7],[-1,4],[-10,7],[-11,3],[-2,6],[-3,3],[-2,0],[-10,3],[-8,-1],[-9,1],[-12,3],[-3,0],[-5,-3],[-4,2],[-6,0],[-6,-2],[-3,0],[-1,-1],[-4,-1],[-3,-1],[-3,1],[-5,-2],[0,-1],[-2,-11],[-3,-7],[-2,-2],[-3,0],[-2,2],[-2,0],[0,-2],[2,-2],[-1,-3],[-15,-8],[-4,-1],[-4,-4],[-8,-1],[-5,-2],[-3,-3],[-6,1],[-3,-4],[-13,-12],[-2,-4],[0,-1],[3,-5],[-3,-6],[2,-8],[-1,-9],[9,-17],[1,-8],[-2,-6],[-8,-9],[-2,-4],[1,-2],[-3,-3],[0,-4],[3,-3],[-4,-1],[-1,0],[0,-2],[5,-6],[0,-2],[3,-1],[4,-3],[5,-2],[6,-6],[5,-1],[2,-2],[-1,-6],[-3,-4],[-1,-4],[1,-4],[1,-2],[3,0],[0,-2],[-7,-5],[-3,-8],[-7,-8],[-2,-1],[-2,0],[-5,-2],[-4,3],[-5,0],[-1,3],[-9,3],[-2,-1],[-2,-2],[-3,1],[-6,-2],[-5,-1],[-2,-1],[-3,-6],[-2,-1],[1,-3],[-3,-2],[0,-2],[-3,-1],[-5,-4],[-8,-3],[-4,1],[-2,10],[-7,0],[-5,-2],[-6,-2],[-11,6],[-3,0],[-3,-1],[-2,0],[-7,3],[-2,0],[-8,-4],[-5,3],[-2,0],[-2,-2],[-1,3],[-1,0],[-5,0],[-4,-2],[-11,1],[-6,-6],[-4,-2],[-5,-5],[-1,-2],[1,-1],[-1,-3],[1,-5],[-1,-2],[-3,-3],[-6,0],[-1,-1],[-3,2],[-8,1],[-4,-1],[-1,-2],[-6,1],[0,-1],[-6,-1],[-5,1],[-4,-1],[-3,2],[-3,-1],[-3,1],[-6,3],[-4,1],[-3,2],[-3,1],[-2,-1],[-2,-3],[-5,-2],[-5,-6],[-4,0],[0,-2],[-1,0],[-4,3],[-3,-2],[-2,0],[-1,0],[-7,-1],[-13,11],[-3,8],[-7,3],[-2,4],[-3,2],[-1,2],[-6,5],[-3,1],[-4,-2],[-2,0],[0,2],[-3,2],[0,1],[-2,-1],[-2,0],[0,2],[-3,3],[0,2],[3,1],[-1,2],[2,1],[1,3],[-3,4],[1,1],[-1,2],[-2,0],[0,2],[4,13],[-5,6],[0,1],[1,2],[-2,3],[-3,-2],[-2,4],[0,1],[5,1],[2,2],[0,1],[-5,4],[-5,8],[3,4],[3,0],[0,1],[-3,3],[4,2],[-5,8],[-2,0],[-2,-4],[-2,0],[0,3],[4,5],[-1,2],[-5,4],[-1,0],[1,-3],[-2,-1],[-3,0],[-5,3],[-1,4],[-3,1],[-3,2],[-3,-2],[-2,0],[-5,2],[-2,3],[-4,1],[-3,3],[0,2],[2,3],[-1,2],[-1,1],[-6,0],[-1,0],[0,-2],[0,-1],[-4,1],[-3,-2],[-1,0],[-4,7],[1,1],[2,-1],[1,2],[-6,0],[-1,2],[0,2],[-1,1],[-3,0],[-1,-1],[-1,1],[1,3],[-3,1],[-1,3],[-2,0],[-2,-4],[-3,0],[0,1],[0,5],[-4,2],[0,1],[2,2],[4,0],[-2,3],[4,2],[0,2],[-1,1],[-4,1],[-1,1],[2,3],[-2,3],[-18,16],[-1,2],[-3,9],[-7,8],[-2,2],[-3,1],[-12,-4],[-3,-1],[-4,2],[-3,3],[-3,7],[1,19],[-1,5],[-2,2],[-13,4],[-5,-3],[-2,0],[-12,1],[-13,1],[-2,1],[1,4],[-1,3],[12,14],[1,4],[-2,1],[-5,2],[-15,8],[-4,3],[0,1],[5,8],[4,3],[2,4],[2,1],[3,5],[4,1],[7,-2],[3,1],[3,2],[-1,3],[-7,6],[-2,6],[0,10],[-1,6],[1,7],[1,4],[8,7],[1,2],[0,2],[-7,3],[-4,-1],[-7,-3],[-8,-1],[-4,1],[-2,3],[1,7],[-5,12],[-1,5],[-8,8],[-4,8],[-3,0],[-2,-1],[-3,-3],[-5,-2],[-10,-6],[-3,-2],[-6,-8],[-2,-4],[-2,-1],[-2,1],[-2,5],[-3,15],[0,8],[1,2],[4,1],[3,0],[2,-2],[3,-1],[1,0],[2,2],[2,5],[-2,6],[-6,9],[-3,3],[-2,4],[-11,4],[-10,1],[-7,-1],[-3,-2],[1,-5],[6,-4],[4,-3],[3,-6],[-1,-2],[-7,-4],[-3,1],[-8,4],[-8,7],[-9,5],[-9,9],[-2,3],[0,13],[1,10],[1,3],[10,3],[1,1],[-3,4],[-17,4],[-5,2],[-5,9],[-3,5],[-1,4],[2,6],[-1,1],[-3,0],[-12,-2],[-7,-7],[-3,-1],[-18,0],[-11,-6],[-3,0],[-2,0],[-6,4],[-6,5],[-1,4],[2,8],[5,9],[10,13],[-1,5],[-4,1],[-2,2],[-1,5],[3,2],[11,2],[2,1],[1,3],[1,28],[-2,0],[-6,-2],[-2,-3],[-2,-8],[-4,-1],[-3,1],[-1,1],[-2,6],[0,4],[2,5],[3,3],[3,19],[1,10],[-8,-1],[-3,-2],[-2,-5],[0,-10],[-2,-1],[-5,-1],[-3,1],[-11,10],[-9,4],[-14,11],[-4,5],[1,2],[2,3],[2,4],[0,5],[-3,6],[-5,5],[-1,2],[0,4],[2,4],[4,4],[0,5],[1,1],[3,2],[5,-1],[0,3],[1,3],[-5,10],[-3,4],[-1,8],[0,1],[4,2],[0,4],[-2,1],[-4,-1],[-1,0],[-1,2],[1,1],[3,0],[1,2],[-1,2],[-4,3],[-5,1],[-3,-2],[-3,10],[0,14],[-5,4],[-2,3],[2,7],[-1,2],[-3,3],[-4,1],[0,5],[-3,0],[-1,-1],[0,-1],[2,-2],[0,-1],[-3,0],[-4,1],[-1,2],[0,2],[4,3],[2,0],[-1,0],[-7,1],[-4,-1],[-2,1],[0,1],[1,1],[1,3],[-2,5],[-1,0],[-3,-3],[0,-2],[-2,1],[-2,4],[3,4],[0,3],[-2,3],[-4,3],[0,3],[-3,2],[-3,0],[-1,-6],[-2,0],[-2,3],[0,2],[3,2],[-1,5],[-3,1],[-3,-3],[-2,0],[-2,2],[1,6],[-2,2],[-4,2],[-2,2],[-1,6],[-3,2],[-4,8],[-3,1],[-8,-3],[-3,-1],[-1,2],[0,3],[-1,0],[-1,1],[0,3],[1,1],[0,2],[-2,2],[-7,10],[-2,1],[-1,-1],[3,-5],[-1,-1],[-1,0],[-2,0],[-1,3],[-2,2],[-2,-1],[0,-2],[-2,-1],[-2,0],[-2,1],[-2,3],[1,5],[0,2],[-5,4],[-2,5],[-1,4],[-5,7],[-5,0],[-4,-3],[-2,0],[-1,-1],[5,-2],[1,-1],[1,-2],[-1,-1],[-5,1],[-3,-1],[-1,-3],[-2,0],[-6,3],[-1,2],[5,3],[-1,2],[-2,3],[-5,0],[-1,-6],[-2,0],[-2,3],[12,15],[12,16],[28,42],[91,6],[114,136],[-22,78],[32,-6],[16,-2],[51,-12],[88,-15],[36,-11],[10,41],[7,26],[21,81],[1,6],[39,134],[206,19],[-18,42],[-23,49],[4,7],[24,67],[28,71],[3,7],[36,0],[29,99]],[[2205,2061],[31,-38],[64,-72],[-33,-148],[0,1],[-127,21],[-37,-40],[-31,-36],[-145,124],[-40,4],[13,-65],[3,-18],[1,0],[17,-85],[-160,-34],[26,-62],[51,-86],[16,-25],[28,-48]],[[1882,1454],[-1,-24]],[[1881,1430],[-16,7],[-7,-15],[-21,10],[2,4],[-8,14],[-32,13],[-37,-8]],[[1762,1455],[-1,-10]],[[1476,1656],[14,28]],[[1490,1684],[30,57],[-58,6],[-10,-41],[-61,-8],[-32,155],[52,-15],[16,23],[18,-2],[4,-20],[11,0],[12,-20],[10,-18],[3,-9],[4,-5],[5,1],[7,2],[10,5],[8,1],[-8,5],[-10,9],[1,3],[3,0],[2,7],[1,0],[4,6],[7,-3],[6,0],[0,1],[12,-2],[12,1],[6,3],[1,2],[2,0],[2,2],[3,0],[4,2],[-1,-18],[0,-4],[3,1],[1,-1],[1,2],[1,-1],[0,1],[1,1],[2,-2],[1,3],[3,0],[6,2],[4,-3],[3,-1],[1,-4],[5,-5],[4,-2],[1,0],[5,6],[5,3],[21,1],[5,2],[7,3],[11,8],[5,2],[7,4],[38,28],[-10,63],[37,53],[18,-3],[9,33],[-11,1],[54,73],[5,3],[213,-13],[183,-7]],[[1767,2658],[336,-292],[36,-34],[56,-51],[-23,-105],[25,-82],[8,-33]],[[1490,1684],[-14,-28]],[[825,1797],[-13,14],[-14,17],[37,