{"type":"Topology","transform":{"scale":[0.0002808627686708052,0.0002589017494736716],"translate":[28.828189998000028,-27.26454998899993]},"arcs":[[[1335,1159],[0,-4]],[[1335,1155],[1,-11],[-12,-14],[9,-7],[3,3],[3,-2],[3,0]],[[1342,1124],[2,-16],[-4,-10],[-7,2],[-1,-1],[1,-4],[-8,-3],[-13,42],[-2,35],[-4,3]],[[1306,1172],[21,7]],[[1327,1179],[3,-6],[6,3],[1,-2],[-19,-9],[3,-2],[11,-4],[3,0]],[[1367,1130],[-2,-1],[1,-2],[-7,-6],[-7,7],[-6,-5],[0,2],[-4,-1]],[[1335,1155],[0,4]],[[1335,1159],[9,1],[0,-6],[7,0],[0,-2],[3,0],[0,4],[2,0],[2,-7],[-5,0],[-1,-1],[1,-2],[14,-16]],[[1424,1151],[-9,15],[-12,-6],[-19,-1],[-4,-2]],[[1380,1157],[-13,3],[-13,1],[1,8],[-4,5],[-2,16],[-4,5]],[[1345,1195],[1,0]],[[1346,1195],[4,-4],[7,1],[-1,-10],[8,-11],[3,-2],[12,-1],[2,4],[7,0],[-1,13],[17,9],[-5,9],[1,13],[25,-7]],[[1425,1209],[6,-9],[-9,-5],[21,-32],[-19,-12]],[[1447,1217],[3,-42],[5,-6],[5,-3],[10,1],[2,1],[-1,4],[6,3],[4,-10],[2,-2],[29,-16],[7,12]],[[1519,1159],[42,-27],[-12,-22],[-81,19],[-6,-20],[-4,-7],[-3,-14],[-10,-2],[-4,0],[-6,5],[-1,3],[1,9],[-1,10],[-4,4],[-5,2],[-9,-3],[-1,-2],[3,-5],[0,-4],[-9,-8],[-7,-3]],[[1402,1094],[1,7],[-3,-1],[-4,4],[-8,-2],[-4,2],[-1,2]],[[1383,1106],[2,1],[8,0],[4,2],[2,8],[9,6],[5,8],[2,7],[-7,1],[1,3],[-4,2],[0,-1],[-5,2],[3,-1],[1,8],[3,0],[7,-3],[5,-1],[5,3]],[[1425,1209],[2,7]],[[1427,1216],[7,-2],[6,1],[7,2]],[[1380,1157],[2,-3],[0,-10],[-15,-2],[1,-2],[12,2],[0,-15],[2,0],[1,-21]],[[1383,1106],[-9,14],[-3,7],[-4,3]],[[1327,1179],[10,7]],[[1337,1186],[8,9]],[[1346,1195],[-1,0]],[[1337,1186],[-4,37]],[[1333,1223],[-2,14]],[[1331,1237],[37,9],[1,1],[41,-23],[17,-8]],[[1449,1262],[-2,25],[-8,1],[-4,2],[-98,47]],[[1337,1337],[35,21],[22,15],[29,19],[32,23],[60,-110]],[[1515,1305],[-2,-4],[-7,-4],[-33,-9],[1,-26],[-25,0]],[[1304,2132],[28,-125],[3,-31],[30,-249],[-98,-6],[-52,-57],[42,-169],[26,-98],[-14,-10],[29,-31],[35,-18],[4,-1]],[[1449,1262],[2,-43],[-4,-2]],[[1447,1217],[-2,12],[-4,6],[-5,5],[-35,17],[-28,6],[-29,1],[-17,4],[2,-14]],[[1329,1254],[4,-31]],[[1306,1172],[-150,-64],[73,-187]],[[1229,921],[-10,9],[-5,1],[-21,1],[-8,-1],[-24,0],[-5,-2],[-11,-12],[-16,-28],[-5,-3],[-6,2],[-9,5],[-5,0],[-9,-11],[-12,-4],[-3,0],[-2,5],[4,17],[-6,20],[-13,30],[-1,11],[-3,8],[-6,3],[-10,-1],[-16,4],[-6,-1],[-2,-4],[1,-6],[4,-3],[9,-4],[4,1],[2,-2],[2,-4],[0,-7],[-3,-3],[-5,-3],[-6,-6],[-11,-13],[-8,-3],[-4,1],[1,7],[-4,4],[-11,4],[-8,5],[-7,10],[-6,14],[-5,1],[-3,-3],[-18,-9],[-8,-15],[6,-7],[16,-17],[26,-21],[3,-5],[-2,-8],[-3,-3],[-5,-2],[-29,20],[-14,13],[-6,1],[-5,-5],[-4,-7],[-1,-27],[-3,-8],[-5,9],[-11,2],[-7,-2],[-2,-6],[2,-20],[-4,-11],[-2,-16],[-5,-5],[-7,-1],[-5,-7]],[[868,803],[-1,2],[-5,1],[-7,3],[-8,8],[-9,6],[-6,10],[-1,10],[2,4],[8,3],[2,3],[0,3],[-6,7],[-12,7],[-17,14],[-7,8],[2,14],[9,15],[12,31],[0,11],[-4,15],[-5,8],[-5,5],[-8,1],[-11,8],[-21,7],[-8,0],[-7,-1],[-4,-2],[-2,-3],[0,-14],[4,-15],[0,-9],[-1,-15],[-2,-13],[-5,-10],[-8,-9],[-4,-3],[-10,-3],[-3,2],[-1,9],[-14,15],[0,4],[6,8],[1,3],[-4,7],[-16,5],[-15,11],[-8,7],[-23,16],[-32,6],[-25,6],[-22,13],[-13,5],[-22,11],[-14,12],[-8,3],[-11,2],[-3,0],[-2,-2],[-3,-11],[-16,-16],[-5,-14],[-10,-14],[-8,-18],[-3,-4],[-9,0],[-8,-3],[-30,-11],[-23,0],[-21,3],[-13,10],[-5,2],[-12,2],[-12,-9],[-5,-7],[-10,-11],[-6,-2],[-30,76],[-38,86],[-134,23],[-93,197],[12,-2],[7,-5],[0,-6],[5,-2],[26,-1],[33,3],[6,9],[1,25],[2,3],[9,6],[10,3],[5,0],[6,5],[-1,3],[-10,10],[-10,15],[-11,8],[-2,4],[2,6],[15,10],[10,8],[6,2],[24,-11],[11,-7],[2,1],[9,9],[16,23],[8,7],[4,6],[7,5],[4,5],[0,3],[-4,6],[0,3],[8,11],[6,5],[3,17],[5,10],[-4,6],[-6,6],[-5,1],[-7,-1],[-6,4],[-2,3],[2,4],[8,7],[15,9],[2,3],[-1,5],[-6,10],[2,7],[5,1],[3,-1],[4,-6],[1,-6],[1,-1],[6,-1],[14,0],[4,3],[0,8],[2,3],[12,-5],[7,1],[4,5],[8,15],[2,2],[12,0],[10,8],[9,9],[1,5],[-4,4],[-9,2],[-8,15],[-1,7],[6,10],[5,1],[16,-5],[11,-8],[2,-4],[-1,-9],[8,-5],[6,1],[7,3],[10,8],[7,3],[9,-1],[7,-9],[6,-3],[6,-10],[5,-2],[4,2],[2,5],[0,25],[1,2],[3,1],[5,0],[4,-8],[3,-2],[11,-4],[15,-3],[11,-8],[3,-2],[12,2],[12,10],[4,7],[11,6],[11,-4],[0,-3],[-5,-13],[3,-4],[4,-1],[5,0],[10,8],[17,7],[9,2],[3,3],[0,4],[-4,5],[-6,7],[-1,10],[2,4],[9,5],[2,3],[-1,4],[-1,3],[-4,0],[-14,-8],[-4,-2],[-12,8],[-1,8],[1,7],[1,15],[-2,5],[-3,0],[-5,-4],[-2,0],[-5,4],[-84,29],[6,14],[-47,21],[-2,-6],[-25,11],[-3,-10],[-29,8],[-139,155],[73,61],[47,28],[-3,1],[0,3],[3,2],[-1,2],[-4,1],[-4,-4],[0,2],[2,3],[-4,6],[2,3],[-2,3],[2,6],[-3,1],[0,3],[-4,1],[3,5],[0,7],[2,4],[-3,4],[0,4],[-1,4],[0,8],[3,2],[-1,3],[22,9],[47,7],[-12,21],[-35,68],[-67,137],[-72,93],[-27,12],[-3,0],[-62,27],[-54,48],[59,146],[198,-84],[-77,-103],[29,-29],[166,50],[171,10],[-15,-156],[11,-143],[102,-26],[1,3],[-3,5],[0,4],[4,1],[8,0],[3,5],[2,9],[-4,3],[0,3],[-4,4],[-2,3],[7,3],[224,-68],[-55,-84],[119,32],[13,-17],[16,18],[-6,5],[52,14],[69,-117],[95,104],[83,-7]],[[1564,1273],[-5,-2],[-3,-4],[0,-16],[-9,-17],[-8,-7],[-6,-3],[-2,-3],[-1,-7],[2,-15],[-2,-5],[-8,-4],[-17,-3],[-5,0],[-4,3],[-3,0],[-9,-7],[0,-3],[35,-21]],[[1515,1305],[22,-39],[10,11],[2,-4],[5,4],[2,-1],[-1,-1],[3,-4],[6,2]],[[1402,1094],[-6,-2],[-4,-4],[-4,-17],[-5,-16],[2,-7],[8,-10],[9,-12],[5,-16],[-1,-14],[-1,-5],[-13,-15],[-8,-6],[-12,-6],[-10,-3],[-5,0],[-15,4],[-14,10],[-16,15],[-5,3],[-3,-1],[-4,-3],[-1,-3],[4,-7],[1,-6],[0,-4],[-2,-2],[-18,2],[-5,-1],[-5,-4],[-5,-9],[-6,-11],[-12,-13],[-8,-15],[-4,-2],[-3,5],[-7,2]],[[2953,1530],[-2,-3],[4,-18],[-4,-12],[0,-13],[-1,-1],[-10,0],[-3,3],[-11,4],[-4,2],[-13,13],[-11,15],[-9,18],[-21,15],[-5,2],[-1,-1],[-4,-14],[0,-13],[10,-11],[3,-5],[-1,-6],[-1,-3],[-18,-18],[-6,-3],[-15,6],[-19,20],[-8,5],[-8,0],[-2,-1],[-21,-13],[-8,4],[0,4],[8,12],[-1,3],[-3,7],[1,6],[16,12],[4,8],[-1,11],[-7,6],[-11,-2],[-30,3],[-5,4],[-6,10],[-1,1],[-2,-1],[-6,-10],[-10,-7],[-6,-7],[-3,-1],[-5,1],[-3,2],[-17,23],[-4,-1],[-6,-6],[-8,-5],[-11,-5],[-2,-9],[1,-14],[-2,-14],[0,-18],[-8,-1],[-6,6],[-21,11],[-8,-2],[-14,-8],[-11,-5],[-11,2],[-21,7],[-2,-2],[-1,-10],[-2,-10],[-8,-16],[-5,-5],[-4,-1],[-9,4],[-10,1],[-6,4],[-12,-1],[-10,4],[-3,9],[-19,24],[3,8],[4,5],[2,4],[-2,13],[-3,2],[-7,0],[-4,2],[-38,1],[-22,8],[-15,11],[-6,12],[-5,5],[-7,13],[-4,1],[-6,-1],[-6,-7],[-8,-12],[-7,-14],[1,-12],[8,-29],[2,-37],[11,-16],[3,0],[10,5],[31,3],[6,-4],[1,-11],[-6,-28],[-10,-16],[-17,-18],[9,-7],[0,-4],[-23,-12],[-5,-5],[-2,-5],[2,-4],[4,-3],[18,-4],[8,-4],[3,-5],[-1,-3],[-3,-4],[-10,-5],[-4,-3],[-14,-19],[-5,-2],[-17,0],[-12,-5],[-20,-1],[-19,-5],[-20,-8],[-13,-8],[-2,-3],[-1,-9],[15,-23],[0,-5],[-1,-7],[-3,-7],[-10,-15],[-5,-5],[-8,-2],[-8,0],[-15,6],[-17,20],[-20,17],[-10,13],[-1,7],[-3,7],[-6,5],[-8,3],[-6,3],[-8,1],[-8,0],[-7,-4],[-19,-18],[-9,-2],[-6,2],[-7,5],[-6,10],[-4,3],[-5,1],[-4,0],[-9,-7],[-11,-21],[-4,-6],[-7,-5],[-6,1],[-32,34],[-6,1],[-14,-1],[-5,2],[-11,11],[-5,8],[-2,6],[0,27],[-4,5],[-7,0],[-6,-2],[-13,-11],[-9,-10],[-12,-7],[-10,-8],[-4,-9],[0,-7],[2,-10],[8,-14],[2,-8],[0,-10],[-4,-7],[-22,-9],[-9,-1],[-8,2],[-5,6],[-6,10],[-11,12],[-26,18],[-16,5],[-45,22],[-8,8],[-9,21],[-6,10],[-5,3],[-7,1],[-7,-3],[-13,-16],[-7,-7],[-8,-4],[-15,16],[-3,-1],[-5,-7],[-1,-16],[-6,-5],[-5,1],[-21,9],[-9,-7],[-3,1],[-2,-23],[-3,-13],[-8,-10],[-9,-3],[-5,0]],[[1304,2132],[27,-4],[140,-12],[-26,64],[-14,37],[2,3],[-24,122],[84,8],[0,39],[155,23],[123,-82],[188,28],[56,5],[165,17],[67,6],[-11,213],[117,12],[-1,71],[-7,65],[134,-14],[156,-18],[-26,135],[280,-12],[8,-197],[-5,-182],[227,-85],[134,20],[1,-45],[203,7],[84,-57],[168,74],[-91,-411],[-5,-166],[-10,-9],[-1,-3],[2,-3],[9,-7],[6,-2],[4,0],[5,-1],[3,-4],[-4,-4],[-2,2],[-4,0],[-8,3],[0,-2],[3,-5],[4,1],[1,-1],[1,-2],[-4,-3],[-2,0],[-3,1],[-3,-2],[-7,1],[-2,-1],[-2,4],[-8,2],[-2,-6],[2,-1],[3,4],[2,-1],[1,-4],[-6,-2],[0,-2],[3,-1],[-3,-3],[1,-2],[10,-13],[12,-5],[3,-2],[0,-3],[-3,0],[-5,4],[-3,0],[-7,-13],[-5,-6],[-12,3],[-5,3],[-1,0],[3,-20],[-3,-9],[-4,-5],[-3,-2],[-5,0],[-5,2],[-8,5],[-3,8],[-6,7],[-6,1],[-15,8],[-4,3],[-2,5],[-6,3],[-1,2],[3,8],[-2,2],[-4,-1],[0,4],[4,3],[-5,3],[2,3],[-3,5],[-12,4],[-10,-2],[-14,5],[-6,-4],[-1,-4],[-10,0],