{"type":"Topology","transform":{"scale":[0.00040393109224091684,0.00035159006024846267],"translate":[28.243464999000025,-27.066949999999963]},"arcs":[[[902,1177],[-1,1],[-9,2]],[[892,1180],[4,19],[-51,12],[3,18],[11,6]],[[859,1235],[6,-13],[4,1],[-1,-1],[68,19],[-2,-40],[-8,2],[0,-15],[-6,-2],[-14,3],[-4,-12]],[[1286,1498],[0,-133],[28,-7],[9,-2],[69,-16],[-6,-18]],[[1386,1322],[-83,-113],[-50,20],[-8,2],[-142,27],[-5,-5],[-13,-143],[-60,91],[-7,5],[-29,-10],[-33,-23],[-8,-5],[-17,-9],[-11,-2]],[[920,1157],[-3,11],[0,2],[-1,2],[-3,2],[-2,-2],[0,2],[-7,2],[-2,1]],[[859,1235],[-11,25],[-26,-20],[-55,-11],[-44,-7],[-36,-54]],[[687,1168],[-1,13],[-75,-15],[20,21],[-20,41]],[[611,1228],[-26,50],[1,2],[4,-1],[1,-1],[0,-3],[2,0],[3,8],[4,8],[-1,5],[1,3],[1,2],[3,3],[2,-1],[6,-5],[13,14],[6,5],[5,1],[11,-2],[7,1],[0,1],[-2,7],[-1,13],[6,5],[0,3],[-1,4],[-4,1],[-3,7],[55,-3],[3,10],[10,26],[-7,21],[-4,16],[-7,7],[2,12],[0,8],[-2,15],[-4,61],[9,75],[13,4],[11,-7],[4,6],[7,1],[-1,-7],[-2,-1],[7,-9],[75,-26],[-12,-26],[20,-5],[7,25],[17,-5],[-5,-53],[132,-25],[0,0],[-17,64],[14,23],[12,26],[6,-1],[6,-5],[7,-4],[1,0],[2,2],[0,2],[-2,1],[1,4],[6,-1],[2,-1],[21,8],[67,-21],[185,-14],[-2,-63]],[[1601,593],[-12,-7],[-6,-7],[1,-3],[4,-3],[5,1],[4,-1],[4,-4],[2,-5],[0,-2],[-2,-2],[-1,-3],[-2,-13],[-4,-4],[-6,-8],[0,-2],[2,-2],[1,-2],[0,-3],[-3,-3],[-5,-4],[-2,-4],[-6,-6],[-12,-17],[-3,-4],[-3,-2],[-1,-1],[-8,5],[-16,8],[-4,-1],[-7,-6],[-10,-7],[-1,-1],[-1,-4],[1,-3],[8,-6],[7,-11],[7,-7],[0,-3],[0,-1],[-4,-2],[-4,0],[-7,-2],[-2,-1],[-4,-4],[-1,-2],[0,-18],[-4,-7],[-23,-2],[-18,1],[-3,1],[-1,1],[0,4],[-5,3],[-8,2],[65,-145],[92,-17],[27,-63],[21,-56],[-7,-4],[-9,0],[-17,11],[-8,7],[-3,0],[-3,-4],[-1,-2],[-2,-3],[-5,-10],[-8,-10],[-1,-3],[3,-2],[7,-2],[9,0],[8,-4],[2,-2],[2,-4],[3,-6],[-1,-4],[1,-5],[-6,-12],[-1,-6],[0,-4],[2,-4],[4,-3],[2,-3],[2,-4],[0,-2],[-9,-15],[-6,-4],[-6,-8],[-5,-4],[-4,0],[-5,5],[-4,0],[-5,2],[-3,1],[-3,2],[-1,3],[-4,15],[-7,13],[-5,20],[-8,17],[-2,1],[-3,0],[-8,3],[-9,6],[-8,10],[-3,0],[-3,-3],[-8,-4],[-2,-3],[-3,-9],[-16,-22],[-5,-4],[-7,-3],[-4,-1],[-7,1],[-5,3],[-14,9],[-2,1],[-2,0],[-8,-5],[-15,-10],[-5,-1],[-4,5],[-3,7],[0,3],[1,2],[1,10],[-2,11],[-1,19],[-2,10],[-5,12],[-4,7],[-3,3],[-5,0],[-2,-1],[-2,-2],[-1,-3],[3,-6],[0,-4],[-5,-11],[-6,-16],[-4,-7],[-3,0],[-1,1],[0,5],[-5,4],[-15,5],[-14,6],[-5,4],[-8,1],[-4,2],[-1,5],[7,16],[1,8],[-3,6],[-3,4],[-4,4],[-5,3],[-2,0],[-3,-1],[-2,1],[-10,3],[-10,8],[-7,4],[-4,1],[-7,-2],[-5,-5],[-11,-8],[-6,-2],[-3,0],[-2,2],[-11,2],[-1,1],[-3,2],[-6,7],[-5,8],[-6,16],[-4,9],[-4,6],[-6,4],[-5,2],[-13,10],[-2,5],[-2,14],[-1,2],[-7,7],[-7,2],[-4,-1],[-3,-3],[-1,-4],[-3,-5],[-5,-5],[-4,-2],[-3,-1],[-13,1],[-9,-1],[-11,1],[-7,2],[-7,3],[-17,15],[-15,10],[-7,7],[-6,5],[-3,1],[-9,-1],[-6,2],[-6,5],[-11,14],[-3,2],[-3,0],[-2,-4],[-2,0],[-16,-3],[-2,-3],[-1,-3]],[[971,312],[-35,61],[-100,9],[-3,48],[-23,2],[-2,22],[9,15],[-11,8],[31,56],[94,8],[9,2],[64,27],[-12,59],[127,25],[0,57],[-90,26],[20,41],[-6,-2],[-4,-3],[-34,-31],[-40,7],[-18,50],[-93,6],[21,66],[10,29],[-38,53],[-21,24],[-167,16],[82,93],[4,20],[-16,12],[-32,9],[5,8],[-13,6],[-2,27]],[[892,1180],[-7,-28],[6,-5],[14,-4],[7,11],[4,2],[4,1]],[[1386,1322],[-6,-13],[-1,-9],[11,-74],[1,-13],[-17,-55],[-3,-38],[-1,-7],[-10,-25],[-21,-74],[-2,-60],[-1,-5],[-12,-20],[-20,-16],[-3,-1],[-21,-21],[-7,-12],[4,-3],[-21,-21],[75,-17],[4,15],[41,-10],[4,-35],[5,-160],[-30,17],[-91,-45],[-18,-9],[-26,-52],[-19,-33],[13,-14],[51,-35],[24,-17],[6,3],[5,-1],[2,-3],[22,5],[21,1],[38,20],[73,63],[4,5],[19,32],[4,5],[23,11],[8,3],[42,4],[21,8],[24,-23]],[[971,312],[0,-7],[-1,-4],[-2,-3],[-18,-11],[-9,-4],[-6,-5],[-7,-15],[-5,-7],[-15,-28],[-8,-8],[-4,-6],[-1,-6],[2,-2],[6,3],[2,0],[2,-1],[13,-16],[3,-2],[2,0],[2,1],[7,9],[6,4],[11,6],[13,6],[4,0],[7,-1],[21,-3],[8,-2],[11,-6],[5,-5],[1,-3],[0,-2],[-3,-5],[-8,-25],[-6,-4],[-4,-17],[-7,-10],[-3,-2],[-3,0],[-7,3],[-21,19],[-5,2],[-8,5],[-9,2],[-5,2],[-16,3],[-8,1],[-5,-1],[-1,-2],[0,-7],[3,-14],[1,-7],[-1,-5],[-5,-2],[-6,1],[-4,-3],[-9,-2],[-11,-1],[-4,-2],[-5,-7],[-15,-29],[-2,-3],[-3,-1],[-8,-4],[-4,0],[-5,0],[-6,3],[-8,8],[-4,1],[-5,-2],[-8,-6],[-5,-3],[-4,-3],[-2,-3],[3,-20],[0,-9],[-2,-9],[-3,-4],[-3,-2],[-4,-5],[-2,-5],[-2,-3],[-4,-3],[-10,-4],[-12,-2],[-14,-6],[-8,-2],[-2,0],[-2,2],[-1,2],[1,7],[8,20],[2,2],[20,5],[1,2],[10,22],[1,6],[-1,5],[-17,19],[-5,2],[-3,0],[-3,1],[-4,4],[-6,7],[-9,7],[-1,3],[0,10],[-1,3],[-3,7],[-3,3],[-5,3],[-6,1],[-13,8],[-11,3],[-5,2],[-6,7],[-11,3],[-2,2],[-1,3],[-1,4],[4,9],[2,5],[1,0],[13,22],[0,6],[-3,12],[-1,2],[-8,6],[-4,6],[-10,11],[-2,0],[-18,6],[-9,6],[-7,7],[-5,11],[-5,24],[-7,20],[-3,4],[-4,0],[-2,-1],[-6,-8],[-4,-4],[-2,-5],[0,-3],[2,-2],[7,-3],[4,-2],[1,-4],[0,-3],[-3,-7],[-9,-13],[-3,-9],[1,-7],[5,-12],[0,-2],[-5,-4],[-7,-4],[-4,-1],[-4,1],[-3,9],[-4,7],[0,11],[-1,3],[-10,12],[-4,2],[-6,7],[-4,3],[-8,3],[-2,1],[-3,5],[-6,1],[-11,-6],[-7,-6],[-2,-3],[2,-3],[15,-12],[10,-11],[12,-11],[1,-3],[-1,-4],[-2,-3],[-8,-9],[-9,-14],[-5,-6],[-1,-4],[-9,-11],[-8,-14],[-7,-9],[-4,-3],[-9,-4],[-7,-5],[-9,-8],[-2,-1],[-2,1],[-6,3],[-3,4],[-3,8],[0,4],[3,6],[9,11],[11,10],[8,7],[7,11],[0,3],[-1,2],[-4,3],[-1,1],[-5,9],[-9,17],[-9,10],[-6,4],[-5,11],[-5,8],[-6,10],[-2,8],[-6,14],[-5,6],[-7,6],[-1,7],[4,11],[0,11],[-1,6],[-1,5],[-3,3],[-16,12],[-10,3],[-13,-3],[-27,-9],[-9,1],[-13,6],[-4,1],[-13,2],[-10,-1],[-6,-2],[-7,-5],[-31,-26],[-2,-2],[-12,-9],[-7,-5],[-4,-1],[-1,1],[-2,0],[-1,3],[-7,17],[-2,6],[0,9],[1,2],[6,8],[17,11],[2,2],[1,3],[1,4],[0,3],[-2,3],[-9,4],[-12,0],[-8,-2],[-6,-2],[-4,-3],[-2,-2],[-3,-6],[-2,-17],[-2,-6],[-6,-9],[-6,-5],[-6,-1],[-5,1],[-4,3],[-24,26],[-4,7],[-3,6],[-15,32],[0,6],[2,14],[-2,5],[-3,1],[-3,-1],[-4,-2],[-12,-10],[-11,-10],[-3,-2],[-5,-2],[-6,1],[-2,2],[-2,7],[0,8],[3,7],[0,4],[-1,6],[-1,3],[-18,17],[-6,8],[-1,3],[1,6],[0,2],[-8,7],[-10,5],[10,2],[-12,30],[46,-5],[3,25],[52,6],[-2,-36],[65,-7],[38,109],[-6,60],[-8,2],[-3,22],[8,0],[-5,54],[7,1],[42,19],[11,1],[-3,18],[17,3],[-3,14],[145,32],[-31,128],[-28,-2],[43,178],[37,-4],[17,4],[54,1],[-2,44],[117,11]],[[1286,1498],[183,11],[-6,26],[17,8],[28,-123],[7,-1],[-41,-108],[38,-35],[43,-20],[2,0],[19,-8],[50,-70],[46,-100],[24,-50],[9,-16],[-33,-5],[-15,-7],[0,-2],[-1,-1],[-1,-6],[1,-3],[0,-3],[2,-3],[-1,-3],[0,-5],[-2,-2],[0,-2],[1,-1],[1,0],[0,-2],[2,0],[0,-4],[1,-3],[-1,-2],[2,-5],[0,0],[-2,-2],[1,-1],[0,0],[3,2],[2,0],[1,-2],[-2,-1],[0,-2],[0,-1],[2,0],[-33,-21],[-50,-45],[42,-49],[54,-65],[20,-5],[3,7],[17,-8],[1,4],[33,-15],[-4,-11],[58,-21],[3,-3],[2,0],[3,3],[2,0],[2,-2],[0,-2],[-1,-11],[-1,-5],[1,-4],[1,-3],[6,-4],[3,0],[11,7],[3,-1],[1,-2],[0,-2],[-1,-3],[-7,-4],[-1,-2],[1,-8],[3,-4],[4,-5],[0,-1],[0,-2],[-3,-2],[-6,-1],[-5,-3],[-7,-2],[-5,-5],[-2,-1],[-4,0],[-3,3],[0,3],[3,8],[-1,2],[-5,2],[-3,0],[-6,-4],[-3,-5],[-8,-8],[-9,-1],[-2,1],[-5,5],[-2,1],[-11,2],[-9,4],[-1,2],[-3,5],[-1,0],[-3,0],[-2,-1],[1,-18],[-2,-6],[-3,-1],[-1,0],[-3,1],[-3,8],[-5,2],[-5,7],[-6,0],[-5,-2],[-6,-5],[-6,-3],[-4,-1],[-5,4],[0,8],[-2,2],[-7,6],[-14,3],[-2,-2],[-3,-9],[7,-13],[3,-1],[3,-1],[2,-2],[0,-3],[-2,-3],[-11,-10],[-3,-1],[-5,0],[-2,-1],[-5,-11],[-3,-4],[-5,-1],[-3,1],[-4,3],[-1,0],[-1,-1],[-1,-2],[0,-5],[-2,-3],[-10,1],[-4,1],[-1,1],[-1,4],[-2,3],[-2,2],[-4,0],[-2,-6],[5,-9],[0,-2],[0,-2]]],"objects":{"150":{"type":"GeometryCollection","geometries":[{"arcs":[[0,1,2]],"type":"Polygon","properties":{"WARD":"83006001","PROVINCE":"Mpumalanga","CAT_B":"MP306","MUNICNAME":"Dipaleseng Local Municipality","WARDNO":1,"VOTERS":3676,"Area":4.58881099638,"Shape_Leng":0.114330215491,"Shape_Area":0.000415955135426,"ID":3503,"POPULATION":7638,"DENSITY":1664.4834590104995}},{"arcs":[[3,4,5,-3,6,7,8]],"type":"Polygon","properties":{"WARD":"83006002","PROVINCE":"Mpumalanga","CAT_B":"MP306","MUNICNAME":"Dipaleseng Local Municipality","WARDNO":2,"VOTERS":3133,"Area":351.737794912,"Shape_Leng":1.15461972333,"Shape_Area":0.031867773772,"ID":3504,"POPULATION":7415,"DENSITY":21.081044196160754}},{"arcs":[[9,10,-7,-2,11,-5,12]],