{"type":"Topology","transform":{"scale":[0.0004955320389016201,0.0004080819001436602],"translate":[28.76291999700004,-26.737600003999944]},"arcs":[[[873,921],[-28,-80],[-13,-102],[-8,-18],[41,-12],[46,-14],[1,-21],[-2,-9],[-4,-8],[-19,-30]],[[887,627],[-7,7],[-17,31],[-7,9],[-2,2],[-6,2],[-6,1],[-12,0],[-17,-2],[-15,2],[-4,2],[-24,28],[-9,13],[-5,2],[-12,-1],[-5,3]],[[739,726],[-12,8],[-2,5],[-3,15],[-7,3],[-11,-3],[-6,0],[-5,3],[-6,9],[-6,3],[8,14],[16,13],[-10,12],[-5,-9],[-18,-5],[-1,7],[-1,2],[-4,-7],[-2,-3],[-12,-1],[-2,-1]],[[650,791],[-22,23],[-11,8],[-22,13],[-1,-2],[4,-4],[0,-13],[6,-9],[-20,8]],[[584,815],[-44,-47],[-55,-41],[-4,-2],[-14,18],[-2,-2],[1,-4],[-5,-4],[-1,-3],[1,-3],[-2,0],[0,-4],[-2,-3],[2,-1],[0,-3],[2,-3],[1,0],[-1,-2],[2,-3],[-1,-2],[-1,0],[-1,-3],[3,0],[0,-3],[3,0],[0,-6],[2,-4],[4,-4],[1,-3],[1,-3],[1,0],[2,3],[1,0],[1,-3],[0,-3],[-3,-2],[2,-4],[-3,-5],[0,-2],[2,0],[2,-5],[-2,-3],[-1,-7],[2,0],[2,3],[0,-4],[3,-2],[0,-2],[3,-2],[1,-2],[2,0],[1,5],[2,-2],[-2,-3],[0,-4],[1,-4],[0,0],[-3,0],[-1,-1],[1,-5],[3,-3],[-3,-4],[0,-2],[3,-2],[0,-2],[4,0],[0,-4],[5,-1],[0,-1],[0,-4],[2,0],[0,3],[2,0],[1,-5],[2,-1],[1,-3],[-3,-2],[-2,-3],[-2,0],[-1,-1],[5,-5],[1,-5],[3,-3],[3,-8],[0,-2],[-4,-2],[-43,10],[-98,-8],[-13,-28],[17,-105],[46,39],[99,-36],[-53,-122]],[[463,316],[-97,-6],[-94,-32],[-17,18],[44,66],[-113,53],[-5,2],[-23,105],[-14,-6],[5,-23],[-149,-9],[6,168],[29,51],[13,4],[-4,14],[-2,13],[13,28],[20,6],[-2,7],[13,-2],[54,35],[59,23],[-23,77],[-24,64],[59,33],[41,116],[-3,55],[107,-20],[22,27],[41,40],[26,-9],[2,13],[34,20],[65,7],[13,-82],[52,-135],[74,-38],[2,-37],[41,-96],[73,59],[1,1],[1,-1],[1,1],[2,2],[-1,1],[0,1],[7,0],[4,4],[3,-2],[1,1],[0,4],[0,2],[-2,-1],[-1,1],[0,4],[2,2],[5,5],[1,0],[1,-1],[1,1],[1,3],[3,-1],[0,-3],[3,0],[2,3],[6,3],[4,-2],[6,2],[21,-34]],[[334,861],[31,6],[-2,19],[-27,-8],[-1,1]],[[335,879],[-1,9],[5,0],[0,9],[6,1],[0,11],[-5,1],[-7,-2],[-7,-6],[-7,-10],[-6,-4]],[[313,888],[-3,-1],[-6,-1],[0,-1],[-1,0],[-2,-3],[1,0],[-5,-6],[4,-1],[-1,-3],[-5,2],[-4,-8],[3,-6],[5,2],[6,-10],[18,4],[4,3],[7,2]],[[334,861],[-1,0]],[[333,861],[-5,3],[-4,6],[-1,-1],[-1,2]],[[322,871],[1,1],[0,1],[1,0],[4,-5],[0,1],[2,5],[3,-2],[1,5],[-1,1],[0,2],[2,-1]],[[313,888],[0,-2],[-1,-1],[2,-1],[-1,-2],[4,-3],[-4,-5],[-2,-8],[11,5]],[[617,485],[3,-7]],[[620,478],[0,-2],[-6,-2],[1,-4]],[[615,470],[-1,-1]],[[614,469],[-6,-3],[1,-2],[-6,-3],[-7,10],[-3,-2],[0,-1],[-3,2],[0,2],[6,4],[4,4],[0,2],[-4,-1],[-2,2],[2,2],[6,0],[0,1]],[[602,486],[2,0],[5,2],[0,-2],[-2,-4],[5,-2],[1,3],[4,2]],[[847,546],[4,-2],[1,0],[10,-3],[7,1],[0,0],[0,1],[1,1],[6,0],[3,1],[9,-1],[3,0],[4,-1],[3,1],[7,10],[4,-5],[4,0],[2,-1],[1,-10],[0,-15],[2,0],[0,-4],[17,0],[10,6],[5,5],[7,17],[3,3],[-11,12]],[[949,562],[4,-3],[6,-2],[23,5],[20,-4],[40,-2],[3,0],[4,3],[10,13],[4,2],[5,0],[20,-5],[15,4],[5,0],[12,-1],[6,-2],[12,-24],[-1,-2],[1,-2],[-19,8],[-21,-157],[-55,-92]],[[1043,301],[-86,1],[1,89],[-117,13],[-14,-20],[-44,6],[-70,10],[0,6],[-22,-1],[-16,15]],[[675,420],[-4,6]],[[671,426],[-4,8]],[[667,434],[-1,13],[0,9]],[[666,456],[0,2]],[[666,458],[0,0],[1,9]],[[667,467],[3,21]],[[670,488],[2,19]],[[672,507],[1,12]],[[673,519],[0,1],[3,1]],[[676,521],[18,3],[9,5],[10,25],[6,38],[2,22]],[[721,614],[6,0],[13,5],[7,1],[23,-2],[-2,-24],[1,-3],[1,-4],[3,-14],[4,-2],[2,-3],[-6,-17],[-5,0],[-8,2],[-3,-6],[54,-6],[15,-13],[10,0],[5,-1],[3,7],[3,12]],[[659,507],[1,-1],[0,0],[0,-2],[-4,-6],[-2,-1],[2,-6],[2,1],[1,-1],[-2,-1],[2,-5],[2,1],[2,-4],[3,3],[4,3]],[[667,467],[-1,2],[0,2],[-2,2],[-2,1],[-6,0],[0,2],[0,-1],[-4,1],[-2,4],[-5,-3],[0,5],[-1,8],[-2,0],[-3,-2],[-8,-3],[-1,5],[-2,0],[0,1]],[[628,491],[-2,6],[6,2],[-3,11]],[[629,510],[3,1],[2,-5],[1,0],[7,3],[1,-4],[12,7],[2,-4],[2,-1]],[[654,408],[1,-5],[-6,0]],[[649,403],[0,0],[-10,2]],[[639,405],[0,1],[1,-1],[0,3],[0,0],[0,1],[-2,1],[-2,3],[-1,0],[-3,7],[-1,1],[-3,-1],[-1,5],[6,3]],[[633,428],[4,-10],[6,-3],[5,0],[4,2],[1,-7],[1,-2]],[[647,452],[-4,-2]],[[643,450],[-16,-12]],[[627,438],[-3,6],[-2,-6],[-1,1],[0,1],[-4,-1]],[[617,439],[0,6],[6,4],[-2,6],[1,1],[-2,6],[3,-1],[3,1],[0,3],[-2,2],[0,3],[-8,-2],[-1,2]],[[620,478],[11,3],[2,-6],[3,1],[-1,3],[2,0],[6,-21],[2,-4],[2,-2]],[[675,421],[0,-1]],[[1043,301],[1,0],[22,-62]],[[1066,239],[-88,-15],[0,-24],[-48,-6],[14,-77],[-1,-2],[8,-23],[15,-41],[-142,15],[-54,-66],[-39,74],[-30,-9],[4,-3],[-9,-12],[-8,11],[-67,-20],[31,53]],[[652,94],[8,64],[21,79],[-45,14],[5,41],[8,111]],[[654,408],[3,0],[0,2],[2,0],[0,4],[-1,0],[0,1],[5,-2],[0,12],[1,0],[0,2],[3,0],[0,0],[8,-6]],[[666,458],[-11,-16],[-8,10]],[[617,485],[1,1],[-1,1],[4,2],[2,1],[1,-1],[4,2]],[[667,434],[-3,0],[-2,-2],[0,-1],[-4,1],[-1,-4],[-2,1],[-1,-2],[-1,1],[-3,1],[0,-1],[-2,1],[1,-7],[-4,-1],[-1,1],[-3,-1],[0,1],[-1,-2],[-1,2],[-1,0],[-2,7]],[[636,429],[0,-1]],[[636,428],[10,2],[-2,4],[6,4],[-4,5],[-4,1],[3,2],[-2,4]],[[666,458],[0,-2]],[[627,438],[5,-7],[1,-3]],[[639,405],[-10,1],[-12,33]],[[636,428],[0,1]],[[636,429],[-3,-1]],[[949,562],[-15,16]],[[934,578],[-2,2],[0,1],[1,-1],[2,2],[22,17],[-15,22],[-3,24],[-5,4],[-10,-7],[1,-6],[-7,-4],[-16,-8],[3,-1],[7,-5],[3,-5],[5,-9],[1,-1],[-7,-5]],[[914,598],[-27,29]],[[873,921],[42,-1],[-4,4],[-1,4],[2,5],[1,11],[4,3],[13,-8],[28,-7],[22,-7],[24,-5],[50,48],[55,-9],[46,-5],[20,-14],[3,9],[5,12],[6,23],[-1,1],[-3,1],[-3,4],[-3,1],[-1,3],[-4,1],[44,97],[2,69],[-54,46],[26,54],[-18,20],[34,4],[27,41],[26,-21],[137,-16],[2,19],[38,74],[36,10],[40,-39],[95,-58],[-30,-81],[-10,-29],[4,-55],[-26,19],[-26,-30],[21,-17],[-8,-33],[-15,-2],[-7,1],[-21,-2],[-64,-2],[6,-77],[-9,-43],[129,0],[3,-1],[-53,-83],[79,-58],[39,-79],[75,19],[7,-27],[38,-43],[5,-27],[2,-17],[-20,-117],[-118,6],[15,-86],[-88,12],[-76,9],[4,-42],[1,-45],[-67,-7],[6,-135],[-131,-15],[-32,-3],[-107,-18],[-69,52]],[[1414,668],[-1,4],[-5,-2],[-4,2],[-22,-1],[3,-12],[1,-10]],[[1386,649],[-3,0],[-1,-3],[-2,0],[0,-3],[-3,-3],[-1,-2],[-2,1],[-1,0],[-1,3],[-2,-1],[0,-1],[2,-2],[0,-2],[-2,-1],[-1,-4],[-1,-1]],[[1368,630],[-7,-1],[0,-9]],[[1361,620],[-20,-2],[0,-3],[3,-4],[1,-9],[-2,-4],[3,-2],[3,-3]],[[1349,593],[2,-5],[-3,0],[-5,-2],[-3,-1],[-5,-3],[-4,-4],[-3,-1],[0,-6],[1,0],[0,-5],[2,-3],[-3,0],[0,-16],[-10,-1],[0,1],[-160,6],[2,-12],[21,-2],[4,-2],[8,-7],[7,-1],[3,-2],[4,2],[21,-1],[129,0],[3,71]],[[1360,599],[1,9]],[[1361,608],[27,-1],[3,-27],[6,2],[39,3],[-11,-26],[37,5],[13,0],[-25,74],[-1,0]],[[1449,638],[0,3],[4,34],[12,-1],[-2,22],[14,-1],[-1,18],[-13,-1],[-1,11],[12,-1],[2,0],[1,15],[2,6],[2,4],[1,3],[-2,2],[-4,1],[-3,5],[-1,-5],[-11,1],[-1,5],[-16,-4],[-1,1],[2,1],[-1,5],[-2,-1],[-2,-7],[0,0],[-7,-2],[-2,6],[-3,22],[-11,0],[-1,1],[-25,-20],[6,-7],[24,9],[1,-3],[1,0],[1,-54],[-1,-6],[2,-4],[-9,-5],[9,-22],[-4,-2],[0,-1],[-4,-2],[-2,4],[-1,0]],[[650,791],[-2,-2],[1,-4],[-1,-2],[10,-5],[-2,-4],[1,-5],[5,-6],[3,-4],[-73,30]],[[592,789],[-8,26]],[[739,726],[-8,-22],[-2,-13],[-6,-1],[-1,0],[-13,0],[0,-1],[-10,-2],[-12,-5],[-6,0],[-5,-2],[5,-20],[5,2],[6,-1],[4,-1],[-1,-4],[0,-3],[6,-9],[2,0],[1,4],[3,-1],[4,1],[4,-3],[-2,-2],[0,-11],[2,0],[5,0],[3,0],[-2,-18]],[[676,521],[-20,59],[-8,26],[-20,18],[18,29],[-31,21],[-4,5],[-7,13],[13,15],[-25,82]],[[914,598],[-19,-16],[-2,5],[1,12],[-6,1],[-1,2],[-7,1]],[[880,603],[-1,0]],[[879,603],[-2,0],[-3,2],[-6,-1],[-5,1],[-2,1],[-7,-3],[-3,-8],[1,-2],[-17,9],[-4,-13],[-1,0],[4,-2],[4,-4],[21,-11],[-6,-12]],[[853,560],[-6,-14]],[[673,519],[-3,2],[-10,-4],[-31,2],[-1,0],[-1,-1]],[[627,518],[-4,14],[-21,-36],[1,-8],[-1,-2]],[[614,469],[1,1]],[[652,94],[-127,43],[-4,-2],[1,-1],[3,-3],[0,-2],[2,-2],[-1,-5],[-2,-3],[-5,0],[-2,-1],[0,-3],[2,-3],[-1,-2],[-57,17],[-7,91],[9,98]],[[627,518],[2,-8]],[[879,603],[1,0]],[[880,603],[-2,-9],[-1,0],[0,-7],[5,-1],[0,-6],[-5,1],[1,-6],[-9,2],[-1,-2],[0,-5],[4,0],[11,-3],[8,1],[1,-7],[6,1],[0,-2]],[[898,560],[0,-2],[-6,1],[-1,-1],[-9,1],[-1,-5],[-11,-1],[-4,0],[-13,7]],[[1349,593],[5,1],[1,1],[4,1],[1,3]],[[1361,620],[0,-12]],[[1386,649],[0,-4],[3,0],[1,-3],[8,0],[0,-7],[4,0]],[[1402,635],[-4,-13],[-11,0],[0,2],[-1,0],[-1,4],[-3,-1],