{"type":"Topology","transform":{"scale":[0.0007236302199730094,0.000603282638783274],"translate":[28.49050000400007,-26.34572000199995]},"arcs":[[[287,351],[-6,-3],[0,-1],[-2,-1],[-5,-2],[0,2],[3,5],[-1,0],[-1,2],[2,1],[-3,10],[3,1]],[[277,365],[1,-3],[3,-4],[1,0],[0,-1],[3,0],[0,-1],[1,0],[0,-3],[1,-2]],[[292,354],[-1,1],[0,-1],[-1,-1],[-1,0],[-1,-1],[-1,-1]],[[277,365],[12,4],[0,-1],[5,2]],[[294,370],[0,-1],[0,-2],[0,-2],[1,-1],[-1,-1],[0,-1],[0,-1],[0,-2],[-1,-1],[0,-1],[0,-1],[-1,-1],[0,-1]],[[395,401],[-15,-8],[-51,26],[-2,1],[0,2],[0,0],[-4,3],[0,3],[-4,1],[-1,1],[-2,1],[-1,2],[-1,0],[-1,0],[-1,1],[-1,0],[-1,2],[0,-2],[1,-2],[0,-1],[0,-2],[0,-1],[0,0],[0,-1],[-1,1],[-1,-2],[0,-2],[-1,-3],[1,-3],[0,-1],[2,-3],[1,-3],[2,-1],[0,0],[1,-2],[0,-1],[6,-29],[-26,-8]],[[295,370],[0,1],[2,1],[0,2],[-1,0],[1,1],[-1,2],[1,4],[0,4],[4,9],[1,3],[1,2],[-3,-2]],[[300,397],[-4,8],[-3,-1],[-2,-2],[-3,0],[-1,-1],[-2,0],[-2,1],[-1,0]],[[282,402],[-3,0],[-5,1],[-13,0]],[[261,403],[-2,0],[-1,17],[57,23],[29,8],[16,4],[8,2],[41,5],[2,0],[5,2],[16,10],[14,-13],[9,-14],[-41,-17],[-19,-29]],[[300,397],[-12,-5],[-3,0]],[[285,392],[-2,0]],[[283,392],[0,6],[-1,0],[0,4]],[[283,392],[-2,0]],[[281,392],[0,0],[-2,0],[-5,4],[-4,0],[-6,-2]],[[264,394],[-3,9]],[[295,370],[-1,0]],[[292,354],[0,0],[0,-1],[-1,0],[0,-2],[-1,0],[0,-2],[0,0],[1,0],[1,0],[0,0],[0,-1],[-1,0],[0,-1],[0,-1],[1,0],[0,-1],[-2,-1],[0,-2],[0,0],[-1,-1],[-2,-1],[0,0],[0,-2],[0,-1],[1,-2],[0,-1],[0,-1],[-1,-2],[1,-2],[0,-1],[1,0],[0,0],[0,-2],[-19,-4],[-18,-7]],[[252,315],[0,2],[1,0],[4,19],[8,12],[2,3],[1,2],[0,7],[0,4],[-2,5],[6,2],[-8,23]],[[281,392],[4,0]],[[395,401],[27,-51],[43,15],[40,28],[-8,25],[96,-11]],[[593,407],[110,-34],[-2,-44],[30,1],[1,-77],[-52,-5],[2,-68],[-1,-8],[-17,6],[-29,-27],[-15,-19],[-73,14],[2,-37],[-28,-79],[-40,-22],[-29,-8],[-17,65],[-36,-17],[-35,-7],[-20,-6],[-41,-28],[-51,34],[0,15],[-64,32],[-1,18],[-5,55],[-56,19],[-71,20],[6,88],[-1,-1]],[[60,287],[9,35],[12,-3],[5,-4],[5,-7],[6,-8],[5,-4],[8,-3],[16,-9],[4,-5],[-4,-2],[-3,-1],[-6,0],[-2,0],[-3,-1],[30,-7],[11,-7],[20,39],[0,0],[38,5]],[[211,305],[20,3],[-12,28],[21,7],[3,-15],[-5,-1],[3,-15],[5,2],[0,-2],[6,3]],[[60,287],[-9,-10],[-8,57],[-43,30]],[[0,364],[22,14],[2,-1],[6,3],[9,-8],[7,-12],[17,-20],[8,11],[6,6],[20,16],[5,6],[28,-10],[9,3],[2,-1],[4,-7],[30,-10],[-11,-29],[-1,-4],[38,10],[10,-26]],[[0,364],[9,37],[11,8],[-5,16],[20,13],[-18,29],[18,9],[21,-5],[11,23],[55,-20],[11,73],[6,22],[57,52],[0,0],[3,0],[19,-4],[6,-1],[50,-18],[30,-9],[65,0],[0,11],[7,1],[16,-51],[27,15],[40,2],[14,-2],[44,6],[4,-10],[24,54],[0,6],[-2,-1],[-1,3],[-4,74],[13,74],[-7,4],[4,11],[36,-14],[35,-14],[4,18],[3,-1],[4,0],[3,1],[4,1],[9,-5],[2,-1],[-12,-33],[8,-8],[35,31],[8,18],[2,3],[3,7],[21,-40],[13,-26],[15,-12],[-37,-30],[-9,-8],[-38,36],[2,-41],[2,-10],[0,-19],[0,-15],[-21,-9],[4,-27],[1,0],[1,-7],[13,-53],[-59,6],[-6,-57],[15,-21],[-16,-49]]],"objects":{"152":{"type":"GeometryCollection","geometries":[{"arcs":[[0,1]],"type":"Polygon","properties":{"WARD":"83101001","PROVINCE":"Mpumalanga","CAT_B":"MP311","MUNICNAME":"Victor Khanye Local Municipality","WARDNO":1,"VOTERS":3354,"Area":0.663975758344,"Shape_Leng":0.0411444601025,"Shape_Area":0.000059927849307,"ID":3541,"POPULATION":6606,"DENSITY":9949.158409752497}},{"arcs":[[2,-2,3,4]],"type":"Polygon","properties":{"WARD":"83101002","PROVINCE":"Mpumalanga","CAT_B":"MP311","MUNICNAME":"Victor Khanye Local Municipality","WARDNO":2,"VOTERS":2899,"Area":0.917201447442,"Shape_Leng":0.0406521764269,"Shape_Area":0.000082779704094,"ID":3542,"POPULATION":5251,"DENSITY":5725.023673528438}},{"arcs":[[5,6,7,8,9]],"type":"Polygon","properties":{"WARD":"83101003","PROVINCE":"Mpumalanga","CAT_B":"MP311","MUNICNAME":"Victor Khanye Local Municipality","WARDNO":3,"VOTERS":3025,"Area":37.2069868674,"Shape_Leng":0.403655491606,"Shape_Area":0.00335689898655,"ID":3543,"POPULATION":14033,"DENSITY":377.1603449107949}},{"arcs":[[10,11,12,-8]],"type":"Polygon","properties":{"WARD":"83101004","PROVINCE":"Mpumalanga","CAT_B":"MP311","MUNICNAME":"Victor Khanye Local Municipality","WARDNO":4,"VOTERS":3556,"Area":0.717578264045,"Shape_Leng":0.0365223769488,"Shape_Area":0.00006475135027,"ID":3544,"POPULATION":6022,"DENSITY":8392.115956876802}},{"arcs":[[-9,-13,13,14,15]],"type":"Polygon","properties":{"WARD":"83101005","PROVINCE":"Mpumalanga","CAT_B":"MP311","MUNICNAME":"Victor Khanye Local Municipality","WARDNO":5,"VOTERS":2984,"Area":0.797688815777,"Shape_Leng":0.0424891698109,"Shape_Area":0.0000719799916,"ID":3545,"POPULATION":7469,"DENSITY":9363.300390171216}},{"arcs":[[16,-4,-1,-3,17,18,-15,19,-11,-7]],"type":"Polygon","properties":{"WARD":"83101006","PROVINCE":"Mpumalanga","CAT_B":"MP311","MUNICNAME":"Victor Khanye Local Municipality","WARDNO":6,"VOTERS":3620,"Area":8.45809371162,"Shape_Leng":0.202330482732,"Shape_Area":0.000763380353392,"ID":3546,"POPULATION":6644,"DENSITY":785.5197904549414}},{"arcs":[[20,21,22,23,-18,-5,-17,-6]],"type":"Polygon","properties":{"WARD":"83101007","PROVINCE":"Mpumalanga","CAT_B":"MP311","MUNICNAME":"Victor Khanye Local Municipality","WARDNO":7,"VOTERS":3491,"Area":828.510686452,"Shape_Leng":1.57337003031,"Shape_Area":0.0748271114581,"ID":3547,"POPULATION":11322,"DENSITY":13.6654845678396}},{"arcs":[[-23,24,25]],"type":"Polygon","properties":{"WARD":"83101008","PROVINCE":"Mpumalanga","CAT_B":"MP311","MUNICNAME":"Victor Khanye Local Municipality","WARDNO":8,"VOTERS":3177,"Area":54.265847621,"Shape_Leng":0.473668607729,"Shape_Area":0.004898477984,"ID":3548,"POPULATION":6080,"DENSITY":112.04100307183148}},{"arcs":[[-21,-10,-16,-19,-24,-26,26]],"type":"Polygon","properties":{"WARD":"83101009","PROVINCE":"Mpumalanga","CAT_B":"MP311","MUNICNAME":"Victor Khanye Local Municipality","WARDNO":9,"VOTERS":2558,"Area":636.237615956,"Shape_Leng":2.01587690441,"Shape_Area":0.0573765112485,"ID":3549,"POPULATION":12024,"DENSITY":18.898599671654022}}]}}}