{"type":"Topology","transform":{"scale":[0.0006201730241730073,0.0005488612352941113],"translate":[28.919584000000043,-26.38428999799993]},"arcs":[[[307,1004],[-1,-2],[0,-4],[1,-2],[3,0],[0,-2],[1,-2],[1,-4],[-1,0],[0,-1],[2,1],[4,-5],[1,1],[0,2],[5,1],[0,-2],[1,0],[2,-3]],[[326,982],[0,-8],[-1,-1],[-1,0],[0,-4],[0,-2],[0,-3],[0,0]],[[324,964],[-1,0]],[[323,964],[-10,1]],[[313,965],[-2,4]],[[311,969],[-6,11],[-11,24],[-2,3]],[[292,1007],[10,3],[1,-7],[4,1]],[[336,986],[-8,-2],[0,-1],[-2,-1]],[[307,1004],[6,1],[0,-1],[21,-1],[0,-14],[2,-3]],[[307,960],[-3,-9],[-2,1],[-5,-1]],[[297,951],[0,2],[-1,1],[1,3],[-4,2],[-2,0],[1,1],[-1,1],[-1,1],[3,2],[1,-1],[-1,-1],[3,-1],[1,1],[2,-1],[1,1],[6,-1],[1,-1]],[[341,975],[-4,0],[0,-3],[-4,-3],[-2,0],[-1,-4],[-4,0],[0,-1]],[[326,964],[-2,0]],[[336,986],[5,-11]],[[341,975],[5,-14],[1,-6]],[[347,955],[0,-2],[-2,-6],[-4,-3],[-2,-7]],[[339,937],[-9,7],[3,5],[-5,3],[-2,12]],[[339,937],[-3,-7]],[[336,930],[-21,2]],[[315,932],[0,8],[-1,1],[4,5],[-4,2],[1,2],[-1,0],[0,2],[-2,1],[3,7],[1,0],[-3,5]],[[323,964],[3,0]],[[315,932],[-18,1],[3,10],[-2,-1],[-3,1],[2,5],[0,3]],[[307,960],[2,4]],[[309,964],[2,5]],[[347,955],[7,-6],[1,1]],[[355,950],[3,-4],[3,1],[4,-3],[1,-3],[-3,-1],[-5,0],[0,-2],[2,0],[0,-2],[-2,-7],[-19,1]],[[339,930],[-3,0]],[[397,932],[-2,-13],[15,-2]],[[410,917],[5,-1],[1,-1],[4,-9],[-1,-2],[1,-2],[0,0],[-5,-3],[-13,-14]],[[402,885],[-36,-24]],[[366,861],[-62,0],[-2,5],[31,20],[4,-2],[9,16],[-14,18],[2,10],[5,2]],[[355,950],[4,6],[38,-24]],[[421,944],[17,-5],[0,0],[1,-1],[-1,0],[-1,-3],[-5,1],[0,-1]],[[432,935],[-3,1],[-1,-5],[-5,1],[1,2],[-3,0],[0,-2]],[[421,932],[-6,2],[-1,-1]],[[414,933],[-3,1],[0,0],[-6,1]],[[405,935],[2,9],[11,-4],[3,4]],[[432,914],[19,-4],[13,0]],[[464,910],[6,0]],[[470,910],[9,-1],[8,-2],[-3,-17],[3,-15],[0,-1],[-2,-1]],[[485,873],[-57,-32],[-26,44]],[[410,917],[0,4],[2,3],[0,2],[0,2],[1,0],[1,5]],[[421,932],[-1,-2],[1,0],[1,-5],[-3,-1],[0,0],[5,2],[0,-2],[-1,-4],[-3,-3],[0,-2],[12,-1]],[[601,1074],[-5,-3],[-65,-33]],[[531,1038],[-14,27],[-63,-47],[0,-11],[-3,0],[-3,-11],[1,0],[0,-2],[-2,-1],[0,-4],[-3,-3],[2,-1],[-2,-4]],[[444,981],[-27,-9],[3,-27],[1,-1]],[[405,935],[-1,-5],[-4,1],[0,2],[-1,0],[0,3],[-2,0],[0,-4]],[[292,1007],[-1,1],[-6,-1],[-1,-5],[-2,-2],[-10,3],[-14,-4],[1,-10],[0,-12]],[[259,977],[-2,-29],[0,-2],[-29,25],[0,9],[-76,9],[-30,9],[-72,-2]],[[50,996],[-12,24],[-8,2],[31,89],[25,38],[5,7],[9,13],[-50,26],[29,100],[64,24],[54,-87],[83,55],[22,30],[17,9],[127,-53],[-12,-68],[50,-34],[37,60],[75,-67],[3,-36],[3,-47],[-1,-7]],[[463,933],[-4,-10],[0,-6],[-2,-2],[-2,4],[-5,2],[-2,2],[-1,0],[-2,4],[-5,2]],[[440,929],[1,4],[-9,2]],[[444,981],[5,-1],[2,-3],[-2,-23],[1,-3],[-1,-1],[0,-5],[-1,-1],[0,-1],[-1,-3],[2,-1],[1,-1],[-1,-1],[14,-4]],[[468,943],[0,-2],[1,0],[-4,-9],[-2,1]],[[531,1038],[-18,-26],[1,-3],[1,-9],[-10,1],[-9,-22],[-11,-7],[-4,-1],[-3,-8],[-10,-20]],[[440,929],[0,-1],[-6,0],[0,-2],[-5,-2],[0,-1],[1,0],[5,-4],[-3,-4],[0,-1]],[[484,939],[-2,-7]],[[482,932],[-7,2],[1,2],[-2,2],[-2,-2],[-2,-3],[-2,-9]],[[468,924],[1,0]],[[469,924],[0,0],[-1,0],[0,0],[-4,-14]],[[468,943],[1,-1],[2,2],[5,-2],[1,-2],[2,1],[0,-1],[2,0],[0,0],[3,-1]],[[537,846],[-15,8],[-9,-15],[-6,1],[-1,6],[1,5]],[[507,851],[12,11],[9,10]],[[528,872],[14,15],[1,-1],[0,-2],[1,0],[8,-3],[3,0],[7,-2],[2,0],[0,-2],[2,0],[2,-2],[6,-2],[-7,-16],[-4,3],[-13,4],[-3,-9],[-9,4],[-1,-13]],[[692,774],[-37,-42],[0,-27],[1,0],[-2,-6],[-28,-87],[-8,-17],[-5,0],[-110,3],[-12,15],[-1,0],[-3,2],[-35,32],[46,51],[33,-22],[9,71],[-22,12],[-1,0],[-10,-12],[-6,5],[-85,-49],[-4,-1],[-54,8],[-54,-19]],[[304,691],[-44,-16],[-34,82]],[[226,757],[21,9],[43,44],[39,-17],[37,68]],[[485,873],[2,-5],[3,-3],[2,-8],[-1,-2]],[[491,855],[-1,-4],[-4,-4],[-1,0],[-2,-8],[-8,-1],[-5,-9],[-3,-1],[9,-12],[10,2],[5,2],[2,-7],[21,-7],[5,3],[-6,10],[-2,5],[22,-12],[0,-1],[7,-6],[16,32]],[[556,837],[4,-2],[8,11],[3,-3],[4,-6],[5,-5],[2,0],[5,-6],[5,0],[3,1],[2,7],[2,1],[5,0],[10,-3],[6,1],[4,1],[4,6],[6,4],[3,4],[1,6],[0,5],[-1,5],[-3,5],[-2,3],[-5,6],[-2,1],[-7,2],[-2,3],[1,3],[4,5],[2,6],[-7,1],[-4,3],[-2,1],[-2,9],[0,3],[1,3],[3,1],[5,0],[2,1],[0,1],[-3,0],[6,6],[-27,3],[22,53]],[[617,983],[12,0]],[[629,983],[50,1],[3,-13],[14,-87],[47,0],[-25,-80],[-6,3],[-19,-12],[-3,-21],[2,0]],[[617,983],[-25,8],[-24,-6],[-9,3],[0,1],[-8,2],[-1,-5],[3,-9],[-16,-7],[-9,-7],[3,0],[-1,-3],[-4,-2]],[[526,958],[-3,1],[-3,-3],[2,-2],[-4,-5],[-12,7],[-2,-5],[5,-1],[-5,-14]],[[504,936],[-3,2],[-1,1],[-1,-2],[-3,3],[-4,-3],[-1,1],[-2,1],[-2,-2],[0,1],[-3,1]],[[601,1074],[58,6],[-30,-97]],[[537,846],[19,-9]],[[491,855],[8,5],[3,-14],[5,5]],[[504,936],[2,-1],[-5,-23],[5,-3],[-3,-8]],[[503,901],[-12,4],[3,10],[-5,2],[-5,1],[-1,2],[-4,1]],[[479,921],[-11,3]],[[482,932],[2,7]],[[309,964],[-12,1],[0,8],[-18,0],[-20,4]],[[526,958],[24,-13],[0,-1],[-2,-3],[1,-3],[-3,-2],[-2,0],[-1,-3],[-3,-1],[-1,-3],[0,-4],[-3,-1],[-13,-30],[-12,4],[-1,-1],[-1,-5],[11,-2],[-4,-11]],[[516,879],[-3,1],[-5,-2],[-8,12],[0,1],[3,10]],[[721,168],[-107,20],[-38,42],[9,28],[-3,11],[-17,-14],[-8,5],[-11,-8]],[[546,252],[-16,-12],[-8,2]],[[522,242],[-45,9],[1,9]],[[478,260],[7,50],[47,30],[17,10],[16,7],[24,2],[-4,8],[18,22],[-27,19],[0,-9],[-3,0],[-15,-5],[-26,26],[-10,11],[-8,8],[-2,18],[20,4],[55,15],[18,-23],[12,18],[0,2],[24,33],[8,6],[1,-1],[0,-5],[1,-1],[6,9],[0,5],[4,3],[9,2]],[[670,524],[52,-53],[20,-19],[18,-15],[26,9],[-31,-119],[-21,15],[-22,-30],[-27,-3],[15,-15],[-21,-40],[43,-34],[-1,-52]],[[546,252],[3,-3],[-2,0],[-2,-2],[4,-6],[-4,-4],[12,-3],[-3,-8],[-1,-3],[2,-1],[3,3],[7,1],[0,-4],[-1,-5],[4,-2],[-4,-9],[-45,11],[3,7],[-1,2],[5,4],[-5,2],[1,10]],[[721,168],[-36,-72],[3,-1],[2,-2],[2,-1],[2,-3],[3,0],[0,-1],[-5,-17],[-4,-9],[-2,-7],[-15,11],[-37,4],[-45,6],[-39,-36],[-59,14],[-11,7],[-3,-2],[-1,-9],[-1,-4],[0,-3],[3,-3],[-34,1],[-16,26],[-4,-2],[-4,1],[-5,-2],[-1,-2],[-3,0],[0,2],[-2,1],[-1,-3],[-2,1],[-6,-6],[0,-3],[2,0],[1,-1],[0,-3],[-3,0],[-4,-2],[-5,0],[0,-1],[0,-1],[-1,-1],[-3,-1],[-58,-44],[-33,71],[-1,28],[-59,29],[-42,99],[-11,62]],[[183,289],[26,5],[0,-12],[51,11],[0,0],[14,-7],[3,11],[15,-3],[-12,70]],[[280,364],[14,0],[5,-12],[10,4],[14,1],[5,3],[51,-53],[26,-13],[26,-43],[47,9]],[[184,707],[-8,-17],[4,-4],[1,-1],[1,2],[1,0],[0,1],[2,5],[2,-2],[0,-2],[4,-1],[4,-6],[1,1],[-1,2],[1,7],[15,-14],[-30,-31],[-7,7],[-11,-7],[-6,-36],[-9,-14],[-5,1],[-6,-2],[-25,-16],[-5,-1],[-12,5],[-28,5],[-18,10],[-31,3],[-15,4]],[[3,606],[6,51],[68,-6]],[[77,651],[85,70]],[[162,721],[5,-4],[19,4]],[[186,721],[-1,-2],[-3,-2],[1,-4],[1,0],[-3,-1],[4,-3],[-1,-2]],[[226,757],[-3,7],[-61,-43]],[[77,651],[-17,65],[-5,30],[24,10],[1,38],[-3,10],[-3,46],[45,-40],[54,42],[-17,13],[-41,73],[-15,-31],[-20,-17],[-21,-18],[-9,10],[15,35],[-13,7],[-9,-2],[-8,2],[15,72]],[[304,691],[1,-21],[4,0],[7,-8],[-8,-26],[-28,-17],[1,0],[-1,-5],[-6,1],[-34,-19],[-12,-6],[41,-92],[8,-102],[-24,-5],[4,-27],[23,0]],[[183,289],[-52,-6],[-27,-15],[-3,75],[61,5],[-1,85],[-35,-1],[3,48],[-129,38],[18,54],[-16,22],[1,12]],[[184,707],[5,-4],[2,0],[0,-1],[2,0],[7,17],[-1,1],[0,0],[-3,2],[-1,-1],[-4,1],[-5,-1]],[[692,774],[19,-1],[-50,-49],[5,-7],[32,-43],[33,-39],[48,-50],[-23,-12],[-3,-16],[-33,-3],[-52,-27],[2,-3]],[[516,879],[4,-1]],[[520,878],[8,-6]],[[470,910],[-6,0]],[[469,924],[10,-3]],[[520,878],[-4,1]]],"objects":{"153":{"type":"GeometryCollection","geometries":[{"arcs":[[0,1,2,3,4,5,6]],"type":"Polygon","properties":{"WARD":"83102001","PROVINCE":"Mpumalanga","CAT_B":"MP312","MUNICNAME":"Emalahleni Local Municipality(MP)","WARDNO":1,"VOTERS":5426,"Area":2.23455944643,"Shape_Leng":0.0842802309711,"Shape_Area":0.000201198718321,"ID":3550,"POPULATION":15603,"DENSITY":6982.5844306482095}},{"arcs":[[7,-1,8]],"type":"Polygon","properties":{"WARD":"83102002","PROVINCE":"Mpumalanga","CAT_B":"MP312","MUNICNAME":"Emalahleni Local Municipality(MP)","WARDNO":2,"VOTERS":4565,"Area":1.77165548538,"Shape_Leng":0.0604950674299,"Shape_Area":0.000159511942103,"ID":3551,"POPULATION":9349,