{"type":"Topology","transform":{"scale":[0.0005946224798657778,0.0005315934542032616],"translate":[29.168170002000068,-26.253879997999945]},"arcs":[[[946,225],[1,1]],[[947,226],[3,1],[-3,5],[5,4],[-1,1],[0,1],[4,2],[10,-14],[-1,-1]],[[964,225],[-15,-6],[-3,6]],[[945,224],[1,1]],[[964,225],[1,-6],[-1,-3],[-15,-13],[1,-2],[-3,0],[-2,-5],[0,2],[-3,-1],[-1,0],[-6,1],[-3,-2],[-1,2],[2,6],[-3,0],[8,25],[2,-1],[0,-3],[5,-1]],[[659,84],[36,71],[2,75],[1,1]],[[698,231],[67,72],[50,97],[60,15],[20,35]],[[895,450],[19,17]],[[914,467],[47,42],[61,3],[63,5],[3,-93],[69,-3]],[[1157,421],[-43,-82],[-5,5],[-28,-65],[-17,-109],[6,-49],[-77,-67],[-73,40],[-17,-46],[-13,1],[0,-7],[-50,-25],[-31,5],[-92,5],[-6,-2],[-9,-24],[-76,-1],[8,22],[25,62]],[[947,226],[-2,-2]],[[620,275],[78,-44]],[[659,84],[-79,44],[-33,31],[-30,-8],[-32,-57],[-2,-14],[-113,12],[32,123],[-27,-9],[-19,15],[-21,20],[-43,44]],[[292,285],[11,-6],[66,0],[5,-2],[0,0],[104,-6],[-7,37],[28,7],[-3,14],[18,12],[3,5],[8,17],[2,2],[5,2],[3,0],[6,0],[4,-3],[20,-18],[2,-3],[0,-5],[-1,-3],[-6,-7],[-3,-6],[-1,-5],[1,-5],[36,30],[18,-64],[8,-4],[1,1]],[[884,701],[36,2]],[[920,703],[-8,-32],[-7,-26],[-4,-13],[-6,-11],[-35,-65],[-6,-15],[3,-10],[38,-81]],[[620,275],[43,84],[-9,3],[-12,6],[-9,44],[-27,35],[12,14],[2,5],[0,11],[3,7],[9,12],[7,9],[-1,0],[19,27],[55,76],[-21,4],[22,17],[11,1],[8,7],[-3,5]],[[729,642],[12,9]],[[741,651],[26,21],[1,-1],[13,-1],[16,-4],[1,21],[0,13],[5,12],[25,-16],[11,1],[45,4]],[[731,644],[-2,-2]],[[292,285],[-14,13],[55,29],[34,3],[4,16],[23,13],[-50,52],[-34,40],[-34,44],[-4,7],[52,51],[-23,1],[4,21],[20,13],[6,-3],[26,83]],[[357,668],[30,0],[9,7],[2,0],[6,-3],[-7,-30],[53,-17],[34,-1],[12,41],[5,0],[101,33],[17,11],[3,3],[6,4],[4,3],[8,10]],[[640,729],[12,15]],[[652,744],[28,-32],[51,-68]],[[914,467],[-19,-17]],[[920,703],[21,2],[-3,7],[-49,109],[20,31],[24,-20],[38,105],[24,-2],[83,-9]],[[1078,926],[-11,-56],[-3,-108],[105,-4],[-3,-22],[-22,-25],[-7,-22],[-8,-35],[-15,-30],[11,-6],[33,-17],[34,-58],[-34,-26],[0,-34],[0,-11],[15,-21],[-16,-30]],[[694,903],[-74,-72],[59,-75],[-13,5]],[[666,761],[-26,-32]],[[357,668],[-49,-1],[-14,91],[-4,13]],[[290,771],[42,11],[49,8],[43,6],[14,47],[2,3]],[[440,846],[1,2]],[[441,848],[1,-3]],[[442,845],[29,-63],[66,32],[-1,0],[44,23],[9,1]],[[589,838],[9,4],[-15,19],[4,16],[5,-2],[2,-1],[2,3],[3,1],[18,1],[6,1],[15,25],[4,-2],[3,0],[2,2],[5,1],[0,2],[30,-5],[12,0]],[[920,703],[-36,-2]],[[741,651],[-10,-7]],[[652,744],[14,17]],[[694,903],[3,3],[-49,39],[7,5],[11,4],[-10,4],[-11,4],[-20,20]],[[625,982],[3,7],[-15,6],[-13,11],[8,8],[15,10],[-1,2],[-1,4],[10,41],[8,23],[3,12],[17,25],[15,19],[8,6],[15,11],[24,22],[5,5],[10,15],[15,19],[4,5],[11,6],[2,3],[0,25]],[[768,1267],[38,1],[10,20],[100,-6],[-7,-42],[-4,-35],[118,-12],[1,-7],[-1,-73],[15,-23],[67,30],[38,-34],[-37,-47],[3,-3],[16,-48],[-8,-4],[0,3],[-14,-12],[7,-26],[23,16],[15,-45],[-67,-1],[-3,7]],[[589,838],[-3,2],[-1,-1],[-9,3],[-2,2],[-2,0],[-7,32],[-2,6],[1,0],[-12,15],[-6,11],[-5,-2],[-7,-6],[-3,-1],[-12,-2],[0,2]],[[519,899],[2,10]],[[521,909],[-2,1],[2,8],[1,0],[1,2],[0,10],[-3,1],[-5,-3],[-2,-1]],[[513,927],[1,4],[1,3],[18,19],[-2,2],[-2,0],[-4,4],[2,1],[-1,2],[1,0],[-3,5],[-3,-1],[-2,-1]],[[519,965],[-3,11],[-5,8],[1,1],[8,1],[7,5],[5,-7],[12,10],[3,-3],[-3,-3],[15,-17],[11,-18],[55,29]],[[442,845],[2,-4],[6,1],[10,5],[2,4],[2,1],[2,-4],[-1,0],[-1,-3],[0,-1],[30,4],[0,1],[-3,31],[5,4],[-1,0],[5,26]],[[500,910],[20,-5]],[[520,905],[-1,-6]],[[484,914],[16,-4]],[[441,848],[-1,-1]],[[440,847],[-6,8]],[[434,855],[4,1],[4,5],[1,3],[1,9],[5,5],[7,5],[12,9],[3,-2],[3,4],[4,3],[4,16]],[[482,913],[0,1],[2,0]],[[490,950],[-4,-20],[12,-3],[0,2],[2,-2],[2,-2],[2,1],[9,1]],[[521,909],[-1,-4]],[[520,905],[-36,9]],[[482,913],[-12,3],[2,2],[1,1],[0,1],[2,2],[0,3],[1,0],[1,2],[0,1],[-4,1],[10,19],[0,-1],[2,0],[3,3],[2,0]],[[495,970],[-3,-13]],[[492,957],[-2,-7]],[[434,855],[-14,-7]],[[420,848],[-32,-15],[-3,8],[3,1],[-12,39],[2,5],[13,15]],[[391,901],[4,1],[7,5],[0,0],[3,1],[2,-3],[4,-1],[3,3],[2,4],[11,3],[3,0]],[[430,914],[4,-1],[3,1],[11,7]],[[448,921],[13,9],[-1,0],[0,3]],[[460,933],[7,-1],[9,16],[5,5],[-2,4]],[[479,957],[-6,10],[-2,2],[-1,0]],[[470,969],[2,1],[9,2],[7,0],[7,-2]],[[490,950],[0,1]],[[490,951],[2,-1],[1,-1],[4,0],[2,2],[-2,3],[3,2],[4,0],[0,2],[7,1],[-1,6],[9,0]],[[490,951],[2,6]],[[495,970],[1,8],[0,4],[-8,25],[-3,21],[-1,0],[-3,-6],[-4,-4],[-6,-2],[-3,0],[-1,-1],[-7,-3],[-5,-5],[-9,6],[-20,-3]],[[426,1010],[-23,2],[-28,39],[-1,21],[26,2],[54,28],[11,54],[29,53],[-14,58],[-10,29],[-81,-15],[-57,2],[-51,74],[-72,-36],[-47,69]],[[162,1390],[1,1],[2,2],[0,2],[-6,5],[-7,6],[-2,6],[-3,3],[1,5],[-1,4],[-2,2],[-6,0],[-5,-1],[-4,2],[-6,5],[-1,5],[1,1],[3,2],[5,2],[16,0],[8,-2],[7,2],[2,3],[5,9],[1,5],[-1,3],[-2,0],[-7,0],[-19,10],[-1,4],[1,3],[2,3],[6,4],[6,2],[7,0],[6,0],[5,-5],[3,-1],[4,-1],[4,-3],[3,1],[1,1],[0,2],[-3,5],[-1,6],[1,3],[3,4],[1,4],[2,2],[5,3],[10,2],[4,3],[0,4],[-1,4],[-9,8],[1,3],[4,4],[2,1],[6,0],[3,-1],[8,-1],[8,-3],[3,0],[10,14],[6,6],[0,2],[0,8],[2,3],[1,1],[3,-1],[3,-3],[10,-18],[4,-4],[1,0],[4,0],[16,5],[5,4],[1,8],[2,1],[6,1],[8,1],[7,3],[1,2],[0,2],[-5,4],[-2,8],[0,2],[2,4],[6,7],[61,-15],[2,2],[89,14],[0,-1],[111,-30],[-13,-65],[0,-2],[-23,-3],[14,-32],[12,6],[33,-31],[25,-56],[1,-63],[54,26],[1,-82],[9,4],[65,2]],[[470,969],[-1,-1],[-1,-3],[-2,-1],[-3,0],[-4,-2],[-3,2],[-1,0],[-2,-4],[-2,-1],[0,-1]],[[451,958],[-1,-1],[-4,2],[-1,-1],[0,-4],[4,0],[2,-1],[-2,-4],[-1,1],[-4,0],[-3,0],[-1,0]],[[440,950],[0,9],[-3,9],[0,1],[-1,-1]],[[436,968],[-23,23],[13,19]],[[460,933],[0,1],[-6,1],[0,1],[5,4]],[[459,940],[1,3],[-1,1],[7,6],[12,6],[1,1]],[[459,940],[-1,1],[-1,-2],[-1,2],[1,1],[-3,4]],[[454,946],[2,2],[-1,3],[0,2],[2,0],[-1,2],[7,3],[-8,2],[-4,-2]],[[448,921],[-1,9],[-3,0],[0,2],[3,3],[-1,0]],[[446,935],[-2,3],[10,8]],[[430,914],[4,6],[-2,0]],[[432,920],[-1,1]],[[431,921],[0,1],[-1,0],[3,5],[4,-1],[5,10]],[[442,936],[4,-1]],[[442,936],[-2,0],[0,9]],[[440,945],[0,5]],[[431,921],[-2,1],[0,2],[2,3],[-6,-2]],[[425,925],[-3,8],[0,3],[1,3]],[[423,939],[4,9],[0,2],[13,0]],[[440,950],[0,-5]],[[432,920],[0,0],[-5,2],[0,-1],[-1,1],[-1,-2],[-1,-1],[-10,-4],[-2,4]],[[412,919],[10,4],[2,0],[1,2]],[[412,919],[-4,9],[-2,-1],[0,-1],[-1,0],[2,-2],[-4,-4],[3,-3],[-1,0],[-1,1],[-1,-1],[0,1],[-1,-1]],[[402,917],[-1,0]],[[401,917],[-3,-2],[-4,9],[5,4],[-2,1],[4,3],[2,-3],[1,1],[1,-1],[1,1],[-1,3]],[[405,933],[10,4],[3,2],[5,0]],[[412,919],[-6,-4],[-2,0],[-2,2]],[[405,933],[-13,26]],[[392,959],[14,21],[5,-4],[6,-2],[9,-6],[2,0],[5,-2],[3,2]],[[401,917],[1,0]],[[391,901],[-9,20],[-9,15],[20,0],[-10,20],[9,3]],[[420,848],[14,7]],[[440,847],[0,-1]],[[290,771],[-52,-1],[31,99],[-61,-6],[1,8],[-2,48],[-4,38],[26,121],[1,1],[0,2],[-4,5],[-2,3],[-3,10],[-1,2],[-3,1],[-2,-1],[-1,-5],[-2,-3],[-2,1],[-3,3],[-2,1],[-3,7],[0,5],[-1,2],[-2,0],[-7,-5],[-6,-5],[-3,-4],[-6,-4],[-2,-1],[-2,2],[-1,2],[-1,5],[1,2],[2,5],[10,5],[2,3],[2,8],[1,3],[4,4],[3,5],[1,7],[3,4],[0,2],[-1,2],[-2,2],[-4,1],[-5,0],[-5,1],[-10,4],[-3,-1],[-5,-2],[-4,0],[-3,2],[-5,5],[-4,3],[-7,2],[-7,1],[-3,1],[-17,10],[-5,4],[-2,0],[-3,0],[0,-5],[2,-4],[0,-4],[0,-2],[-1,-2],[-9,-5],[-5,-1],[-8,1],[-2,1],[0,2],[3,7],[1,6],[-9,14],[-11,20],[-12,9],[-2,1],[-1,0],[-3,-2],[-7,-6],[-3,-2],[-2,0],[-1,2],[0,5],[1,3],[14,9],[3,0],[6,-3],[3,-4],[4,0],[3,1],[1,5],[-1,2],[-1,2],[-5,2],[-7,6],[-1,2],[1,5],[1,4],[-5,3],[-1,4],[1,2],[4,1],[3,-3],[6,-2],[4,-2],[2,4],[-1,3],[-11,9],[-1,0],[-2,-1],[-1,0],[-4,4],[-3,-1],[-9,-4],[-2,0],[-5,3],[-1,1],[4,8],[0,3],[0,3],[-4,2],[-4,1],[-4,0],[-5,-2],[-8,-3],[-4,-1],[-3,3],[-2,3],[-1,2],[0,7],[2,4],[3,4],[5,-2],[7,-7],[10,-3],[1,0],[3,4],[2,10],[2,2],[3,1],[4,-2],[8,-11],[2,-1],[3,1],[2,2],[4,6],[2,1],[2,-2],[0,-4],[2,-12],[3,-5],[2,-1],[1,1],[2,1],[0,3],[0,2],[-3,4],[0,3],[1,3],[2,4],[2,7],[2,15],[3,4],[3,1],[4,0],[2,-2],[9,-14],[8,-18],[2,-2],[3,0],[3,4],[3,17],[-3,7],[-4,19],[-6,10],[-4,10],[0,2],[1,1],[6,2],[7,-1],[2,-1],[8,-6],[4,-5],[4,-1],[4,3],[0,3],[8,17],[9,7],[7,1],[0,3]]],