{"type":"Topology","transform":{"scale":[0.0009727893430474941,0.0008623913007246286],"translate":[29.497299997000027,-25.92637999699997]},"arcs":[[[542,296],[0,-1],[-1,1],[2,-7],[-2,-1],[-2,1],[-1,-1],[-1,-1],[-1,-2],[-2,-1],[0,-2],[-3,-4],[0,0],[1,-2],[0,-1],[-1,-1],[-1,-2],[0,0],[41,-19],[-2,0],[-1,-2],[4,-4],[7,9],[1,-9],[-2,-1],[-4,-2],[3,-3],[2,-4],[0,-2],[-1,-6],[1,-10],[0,-2],[2,-6],[0,-3],[1,-13],[5,-12],[0,-1],[-26,-6],[-30,-24],[-37,-21],[-8,-10],[-45,-35],[-7,-5],[-21,-15]],[[413,66],[-38,8],[1,13],[-64,3],[2,66],[7,35],[1,-4],[23,0],[3,0],[16,0]],[[364,187],[12,13],[3,4],[20,21],[4,-1],[3,3],[16,10],[7,-6],[19,34],[2,-3],[6,3],[-3,8],[3,6],[5,0],[6,0],[3,0],[19,9],[8,5],[5,-6]],[[502,287],[6,-6],[1,-1],[7,11]],[[516,291],[15,20],[4,-1]],[[535,310],[0,0],[3,-7],[4,-7]],[[528,445],[11,-3],[-16,-35],[-4,-7],[1,-2],[-2,-6],[4,-1],[0,-6],[0,-10],[-2,-5],[-2,-3],[-1,-5],[28,-23],[-6,-17],[-4,-12]],[[516,291],[-6,8],[-3,-1],[0,-1],[-3,-2],[0,0],[2,1],[0,-1],[-2,-1],[1,-1],[1,0],[0,-1],[-1,0],[1,-1],[-1,-1],[-3,-3]],[[364,187],[-10,28],[-14,-10],[-4,16],[8,7],[1,-1],[4,2],[-10,30],[-1,2],[22,28],[-23,22],[-41,-19],[-9,14],[1,45],[-1,4],[-25,3],[-14,1],[-3,1],[-30,3],[2,22],[5,26],[-61,3],[-7,-12],[-6,0],[-57,-2],[-5,-2],[-1,50],[-7,-4],[-10,-4],[-16,-8],[0,39],[-16,35],[-20,19],[-7,-4],[-9,19],[15,2],[0,2],[11,61],[66,11],[27,-6],[62,33],[56,-14],[29,-13],[15,-7],[23,45],[25,0],[3,2],[0,1],[-1,1],[1,0],[1,-2],[1,0],[1,-2],[0,0],[1,1],[1,0],[1,-1],[1,-2],[0,-1],[3,0],[2,-1],[1,-1],[0,-4],[2,-5],[2,-3],[0,-4],[0,-2],[1,-1],[2,-2],[1,-2],[48,26],[1,30],[51,8]],[[453,690],[2,-16],[-10,-5],[18,-34],[19,-14],[-39,-58],[1,0],[2,-1],[2,0],[22,-7],[2,-6],[-34,-5],[-10,-23],[-26,0],[2,-34],[2,-25],[20,1],[52,-7],[19,-4],[31,-7]],[[878,503],[11,-12],[0,-1],[-2,-5],[-21,-27],[13,-7],[-37,-53],[-21,20],[0,0],[0,0],[-5,4],[-27,20],[-1,0]],[[788,442],[-21,13],[-24,-9],[-41,16],[-24,-39],[-26,33],[-1,26],[-52,1],[-66,9],[-5,-47]],[[453,690],[54,-8],[3,-19],[33,-15],[45,63],[15,22],[20,23],[3,10],[6,1],[10,26],[-7,1],[6,19],[5,15],[17,-28],[1,-11],[34,-24],[4,-9],[7,1],[4,-3],[-1,-20],[5,-10],[2,9],[7,-17],[-16,-13],[5,-9],[13,-34],[8,-5],[11,-5],[3,19],[26,-9],[-5,-24],[-8,-38],[4,1],[-14,-26],[1,-3],[9,-11],[11,-15],[13,-18],[16,23],[24,9],[32,-34],[19,-21]],[[736,142],[23,36],[-8,-2],[-2,0],[-1,2],[-7,1],[-5,0],[-1,0],[-3,2],[-5,0],[-4,2],[-1,2],[-3,1],[-11,9],[-2,1],[6,2],[2,2],[0,1],[1,9],[1,2],[1,1],[-1,2]],[[716,215],[10,29],[8,-1],[2,5],[7,0],[6,39],[21,-1],[-1,-5],[-3,-8],[-1,-2],[4,0],[-1,-2],[4,0],[0,-4],[1,0],[1,-3],[3,0],[0,-1],[1,-1],[1,3],[0,1],[0,0],[0,0],[-1,1],[2,1],[0,1],[0,1],[0,3],[-1,1],[0,3],[1,0],[0,3],[1,2],[0,1],[0,0],[0,4],[5,0],[10,-1],[-5,20],[29,-2],[0,38],[-59,13],[2,21],[11,31],[14,37]],[[878,503],[37,51],[1,-1],[30,30],[-17,50],[24,32],[26,9],[-7,-41],[1,-3],[9,-32],[7,0],[21,-48],[1,-11],[20,12],[11,-29],[20,11],[14,-1],[6,-2],[8,-10],[5,0],[3,-4],[-10,-19],[-2,-3],[-20,-41],[7,-22],[27,-1],[7,-2],[12,7],[8,-3],[18,-44],[22,-44],[-7,-9],[-11,-2],[-7,-19],[59,-20],[-20,-46],[-8,1],[0,-14],[-20,0],[-8,5],[-32,-39],[27,-43],[-49,25],[-40,46],[-11,-9],[-23,-30],[29,-29],[-13,-14],[-19,-22],[-5,29],[-23,-12],[1,-1],[0,-2],[2,-2],[0,-2],[5,-5],[-1,1],[-15,-20],[1,-1],[3,-5],[2,-1],[1,-2],[-26,-20],[-11,-25],[-25,-8],[-14,-3],[-52,7],[-33,-53],[-21,22],[-25,16],[-11,25],[28,54],[-59,25]],[[861,344],[-3,-1],[-4,-1],[-3,0],[-1,1],[-2,0],[-3,1],[0,-1],[0,-1],[1,-1],[2,-2],[0,-2],[0,-1],[-1,-3],[0,-3],[-3,0],[-1,-1],[0,-1],[3,0],[2,0],[2,-1],[-1,-1],[0,-2],[1,-2],[1,-1],[2,0],[4,3],[2,0],[1,1],[1,-1],[3,-2],[3,-3],[1,-1],[1,-3],[0,-3],[0,-1],[1,1],[0,-1],[2,0],[2,-6],[3,1],[1,0],[2,4],[0,6],[-8,4],[2,10],[0,4],[1,2],[-1,1],[-2,1],[-2,1],[-2,-2],[-1,0],[-2,5],[0,4],[0,0],[-1,0],[-3,-2]],[[716,215],[-2,1],[0,0],[-11,-9],[-3,-4],[-1,0],[-25,0],[-6,4],[-1,2],[-2,3],[-1,3],[-2,4],[-1,2],[-8,7],[-7,-3],[2,34],[7,-3],[-8,41],[3,5],[-17,16],[-12,5],[2,4],[1,8],[-6,-1],[-60,2],[-8,-41],[-8,1]],[[736,142],[-13,-38],[-50,20],[-2,-12],[-56,-17],[-4,-2],[-5,-16],[-37,-14],[-15,-6],[-48,-7],[8,-41],[-40,7],[-15,8],[-29,27],[-17,15]]],"objects":{"155":{"type":"GeometryCollection","geometries":[{"arcs":[[0,1,2,3,4,5]],"type":"Polygon","properties":{"WARD":"83104001","PROVINCE":"Mpumalanga","CAT_B":"MP314","MUNICNAME":"Emakhazeni Local Municipality","WARDNO":1,"VOTERS":2949,"Area":330.563976093,"Shape_Leng":0.860042164287,"Shape_Area":0.0297464015771,"ID":3613,"POPULATION":5852,"DENSITY":17.70307844540693}},{"arcs":[[6,-5,7,-3,8,9]],"type":"Polygon","properties":{"WARD":"83104002","PROVINCE":"Mpumalanga","CAT_B":"MP314","MUNICNAME":"Emakhazeni Local Municipality","WARDNO":2,"VOTERS":3365,"Area":1254.658437,"Shape_Leng":2.11308983033,"Shape_Area":0.112670545412,"ID":3614,"POPULATION":5116,"DENSITY":4.077603791700322}},{"arcs":[[-4,-8]],"type":"Polygon","properties":{"WARD":"83104003","PROVINCE":"Mpumalanga","CAT_B":"MP314","MUNICNAME":"Emakhazeni Local Municipality","WARDNO":3,"VOTERS":3026,"Area":1.29668428057,"Shape_Leng":0.0504885914072,"Shape_Area":0.000116591943594,"ID":3615,"POPULATION":6539,"DENSITY":5042.86208908584}},{"arcs":[[10,11,-10,12]],"type":"Polygon","properties":{"WARD":"83104004","PROVINCE":"Mpumalanga","CAT_B":"MP314","MUNICNAME":"Emakhazeni Local Municipality","WARDNO":4,"VOTERS":3118,"Area":865.296572122,"Shape_Leng":1.79762326568,"Shape_Area":0.0776478645695,"ID":3616,"POPULATION":6050,"DENSITY":6.991822451305167}},{"arcs":[[13,14,-11,15],[16]],"type":"Polygon","properties":{"WARD":"83104005","PROVINCE":"Mpumalanga","CAT_B":"MP314","MUNICNAME":"Emakhazeni Local Municipality","WARDNO":5,"VOTERS":2523,"Area":1434.8269952,"Shape_Leng":2.52188399988,"Shape_Area":0.129001897006,"ID":3617,"POPULATION":4434,"DENSITY":3.090268035681853}},{"arcs":[[-15,17,-6,-7,-12]],"type":"Polygon","properties":{"WARD":"83104006","PROVINCE":"Mpumalanga","CAT_B":"MP314","MUNICNAME":"Emakhazeni Local Municipality","WARDNO":6,"VOTERS":3400,"Area":453.057932965,"Shape_Leng":1.22021703146,"Shape_Area":0.0407154929097,"ID":3618,"POPULATION":7514,"DENSITY":16.58507544680931}},{"arcs":[[-17]],"type":"Polygon","properties":{"WARD":"83104007","PROVINCE":"Mpumalanga","CAT_B":"MP314","MUNICNAME":"Emakhazeni Local Municipality","WARDNO":7,"VOTERS":3185,"Area":6.03656392484,"Shape_Leng":0.139503079253,"Shape_Area":0.000542631929087,"ID":3619,"POPULATION":6087,"DENSITY":1008.3550966722077}},{"arcs":[[-14,18,-1,-18]],"type":"Polygon","properties":{"WARD":"83104008","PROVINCE":"Mpumalanga","CAT_B":"MP314","MUNICNAME":"Emakhazeni Local Municipality","WARDNO":8,"VOTERS":2934,"Area":389.849448285,"Shape_Leng":1.21983267233,"Shape_Area":0.035085233327,"ID":3620,"POPULATION":5624,"DENSITY":14.42608172139458}}]}}}