{"type":"Topology","transform":{"scale":[0.0005641340158132483,0.0004550213432835873],"translate":[28.379259999000055,-25.328339997999933]},"arcs":[[[1199,445],[12,3],[2,2],[1,-1]],[[1214,449],[3,-1],[-1,-7],[2,0],[2,-5],[5,-3],[2,-5],[1,-11],[5,-16]],[[1233,401],[-57,11]],[[1176,412],[-8,2]],[[1168,414],[1,3]],[[1169,417],[1,3],[-16,20],[0,1],[9,8],[2,1],[7,1],[9,5]],[[1181,456],[1,-2],[-3,-2],[4,-9],[4,-1],[12,3]],[[1214,449],[3,1],[4,4],[4,8],[1,12],[2,1]],[[1228,475],[1,-1],[1,6],[1,1],[0,1],[0,3],[0,4],[1,1],[0,0],[3,-1],[1,6],[1,1],[1,4],[-1,3],[3,2],[1,8],[1,1],[0,2],[1,0],[1,5]],[[1244,521],[0,1],[7,-15]],[[1251,507],[6,-13],[5,7],[5,-6],[7,6],[6,-5],[8,5],[40,-28],[-74,-51],[6,-27],[-27,6]],[[1199,445],[0,3],[1,2],[-1,24],[2,2]],[[1201,476],[2,-4],[6,3],[-1,2],[0,3],[19,0],[0,-3],[1,-2]],[[1201,476],[1,14],[2,5],[9,4],[2,3],[-5,9]],[[1210,511],[-1,2],[1,1],[7,-1],[1,0],[2,3],[2,1],[1,0],[4,-1],[6,1],[3,1],[3,1],[5,2]],[[1181,456],[-15,32],[-1,9]],[[1165,497],[-2,2],[-4,2],[-2,2],[9,19]],[[1166,522],[44,-11]],[[1169,417],[-50,33]],[[1119,450],[-23,15],[-5,1]],[[1091,466],[1,2]],[[1092,468],[3,1],[4,4],[8,5],[0,-2],[21,-10],[2,3],[4,1],[1,1],[0,3],[3,5],[6,5],[4,2],[7,6],[10,5]],[[1166,522],[-7,2],[-14,35],[-21,-2]],[[1124,557],[0,40]],[[1124,597],[10,4],[92,-23],[26,-52],[8,-6],[-9,-13]],[[1092,468],[-8,5],[-2,2],[-2,2],[-6,3],[-4,0],[-4,-1],[-1,-2],[-3,-1],[-3,1]],[[1059,477],[-9,72],[51,5],[23,3]],[[1119,450],[-1,-3],[1,-4],[-1,-5],[-15,3],[0,2],[-7,1],[-1,-2],[-18,3]],[[1077,445],[1,14],[4,9],[2,1],[7,-3]],[[1168,414],[-14,2],[-27,-3],[2,-7],[-1,-7],[1,-7],[2,-3],[3,-1],[2,-3],[1,-9],[1,-3],[-2,-4],[0,-4],[-8,3],[-1,-1],[-17,-42]],[[1110,325],[-27,27]],[[1083,352],[-4,6],[-1,5],[-2,43]],[[1076,406],[1,39]],[[1180,277],[-44,7],[2,9],[-4,0],[0,2],[-4,0],[1,7],[1,13],[9,0],[-1,11],[-2,0],[-12,-10],[-7,2],[2,3],[-7,0],[0,-1],[-4,5]],[[1176,412],[4,-135]],[[1180,277],[-22,-103],[-2,-3],[-49,10],[-78,21]],[[1029,202],[0,5],[1,3],[3,1],[3,2],[3,0],[3,3],[2,0],[6,2],[2,5],[1,1],[1,3],[2,2],[4,6],[0,4],[1,2],[0,2],[1,1],[0,4],[-1,1],[0,3],[2,3],[-1,1],[0,10],[1,5],[0,1],[-2,11],[-2,2],[-2,10],[14,32]],[[1071,327],[12,25]],[[989,387],[20,-6]],[[1009,381],[0,-2],[3,-3],[3,-6],[1,-6],[-2,-8],[57,-29]],[[1029,202],[-2,0],[-105,3]],[[922,205],[-1,0],[-13,62],[18,7],[2,3],[-2,0],[1,4],[4,-1],[1,-2],[2,1],[0,1],[4,-1],[8,3],[4,0],[0,2],[21,9],[2,2],[3,0],[0,11],[2,10],[-19,5],[-1,7],[2,3],[-1,1],[2,4],[-2,0],[2,5],[3,-3],[3,8],[17,-13],[0,13],[2,8],[3,8],[0,25]],[[1009,381],[1,2],[2,1],[2,3],[3,8],[4,3],[0,5],[24,4],[31,-1]],[[922,205],[-61,-85],[-131,-120],[-91,87],[-13,43],[22,40],[34,66],[27,-22],[9,5],[-16,99],[2,0],[-32,70]],[[672,388],[12,5],[29,-75],[8,1],[88,37],[0,2]],[[809,358],[29,9]],[[838,367],[108,33]],[[946,400],[15,4],[30,-2],[-2,-8],[0,-7]],[[809,358],[-1,3],[1,2],[5,8],[2,2],[9,0],[-30,53]],[[795,426],[10,8],[8,4],[6,1]],[[819,439],[9,-23],[1,-6],[2,-4],[0,-1],[3,-3],[8,-20],[-1,-1],[0,0],[-8,-5],[0,1],[-1,-1],[6,-9]],[[950,443],[5,-4],[7,-14],[-4,-7],[-6,-5],[-6,-13]],[[819,439],[10,3],[13,5],[10,4],[20,3],[13,6],[8,7],[8,16]],[[901,483],[14,-4],[7,-12],[-1,-1],[-1,-4],[3,-5],[9,-2],[1,1],[17,-13]],[[971,494],[1,-5],[0,-2],[-3,-2],[-3,0],[-3,-5],[-3,-3],[3,-8],[-1,0],[-5,-2],[-7,-24]],[[901,483],[3,8],[0,3],[-1,3],[-2,1],[5,2],[-3,6],[14,1],[4,4],[6,1]],[[927,512],[9,1],[5,-2],[5,-4],[3,-1],[6,-1],[2,-1],[8,-7],[6,-3]],[[971,494],[12,-5],[14,-12],[4,1],[6,-3],[3,0],[2,-1],[6,-6],[2,-1],[2,0],[2,1],[2,0],[4,-2],[15,-2],[2,2],[2,0],[2,1],[-1,5],[1,3],[1,0],[5,2],[2,0]],[[927,512],[2,26],[-1,13],[2,9],[7,9],[1,6],[-1,7],[-12,3],[-33,103]],[[892,688],[49,18]],[[941,706],[44,16],[0,-2],[20,-36],[15,-40],[4,-12],[8,-20],[8,-22],[2,0],[8,-23],[7,4],[1,-5],[66,31]],[[795,426],[-4,5],[-2,0],[-20,66],[-15,35],[-46,68]],[[708,600],[104,38],[46,28],[-5,2],[-17,7],[-15,10],[-10,6],[-7,2],[-6,0],[-10,4],[1,6],[-2,8],[21,37],[-8,7]],[[800,755],[18,25],[11,-1],[6,1],[7,0],[8,3],[9,6],[2,-2],[31,-99]],[[800,755],[-16,6],[-27,11],[-31,-10],[-4,2]],[[722,764],[-48,152]],[[674,916],[138,-10],[16,-38],[64,34],[74,36],[23,-47],[8,-24],[-89,-48],[21,-59],[11,-28],[-8,-2],[9,-24]],[[708,600],[-4,-3],[-7,10],[-11,28]],[[686,635],[32,14],[33,-5],[8,-9],[12,10],[14,29],[1,6],[-12,6],[-13,-1],[-8,6],[-2,3],[-8,-2],[-11,6],[0,-3],[-3,0],[-4,-1],[-3,-1],[2,16],[-4,1],[-2,3],[-14,6],[-4,2],[-8,10],[-17,15],[14,28],[33,-10]],[[686,635],[-3,9],[-6,-8],[-3,-8],[-1,-5],[-4,-4],[-5,-16],[0,-9],[-2,-3],[0,-4],[0,-3],[9,-11],[-14,-10],[-3,-1],[-25,-2],[-64,-1]],[[565,559],[-2,3],[-4,2],[-1,2],[0,2],[-1,1],[-1,66],[20,-1],[-1,3],[-1,2],[-1,4],[1,6],[-6,10],[-7,1],[0,1],[-1,0],[-1,3],[-3,2],[0,2],[-4,2],[-11,-2],[-1,5],[0,3],[3,6],[0,1],[5,3],[8,1],[1,1],[6,0],[0,12],[7,0],[-7,10],[-8,5],[-4,6],[-4,2],[-4,2],[-19,-2],[-3,2],[-10,9],[-33,24],[-5,11]],[[473,769],[23,14],[52,20],[45,21],[81,92]],[[565,559],[-46,-1],[-17,-13],[-4,-1],[-20,4],[-1,2],[-1,4],[-5,4],[-1,3]],[[470,561],[2,0],[0,2],[1,2],[5,2],[-6,10],[0,5],[2,2],[4,0],[3,3],[6,2],[-1,9],[1,0],[1,1],[0,2],[0,1],[1,-1],[1,3],[2,0],[1,-3],[1,0],[0,1],[2,-1],[-2,18]],[[494,619],[17,9],[8,22],[2,21],[3,12],[-9,-1],[0,2],[1,2],[1,3],[-6,0],[-3,1],[-1,7],[-1,0],[-1,4],[-2,0],[0,2],[1,2],[0,3],[0,1],[0,2],[1,0],[0,1],[-2,-1],[0,2],[-1,1],[-2,-2],[-4,2],[-3,-3],[-3,-1],[-4,-4],[-3,1],[-5,8],[-3,0],[-5,-4],[-2,-1],[-1,4],[-2,0],[-1,0],[-2,-2],[-2,-1],[-2,0],[-2,1],[21,10],[-15,39],[-2,1]],[[460,762],[13,7]],[[672,388],[-2,4],[2,0],[0,1],[1,0],[-25,88],[-62,-14],[-74,-50],[-29,-9],[-5,65],[-21,-10]],[[457,463],[-19,50],[4,4],[17,11],[-5,4],[-2,6],[2,14],[-3,9],[0,5],[11,-2],[8,-3]],[[494,619],[-8,-3],[-14,35],[-5,15],[-4,-1],[-3,0],[1,-7],[-1,0],[0,-2],[-20,3],[1,-12],[0,-16],[2,-16]],[[443,615],[-18,39],[-24,59],[50,43],[9,6]],[[457,463],[-4,-1],[2,-22],[-70,-23],[-1,-9],[-42,-8]],[[342,400],[-1,2],[-11,54],[-2,10],[-4,-1],[-2,1],[-2,-2],[0,-1],[-7,-2],[0,0],[-5,0],[-4,1],[-1,3]],[[303,465],[3,9],[1,2],[4,-2],[2,1],[5,4],[6,8],[-1,1],[3,11],[8,42],[-4,13]],[[330,554],[74,13],[4,23],[44,4],[-9,21]],[[303,465],[-9,2],[0,1],[-3,-8],[-8,14],[0,11],[-2,1],[-8,2],[-12,1],[-2,-6],[-12,-4],[0,-16],[-15,1],[8,-61],[-3,-6],[-3,-5],[-2,-1],[-6,0],[-3,1],[-8,1],[-8,-1],[0,6],[-1,34]],[[206,432],[-39,93],[163,29]],[[342,400],[-63,-13],[-8,-39],[-61,-26],[-39,-26]],[[171,296],[-8,1],[2,15],[2,7],[-26,57],[-25,-14],[1,-4],[1,0],[1,-4],[-2,-1],[0,1],[-1,0],[0,-6],[-2,-1],[0,-15],[-11,-1],[0,1],[-1,0],[-2,9],[-3,0],[0,2],[-1,0],[-1,-1],[-3,8],[3,1],[4,10],[-10,-2],[-9,16],[-1,5],[1,5],[10,26],[0,8],[2,8]],[[92,427],[21,11],[6,-15],[87,9]],[[171,296],[-25,-17],[-132,-26],[42,18],[-34,90],[-22,19],[38,17],[54,30]]],"objects":{"157":{"type":"GeometryCollection","geometries":[{"arcs":[[0,1,2,3,4,5,6]],"type":"Polygon","properties":{"WARD":"83106001","PROVINCE":"Mpumalanga","CAT_B":"MP316","MUNICNAME":"Dr JS Moroka Local Municipality","WARDNO":1,"VOTERS":3991,"Area":6.97976808722,"Shape_Leng":0.123471800635,"Shape_Area":0.000624834502921,"ID":3653,"POPULATION":8076,"DENSITY":1157.0585009532347}},{"arcs":[[-2,7,8,9,10]],"type":"Polygon","properties":{"WARD":"83106002","PROVINCE":"Mpumalanga","CAT_B":"MP316","MUNICNAME":"Dr JS Moroka Local Municipality","WARDNO":2,"VOTERS":2939,"Area":18.1452726469,"Shape_Leng":0.210314812782,"Shape_Area":0.0016241885484,"ID":3654,"POPULATION":9162,"DENSITY":504.92490128360055}},{"arcs":[[-8,-1,11,12]],"type":"Polygon","properties":{"WARD":"83106003","PROVINCE":"Mpumalanga","CAT_B":"MP316","MUNICNAME":"Dr JS Moroka Local Municipality","WARDNO":3,"VOTERS":4338,"Area":2.10787204251,"Shape_Leng":0.0606190657329,"Shape_Area":0.000188673375365,"ID":3655,"POPULATION":7260,"DENSITY":3444.231838359115}},{"arcs":[[-13,13,14,-9]],"type":"Polygon","properties":{"WARD":"83106004","PROVINCE":"Mpumalanga","CAT_B":"MP316","MUNICNAME":"Dr JS Moroka Local Municipality","WARDNO":4,"VOTERS":3264,"Area":3.23373587969,"Shape_Leng":0.0939523258019,"Shape_Area":0.000289413288839,"ID":3656,"POPULATION":8087,