{"type":"Topology","transform":{"scale":[0.0006554421021170597,0.0006777806946815687],"translate":[29.978949982000074,-25.492479996999975]},"arcs":[[[675,592],[-8,5],[-2,-3],[-2,1]],[[663,595],[4,6],[-1,0],[1,2],[2,-1],[0,1],[4,-3],[1,1],[0,0],[2,1],[5,-3],[-2,-3],[0,0],[-1,0],[-3,-4]],[[712,578],[0,-2]],[[712,576],[-1,-2],[-1,-1],[-1,0],[-1,-3],[-1,-2],[1,-2],[-1,-3],[1,-1],[-2,0],[-1,0],[-1,-1],[0,-4],[0,-1]],[[704,556],[-64,-22],[-20,40],[34,41],[9,-2],[13,-4],[-1,-2],[5,-1],[-1,-2],[3,-2],[2,3],[1,0],[2,-5],[17,-6],[0,0],[0,-2],[-1,0],[0,1],[-1,-1],[-2,-3],[0,0],[0,-1],[-1,-1],[-1,-5],[11,-3],[0,-1],[3,0]],[[663,595],[-6,2],[-5,-1],[-3,1],[0,0],[-1,-1],[-2,0],[-1,-1],[27,-16],[8,10],[-5,3]],[[1189,592],[4,-13],[-1,0],[2,-1],[-1,0],[3,-2],[2,-1],[1,-1],[-4,-2],[0,-1],[-1,0],[2,-7],[-1,-2],[1,-2],[2,-4],[2,1],[0,2],[0,1],[1,1],[6,3],[2,1],[2,-1],[1,-1],[1,-3],[1,-1],[2,0],[1,0],[1,0],[3,1],[8,9],[2,-4],[3,-1],[0,2],[-1,1],[-1,0],[0,2],[-1,2],[1,1],[1,0],[3,-1],[1,0],[1,1],[0,3],[1,1],[1,0],[2,-1],[1,0],[3,4],[2,1],[3,0]],[[1251,580],[-3,-24],[-5,-50],[0,-15],[-46,0],[-14,-3],[-26,-10],[-2,4],[-2,9],[-5,-1],[-1,0],[-1,-1],[1,-2],[2,-2],[0,-1],[-3,-3],[-3,-1],[-2,-2],[-1,0],[-4,1],[-2,-1],[-15,-14],[-2,-1],[-4,0],[-1,0],[-2,-3],[-3,-2],[-2,-36],[-6,-21],[41,-58],[53,20],[38,-21],[-34,-75],[-36,4],[-52,6],[-18,-23],[-1,0],[-1,1],[-3,2],[-1,1],[-3,1],[-1,0],[-2,-5],[9,-4],[-16,-21]],[[1072,229],[-15,15],[-28,23],[-36,39],[-33,-29],[-22,-17],[-7,-8],[-62,13],[-25,-54],[-38,0],[-34,1],[-54,6],[-39,-12],[-34,-41],[25,-63],[-45,-38],[-2,1],[-55,-65],[-27,27],[-49,43],[-34,-12],[-25,-29],[-19,23],[-16,19],[-16,18],[21,33],[-6,-1],[12,48],[7,30]],[[416,199],[21,62],[6,19],[2,1],[-13,25],[43,46],[6,10],[20,41],[11,18],[-13,37],[73,8],[-6,19],[41,1],[0,-2],[-10,-48],[97,-13],[13,48],[5,21],[13,-6],[9,-4],[0,4],[2,19],[8,62],[-1,2]],[[743,569],[17,5],[97,-13]],[[857,561],[15,-44],[95,-22],[13,36],[8,19],[35,56],[14,67],[49,2],[37,-35],[34,27],[13,-22],[19,-53]],[[688,651],[2,-4],[-1,-9],[1,-3],[1,-3],[3,-5],[8,-11],[-3,-4],[2,-4],[0,-1],[2,-1],[3,-2],[-1,-1],[-1,-1],[0,-2],[1,0],[4,-1],[1,-1],[0,-1],[-1,-1],[0,-2],[1,-5],[1,-1],[-1,-7],[1,-1],[2,0],[-1,-2]],[[704,556],[39,13]],[[416,199],[-16,5],[-21,7],[-6,-24],[-16,6],[-11,7],[-20,42],[-7,12],[23,17],[-10,21],[-3,-11],[-7,12],[1,27],[-6,4],[-10,-2],[-6,11],[-50,31],[-2,14],[-25,35],[-7,-19],[-9,-24],[10,-1],[-15,-33],[-8,-1],[-6,-14],[-30,-28],[-21,-28],[-67,-81],[-49,19],[-4,25],[24,-4],[-9,90],[13,44],[6,28],[-5,-1],[-7,129],[-15,30],[-25,47],[78,11],[0,30],[41,-27],[51,-38],[1,-26],[46,7],[35,-4],[0,48],[7,2],[0,85],[16,6],[60,-12],[-2,8],[-27,47],[0,14],[-11,1],[-1,25],[0,3],[10,71],[21,98],[10,-2],[73,-8],[54,-6]],[[462,924],[4,-45],[0,-4],[0,-2],[1,-7],[-9,-44],[0,-4],[98,-31],[12,-3],[-23,-32],[50,-26],[-12,-4],[-2,-53],[105,-15],[0,-1],[2,-2]],[[1286,617],[4,-18],[-2,0],[-5,-3],[-4,-1],[-3,0],[-2,-3],[0,-1],[-1,-1],[-1,-1],[-1,1],[-1,1],[-2,0],[-2,2],[-1,-1],[-2,-1],[-1,-1],[-3,0],[-2,1],[-1,2],[-2,0],[-1,1],[0,1]],[[1253,595],[-4,-1],[-4,-2],[-2,0],[-1,0],[-3,-3],[-1,0],[-2,0],[-2,1],[-1,0],[-1,0],[0,2],[0,1],[-4,1],[-2,2],[-6,0],[1,2],[4,2],[1,2],[3,3],[-1,3],[-1,0],[-1,1],[-1,0],[-1,1],[0,-1],[-1,0],[0,1],[-1,0],[0,0],[0,-1],[-1,0],[0,1],[-1,-1],[0,-2],[-2,-1],[-1,1],[0,0],[-1,0],[0,1]],[[1216,608],[1,0],[1,9],[8,0],[0,1],[7,7],[3,-1],[1,-1],[1,-1],[0,-2],[2,-1],[0,-2],[46,0]],[[1253,595],[-2,-15]],[[1189,592],[8,2],[8,-1],[0,2],[0,1],[4,4],[1,2],[1,1],[-1,4],[1,1],[5,0]],[[1115,1217],[-44,61],[-3,4],[34,55],[44,-33],[2,51],[1,38],[-3,74],[44,56],[40,-38],[22,-19],[4,-3],[37,-19],[69,-36],[-117,-58],[42,-23]],[[1287,1327],[-16,-20],[-2,-1],[-1,-1],[-5,-4],[-3,-1],[-3,-1],[-3,0],[-5,2],[-5,3],[-2,0],[-6,0],[-3,-5],[-1,0],[-4,-2],[-1,2],[-2,1],[-2,-9],[-4,0],[0,-3],[3,-1],[-2,-5],[-4,-7],[-2,0],[-1,6],[-7,-1],[2,-22],[7,-7],[12,-1],[1,-2],[1,-1],[-92,-37],[-22,7]],[[1131,1161],[-16,56]],[[1287,1327],[1,-7],[0,-2],[0,-2],[1,-2],[1,-2],[1,-1],[3,-1],[5,2],[1,0],[1,-1],[-1,-3],[-1,-1],[0,-8],[-2,-2],[-1,-3],[0,-5],[-1,-6],[1,-1],[1,-1],[0,-2],[-1,-3],[-2,-1],[-5,1],[-3,0],[0,-6],[2,-2],[3,-1],[0,-2],[1,-4],[2,-1],[1,-1],[2,-3],[3,-2],[5,-5],[3,-2],[2,0],[2,-4],[0,-2],[-2,-3],[0,-1],[-4,-1],[-4,-3],[-1,-2],[0,-3],[0,-1],[-2,-2],[-4,-1],[-2,-3],[-2,-2],[-4,-1],[-3,0],[-5,0],[-2,-1],[0,-4],[-3,-4],[-1,-1],[-2,0],[-6,-2],[-2,-2],[-3,-1],[-1,0],[-1,-1],[1,-3],[2,-2],[4,-1],[7,-3],[1,-2],[-1,-5],[1,-3],[8,-8],[1,-3],[1,-2],[-3,-16],[-7,-19],[-3,0],[-3,-1],[-5,-1],[-3,-2],[-50,31],[-34,14],[-44,-15]],[[1582,683],[0,0],[-4,-1],[-5,0],[-6,0],[-2,0],[-1,-2],[-1,-2],[-1,-2],[-1,0],[-2,2],[-1,1],[-3,2],[-2,-4],[-3,-1],[-5,1],[-2,0],[-2,1],[-1,0],[-2,-1],[-4,-5],[-2,-1],[-8,3],[-2,2],[-2,4],[-4,0],[-2,0],[-1,1],[-1,3],[-2,2],[-1,1],[-3,0],[-2,-1],[-2,-2],[-1,-4],[0,-1],[1,-1],[-5,-2],[-1,-1],[-1,-4],[1,-2],[0,-2],[-3,0],[-5,-3],[-6,0],[1,35],[-82,-2],[-13,9]],[[1388,706],[-60,0],[-4,-13],[-34,9],[-85,21],[15,17],[18,54],[-14,57],[-5,-15],[-11,16],[-22,28],[54,69],[-76,-25],[-36,-69],[19,-2],[-42,-22],[-12,87],[-92,26]],[[1001,944],[32,60],[13,55],[-47,24],[4,36],[64,-3],[11,5],[53,40]],[[1287,1327],[55,-31],[62,-24],[15,-21],[6,-42],[-35,-53],[9,-8],[17,-13],[-13,-25],[6,-10],[10,-56],[16,-30],[60,-16],[24,-6],[38,-21],[9,-4],[18,-55],[15,-59],[5,-76],[2,-46],[-12,3],[-12,-51]],[[1582,683],[1,0],[1,-1],[2,-1],[2,1],[1,0],[1,1],[6,-1],[-2,-2],[-7,-4],[0,-1],[0,-1],[3,-3],[1,-2],[0,-3],[-1,-2],[-1,0],[-4,0],[-4,-1],[-2,-2],[-2,-1],[-3,-1],[-3,0],[-2,-1],[-1,-3],[-6,-5],[-4,-5],[-6,-3],[-3,-2],[-2,0],[-2,-1],[-2,-1],[0,-1],[1,0],[0,-1],[-1,-2],[-1,0],[-8,1],[-4,2],[-1,-1],[0,-1],[0,-1],[1,-2],[0,-1],[-2,-6],[-2,-1],[0,-2],[2,-3],[2,0],[1,0],[0,-2],[-1,-1],[-3,-1],[-2,0],[0,1],[-1,0],[0,-2],[-2,-2],[-2,-11],[-1,-1],[0,-4],[-1,-1],[-1,-1],[0,-2],[-1,-6],[-1,-1],[1,-2],[-2,-4],[1,-3],[0,-1],[-1,1],[-1,-1],[1,-3],[-1,-1],[-2,-2],[0,-3],[0,-1],[-3,-3],[0,-1],[0,0],[-1,-2],[0,0],[0,-1],[0,-1],[0,-3],[0,-1],[0,-2],[2,-4],[-1,0],[-26,-17],[-14,6],[-4,-56],[-32,-61],[19,-14],[37,-56],[36,-50],[-117,-46],[68,-54],[-17,-10],[-81,-29],[24,-19],[-30,-25],[-75,51],[-10,7],[-10,6],[-38,25],[-68,-34],[-11,2],[-39,17],[-1,-1],[-14,4],[0,-7],[-7,2],[-2,-3],[-3,8],[5,6],[-26,30]],[[1286,617],[-4,19],[71,-6],[0,2],[-12,30],[13,26],[34,18]],[[712,576],[2,1],[1,0],[2,0],[1,2],[2,-1],[0,1],[1,0],[0,1],[3,4],[1,2],[14,-5],[0,-2],[4,-10]],[[857,561],[5,38],[-95,30],[-8,4],[-35,20],[-3,-20],[-1,0],[-2,1],[-2,1],[0,2],[-2,0],[-4,3],[-2,0],[-2,-1],[-1,2],[1,3],[-1,3],[0,0],[-1,0],[-1,1],[2,4],[0,1],[-1,0],[-1,2],[-3,-3],[0,-1],[-1,-1],[-1,-1],[-2,1],[-2,-1],[-1,-1],[-1,1],[-1,1],[-2,1],[0,0],[-1,0]],[[462,924],[24,-2],[14,-21],[-1,-4],[3,-1],[1,4],[5,-2],[1,2],[-1,1],[-3,2],[0,4],[-2,4],[0,1],[0,1],[3,1],[9,-3],[56,-12],[0,15],[0,10],[1,25],[65,-32],[0,0],[3,2],[0,2],[-3,5],[0,3],[0,1],[-1,2],[0,0],[-2,0],[-1,0],[-3,-2],[0,0],[-1,0],[-2,3],[1,5],[-1,3],[1,4],[-1,4],[54,-8],[19,-14],[21,-71],[57,-53],[8,-7],[3,36],[0,5],[-1,1],[1,14],[75,20],[27,7],[28,-30],[-2,44],[3,1],[40,21],[16,41],[25,-12]]],"objects":{"158":{"type":"GeometryCollection","geometries":[{"arcs":[[0,1]],"type":"Polygon","properties":{"WARD":"83201001","PROVINCE":"Mpumalanga","CAT_B":"MP321","MUNICNAME":"Thaba Chweu Local Municipality","WARDNO":1,"VOTERS":4103,"Area":0.488425910081,"Shape_Leng":0.0337844543903,"Shape_Area":0.0000437079822,"ID":3684,"POPULATION":3256,"DENSITY":6666.313012469032}},{"arcs":[[2,3,4],[5,-2]],"type":"Polygon","properties":{"WARD":"83201002","PROVINCE":"Mpumalanga","CAT_B":"MP321","MUNICNAME":"Thaba Chweu Local Municipality","WARDNO":2,"VOTERS":1757,"Area":20.4406567416,"Shape_Leng":0.262098285936,"Shape_Area":0.001829426913,"ID":3685,"POPULATION":8216,"DENSITY":401.9440326141345}},{"arcs":[[-1,-6]],"type":"Polygon","properties":{"WARD":"83201003","PROVINCE":"Mpumalanga","CAT_B":"MP321","MUNICNAME":"Thaba Chweu Local Municipality","WARDNO":3,"VOTERS":3326,"Area":1.5478529472,"Shape_Leng":0.0564798021321,"Shape_Area":0.000138519765891,"ID":3686,