{"type":"Topology","transform":{"scale":[0.0008732641361014759,0.0006714296535885174],"translate":[25.887309997000045,-32.97338899599998]},"arcs":[[[497,436],[46,-44],[-26,-19],[4,1],[1,-6],[5,-3],[2,-5],[10,-2],[1,-6],[7,-12],[10,-8],[2,0],[4,2],[5,-3],[2,5],[2,0],[7,-6],[11,-16],[4,-1],[4,2]],[[598,315],[17,-13],[41,-4],[-9,-76],[-13,-4],[0,-3],[1,-3],[7,-2],[1,-2],[-6,-6],[-4,1],[-1,-2],[0,-3],[2,-1],[1,-3],[-19,-14],[5,-6],[3,-6],[0,-3],[1,-3],[1,-9],[-1,-9],[4,-5],[-24,5],[-4,-24],[4,-2],[4,-5],[0,-4],[-3,-7],[2,-7],[5,0],[4,3],[2,7],[7,0],[2,-1],[1,-3],[0,-6],[-2,-4],[-9,-10],[-2,-4],[1,-4],[4,-3],[3,-6],[0,-6],[-8,-3],[-4,-7],[1,-6],[5,-6],[2,-1],[6,2],[-53,-37],[-29,15],[-4,43],[-43,-1],[-26,4],[-27,-7],[11,57],[0,4],[-7,12],[-1,5],[-3,6],[-5,4],[-5,0],[-1,0],[-1,-2],[-2,-1],[0,-13],[-2,-3],[-9,8],[-3,0],[-4,1],[-5,5],[-2,3],[-1,7],[-5,5],[-1,0],[-6,-6],[-5,-3],[-7,-1],[-1,3],[9,16],[0,8],[-1,4],[-2,0],[-7,-3],[-6,-5],[-2,-1],[-11,18],[-3,2],[-2,-3],[-2,-20],[-3,-3],[-3,-2],[-6,-1],[-3,2],[6,7],[0,7],[-3,11],[-4,10],[-3,0],[-2,-6],[-1,-10],[-5,-2],[-3,1],[-1,12],[-2,5],[27,47],[-1,1],[65,-4],[2,7],[-8,26],[-37,35],[-3,30],[-1,-1]],[[363,333],[-1,4],[9,18],[8,2],[1,16],[12,7],[7,27],[4,0],[1,-2],[-1,-4],[2,-1],[4,5],[8,3],[1,-1],[3,-11],[6,-3],[5,-8],[5,-2],[3,2],[3,7],[4,-2],[11,3],[3,-1],[0,6],[-2,8],[-3,7],[3,2],[5,0]],[[464,415],[1,0],[-1,-3],[0,-4],[1,1],[3,-3],[3,1],[2,-2],[2,2],[11,-2],[-2,7],[-2,2],[-2,2],[0,0],[-3,4],[7,4],[13,12]],[[464,415],[3,6],[2,0],[2,2],[-4,6],[1,8],[3,0],[4,6],[4,2],[8,-1],[10,-8]],[[252,463],[5,-3],[7,0],[18,-16],[0,-2],[-10,-22],[-8,5],[-1,-2],[3,-3],[5,-2],[-9,-20],[-26,17],[2,2],[2,-2],[4,4],[-4,3],[-1,7],[-5,0],[-5,-3],[-6,5],[3,5],[-4,4],[-1,0],[6,8],[3,-1],[-1,-1],[1,1],[5,-1],[3,9],[4,0],[10,8]],[[363,333],[-28,-20],[-81,-9],[0,6],[-16,1],[-33,-33],[-20,9],[-19,25],[36,117],[-42,23],[12,17],[11,6],[-3,15],[4,17],[30,-8],[7,13],[16,7],[3,12],[22,18],[-3,-1],[6,11],[3,2],[7,2],[-7,23],[-12,13],[-19,9],[1,10],[-6,0],[-10,18],[-61,9],[-1,-9],[-58,1],[-20,-10],[-22,20],[-11,66],[5,28],[-54,-16],[23,44],[-9,36],[46,40],[0,33],[10,11],[2,19],[23,14],[30,0],[3,6],[38,36],[17,5],[0,9],[6,7],[25,-5],[9,-4],[4,5],[39,24],[12,24],[0,11],[13,5],[57,-20],[-2,-7],[6,-21],[1,-12],[8,-29],[-18,-56],[55,23],[86,-33],[42,12],[28,16],[38,-10],[0,1],[23,11],[1,2],[6,-1],[32,-9],[18,6],[27,-4],[20,8],[21,-9],[5,-23],[2,-1],[0,-14],[31,-24],[16,22],[8,-14],[15,-1],[9,-10],[22,-12],[-15,-15],[31,-17],[3,-26],[-35,-52],[-4,3],[-8,-9],[-12,-13],[-13,-21],[-16,-53],[-34,4],[-17,-28],[-28,-33],[8,-9],[0,-17],[6,-15],[10,-16],[19,-11],[-6,-8],[-6,-17],[-37,-15],[-8,-6],[-10,-1],[-3,-38],[-36,-27],[-22,-11],[-11,-8],[-5,-11],[-10,-28],[0,-16],[9,-7]]],"objects":{"16":{"type":"GeometryCollection","geometries":[{"arcs":[[0,1,2,3]],"type":"Polygon","properties":{"WARD":"21208001","PROVINCE":"Eastern Cape","CAT_B":"EC128","MUNICNAME":"Nxuba Local Municipality","WARDNO":1,"VOTERS":2912,"Area":484.37793962,"Shape_Leng":1.4158177072,"Shape_Area":0.0466440987921,"ID":736,"POPULATION":5366,"DENSITY":11.078126316424914}},{"arcs":[[-4,4]],"type":"Polygon","properties":{"WARD":"21208002","PROVINCE":"Eastern Cape","CAT_B":"EC128","MUNICNAME":"Nxuba Local Municipality","WARDNO":2,"VOTERS":3332,"Area":4.29881570517,"Shape_Leng":0.110128399721,"Shape_Area":0.000413337688258,"ID":737,"POPULATION":4271,"DENSITY":993.5294492535357}},{"arcs":[[5]],"type":"Polygon","properties":{"WARD":"21208003","PROVINCE":"Eastern Cape","CAT_B":"EC128","MUNICNAME":"Nxuba Local Municipality","WARDNO":3,"VOTERS":2621,"Area":13.0726450502,"Shape_Leng":0.188134639406,"Shape_Area":0.00125687946742,"ID":738,"POPULATION":3386,"DENSITY":259.0141464866131}},{"arcs":[[-1,-5,-3,6],[-6]],"type":"Polygon","properties":{"WARD":"21208004","PROVINCE":"Eastern Cape","CAT_B":"EC128","MUNICNAME":"Nxuba Local Municipality","WARDNO":4,"VOTERS":3662,"Area":2230.17181889,"Shape_Leng":2.97321517236,"Shape_Area":0.214036215042,"ID":739,"POPULATION":11242,"DENSITY":5.040867212462295}}]}}}