{"type":"Topology","transform":{"scale":[0.0003515322118398304,0.00028996976870748065],"translate":[30.725089998000048,-25.93476000399994]},"arcs":[[[1603,637],[-47,-13],[-34,-39],[-22,-6],[-15,2],[-6,7],[4,13],[-21,-5],[-226,-69],[2,6],[0,6],[3,10],[1,17],[6,21],[-4,4],[2,4],[0,4],[2,3],[1,3],[5,9],[2,3],[1,3],[-1,2],[-4,2],[0,1],[1,2],[-2,7],[1,2],[2,1],[3,2],[2,2],[0,2],[-1,2],[-2,1],[-1,2],[0,10],[1,6],[-2,4],[0,2],[1,2],[0,2],[-4,8],[2,4],[-2,3],[1,4],[-1,2],[1,9],[-4,7],[0,2],[0,14],[-3,4],[4,4],[2,2],[-1,5],[-1,1],[1,6],[2,1],[4,4],[1,3],[-1,9],[4,3],[2,3],[0,1],[-2,2],[-4,5],[1,4],[1,1],[1,3],[-5,4],[-6,3],[-2,3],[0,1],[3,1],[1,8],[3,5],[8,6],[5,1],[6,4],[0,5],[-1,5],[0,2],[1,1],[2,0],[1,2],[3,1],[0,0],[0,3],[-2,2],[-1,2],[-2,1],[1,6],[5,10],[-4,1],[-10,12],[-6,-9],[-6,-3],[-3,-1],[-1,-3],[-2,-10],[-1,-2],[-5,-7],[-2,-2],[-1,0],[-80,16],[-36,-14],[-106,-8],[-43,-4],[1,-4],[11,-12],[4,-5],[1,-3],[-1,-2],[-1,-1],[-9,-2],[-8,-3],[-5,0],[-2,-1],[-2,-2],[-2,-6],[-4,-3],[-5,-4],[-2,0],[-4,0],[-1,-2],[0,-2],[4,-11],[3,-4],[0,-1],[-7,-7],[-3,-2],[-16,-8]],[[925,745],[-7,1],[-4,0],[-12,1],[-4,0],[-5,-5],[-2,-4],[-3,1],[-2,2],[-12,16],[-2,1],[-4,1],[-5,-4],[-18,-8],[-6,-2],[-10,-6],[-16,8],[-2,15],[-22,42],[-18,25],[-33,-29],[-10,-24],[2,-6],[-5,-3],[-14,19],[-2,4],[-12,31],[-12,-7],[0,-1],[0,-2],[-2,-1],[-8,0],[-13,-1]],[[662,809],[-13,23],[-27,26],[-20,34],[-29,30],[21,34],[-24,32],[-17,6],[-20,-18],[-7,4],[-4,8],[-2,2],[-3,0],[0,1],[-10,-2],[-42,47],[44,18],[45,12],[7,4],[3,1],[2,3],[3,0],[3,1],[5,5],[6,12],[0,3],[2,5],[0,6],[1,2],[7,4],[5,2],[4,4],[8,-1],[0,3],[2,2],[3,2],[3,9],[3,7],[4,4],[3,10],[5,4]],[[633,1158],[2,-1],[2,-1],[6,2],[2,0],[4,-1],[1,-1],[0,-4],[1,-2],[2,0],[8,0],[4,2],[1,4],[-1,5],[1,1],[7,0],[1,0],[2,-2],[2,-4],[2,-2],[10,1],[6,-4],[3,-1],[10,-5],[10,7],[27,-14],[21,-3],[26,3],[78,-30],[48,-2],[97,-23],[44,-29],[51,-19],[22,-21],[6,1],[35,-18],[61,-3],[26,6],[13,-38],[23,19],[38,22],[29,77],[93,50],[0,5],[1,4],[1,5],[2,1],[4,2],[7,-1],[4,1],[8,5],[5,1],[5,-2],[8,-6],[7,-2],[2,0],[4,1],[14,0],[9,0],[4,0],[3,-1],[1,-5],[1,-3],[-1,-3],[1,-5],[5,-10],[7,-9],[2,-1],[3,-1],[18,0],[10,7],[4,4],[4,12],[3,13],[11,10],[4,7],[2,10],[3,4],[5,4],[2,1],[10,7],[10,3],[2,0],[3,0],[3,1],[2,2],[-1,7],[64,-75],[0,-2],[-42,-61],[-2,-4],[-1,-8],[-10,6],[-13,8],[-12,5],[0,-1],[1,0],[-5,-4],[-2,-2],[0,-2],[3,-3],[0,-3],[0,-2],[-1,-1],[-4,-1],[-1,-1],[0,-2],[-4,-6],[-2,-1],[-3,-1],[4,-3],[8,-13],[0,-11],[16,10],[4,-10],[0,-4],[8,-1],[-20,-71],[-51,-2],[0,-6],[-1,-6],[1,-1],[2,-2],[-2,-6],[0,-3],[-7,1],[-73,11],[14,-84],[34,-41],[-2,-7],[1,-9],[1,-7],[2,-9],[0,-6],[0,-4],[-3,-4],[-4,-4],[0,-1],[0,-3],[5,-1],[7,1],[14,20],[37,-55],[-17,-69]],[[662,809],[-14,-60],[17,-14],[1,-2],[1,-5],[1,-3],[3,-3],[5,-5],[9,-6],[8,-2],[9,-11],[4,0],[8,-27],[22,-42],[-2,-26]],[[734,603],[-3,1],[-5,0],[-3,1],[-2,0],[-4,-3],[-5,-6],[-1,-2],[-1,0],[-2,1],[-1,3],[-2,9],[0,1],[-2,0],[-1,-1],[-2,-14],[3,-5],[0,-2],[-1,-1],[-2,0],[-6,4],[-3,-2],[-5,-7],[-4,-8],[-6,-9],[-1,-3],[0,-3],[0,-2],[-8,-9],[-5,-6],[-8,-1],[-2,1],[-4,2],[-5,-1],[-8,1],[-1,-1],[-2,-1],[-1,-1],[-4,0],[-4,-1],[-3,-5],[0,-4],[2,-2],[1,-1],[0,-7],[20,-3],[-5,-211],[192,57]],[[830,362],[22,-81],[42,-45]],[[894,236],[-75,-89],[-76,-89],[-2,0],[-49,-56],[-1,-2],[-124,12],[-125,21],[-87,-4],[-106,38],[24,21],[6,113],[-25,28],[-50,18],[-66,4],[-19,23],[11,18],[-28,65],[-25,30],[-8,64],[7,8],[1,12],[-36,33],[-27,56],[-14,45],[15,38],[7,24],[42,321],[7,32],[30,16],[31,83],[21,56],[24,-24],[51,17],[44,80],[42,48],[60,-1],[10,28],[80,-22],[58,-5],[29,-59],[2,1],[2,0],[14,-7],[0,-1],[-1,-3],[-1,-7],[1,-3],[1,-2],[0,-9],[1,-2],[1,-1],[2,0],[8,10],[2,2],[3,0],[2,-2],[1,-4],[2,-9],[0,-9],[3,-2],[4,1],[3,1],[3,0],[8,-10],[0,-3],[0,-3],[0,-2],[3,0],[10,5],[4,-1],[7,-4],[1,-2],[-3,-6],[-1,-3],[0,-4]],[[811,576],[2,-5],[0,-1],[7,1],[4,-1],[5,-7],[11,-6],[0,-1],[5,-2],[9,-8],[1,-4],[2,-9],[2,-5],[1,-3],[4,-5],[1,-3],[1,-2],[2,-7],[0,-8],[1,-3],[1,-2],[2,-4],[5,-7],[5,-3]],[[882,481],[-64,9],[12,-128]],[[734,603],[4,-1],[5,0],[4,-4],[2,0],[4,-2],[2,-1],[1,2],[0,1],[-1,2],[-1,0],[-2,4],[4,11],[7,-4],[7,-9],[2,-4],[21,4],[7,-7],[11,3],[0,-22]],[[925,745],[-2,0],[-2,-23],[-3,-47],[-7,-22],[-4,-4],[-1,-10]],[[906,639],[-22,-5],[2,-3],[2,-5],[0,-11],[-1,-7],[-3,-6],[-4,-5],[-5,-4],[-9,-12],[-11,11],[-14,10],[-11,-13]],[[830,589],[-6,-5],[-2,-2],[0,-2],[-6,-6],[-5,2]],[[905,552],[-2,-2],[-6,-2],[-6,8],[-18,18],[-2,-2]],[[871,572],[-6,-3],[3,-7]],[[868,562],[-3,-1]],[[865,561],[-7,-3],[-1,0],[-1,6],[-3,5],[-2,-2],[-6,8],[0,3],[-2,3],[-1,-1],[0,-3],[-6,1],[1,7],[-5,0],[-1,0],[1,2],[-2,2]],[[906,639],[53,9],[13,-53],[-1,-1],[-6,3],[-5,4],[-1,1],[-2,-1],[-4,0],[-3,6],[-1,0],[-1,1],[-1,-1],[-2,1],[-3,0],[-10,0],[-4,1],[-4,-14],[-13,2],[-7,-24],[0,-8],[2,-9],[-1,-4]],[[865,561],[3,1]],[[868,562],[2,-4],[-8,-1],[-4,-1],[0,-5],[2,0],[0,-1],[5,-1],[1,-3],[2,-4],[-2,-1],[1,0],[0,0],[6,-5],[3,2],[1,0],[2,2],[1,-2]],[[880,538],[-5,-2],[-6,-5],[-1,-4],[-2,0],[2,-3],[11,-2],[26,-12],[6,-17],[-12,-5],[2,-6],[-5,-3]],[[896,479],[-14,2]],[[871,572],[11,-23],[-6,-4],[5,-3],[1,-3],[-2,-1]],[[1603,637],[78,24],[-149,-229],[-151,-149],[-239,-236],[-202,-10],[-33,39],[-4,99],[-9,61]],[[896,479],[56,-8],[-9,-9],[24,-42],[2,0],[4,-2],[4,1],[5,5],[3,1],[2,4],[1,1],[30,31],[52,16],[-2,1],[-4,6],[-2,1],[-2,3],[-5,1],[-2,-1],[-1,-5],[-1,-1],[-6,0],[-6,-3],[-3,1],[-4,-1],[-4,3],[-5,-1],[-2,1],[0,2],[0,15],[-4,4],[-1,2],[1,3],[2,2],[0,1],[-2,0],[-2,-2],[-3,-6],[-1,-1],[-2,0],[-4,4],[-2,12],[-3,2],[0,4],[-2,1],[-4,-2],[-1,1],[-2,5],[-3,1],[0,2],[0,3],[-1,5],[-1,2],[-7,6],[-1,3],[-2,4],[0,3],[0,0],[-1,3],[-4,6],[-15,5],[-4,-1],[0,-2],[2,-4],[0,-1],[-1,-1],[-1,0],[-2,2],[0,-3],[0,-1],[-1,-10],[2,-4],[1,-2],[1,-2],[3,-14],[-3,-2],[-15,-5],[-5,18],[-6,-2],[-2,4],[-4,5],[-5,2],[-1,4],[-6,-2],[-4,1]]],"objects":{"160":{"type":"GeometryCollection","geometries":[{"arcs":[[0,1,2,3]],"type":"Polygon","properties":{"WARD":"83203001","PROVINCE":"Mpumalanga","CAT_B":"MP323","MUNICNAME":"Umjindi Local Municipality","WARDNO":1,"VOTERS":3064,"Area":424.161450414,"Shape_Leng":1.47601170402,"Shape_Area":0.0381372294947,"ID":3737,"POPULATION":5040,"DENSITY":11.882267931422671}},{"arcs":[[-3,4,5,6,7]],"type":"Polygon","properties":{"WARD":"83203002","PROVINCE":"Mpumalanga","CAT_B":"MP323","MUNICNAME":"Umjindi Local Municipality","WARDNO":2,"VOTERS":3581,"Area":792.090052527,"Shape_Leng":1.40270939895,"Shape_Area":0.0712679130787,"ID":3738,"POPULATION":8140,"DENSITY":10.276609299701477}},{"arcs":[[8,9,-6,10]],"type":"Polygon","properties":{"WARD":"83203003","PROVINCE":"Mpumalanga","CAT_B":"MP323","MUNICNAME":"Umjindi Local Municipality","WARDNO":3,"VOTERS":3600,"Area":55.9227873551,"Shape_Leng":0.347899032353,"Shape_Area":0.0050334630086,"ID":3739,"POPULATION":13175,"DENSITY":235.59269169365675}},{"arcs":[[11,12,13,-11,-5,-2]],"type":"Polygon","properties":{"WARD":"83203004","PROVINCE":"Mpumalanga","CAT_B":"MP323","MUNICNAME":"Umjindi Local Municipality","WARDNO":4,"VOTERS":3342,"Area":44.276100753,"Shape_Leng":0.334121107286,"Shape_Area":0.00398290675513,"ID":3740,"POPULATION":8455,"DENSITY":190.96080856729728}},{"arcs":[[14,15,16,17,-13,18]],"type":"Polygon","properties":{"WARD":"83203005","PROVINCE":"Mpumalanga","CAT_B":"MP323","MUNICNAME":"Umjindi Local Municipality","WARDNO":5,"VOTERS":3490,"Area":6.14138855135,"Shape_Leng":0.161755185424,"Shape_Area":0.000552583371412,"ID":3741,"POPULATION":5679,"DENSITY":924.709445187545}},{"arcs":[[19,20,21,22,-9,-14,-18]],"type":"Polygon","properties":{"WARD":"83203006","PROVINCE":"Mpumalanga","CAT_B":"MP323","MUNICNAME":"Umjindi Local Municipality","WARDNO":6,"VOTERS":3254,"Area":2.82454272492,"Shape_Leng":0.131559856042,"Shape_Area":0.000254190095613,"ID":3742,"POPULATION":6783,"DENSITY":2401.4506632014622}},{"arcs":[[-21,-16,23]],"type":"Polygon","properties":{"WARD":"83203007","PROVINCE":"Mpumalanga","CAT_B":"MP323","MUNICNAME":"Umjindi Local Municipality","WARDNO":7,"VOTERS":2396,"Area":0.463129384352,"Shape_Leng":0.0373875595941,