{"type":"Topology","transform":{"scale":[0.0010230452702331319,0.0009723543952911856],"translate":[26.462370000000078,-26.14288999599995]},"arcs":[[[222,523],[-1,-1],[-1,0],[-2,-1],[0,0],[0,0],[-1,0],[-2,-1],[0,-1],[-3,-5],[0,-2],[-2,0],[0,0],[-1,-3],[-5,1],[0,-3],[-1,-2],[-2,0],[-3,0],[0,-1],[-1,-1],[1,-2],[-1,-4],[-4,-1],[0,26],[22,13],[8,-3],[0,-1],[0,-2],[0,-3],[0,-2],[-1,-1]],[[655,531],[-4,-3],[0,-1],[-35,-26],[6,-17],[-14,-5],[-23,14],[0,1],[-1,1],[0,2],[-1,1],[0,3],[-2,2],[-1,2],[-1,1],[-2,0],[0,0],[0,2],[-1,0],[0,0],[-2,1],[-2,-1],[-2,0],[-20,-43],[-31,29],[-20,-14],[-7,-2],[-18,-4],[-30,7],[-4,3],[-2,2],[-62,10],[3,-10],[0,-2],[-1,-4],[-1,-3],[-6,-33],[-2,-1],[0,-1],[-1,-1],[-1,0],[0,1],[-1,-1],[-3,0],[-1,1],[-1,1],[-1,0],[0,0],[-2,0],[-1,0],[-5,-1],[-1,0],[-2,0],[-3,1],[-4,1],[-4,3],[-3,2],[-2,0],[-1,7],[1,2],[2,4],[-76,7],[-2,2],[-28,-3],[-43,4],[-2,-19],[-3,-51],[23,-2],[5,-60],[-32,-26]],[[177,314],[-27,24],[-35,32],[-8,-6],[-50,35],[-11,-1],[-18,4],[-5,2],[-23,5],[14,21],[8,49],[18,-7],[8,30],[2,56],[-19,5],[-16,-5],[20,37],[11,-14],[1,44],[-4,34],[0,2],[3,6],[6,16],[2,-1],[5,-4],[11,-2],[2,0],[2,-1],[-3,17],[58,0],[14,-56],[43,2],[-4,77],[20,4],[18,52],[26,13],[45,22],[8,-1],[81,2],[2,-16],[79,-4],[1,-5],[71,8],[-6,-23],[13,-68],[25,-3],[4,-6],[13,-2],[3,-2],[-11,-5],[6,-19],[0,-2],[11,-33],[8,-15],[20,-23],[-7,-5],[13,-23],[14,-4],[0,-7],[18,-6],[-6,-4],[-2,-1],[6,-8]],[[709,218],[-14,-44],[-8,-19],[2,-27],[1,-28],[0,-9],[2,-27],[-1,-1],[2,-14],[-13,-3],[-16,-3],[-19,2],[-29,3],[-4,-18],[-2,-30],[-26,2],[21,44],[-10,-1],[-26,-33],[9,31],[-27,14],[0,1],[-13,6],[-37,16],[3,10],[-45,24],[-14,-40],[-12,2],[-8,2],[-30,6],[-1,-8],[-9,1],[-1,9],[-7,0],[-40,-25],[-25,57],[-10,20],[-8,18],[7,40],[-9,17],[-5,3]],[[287,216],[53,47],[8,36],[29,-15]],[[377,284],[9,-5],[21,16],[2,-1],[0,-2],[0,-1],[4,3],[1,0],[1,-2],[1,0],[1,2],[1,1],[1,2],[2,-1],[1,1],[2,-1],[1,0],[-3,7]],[[422,303],[-1,2],[1,2]],[[422,307],[0,-1],[5,1],[23,-6],[17,-18],[1,0],[34,26],[8,-7],[32,-26],[-4,-8],[5,-3],[9,-4],[4,-6],[2,-1],[3,-3],[0,-2],[-1,0],[0,-2],[1,-1],[-1,-1],[0,-2],[1,0],[0,-2],[9,-1],[0,3],[1,2],[1,1],[3,3],[49,-18],[85,-13]],[[422,303],[-2,-1],[-3,-2],[-2,3],[-2,-1],[0,4],[-1,0],[-1,-1],[-1,1],[-1,-1],[-1,0],[0,1]],[[408,306],[9,6],[5,-5]],[[377,284],[31,22]],[[287,216],[-4,2],[-2,5],[-41,4],[-5,-6],[-37,51],[-2,7],[-19,4],[0,31]],[[655,531],[17,-26],[8,-17],[1,-15],[0,0],[2,-22],[6,-16],[-41,-30],[-5,-3],[12,-59],[3,0],[20,-9],[51,-38],[-22,-15],[-7,-7],[-5,-9],[2,-3],[10,-16],[-1,0],[3,-28]]],"objects":{"166":{"type":"GeometryCollection","geometries":[{"arcs":[[0]],"type":"Polygon","properties":{"WARD":"63704001","PROVINCE":"North West","CAT_B":"NW374","MUNICNAME":"Kgetlengrivier Local Municipality","WARDNO":1,"VOTERS":3436,"Area":6.16519875145,"Shape_Leng":0.12060974578,"Shape_Area":0.000554173314164,"ID":2625,"POPULATION":8580,"DENSITY":1391.6826279091263}},{"arcs":[[1,2],[-1]],"type":"Polygon","properties":{"WARD":"63704002","PROVINCE":"North West","CAT_B":"NW374","MUNICNAME":"Kgetlengrivier Local Municipality","WARDNO":2,"VOTERS":2920,"Area":1908.02299874,"Shape_Leng":2.59240563787,"Shape_Area":0.171408568087,"ID":2626,"POPULATION":10078,"DENSITY":5.281906982596752}},{"arcs":[[3,4,5,6,7]],"type":"Polygon","properties":{"WARD":"63704003","PROVINCE":"North West","CAT_B":"NW374","MUNICNAME":"Kgetlengrivier Local Municipality","WARDNO":3,"VOTERS":3071,"Area":863.713448186,"Shape_Leng":1.52172205605,"Shape_Area":0.077856124694,"ID":2627,"POPULATION":4908,"DENSITY":5.682440177709339}},{"arcs":[[8,9,-7]],"type":"Polygon","properties":{"WARD":"63704004","PROVINCE":"North West","CAT_B":"NW374","MUNICNAME":"Kgetlengrivier Local Municipality","WARDNO":4,"VOTERS":3534,"Area":0.906450483723,"Shape_Leng":0.0441061307228,"Shape_Area":0.000081617299228,"ID":2628,"POPULATION":5252,"DENSITY":5794.0285700205395}},{"arcs":[[-6,10,-9]],"type":"Polygon","properties":{"WARD":"63704005","PROVINCE":"North West","CAT_B":"NW374","MUNICNAME":"Kgetlengrivier Local Municipality","WARDNO":5,"VOTERS":3650,"Area":4.65258755539,"Shape_Leng":0.129993139869,"Shape_Area":0.000418964024187,"ID":2629,"POPULATION":11562,"DENSITY":2485.0687627802895}},{"arcs":[[-8,-10,-11,-5,11,-2,12]],"type":"Polygon","properties":{"WARD":"63704006","PROVINCE":"North West","CAT_B":"NW374","MUNICNAME":"Kgetlengrivier Local Municipality","WARDNO":6,"VOTERS":3071,"Area":1189.65343949,"Shape_Leng":1.9782594361,"Shape_Area":0.107064997655,"ID":2630,"POPULATION":10668,"DENSITY":8.967317410163865}}]}}}