{"type":"Topology","transform":{"scale":[0.00032915905606299516,0.0002654969538313555],"translate":[24.465069998000047,-26.55029499999995]},"arcs":[[[1039,2755],[0,-36],[-5,-29],[-2,-19],[-2,-75],[9,-92],[-28,-4],[-167,-51],[-97,-27],[-48,-9],[-2,12],[3,2],[-10,15],[-14,-1],[-6,7],[-1,4],[-1,4],[3,9],[7,41],[9,76],[-2,26],[-11,26],[-5,18],[-4,12],[-1,9],[-29,-1],[-107,-43],[0,-1],[5,-3],[-9,-2],[-4,-5],[-5,-3],[0,-1],[-2,5],[-14,-4],[1,-4],[-11,-3],[-9,-3],[-12,-9],[-21,-18],[-23,-17],[-4,-2],[-2,-1],[-5,-4],[-3,-1],[-9,-16]],[[401,2537],[-159,128],[-242,198],[59,150],[2,4],[8,-4],[9,-3],[21,-12],[6,-2],[0,1],[12,-7],[6,-1],[4,-3],[20,-11],[5,0],[3,-2],[2,-4],[4,-2],[6,0],[8,-7],[6,0],[6,-5],[6,-1],[15,-8],[6,-1],[8,-5],[6,-2],[13,-7],[13,-2],[6,0],[11,2],[5,2],[7,2],[10,0],[11,-1],[13,-5],[17,-10],[9,-8],[5,-5],[4,-9],[3,-6],[3,-1],[2,-2],[13,-19],[3,-1],[2,-4],[3,0],[5,-4],[4,-2],[6,-2],[2,-3],[1,-2],[3,2],[2,-3],[3,0],[1,-1],[0,-3],[1,-1],[5,-3],[4,0],[2,-4],[6,-5],[2,-1],[1,-3],[8,-5],[2,1],[6,-4],[2,1],[2,0],[2,-3],[3,-1],[3,-2],[0,2],[3,0],[4,-1],[9,-2],[15,-6],[8,-2],[4,-3],[6,-1],[12,-4],[14,-2],[16,-12],[14,-4],[7,-6],[8,-4],[14,-2],[9,-9],[5,-3],[6,-1],[10,1],[8,2],[11,-1],[10,-4],[3,-5],[4,-11],[2,-1],[2,-1],[6,0],[4,2],[8,12],[6,5],[2,2],[3,6],[3,11],[5,6],[5,3],[10,3],[23,9],[13,9],[4,1],[31,3],[8,2],[10,1],[7,-3],[8,-6],[6,-5],[2,0],[2,-2],[3,-6],[2,-2],[9,-8],[8,-2],[11,-4],[12,-2],[2,2],[10,10],[6,2],[11,0],[18,-7],[9,-9],[5,-6],[8,-6],[11,-5],[2,-1],[3,1],[8,8],[3,1],[6,1],[6,-2],[5,-4],[3,-3],[5,-8],[3,-12],[3,-2],[5,0],[2,2],[2,6],[3,6],[14,11],[6,0],[8,-1]],[[2144,2954],[2,-8],[-10,-24],[60,-269],[-30,-8],[-67,-61],[18,-75]],[[2117,2509],[-128,-31],[-126,-96]],[[1863,2382],[-119,33],[-57,-15],[-84,-25],[-14,49],[-150,92],[-74,-21],[-28,109],[-147,198]],[[1190,2802],[2,0],[12,-5],[5,1],[20,8],[4,-1],[1,-1],[6,-9],[6,-3],[4,0],[5,2],[2,2],[7,3],[14,0],[11,-4],[16,-9],[7,-1],[4,2],[2,3],[0,3],[-1,2],[-6,6],[-1,5],[4,10],[3,1],[19,-1],[1,1],[2,3],[6,12],[1,1],[14,1],[1,1],[1,8],[0,13],[-3,20],[0,5],[1,4],[4,1],[5,-1],[5,-7],[4,-12],[2,-1],[3,-1],[13,3],[10,5],[5,6],[6,16],[1,11],[2,4],[4,5],[7,0],[7,3],[8,0],[5,2],[9,3],[11,4],[6,7],[1,3],[-1,4],[0,2],[7,2],[1,2],[-2,5],[-4,10],[0,7],[1,3],[7,5],[2,0],[2,-4],[5,-4],[7,-7],[0,-1],[5,-6],[3,-1],[3,1],[3,-2],[3,0],[4,2],[7,6],[2,4],[2,5],[0,7],[3,5],[3,3],[1,8],[8,8],[3,1],[6,-2],[6,0],[8,-2],[3,1],[7,7],[4,15],[7,12],[13,5],[10,9],[6,2],[2,3],[9,4],[2,2],[1,4],[0,7],[-3,4],[-5,5],[-4,8],[-1,3],[3,3],[9,5],[21,8],[8,2],[5,1],[3,-1],[3,-4],[3,-4],[1,-6],[1,-4],[5,-3],[4,0],[5,1],[17,14],[22,17],[5,2],[9,-6],[7,-2],[22,-4],[5,-3],[1,-2],[1,-8],[1,-4],[4,-5],[7,-6],[17,-10],[6,-1],[11,3],[3,-1],[8,-4],[2,0],[2,1],[4,8],[10,10],[3,2],[9,1],[2,-1],[0,-4],[3,-6],[1,-8],[4,-11],[3,-4],[5,-6],[11,-2],[17,-1],[10,-2],[3,0],[8,5],[4,0],[3,-3],[0,-2],[-7,-9],[-3,-5],[0,-3],[1,-4],[2,-3],[2,-1],[3,0],[10,3],[3,0],[3,-2],[1,-2],[1,-2],[-6,-13],[0,-4],[5,-5],[8,-2],[10,-17],[9,-8],[7,-3],[7,0],[10,3],[10,8],[6,2],[5,7],[3,2],[9,2],[8,2],[1,1],[9,0],[5,-3],[6,-7],[3,-2],[5,0],[6,3],[4,1],[11,-3],[8,0],[5,-1],[13,-8],[7,-11],[3,-3],[6,-2]],[[2433,2558],[-29,19],[-131,-31],[-156,-37]],[[2144,2954],[15,-1],[5,2],[11,7],[8,4],[26,1],[8,4],[15,9],[10,3],[3,-1],[9,-4],[2,-3],[2,-6],[3,-2],[2,-1],[10,1],[7,-2],[6,-4],[7,-7],[4,2],[8,7],[24,-5],[13,2],[15,-4],[23,0],[12,-8],[11,0],[12,-4],[4,0],[3,2],[8,6],[11,-1],[6,0],[9,-4],[4,0],[13,1],[13,5],[6,3],[12,-3],[12,1],[8,-1],[11,2],[8,-1],[12,-8],[9,-1],[6,-2],[6,-4],[6,-8],[3,-1],[4,0],[3,-1],[4,0],[7,3],[11,2],[6,5],[4,1],[1,0],[10,-4],[5,-1],[11,4],[5,3],[8,-25],[8,-10],[0,-12],[14,-42],[-61,-148],[-174,-129],[-18,-18]],[[1863,2382],[-34,-25],[-79,-58],[-102,-76],[95,-155],[-6,-267],[-1,-15],[2,-1],[2,-6],[5,-3],[10,-9],[7,-9],[3,-1],[1,-3],[2,-2],[2,-4],[2,-4],[6,-2],[2,-3],[2,-2],[8,0],[1,-2],[1,-5],[1,-1],[2,1],[3,-2],[3,-2],[1,-4],[1,-5],[55,-66],[105,-118],[-155,-32],[-11,-5]],[[1797,1496],[-3,0]],[[1794,1496],[-4,-10],[3,-4],[0,-1],[0,-3],[2,-6],[2,-1],[2,1],[0,1]],[[1799,1473],[-1,0]],[[1798,1473],[0,2],[2,0],[2,-3],[8,2],[2,-2],[1,-6]],[[1813,1466],[1,-1]],[[1814,1465],[1,0]],[[1815,1465],[1,0]],[[1816,1465],[2,2],[3,0],[1,-2],[4,-4],[2,-7],[2,-3],[5,0],[7,2],[4,-2]],[[1846,1451],[-8,-12]],[[1838,1439],[-7,-10]],[[1831,1429],[-3,3],[-1,-10],[-115,-37],[-95,-29],[-100,-33],[-67,150],[-67,155],[-21,-10],[-147,-60],[-146,-234]],[[1069,1324],[-39,153],[-66,129],[-60,115],[-53,115],[-34,88],[-73,104],[-170,198],[-45,94],[85,49],[-50,38],[-163,130]],[[1039,2755],[7,0],[3,2],[2,6],[0,11],[0,4],[4,7],[3,2],[3,0],[4,-5],[-1,-6],[3,-10],[3,-4],[3,0],[9,6],[3,5],[7,9],[3,0],[4,-3],[2,0],[8,-8],[6,-2],[7,0],[4,4],[6,2],[11,6],[3,2],[3,6],[3,2],[9,2],[11,0],[9,4],[7,5],[2,0]],[[1980,1000],[-13,7],[-5,4],[7,8],[0,4],[4,11],[1,10],[2,4]],[[1976,1048],[2,3]],[[1978,1051],[0,3],[0,6],[2,5],[-1,5],[1,6],[-5,9],[-4,5],[-2,6],[4,8]],[[1973,1104],[-2,1],[4,59],[43,7],[0,-6],[1,-2],[8,-10],[2,-5],[5,-7],[2,-8],[1,-5],[-2,-9],[0,-11],[3,-13],[1,-6],[1,-2],[0,-4],[4,-8],[0,-9],[-3,-14]],[[2041,1052],[-9,-1],[1,-4],[-4,-4],[-10,-5],[0,-2],[-3,1],[-4,-6],[-8,-7],[-11,-4],[2,-4],[-3,-2],[0,-2],[-1,-4],[-6,2],[-2,-6],[-2,0],[-1,-4]],[[2334,462],[43,-65],[-7,-4],[-30,-27],[-7,-3],[-23,-8],[-21,-19],[-51,-59],[-31,-32],[-6,-11],[-9,-12]],[[2192,222],[-2,5],[-6,8],[-2,2],[0,2],[-2,0],[0,2],[-1,0],[0,1],[-1,0],[-2,4],[-4,4],[0,1],[-2,3],[1,2],[-2,0],[0,4],[-2,2],[-1,0],[-2,3],[-3,1],[1,2],[-2,1],[0,1],[-2,0],[0,4],[-3,3],[1,1],[-2,1],[0,3],[-1,2],[-3,1],[0,2],[-1,1],[0,3],[-1,2],[1,8],[-2,9],[1,2],[-1,3],[0,3],[-1,7],[-2,5],[-3,0],[-1,4],[-2,3],[-2,6],[-1,1],[0,8],[-2,1],[-1,0],[-1,2],[-2,-1],[-1,6],[-2,2],[4,8],[4,16],[2,4],[4,4],[-1,1],[10,16]],[[2149,411],[6,12],[3,13],[4,6],[4,3],[6,2],[3,0],[11,-3],[7,3],[3,3],[10,23],[-25,14],[-8,4],[-86,10],[-5,7],[0,4],[-2,5],[0,3],[-4,5],[1,4],[-5,3],[1,6],[-4,8]],[[2069,546],[26,-5],[34,12],[21,10],[34,-43],[5,4],[10,3],[6,-1],[9,-5],[5,1],[2,1],[12,-47],[11,-3],[4,2],[21,0],[2,-7],[23,1],[40,-7]],[[2192,222],[-10,-10],[-6,-6],[-4,-2],[-16,-5],[-3,-3],[-4,-13],[-4,-17],[-2,-30],[-3,-22],[-46,-13],[-178,-46],[-90,-55],[-77,184],[89,57]],[[1838,241],[18,4],[206,136],[20,5],[18,7],[28,12],[18,3],[3,3]],[[3037,1308],[12,3],[7,-1],[-2,-8],[13,0],[3,1],[-2,0],[-1,6],[-5,2],[-2,6],[-6,10],[-4,8],[2,3],[2,-1],[8,4],[2,0],[4,0],[4,-3],[3,-4],[11,3]],[[3086,1337],[1,-2],[-1,-6],[1,-2],[-1,0],[1,-1],[-1,-2],[1,-9],[0,-3],[2,-2],[0,-4],[-2,-4],[1,-2],[4,-8],[0,-5],[-1,-2],[2,-1],[1,0],[4,-2],[0,-1],[-2,0],[0,-3],[1,0],[0,-2],[0,-2],[-1,0],[-1,-4],[1,-1],[-1,-1],[1,-4],[2,-3],[0,-1],[2,0],[0,-1],[2,0],[2,-3],[0,1],[1,-1],[1,1],[0,-1],[3,3],[0,-1],[3,1],[1,-1],[4,1],[1,2],[1,-1],[1,0],[2,-6],[10,-5],[3,3],[0,1],[6,5],[1,4],[2,1],[4,0],[2,1],[2,7],[7,3],[9,-5],[3,-1],[2,-2],[2,0],[0,-1],[-3,-5],[-1,-3],[-8,-6],[-17,-13],[-11,-3],[-16,-8],[-15,-5],[-21,-5],[-8,-1],[-23,-16],[-23,-4],[-9,-7],[-20,-24],[-7,-13],[-6,-8],[-36,-44],[-13,-20],[-6,-5],[-18,-14],[-6,-8],[-1,-3],[-3,-6],[-7,-9],[-10,-91],[-1,-2],[-44,-67],[-19,-25],[-21,-19],[-6,-9],[-11,-5],[-11,-9],[-18,-11],[-15,8],[-171,45]],[[2570,850],[0,3],[-2,7],[1,16],[1,2],[1,0],[5,1],[6,10],[-16,12],[-8,11],[-6,13],[-10,25],[-9,-3],[-4,10],[-51,27],[-72,25],[-49,15],[-30,-1],[-38,0],[-25,6],[-12,2],[-1,40],[56,8],[38,18],[8,-59],[87,23],[5,-4],[3,-1],[1,-2],[0,-1],[-2,-4],[3,-9],[1,-1],[3,1],[1,0],[3,-2],[4,2],[14,-15],[9,-2],[5,2],[2,-2],[4,1],[-12,-11],[69,-12],[3,-38],[10,-1],[12,59],[4,10],[-2,2],[2,10],[12,19],[71,63],[76,54],[19,19],[41,-27],[122,172],[28,-16],[51,-14],[35,-5]],[[1838,241],[-40,101]],[[1798,342],[55,36],[41,24],[52,26],[78,31],[0,2],[2,0],[-1,4],[1,4],[0,2],[1,4],[0,9],[0,2],[-3,2],[1,2],[-2,3],[2,3],[2,1],[-4,12],[-14,70],[14,-3],[4,3],[19,10],[12,-1],[4,2]],[[2062,590],[2,-5],[-5,-10],[0,-12],[-1,-1],[0,-6],[0,-1],[4,-1],[3,-1],[1,1],[1,-1],[3,-3],[-2,-2],[1,-2]],[[3037,1308],[-1,12],[-3,14],[1,0],[-1,14],[-4,16],[9,26],[2,5],[5,1],[1,10],[-4,3],[-1,3],[7,23],[1,1]],[[3049,