{"type":"Topology","transform":{"scale":[0.001002510597116209,0.0008943822867132653],"translate":[25.09383000300005,-26.967739998999946]},"arcs":[[[803,609],[-2,-1],[-10,-20],[-1,-9],[-1,-14],[-7,-14],[-1,-1],[-19,2],[-22,4],[-7,-69],[-8,1]],[[725,488],[-6,15]],[[719,503],[-29,63],[-25,-17],[-37,55],[-2,6],[-55,-27],[29,-63],[25,-62],[0,0],[15,-42]],[[640,416],[-1,1],[0,-1],[-1,1],[-1,1],[-2,-3],[-2,0],[-1,2],[-2,0],[-1,-2],[-1,0],[0,-1],[-1,0],[-1,0],[0,-1],[-2,-1],[0,-1],[0,0],[-1,1],[-1,-1],[0,-2],[-1,0],[-3,3],[-3,-1],[0,2],[-1,0],[-1,-1],[-1,2],[-2,-1],[0,1],[-1,-2],[-1,0],[0,0],[-1,0],[0,-1],[-1,0],[0,-1],[0,0],[-2,0],[-1,-1],[-1,1],[-1,-1],[-1,0],[1,-1],[-2,0],[-8,35],[-24,-12],[-9,-25],[-41,-16],[-6,18],[3,2],[-3,19],[1,6],[3,9],[0,3],[-1,10],[-2,6],[0,11],[-12,0],[-2,0],[-9,-5],[-17,-7],[-6,-5],[-19,-20],[13,-11],[-31,5],[5,5],[3,5],[6,6],[4,7],[10,30],[24,2],[-11,36],[3,5]],[[473,527],[8,11],[9,9],[3,5],[5,11],[6,11],[-33,13],[1,1],[-17,-8]],[[455,580],[7,43],[9,44],[-6,-2],[-5,12]],[[460,677],[-9,39],[43,24],[66,10],[14,14],[18,28],[2,3],[2,4],[3,4],[2,3],[1,2],[3,3],[1,4],[3,2],[9,11],[9,-33],[48,21],[56,42],[39,-83],[13,10],[4,-6],[-14,-11],[20,-44],[-54,-42],[32,-2],[32,-71]],[[140,628],[-9,23],[34,30],[38,41],[56,-13]],[[259,709],[1,-2],[1,-2],[7,-3],[3,-2],[0,-7],[2,-4],[4,-4],[1,-4],[2,-5],[1,-6],[-4,-5],[3,-5],[2,0],[1,-2],[2,-1],[4,-5],[-2,-4],[-2,-2],[-10,-8],[-2,0],[1,1],[-2,1],[-1,-1],[-2,0],[0,-1],[-3,0],[0,-1],[-1,0],[-1,0],[-2,2],[-1,-3],[-1,-6],[-4,-7],[-2,1],[-1,0],[0,1],[-2,0],[-7,5],[-6,-7],[-1,-2],[-2,0],[-2,0],[-3,1],[-5,5],[-3,-2],[-9,1],[-2,1],[-3,1],[-2,1],[-2,0],[-3,-2],[-3,1],[-11,-3],[-7,-1],[-3,0],[-4,2],[-7,9],[-7,-2],[-2,0],[-4,0],[-4,-1],[-5,-3],[-4,-1]],[[408,657],[0,-1],[-5,-6],[-2,-3],[0,-3],[-2,-3],[1,-2],[-3,-5],[-7,4],[-2,-5],[-3,1],[-4,0],[-10,-4],[5,-11],[-10,0],[-16,3],[-5,0],[-7,-1],[-12,1],[-1,0],[0,-4],[-11,-1],[-4,-2],[-1,0],[2,-2],[3,-6],[1,-2],[6,-3],[1,-1],[1,-8],[-5,-5],[0,-1],[-7,-5],[-9,-7],[-14,-18]],[[288,557],[-18,6],[-5,-5],[-3,4],[-3,2],[-6,-2],[-4,1],[-6,4],[-3,2],[-2,0],[-3,4],[-2,0],[-2,3],[3,13],[0,6],[-53,-7],[1,-13],[1,-3],[3,-2],[1,-4],[3,-3],[2,-5],[1,-1],[-1,0],[-2,0],[0,-6],[-1,-2],[-2,-1],[-48,26]],[[139,574],[2,1],[10,8],[2,2],[-14,20],[3,12],[0,5],[-2,6]],[[259,709],[14,-3],[5,-3],[9,6],[4,2],[2,2],[7,6],[6,7],[14,20],[4,28],[4,5],[80,-122]],[[455,580],[-11,-3],[0,5],[-10,2],[-1,-2],[4,-8],[-7,-4],[-6,-20],[-8,4]],[[416,554],[-9,4],[-2,-7],[-12,7],[-29,-22],[-45,13]],[[319,549],[-31,8]],[[408,657],[52,20]],[[473,527],[-4,4],[-4,6],[-16,-7],[-35,-20]],[[414,510],[6,9],[-10,14],[9,13],[-6,4],[3,4]],[[414,510],[-2,-1],[-49,1],[-19,-55]],[[344,455],[-5,1],[-18,7],[-17,8],[-1,3],[-35,3],[-15,6],[-10,7],[-2,0],[-8,-3],[-3,0],[-14,3],[-3,-1],[4,12],[1,5],[2,5],[1,2],[-2,2]],[[219,515],[1,0]],[[220,515],[-4,9],[2,6],[65,-36],[14,11],[-14,7],[36,37]],[[220,515],[-3,-1]],[[217,514],[-36,-23],[27,-63],[-67,-28],[-8,-5],[-52,-24],[-4,-3]],[[77,368],[-1,10],[-3,10],[-2,8],[-2,10],[7,23],[-1,23],[8,5],[-7,44],[1,15],[1,5],[2,4],[2,1],[4,1],[3,3],[7,6],[2,4],[10,9],[16,17],[7,6],[8,2]],[[725,488],[-4,1],[-3,-1],[8,-20],[6,-13],[-4,-2],[-1,2],[-1,-1],[-7,15],[-1,1],[0,1],[-2,6],[0,3],[-2,0],[0,1],[-4,-2],[-1,8],[-4,-1],[-5,8],[19,9]],[[344,455],[-3,-8],[-30,-9],[17,-80],[24,-6],[0,-6],[10,2],[-2,-4],[6,-17],[-1,-3],[-1,-2],[-8,2],[-1,-2],[-2,-11],[-1,1],[0,-3],[-1,-1],[0,-2],[2,0],[0,-3],[-5,-2],[-10,0],[-2,2],[-38,6],[-77,-32],[15,-38],[-36,-23],[30,-50],[-23,-8],[-14,-19]],[[193,139],[-30,46],[-32,-34],[-45,-40],[-81,-25],[-5,7],[1,1],[0,7],[1,4],[0,3],[2,16],[1,5],[1,19],[7,17],[1,1],[0,4],[3,9],[13,17],[2,8],[5,9],[0,2],[2,4],[1,3],[0,10],[3,7],[5,13],[0,7],[2,5],[0,3],[2,6],[2,11],[5,7],[2,5],[1,4],[2,2],[4,10],[4,5],[3,9],[5,6],[5,9],[-5,11],[-3,16]],[[217,514],[2,1]],[[1007,435],[-7,2],[-66,55],[-13,-14],[-2,-5],[-2,2],[-7,-8],[1,-2],[-37,-46],[4,-3],[-7,-9],[-6,6],[-9,17],[-8,-4],[2,-3],[-24,-25],[-5,-3]],[[821,395],[-12,16],[-3,2],[-3,2],[-11,2],[-48,22],[-23,-9],[-21,-3],[-36,-18]],[[664,409],[-18,-7],[-6,14]],[[803,609],[49,25],[5,-32],[26,7],[36,-29],[26,-1],[39,-16],[22,3],[26,-55],[-29,-3],[3,-48],[1,-25]],[[894,184],[-1,-1],[0,-1],[-1,0],[0,-1],[-3,0],[0,-1],[-3,1],[1,1],[-1,1]],[[886,183],[-6,0],[0,-1],[1,0],[1,-1],[-1,-1],[-13,8],[11,11]],[[879,199],[8,0],[-1,-5],[0,-3],[2,0],[-1,-4],[-1,0],[0,-1],[2,0],[0,-1],[6,-1],[0,0]],[[1007,435],[26,-6],[1,5],[19,-2],[-1,-6],[56,-1],[43,0],[28,-64],[-25,-1],[17,-40],[-4,-2],[9,-9],[-12,-9],[0,-1],[-11,0],[-13,-6],[-4,5],[-47,-10],[3,-26],[-29,-14],[3,-6],[-1,-1],[-3,8],[-2,1],[-11,-4],[2,-5],[-4,-1],[2,-12],[-30,-8],[-13,-55],[-26,-47],[-8,-3],[-12,34],[-4,-4],[-3,-2],[-1,-6],[-6,0],[-6,-18],[-7,3],[-1,-3],[-4,2],[-5,-8],[-8,5],[1,2],[-8,6],[-18,-23]],[[890,103],[11,19],[-5,6],[3,11],[2,10],[3,6],[1,4],[-1,4],[-1,2],[-9,5],[-2,3]],[[892,173],[6,11],[-4,0]],[[879,199],[3,3],[-31,45],[-28,42],[21,10],[-33,66],[-4,22],[14,8]],[[892,173],[-18,-5],[6,8],[3,2],[3,5]],[[664,409],[10,-15],[-3,-9],[-5,-19],[-3,-22],[-3,-6],[-3,-4],[-15,-9],[-3,-3],[-1,-4],[1,-18],[-1,-5],[-67,-8],[-62,1],[-65,-12],[-11,-4],[-12,2],[8,-35],[0,-10],[3,-48],[-2,-14],[22,-13],[-2,-12],[-3,-5],[-12,-15],[-5,-4],[-20,-9],[-14,-2],[-3,1],[-17,10],[-12,-37]],[[364,81],[-60,45],[-71,-31],[-7,-4],[-33,48]],[[890,103],[-72,-35],[-23,35],[3,-26],[-60,-42],[-24,39],[-47,-15],[-70,-30],[-15,-29],[-12,1],[1,76],[-55,-27],[19,72],[-26,-54],[-35,-33],[-85,18],[4,2],[1,1],[4,0],[-34,25]]],"objects":{"169":{"type":"GeometryCollection","geometries":[{"arcs":[[0,1,2,3,4,5,6]],"type":"Polygon","properties":{"WARD":"63802001","PROVINCE":"North West","CAT_B":"NW382","MUNICNAME":"Tswaing Local Municipality","WARDNO":1,"VOTERS":3313,"Area":903.541846902,"Shape_Leng":2.02309065975,"Shape_Area":0.0817331443792,"ID":2676,"POPULATION":9841,"DENSITY":10.891581871655553}},{"arcs":[[7,8]],"type":"Polygon","properties":{"WARD":"63802002","PROVINCE":"North West","CAT_B":"NW382","MUNICNAME":"Tswaing Local Municipality","WARDNO":2,"VOTERS":3450,"Area":102.233067142,"Shape_Leng":0.429754956711,"Shape_Area":0.00924574626531,"ID":2677,"POPULATION":7669,"DENSITY":75.01486763913567}},{"arcs":[[9,10,11,-9,12]],"type":"Polygon","properties":{"WARD":"63802003","PROVINCE":"North West","CAT_B":"NW382","MUNICNAME":"Tswaing Local Municipality","WARDNO":3,"VOTERS":3321,"Area":218.993464603,"Shape_Leng":1.0110686981,"Shape_Area":0.0198087520697,"ID":2678,"POPULATION":6460,"DENSITY":29.498597191979876}},{"arcs":[[-6,13,14,15,-10,16]],"type":"Polygon","properties":{"WARD":"63802004","PROVINCE":"North West","CAT_B":"NW382","MUNICNAME":"Tswaing Local Municipality","WARDNO":4,"VOTERS":3962,"Area":132.042233521,"Shape_Leng":0.585289626138,"Shape_Area":0.0119477605694,"ID":2679,"POPULATION":7683,"DENSITY":58.185928813284534}},{"arcs":[[17,18,-14,-5]],"type":"Polygon","properties":{"WARD":"63802005","PROVINCE":"North West","CAT_B":"NW382","MUNICNAME":"Tswaing Local Municipality","WARDNO":5,"VOTERS":3497,"Area":37.7253652751,"Shape_Leng":0.300891055518,"Shape_Area":0.00341473672165,"ID":2680,"POPULATION":6827,"DENSITY":180.96577594985004}},{"arcs":[[-19,19,20,21,22,-15]],"type":"Polygon","properties":{"WARD":"63802006","PROVINCE":"North West","CAT_B":"NW382","MUNICNAME":"Tswaing Local Municipality","WARDNO":6,"VOTERS":3507,"Area":91.0509964088,"Shape_Leng":0.602002886803,"Shape_Area":0.00824436531923,"ID":2681,"POPULATION":8214,"DENSITY":90.21318078849848}},{"arcs":[[-16,-23,23,24,25,-11]],"type":"Polygon","properties":{"WARD":"63802007","PROVINCE":"North West","CAT_B":"NW382","MUNICNAME":"Tswaing Local Municipality","WARDNO":7,"VOTERS":3764,"Area":256.392390463,"Shape_Leng":0.912123337559,"Shape_Area":0.0232182877576,"ID":2682,"POPULATION":8454,"DENSITY":32.97289745898288}},{"arcs":[[26,-2]],"type":"Polygon","properties":{"WARD":"63802008","PROVINCE":"North West","CAT_B":"NW382","MUNICNAME":"Tswaing Local Municipality","WARDNO":8,"VOTERS":3667,"Area":4.73212103706,"Shape_Leng":0.134839155226,