{"type":"Topology","transform":{"scale":[0.0015259677365591171,0.0011914323474800953],"translate":[24.503910002000055,-32.53791999699996]},"arcs":[[[758,290],[-3,0],[-5,-5],[-4,0],[-9,10],[0,2]],[[737,297],[2,1],[4,-3]],[[743,295],[7,-3],[5,3],[0,3]],[[755,298],[1,0]],[[756,298],[-1,-5],[3,-3]],[[743,295],[3,7]],[[746,302],[9,-4]],[[737,297],[-3,4],[3,5],[3,-1]],[[740,305],[6,-3]],[[740,305],[2,2],[8,2]],[[750,309],[0,-4],[5,-2],[2,1],[1,-4],[-2,-2]],[[1073,340],[-16,-3],[-28,-20],[-6,2],[1,-17],[11,-3],[4,-7],[-17,6],[-22,-23],[-20,3],[-3,2],[1,8],[3,2],[-3,3],[-13,-5],[-2,2],[-4,-1],[-11,12],[-9,15],[-8,3],[-7,-27],[-33,20],[-32,8],[-6,3],[-14,-4],[-5,-10],[-22,-16],[-2,16],[-8,-1],[-30,-12],[-7,16],[-15,-3]],[[758,290],[3,0],[1,-4],[-13,-14],[-19,-16],[-14,23],[-9,8],[-15,-2],[10,24],[7,9],[6,2],[20,23],[4,0],[-1,-12],[3,0],[3,-4],[10,-3],[-5,21],[27,4],[-11,5],[-3,0],[-16,37],[8,11],[0,16],[3,3],[0,11],[10,10],[16,6],[-10,3],[7,8],[-1,1],[-12,-2],[6,8],[-9,11],[-10,17],[-3,-7],[-17,8],[4,8],[11,4],[2,3],[0,6],[-6,17]],[[745,533],[15,0],[7,3],[16,14],[1,6],[4,11],[11,6],[7,-2],[-7,-5],[9,-17],[19,4],[-2,-16],[44,-19],[10,9],[3,1],[36,-30],[29,-31],[33,-20],[23,3],[-21,-25],[-1,-5],[6,-4],[2,2],[6,-4],[-2,-7],[3,-2],[-16,-13],[7,-5],[2,4],[6,-4],[6,3],[2,-3],[19,-3],[-5,-16],[12,-3],[1,-8],[17,-1],[25,-5],[1,-11]],[[187,964],[-32,-36],[13,0],[15,12],[22,3],[16,5],[8,-12],[7,-26],[-19,-17],[-2,-30],[16,-21],[3,-24],[8,-13],[13,-32],[15,7],[11,-2],[7,-30],[29,1],[6,14],[9,2],[3,-4],[1,-17],[-2,-5],[21,-13],[15,-19],[7,9],[23,0],[-3,39],[4,3],[-4,6],[-1,8],[2,5],[11,12],[5,15],[15,-11],[7,-2],[7,1],[2,-3],[13,-2],[7,-5],[11,-3],[6,-3],[1,-3],[7,1],[5,6],[26,-33],[-2,-1],[17,-39],[18,-11],[7,2],[0,-7]],[[561,691],[14,-10],[15,-4],[15,-8],[9,-15],[24,16],[8,-12],[12,-6],[13,0],[9,-5],[5,5],[8,-3],[1,-32],[19,-8],[-1,-6],[11,0],[6,-11],[0,-6],[12,0],[5,-29],[-1,-24]],[[1073,340],[0,-12],[43,-15],[-4,-13],[-5,-31],[4,-43],[-5,-14],[-33,11],[-8,-2],[1,-6],[-7,-14],[-25,-16],[-19,4],[-4,-3],[0,-5],[-9,-3],[-24,-24],[-17,0],[-13,-8],[-1,-11],[-6,-6],[0,-18],[-27,-23],[6,-20],[-14,-25],[-18,-4],[-16,1],[-24,11],[-8,-51],[-57,13],[-6,20],[-23,-7],[-6,23],[-5,3],[-10,16],[-12,4],[-8,-5],[-12,0],[-17,40],[-9,13],[-14,-3],[-12,-12],[-1,2],[-42,-7],[-5,-4],[-15,9],[13,32],[-7,1],[-16,22],[-15,5],[-1,15],[3,14],[-18,-4],[-17,-1],[-20,-28],[-30,6],[-10,-7],[-2,0],[-1,9],[-6,2],[-12,9],[-12,-4],[-8,12],[-18,19],[-33,15],[-15,-6],[-6,12],[-14,2],[-4,8],[-10,3],[-15,-7],[-20,15],[-18,1],[-12,15],[4,28],[4,14],[6,4],[9,-5],[-1,13],[11,15],[-2,15],[11,12],[-4,20],[-4,12],[-5,-2],[-6,16],[8,38],[-5,23],[-6,8],[-6,14],[-1,9],[13,13],[-2,4],[-1,15],[-4,11],[-8,6],[3,4],[-4,7],[-1,6],[-8,-4],[-3,10],[0,8],[-2,3],[1,6],[-2,3],[-14,-5],[-13,4],[-3,7],[-1,8],[-7,2],[-4,7],[-20,18],[-25,-17],[6,10],[-12,1],[-1,9],[-8,2],[-5,-7],[-9,10],[-13,8],[-1,6],[4,12],[-18,9],[-22,5],[9,10],[-13,-2],[-6,5],[9,18],[-12,-13],[-4,-17],[-26,-3],[0,-7],[-17,-19],[-27,7],[-2,39],[5,1],[2,51],[3,34],[-12,30],[14,19],[5,30],[-9,10],[15,9],[11,4],[5,53],[19,17],[46,13],[26,-14],[3,-8],[9,8],[43,9]],[[337,857],[3,11],[-3,7],[2,1]],[[339,876],[17,-13],[-5,-12],[-5,-1],[-9,7]],[[337,857],[-1,-2]],[[336,855],[-1,-4],[-3,0],[0,10],[-5,4],[1,5],[-6,3],[1,4],[-3,2],[1,5],[1,3],[17,-11]],[[187,964],[24,28],[24,-15],[-1,15],[-5,23],[30,13],[1,-3],[15,3],[7,-6],[5,4],[5,14],[7,11],[30,19],[25,-3],[9,-2],[10,13],[7,-7],[11,2],[10,11],[10,6],[14,-3],[2,10],[10,-7],[4,4],[1,10],[9,8],[8,-2],[3,9],[-3,2],[4,9],[6,1],[4,-4],[29,-16],[-1,-6],[11,-2],[4,9],[41,-19],[10,8],[11,7],[3,4],[5,2],[27,-17],[-4,-4],[4,-5],[0,-4],[6,-8],[11,0],[6,6],[-2,3],[5,7],[12,2],[-2,-7],[17,-21],[24,-9],[-27,-32],[-12,-3],[-15,6],[-20,-18],[13,-15],[32,5],[34,-10],[12,11],[6,-62],[-7,-18],[5,-38],[-7,-4],[5,-17],[-4,-3],[-3,1],[-5,-4],[-2,-7],[33,-14],[18,-28],[-17,-3],[1,2],[-46,20],[-9,16],[-18,-12],[1,-23],[5,-10],[8,-21],[-16,-22],[-4,-3],[-12,-22],[-16,-13],[-26,9],[-10,-2],[-5,-12],[-13,-9],[-8,-11]],[[336,855],[1,2]]],"objects":{"17":{"type":"GeometryCollection","geometries":[{"arcs":[[0,1,2,3,4]],"type":"Polygon","properties":{"WARD":"21301001","PROVINCE":"Eastern Cape","CAT_B":"EC131","MUNICNAME":"Inxuba Yethemba Local Municipality","WARDNO":1,"VOTERS":3456,"Area":2.32755070099,"Shape_Leng":0.0928931407125,"Shape_Area":0.000222592998582,"ID":740,"POPULATION":6929,"DENSITY":2976.9491152449746}},{"arcs":[[-3,5,6]],"type":"Polygon","properties":{"WARD":"21301002","PROVINCE":"Eastern Cape","CAT_B":"EC131","MUNICNAME":"Inxuba Yethemba Local Municipality","WARDNO":2,"VOTERS":3061,"Area":1.50021049022,"Shape_Leng":0.0514158897835,"Shape_Area":0.000143460584484,"ID":741,"POPULATION":5566,"DENSITY":3710.1460336967566}},{"arcs":[[-2,7,8,-6]],"type":"Polygon","properties":{"WARD":"21301003","PROVINCE":"Eastern Cape","CAT_B":"EC131","MUNICNAME":"Inxuba Yethemba Local Municipality","WARDNO":3,"VOTERS":2897,"Area":1.42945023021,"Shape_Leng":0.049577465392,"Shape_Area":0.000136687017858,"ID":742,"POPULATION":4917,"DENSITY":3439.7839785423275}},{"arcs":[[-4,-7,-9,9,10]],"type":"Polygon","properties":{"WARD":"21301004","PROVINCE":"Eastern Cape","CAT_B":"EC131","MUNICNAME":"Inxuba Yethemba Local Municipality","WARDNO":4,"VOTERS":3748,"Area":1.61009565787,"Shape_Leng":0.0680535025497,"Shape_Area":0.000153955022507,"ID":743,"POPULATION":6506,"DENSITY":4040.753708141046}},{"arcs":[[11,-10,-8,-1,12,13]],"type":"Polygon","properties":{"WARD":"21301005","PROVINCE":"Eastern Cape","CAT_B":"EC131","MUNICNAME":"Inxuba Yethemba Local Municipality","WARDNO":5,"VOTERS":2929,"Area":1069.16515497,"Shape_Leng":2.34391748928,"Shape_Area":0.102105688378,"ID":744,"POPULATION":8750,"DENSITY":8.183955452836955}},{"arcs":[[14,15,-13,-5,-11,-12,16]],"type":"Polygon","properties":{"WARD":"21301006","PROVINCE":"Eastern Cape","CAT_B":"EC131","MUNICNAME":"Inxuba Yethemba Local Municipality","WARDNO":6,"VOTERS":3555,"Area":7640.75198376,"Shape_Leng":6.76211247979,"Shape_Area":0.729176914001,"ID":745,"POPULATION":12235,"DENSITY":1.601282180864504}},{"arcs":[[17,18]],"type":"Polygon","properties":{"WARD":"21301007","PROVINCE":"Eastern Cape","CAT_B":"EC131","MUNICNAME":"Inxuba Yethemba Local Municipality","WARDNO":7,"VOTERS":4482,"Area":5.56405688099,"Shape_Leng":0.0982303491264,"Shape_Area":0.000528279870839,"ID":746,"POPULATION":8402,"DENSITY":1510.0492643606929}},{"arcs":[[-18,19,20]],"type":"Polygon","properties":{"WARD":"21301008","PROVINCE":"Eastern Cape","CAT_B":"EC131","MUNICNAME":"Inxuba Yethemba Local Municipality","WARDNO":8,"VOTERS":3325,"Area":6.35934161343,"Shape_Leng":0.129285025877,"Shape_Area":0.000603715959452,"ID":747,"POPULATION":6374,"DENSITY":1002.3050163776458}},{"arcs":[[-15,21],[22,-19,-21]],"type":"Polygon","properties":{"WARD":"21301009","PROVINCE":"Eastern Cape","CAT_B":"EC131","MUNICNAME":"Inxuba Yethemba Local Municipality","WARDNO":9,"VOTERS":2785,"Area":2933.98600466,"Shape_Leng":3.41310520837,"Shape_Area":0.278381930879,"ID":748,"POPULATION":5881,"DENSITY":2.004440372469162}}]}}}