{"type":"Topology","transform":{"scale":[0.001264913294797703,0.0010347478015350874],"translate":[25.712929999000043,-26.58781999699994]},"arcs":[[[328,392],[-1,3],[1,1],[1,1],[6,2]],[[335,399],[2,-2],[0,-2],[-6,-2],[1,-2],[-1,0],[-1,0],[-1,1],[-1,0]],[[345,403],[-2,-10]],[[343,393],[0,-2]],[[343,391],[-3,-7]],[[340,384],[-9,-3],[-1,6]],[[330,387],[-2,5]],[[335,399],[-3,1],[-6,10],[14,8],[3,0],[1,0]],[[344,418],[1,0]],[[345,418],[0,-5],[-2,-7],[2,0],[0,-3]],[[344,419],[0,-1]],[[330,387],[-13,-5],[-32,16],[-30,-5],[-26,-16],[-3,-2],[0,0],[-10,-6],[7,-15],[-15,-12],[-38,-15],[0,5],[-1,6],[3,10],[-7,7],[-7,-3],[-21,38]],[[137,390],[57,29],[-8,16],[49,13],[38,19],[9,-18],[13,5]],[[295,454],[46,21],[3,-21]],[[344,454],[2,-16],[0,-10],[-2,0],[-2,-2],[2,-2],[0,-5]],[[347,387],[-7,-3]],[[343,391],[0,2]],[[345,403],[10,1]],[[355,404],[1,0],[0,-3],[1,-2],[-1,-1],[-2,-8],[-5,-2]],[[349,388],[-2,-1]],[[385,418],[1,-1],[6,-3],[12,-3],[8,0]],[[412,411],[-26,-17],[0,0],[-18,-12],[-6,8],[-1,1],[-5,-1],[-2,-2],[-1,-2],[-2,0]],[[351,386],[-2,-1]],[[349,385],[0,0],[-1,-1],[-1,3]],[[347,387],[2,1]],[[355,404],[-1,5],[-3,0],[-1,5],[3,0],[0,2],[3,1],[0,-2],[3,1],[1,3],[0,5],[1,0],[3,-2],[5,2],[3,0],[11,-5],[2,-1]],[[345,418],[-1,1]],[[344,454],[19,4],[1,1],[-1,19],[2,12],[11,3],[16,-72],[-4,-2],[-3,-1]],[[134,489],[-3,-7]],[[131,482],[-8,4],[-1,-3]],[[122,483],[-6,3],[0,2],[0,7],[4,0],[0,5]],[[120,500],[8,-3],[1,3]],[[129,500],[4,-1],[0,1],[4,-3],[-3,-8]],[[147,499],[-1,-2],[-7,-15],[1,-2],[-8,-4]],[[132,476],[-1,2],[-1,0],[1,4]],[[134,489],[2,-1],[2,1],[-1,1],[1,0],[0,-1],[2,2],[0,-1],[2,2],[0,1],[1,2],[0,1],[1,3],[1,0],[0,1],[2,-1]],[[132,476],[-13,-8]],[[119,468],[-3,1]],[[116,469],[6,14]],[[137,390],[-25,44]],[[112,434],[54,24],[-3,2],[-23,-1],[-12,7],[-9,2]],[[147,499],[12,-4],[6,0],[0,-1],[1,0],[23,23],[7,49],[40,-8]],[[236,558],[0,-12],[38,-11],[2,-32],[19,-49]],[[114,508],[-3,1],[-4,-2],[0,1],[-3,0],[-8,4],[0,-3],[0,-2],[0,-4],[4,-2],[-1,-3],[-5,0],[0,-1],[-9,1],[0,5],[-2,6],[2,1],[0,2],[-3,4],[0,3]],[[82,519],[3,-1],[2,6],[0,2],[-2,0],[0,1],[3,0],[5,21]],[[93,548],[17,-5]],[[110,543],[0,-9],[0,-3],[-3,-2],[0,-1],[-5,2],[-2,-8],[1,0],[1,-1],[0,-2],[-1,-3],[4,-1],[0,0],[2,-1],[2,0],[3,0],[1,1],[2,0],[0,-2],[0,-2],[-1,-1],[1,0],[-1,-2],[0,0]],[[272,646],[-6,-16],[-4,5],[-4,1],[-10,-30],[10,-2],[-22,-46]],[[129,500],[16,37],[2,8],[-26,-6],[-11,4]],[[93,548],[-32,10]],[[61,558],[12,57],[0,16],[1,19],[-4,15],[97,-11],[-10,35],[-3,17],[2,1],[4,0],[1,1],[5,1],[7,3],[3,0],[2,-1],[4,1],[3,-2],[7,-2],[3,-3],[4,-2],[0,-1],[3,-1],[4,0],[6,-3],[7,0],[4,1],[4,-2],[4,0],[1,-1],[2,-6],[2,-2],[6,-7],[4,-3],[2,-3],[24,-29]],[[548,88],[-3,11],[-13,24],[-8,19],[-10,1],[-13,40],[-24,37],[-16,-7],[-1,4],[8,17],[2,-1],[4,1],[13,7],[6,6],[5,2],[-5,8],[-2,0],[-7,-5],[-1,3],[-1,-1],[-2,4]],[[480,258],[-2,2],[-1,-2],[-2,0],[0,-4],[-4,3],[0,-1],[-2,0],[0,-4],[-4,2],[-3,4],[-6,-2]],[[456,256],[-6,9],[-14,15],[1,1],[19,12],[31,69],[26,16]],[[513,378],[52,27],[-4,19],[-35,62],[-31,126],[41,10],[80,-2],[-10,56],[7,1],[6,8],[-16,4],[-12,26],[-14,40],[7,24],[-4,12]],[[580,791],[12,23],[38,-10],[8,1],[41,-33],[7,6],[50,-53],[0,-29],[15,-4],[1,-7],[31,-48],[3,6],[33,-3],[2,-5],[7,-5],[8,-16],[-5,-37],[14,-36],[20,-54],[-58,-17],[-19,52],[-45,-10],[-28,-7],[10,-68],[-47,-25],[-20,-11],[32,-70],[-11,-6],[-15,-7],[-14,-5],[19,-44],[-5,-4],[2,-12],[20,-10],[-2,-1],[-5,3],[-39,-20],[-3,-9],[0,-3],[-28,-18],[14,-30],[-34,-17],[16,-43],[-57,-17]],[[513,378],[-19,44],[-50,10],[-32,-21]],[[272,646],[30,60],[16,27],[31,13],[-33,-9],[-10,37],[-22,18],[22,33],[-3,3],[10,28],[36,24],[11,1],[13,2],[3,1],[30,18],[0,2],[18,-5],[11,13],[28,-22],[31,-14],[28,-2],[-9,-11],[27,2],[7,6],[18,-5],[-1,-1],[3,-1],[-1,-1],[1,-1],[-2,0],[0,-1],[0,1],[-23,-3],[9,-22],[-15,-35],[38,-12],[6,1]],[[480,258],[-4,-6],[2,-3],[-10,-3],[-4,7],[-3,-4],[-3,1]],[[458,250],[-2,6]],[[548,88],[-17,-3],[-6,-7],[-38,-38],[4,-8],[-68,-32],[-34,0],[-44,1],[0,5],[-15,2],[-1,-4],[-20,5],[-3,63],[22,3],[-20,47]],[[308,122],[24,3],[0,5]],[[332,130],[32,24],[6,8],[49,38],[43,43],[-1,2],[-3,5]],[[114,508],[-1,-5],[2,0],[0,-2],[2,1],[0,-1],[3,0],[0,-1]],[[116,469],[-50,13],[0,4],[-2,3],[4,10],[1,-1],[1,17],[1,3],[-4,2],[-5,0],[-1,2],[-3,-2],[-1,2],[-4,2],[-4,0],[-2,2],[8,2],[27,-9]],[[112,434],[-44,-9],[-41,-3]],[[27,422],[3,12],[4,16],[8,36],[0,1],[-7,-1],[-4,-8],[-2,15],[7,3],[-5,9],[0,0],[1,6],[-4,1],[-1,0],[-7,10],[9,20],[10,0],[2,-1],[6,-8],[4,7],[8,9],[2,9]],[[332,130],[-1,62],[-61,-5],[11,73],[22,5],[17,9],[-10,35],[9,3],[-11,28],[55,18],[-8,22],[-10,-4],[-5,1],[-6,-1],[6,8]],[[349,385],[2,1]],[[308,122],[-18,-2],[-30,14],[-21,0],[-28,25],[-21,-6],[-4,28],[-39,-22],[-25,61],[-26,2],[43,36],[-16,39],[12,10],[-4,5],[-10,-9],[-31,71],[-44,-36],[-38,-18],[-8,28],[0,3],[6,11],[5,9],[5,18],[6,10],[3,7],[1,12],[1,4]]],"objects":{"171":{"type":"GeometryCollection","geometries":[{"arcs":[[0,1]],"type":"Polygon","properties":{"WARD":"63804001","PROVINCE":"North West","CAT_B":"NW384","MUNICNAME":"Ditsobotla Local Municipality","WARDNO":1,"VOTERS":2910,"Area":0.646478229531,"Shape_Leng":0.0370159502277,"Shape_Area":0.000058371437491,"ID":2722,"POPULATION":6694,"DENSITY":10354.5636870963}},{"arcs":[[2,3,4,5,6,-2,7,8,9]],"type":"Polygon","properties":{"WARD":"63804002","PROVINCE":"North West","CAT_B":"NW384","MUNICNAME":"Ditsobotla Local Municipality","WARDNO":2,"VOTERS":3114,"Area":6.11078457094,"Shape_Leng":0.126306589773,"Shape_Area":0.000551722445581,"ID":2723,"POPULATION":6025,"DENSITY":985.9617746388981}},{"arcs":[[10,-8,-1,-7,11,12,13,14]],"type":"Polygon","properties":{"WARD":"63804003","PROVINCE":"North West","CAT_B":"NW384","MUNICNAME":"Ditsobotla Local Municipality","WARDNO":3,"VOTERS":3004,"Area":202.693259196,"Shape_Leng":0.773869228003,"Shape_Area":0.0182994390027,"ID":2724,"POPULATION":8140,"DENSITY":40.15920426899247}},{"arcs":[[15,-5,16,-3,17,18,19]],"type":"Polygon","properties":{"WARD":"63804004","PROVINCE":"North West","CAT_B":"NW384","MUNICNAME":"Ditsobotla Local Municipality","WARDNO":4,"VOTERS":4025,"Area":2.8818351124,"Shape_Leng":0.0699672125299,"Shape_Area":0.000260204385346,"ID":2725,"POPULATION":9390,"DENSITY":3258.3404788138564}},{"arcs":[[20,21,22,23,24,-19,25]],"type":"Polygon","properties":{"WARD":"63804005","PROVINCE":"North West","CAT_B":"NW384","MUNICNAME":"Ditsobotla Local Municipality","WARDNO":5,"VOTERS":4361,"Area":19.0347361461,"Shape_Leng":0.234603650181,"Shape_Area":0.00171852830776,"ID":2726,"POPULATION":8393,"DENSITY":440.9307245227894}},{"arcs":[[-26,-18,-10,26,-15,27]],"type":"Polygon","properties":{"WARD":"63804006","PROVINCE":"North West","CAT_B":"NW384","MUNICNAME":"Ditsobotla Local Municipality","WARDNO":6,"VOTERS":3651,"Area":32.9732669727,"Shape_Leng":0.307389378862,"Shape_Area":0.00297590353443,"ID":2727,"POPULATION":6010,"DENSITY":182.26886662386045}},{"arcs":[[28,29,30,31,32]],"type":"Polygon","properties":{"WARD":"63804007","PROVINCE":"North West","CAT_B":"NW384","MUNICNAME":"Ditsobotla Local Municipality","WARDNO":7,"VOTERS":2718,"Area":3.81425713129,"Shape_Leng":0.0852065696615,"Shape_Area":0.000344106443047,"ID":2728,"POPULATION":5002,"DENSITY":1311.3955949551569}},{"arcs":[[33,34,-29,35]],"type":"Polygon","properties":{"WARD":"63804008","PROVINCE":"North West","CAT_B":"NW384","MUNICNAME":"Ditsobotla Local Municipality","WARDNO":8,"VOTERS":3523,"Area":1.72833517717,"Shape_Leng":0.0765392682166,"Shape_Area":0.000155931733015,"ID":2729,"POPULATION":7124,"DENSITY":4121.8856701539435}},{"arcs":[[36,37,38,-30,-35]],"type":"Polygon","properties":{"WARD":"63804009","PROVINCE":"North West","CAT_B":"NW384","MUNICNAME":"Ditsobotla Local Municipality","WARDNO":9,"VOTERS":3327,"Area":2.24343173927,"Shape_Leng":0.0629576264042,"Shape_Area":0.000202419023119,"ID":2730,"POPULATION":4765,"DENSITY":2123.978152128}},{"arcs":[[-13,39,40,-37,-34,41,42]],"type":"Polygon","properties":{"WARD":"63804010","PROVINCE":"North West","CAT_B":"NW384","MUNICNAME":"Ditsobotla Local Municipality","WARDNO":10,"VOTERS":3649,