{"type":"Topology","transform":{"scale":[0.0005382876276660425,0.0005039306376167142],"translate":[25.62979000100006,-25.76997000299997]},"arcs":[[[863,2110],[31,-105],[1,-50],[-1,0],[0,-58],[-51,-15],[-58,-7],[40,-92],[14,-44],[-140,-48],[-76,-31]],[[623,1660],[-49,33],[-92,-4],[-1,2],[-16,-1],[-3,2]],[[462,1692],[5,5],[1,1],[0,2],[-4,3],[-6,3],[-1,3],[-6,4],[0,2],[0,1],[3,3],[3,1],[6,0],[2,0],[1,1],[0,4],[-3,2],[-4,2],[-1,2],[-1,11],[1,6],[0,2],[4,3],[3,0],[9,-2],[4,5],[3,2],[0,2],[-1,2],[-5,2],[-2,7],[-3,3],[-2,7],[2,2],[0,2],[1,2],[-3,12],[0,7],[-1,2],[-1,1],[-6,2],[-2,3],[1,8],[-5,11],[2,7],[-1,7],[-3,15],[0,5],[-1,2],[-3,1],[-3,1],[-1,4],[-1,2],[-2,1],[-3,0],[-3,-4],[-3,-3],[-5,1],[-1,1],[-1,9],[1,2],[1,3],[2,4],[1,6],[3,5],[1,4],[0,2],[-4,1],[-1,2],[-5,4],[-6,6],[-13,12],[-5,6],[-5,4],[0,1],[0,2],[2,1],[0,2],[0,9],[1,2],[0,4],[5,4],[6,3],[3,4],[0,12],[-1,13],[-2,7],[-4,5],[1,2],[19,-4],[98,7],[11,16],[88,-8],[80,50],[105,22],[56,13]],[[623,1660],[37,-89],[13,-22]],[[673,1549],[-9,-6],[-9,-5],[-12,-3],[-12,-6],[-12,-7],[-35,-5],[-14,-2],[-10,4],[-10,1],[-28,-1],[-19,-4],[-1,7],[0,11],[-2,7],[3,-1],[-2,10],[-2,17],[2,0],[-7,2],[0,1],[-13,6],[-2,3],[-6,-4],[-3,-5],[-8,-1],[-9,-9],[-4,-2],[-2,-8],[-8,-9],[2,-5],[1,-5],[-4,-5],[-7,-5],[2,-5],[-1,-8],[-4,-2],[-3,-10],[-8,2],[-18,5],[-17,7],[-10,4]],[[372,1513],[20,54],[39,108],[-2,3],[3,3],[1,0],[15,3],[3,5],[11,3]],[[673,1549],[42,-67],[-26,-14],[26,-91],[-92,-50],[90,-111],[28,-89]],[[741,1127],[-10,-6],[-12,-13],[-58,26],[-13,-3],[-41,-13],[-3,-3],[-4,0],[-13,-4],[-1,0],[-1,-1],[-63,28]],[[522,1138],[-43,20],[8,57],[16,69],[80,6],[15,15],[-28,40],[0,0],[-9,12],[-64,14],[-90,18],[0,-1],[-3,1],[-2,-1],[-2,0],[-4,4],[0,3],[-2,1],[-1,-5],[-4,-5],[-4,-2],[-5,-3],[-4,-2],[-4,0],[-5,-3],[-5,0],[-1,-2],[-3,-1],[-1,0],[-4,2],[-2,0],[-3,-2],[-3,-7],[-7,-3],[-5,2],[-4,3],[-5,4],[-6,0]],[[318,1372],[54,141]],[[741,1127],[20,-63],[-51,-41],[-33,-38],[-33,-69]],[[644,916],[-47,0],[-35,-6],[-66,-4]],[[496,906],[0,2],[1,2],[3,1],[-1,4],[-2,4],[-2,2]],[[495,921],[-2,2],[-2,4],[-1,6],[-3,9],[1,12],[4,2],[1,5],[1,2],[-1,4],[-2,4],[0,6],[4,5],[-1,1],[4,3],[-9,34],[-7,6],[-16,20],[-9,-7],[-1,0],[-9,12],[-6,12],[4,4],[7,2],[3,4],[4,-5],[4,3],[4,2],[9,1],[12,5],[6,1],[8,4],[5,2],[4,1],[-7,16],[2,4],[5,7],[4,3],[5,3],[1,3],[0,10],[1,5]],[[496,906],[0,-5],[1,-2],[0,-3],[-2,-2],[-1,-3],[-3,-4],[0,-3],[-2,-4],[-4,-2],[-3,-3],[-5,-1],[-4,-3],[2,-7],[-1,-3],[-4,-4],[-2,-3],[-3,-2]],[[465,852],[-13,-6],[-5,-4],[-9,-4],[-4,-2],[-5,2],[-4,1],[-7,5],[-2,1],[-14,0],[-8,0]],[[394,845],[-16,38],[-9,15],[-5,19],[-3,-3],[0,-1],[-2,1],[0,-1],[0,-1],[-2,0],[-20,-8],[-3,9],[-9,-4],[-5,0],[-7,-5],[-3,7],[-6,3],[-1,-1],[-8,-2],[0,-3],[-7,0],[14,-23],[-5,-4],[-7,0],[-106,136]],[[184,1017],[49,128]],[[233,1145],[6,-16],[2,-2],[2,-1],[3,-1],[5,2],[1,0],[4,-4],[3,-1],[25,1],[14,-2],[18,1],[4,-1],[2,-2],[3,0],[2,1],[2,3],[1,7],[2,8],[13,1],[-1,-4],[3,-11],[4,-3],[2,-4],[4,-3],[4,-8],[1,-4],[5,-7],[4,-10],[2,-4],[3,-2],[3,-13],[7,-5],[90,-146],[19,6]],[[394,845],[-5,1],[-1,-1],[-10,-9],[-5,-6],[-6,-4],[4,-10],[3,-7],[-3,-2],[4,-7],[27,-25],[11,-30],[4,-1],[3,0],[6,8],[2,-1],[2,1],[6,0],[9,-13],[4,-9],[7,-7],[-3,-6],[0,-4],[-3,1],[-5,-3],[-3,-1],[-2,-1],[-3,-7],[-5,-1],[-9,-6],[-7,-1],[-8,2],[-4,0],[-2,3],[-4,1],[-12,9],[-6,6],[-3,4],[-6,4],[-1,4],[2,10],[-1,3],[-2,0],[-4,-4],[-17,-6],[-18,-10],[-2,3],[-3,1],[-9,12],[-7,7],[-3,7],[-3,7],[-5,7],[-6,6],[-4,9],[-3,3],[-3,7],[-6,4],[0,5],[-2,7],[-2,5],[-4,7],[0,2],[-2,13],[-1,3],[1,6],[-3,1],[-3,-2],[-6,1],[-6,-1],[-15,-1],[-4,1],[-4,1],[-1,-1],[-3,0],[-6,2],[-7,0],[-1,1],[1,5],[1,8],[-3,-1],[-3,0],[-3,-2],[-2,1],[-4,4],[-2,1],[-7,0],[-18,4],[-1,3],[-3,1],[-4,-2],[-2,-2],[-5,-1],[-7,0],[-10,-1],[-3,2],[-4,0],[-6,-3],[-3,3]],[[119,863],[4,34],[7,53],[4,4],[50,63]],[[927,823],[-91,20],[-92,-3]],[[744,840],[-34,-1],[10,36],[-5,41]],[[715,916],[-8,72],[60,2],[75,-20],[150,-7],[-32,-68],[2,-2],[-3,-5],[-3,-2],[-29,-63]],[[890,720],[-6,3],[-21,5],[-45,-5],[-85,-4]],[[733,719],[11,121]],[[927,823],[-35,-92],[-2,-11]],[[465,852],[30,-23],[12,-8],[6,-5],[8,1],[4,-6],[16,-13],[-3,-5],[-4,-3],[-1,-3],[-10,-83],[1,-1]],[[524,703],[-1,-3],[0,-5],[-1,-5],[-2,-3],[-1,-7],[-4,-5],[-2,-5],[-3,-1],[-3,-2],[-2,-1],[-5,-2],[-3,0],[-4,2],[-7,0],[-1,-1],[-4,-1],[-1,-1],[-3,-4],[-1,-5],[-2,-4]],[[474,650],[-11,9],[-3,-1],[-5,-3],[-4,-1],[0,1],[-2,-2],[-7,-3],[-4,6],[-2,-1],[-1,-2],[-1,-1],[0,1],[-3,-3],[-1,1],[0,4],[-1,4],[-4,2],[-3,3],[0,3],[1,2],[-14,-3],[-6,-9],[8,-5],[7,-4],[-7,-10],[-9,-10],[-2,-5],[-2,-2]],[[398,621],[-10,-3]],[[388,618],[-37,-4],[-6,16],[-5,1],[-10,1],[-24,7],[-6,1],[-9,6],[-10,3],[-5,0],[-11,6],[-4,1],[-15,5],[-11,1],[-8,4],[-6,1],[-13,5],[-2,0],[-7,2],[-18,2],[-3,-1],[-3,-4],[-11,-5],[-12,-3],[-9,0],[-3,-2],[-3,2],[-4,4],[-16,6],[-5,1],[-1,0],[0,-1],[-6,0],[-3,1],[-4,3],[-5,0],[-5,2],[-7,-2]],[[81,677],[14,49],[14,56],[10,81]],[[474,650],[7,-5],[-8,-6],[-7,-2],[1,-2],[-1,0],[-4,4],[-2,-2],[0,-3],[-9,-1],[-7,0],[-5,-2],[2,-5],[3,-3],[-2,0],[-3,1],[0,-1],[0,-4],[1,0],[-2,-5],[1,-3],[-1,-1],[-2,1],[-8,7],[-2,-2],[-8,0],[-3,3],[-3,1],[-1,0],[0,4],[-1,1],[-9,-4],[-1,-1],[-2,1]],[[577,646],[0,-6],[-5,-6],[-1,-9],[0,-4],[-1,-1],[1,-3],[-1,0],[1,-7],[5,-8],[-2,-5],[-8,-8],[-2,-1],[-3,-4],[-3,-1],[-1,-2],[-1,0],[-8,-7],[-2,0],[-2,-1],[-5,-1],[-2,-2],[-2,0],[-4,-3],[-1,1],[-1,-2],[-6,-3],[4,-9],[-17,-35]],[[510,519],[-3,-7],[-93,77],[-22,25],[-3,1],[-1,3]],[[524,703],[4,-2],[6,-7],[2,-1],[2,-3],[1,-1],[0,-2],[1,-2],[2,-1],[4,-4],[5,-1],[3,-1],[0,-1],[5,1],[2,0],[0,0],[1,0],[5,-3],[0,-2],[3,-1],[2,-4],[1,-1],[0,-1],[-1,0],[-1,-3],[0,-1],[3,-2],[-1,-9],[3,-2],[1,-3]],[[573,534],[37,66],[73,11]],[[683,611],[0,-8],[10,-11],[10,-42],[-13,-26],[-117,10]],[[683,620],[0,-9]],[[573,534],[-10,-2],[-53,-13]],[[577,646],[2,1],[4,0],[3,5],[4,1],[9,3],[1,1],[1,2],[4,0],[39,3],[19,-34],[10,-5],[4,0],[6,-3]],[[885,517],[-49,17],[-40,-13],[10,-49]],[[806,472],[-27,-16],[-1,-10],[14,-11],[7,-13],[5,-7],[1,2],[5,-7],[-1,-1]],[[809,409],[-2,-1]],[[807,408],[-3,-4],[-5,-8],[-3,-8],[-1,-7],[28,-6]],[[823,375],[-4,-5],[0,-42],[5,-26]],[[824,302],[-20,-17],[-19,-5],[-29,42],[2,3],[-9,2],[0,6],[-7,-2],[-2,11],[-12,-2],[-1,3],[-15,-2],[-62,-13],[-3,-4],[74,-20],[12,-40],[-90,-26],[-50,-30],[-115,-20],[-77,19],[-20,107],[-40,90],[-31,82],[-104,22],[-114,-12],[-69,-48],[-23,13],[2,9],[42,93],[12,24],[5,15],[20,75]],[[683,620],[-5,96],[55,3]],[[890,720],[14,-9],[3,-3],[3,-2],[2,-1],[7,1],[10,-5],[41,-32],[-2,-23],[-29,-120],[-29,-4],[-25,-5]],[[868,391],[-2,-4],[-7,0],[-2,0],[-2,-3],[0,-3],[-1,-3],[-2,-1],[-7,3],[-22,-5]],[[807,408],[2,1]],[[806,472],[16,3],[-2,9],[5,1],[2,-3],[3,-19],[7,-16],[26,6],[2,0],[3,-9],[5,1],[2,-10],[-1,0],[0,-2],[-2,0],[0,-1],[-3,-1],[1,-3],[-1,-2],[-4,0],[-2,-2],[-3,0],[-2,-5],[3,-4],[0,-2],[2,-3],[0,-2],[1,-1],[1,-3],[-1,-1],[1,-2],[3,-2],[0,-1],[0,-2],[2,-1],[-2,-4]],[[885,517],[109,-84],[-13,-49],[-113,7]],[[1315,175],[21,148],[5,91],[36,-5],[-8,50],[-7,51],[-5,45],[5,34],[31,4],[1,4],[2,0],[0,3],[3,10],[0,14],[-2,5],[-8,9],[-7,5],[-2,4],[-11,34],[-3,6],[-1,8],[1,9],[6,19],[7,9],[5,9],[18,33],[1,4],[2,11],[0,28],[-3,8],[-1,4],[5,14],[-2,13],[-93,6],[6,44],[-34,-10],[24,133],[16,4],[2,11],[-37,43],[-67,36],[-8,14],[-36,56],[4,9],[1,2],[11,7],[13,2],[11,-1],[4,2],[3,3],[20,25],[10,10],[2,11],[2,6],[14,11],[13,12],[50,29],[34,25],[3,6],[9,18],[3,4],[18,13],[10,6]],[[1412,1393],[4,-9],[26,-31],[10,7],[21,-95],[-8,-103],[3,-18],[-7,-2],[1,-2],[2,0],[1,-1],[-1,-2],[-3,1],[-1,1],[-2,0],[0,-1],[-2,-1],[1,-3],[-2,1],[-2,-1],[-3,-2],[0,-4],[1,-2],[6,-1],[3,-3],[0,-1],[-1,-1],[-1,1],[-2,-3],[-2,-1],[1,-1],[0,-3],[-2,-4],[-1,0],[-1,3],[1,4],[-1,0],[-4,-4],[-2,3],[-1,0],[-1,-5],[-2,1],[-1,-2],[2,-1],[0,-1],[2,-1],[0,-3],[-1,-1],[-2,-1],[0,3],[-1,0],[0,-2],[-4,-4],[-1,-3],[0,-3],[2,-2],[5,-5],[2,-5],[2,-2],[2,-2],[1,-5],[2,0],[1,-2],[1,-2],[3,0],[5,-2],[2,-4],[-2,0],[1,-3],[-1,-2],[-5,1],[1,-3],[-1,0],[-4,-1],[-1,3],[-2,-1],[0,-1],[4,-3],[-1,-1],[-4,0],[0,0],[2,-10],[-1,-1],[-3,0],[0,-4],[-1,-2],[-4,-2],[1,-2],[4,