{"type":"Topology","transform":{"scale":[0.0014873745186615688,0.0013516297084257146],"translate":[24.265849997000032,-27.424419997999966]},"arcs":[[[614,564],[-14,6],[-5,2],[-20,-10],[-13,-8],[-49,-31]],[[513,523],[-22,33],[-27,-13],[-35,-28],[-21,-11],[1,-3],[1,-1],[6,-4],[2,-7],[1,-5],[2,-4],[-30,-38],[0,0],[-12,-7],[-43,-25],[-5,-2],[21,68],[-1,3],[-1,11],[9,52],[-27,28]],[[332,570],[14,8],[-18,39],[12,7],[-2,3],[2,2],[-6,7],[-6,-4],[5,-7],[-21,-12],[-25,35],[-11,23],[-13,23],[-37,-22],[-5,10],[-2,3],[-6,9],[-2,5],[-2,2],[-10,17],[-17,39],[20,11],[41,26],[34,16],[-13,25],[-16,19],[37,27],[31,12],[19,9],[17,-28],[10,-25],[11,-22],[7,-15],[11,-30],[-8,-2],[-1,-9],[12,1],[4,-10],[29,23],[20,-42],[24,12],[17,10],[23,-41],[0,-1],[13,8],[17,-37],[-20,-11],[17,-36],[20,11],[39,9],[11,2],[5,-29],[-6,-3],[0,-12],[1,-4],[-5,-15],[2,-6],[1,-5],[2,-7],[2,-12],[1,-5],[3,-7]],[[513,523],[-16,-10],[15,-14],[-2,-2],[-3,-2],[-2,-4],[14,-16],[-44,-31],[-22,-13],[-11,-9],[2,-2],[10,-17],[2,-4],[1,-5],[0,-2],[-8,-2],[-7,-4],[-25,-10],[7,-16],[-30,-14],[-48,-22],[0,1]],[[346,325],[-3,4]],[[343,329],[-4,6],[-2,-1],[-1,1],[-2,-2]],[[334,333],[1,2],[2,2],[-13,5],[-3,1],[0,0],[-1,1],[1,2],[-7,1]],[[314,347],[0,1]],[[314,348],[0,2]],[[314,350],[1,2]],[[315,352],[0,0],[5,-1],[0,1],[1,-1],[1,4],[-5,7]],[[317,362],[-20,30],[-34,-16],[-31,-17],[-6,0],[-30,41],[14,4],[-8,14],[-20,10],[11,5],[-30,53]],[[163,486],[48,20],[40,21],[42,20],[39,23]],[[315,352],[0,1]],[[315,353],[2,9]],[[343,329],[3,-4]],[[346,325],[4,-15],[-40,-20],[-11,23]],[[299,313],[18,10],[-1,5]],[[316,328],[2,1],[2,0],[0,-1],[1,0],[0,1],[1,0],[1,-1],[1,1]],[[324,329],[0,0],[0,-1],[0,0],[1,0],[0,-1],[0,0],[0,0],[1,0],[0,2],[8,4]],[[50,235],[94,45],[91,33],[13,5],[1,-2],[38,13],[12,-16]],[[614,564],[-3,-7],[-4,-4],[-2,-5],[-2,-4],[-3,-6],[-2,-2],[0,-2],[-2,-4],[-3,-4],[-1,-7],[-2,-4],[0,-3],[-1,-3],[0,-2],[0,-3],[-3,-8],[-2,-5],[0,-6],[-1,-2],[-1,-3],[-1,-1],[-3,-6],[0,-3],[-1,-3],[-2,-2],[-3,-3],[-4,-6],[-2,-5],[0,-3],[-1,-1],[0,-2],[-1,-2],[-4,-7],[0,-12],[-1,-4],[-1,-10],[0,-2],[-1,-3],[0,-5],[0,-1],[3,-4],[55,16],[30,27],[22,22],[20,-30],[22,-32],[5,3],[37,15],[26,-43],[-22,-7],[-27,-17],[17,-20],[11,-18],[6,-25],[-8,-2],[-2,-3],[-1,1],[-12,-15],[-22,24],[-5,12],[-22,-7],[-21,13],[-26,-17],[-23,37],[-27,-17],[-27,-11],[18,-39],[19,-23],[-10,-8],[4,-34],[-14,-9],[0,2],[-38,-25],[-26,49],[-21,31],[-2,-2],[-5,-6],[-4,-2],[-3,-7],[-4,-4],[-2,-2],[-2,-2],[-1,-3],[-1,-1],[-1,-1],[-2,-2],[-8,-5],[-2,-2],[-2,-1],[-1,-1],[-3,-3],[-2,-2],[-4,-2],[-5,-2],[-5,-2],[-1,-2],[-1,-1],[-1,-1],[-2,0],[-5,-3],[-6,-4],[-2,-3],[-12,-16],[-3,-3],[-3,-9],[-3,-13],[-1,-2],[-2,-2],[-2,-7],[-4,-2],[0,-1],[-1,-2],[-1,-2],[-1,-1],[-5,-7],[-5,-5],[-3,-2],[-7,-7],[-2,-3],[-3,-2],[-4,-6],[-4,-2],[-3,0],[-4,-3],[-3,-3],[-2,-2],[-1,-2],[2,-8],[-4,-2],[-7,13],[-10,6],[-20,31],[1,0],[-6,16],[-3,6],[-1,-1],[-2,4],[-9,-2],[-31,-10],[1,-3],[-38,-27],[21,-39],[-36,-11],[3,-6],[-41,-20],[1,-1],[-34,-21],[-22,40],[-30,72],[-19,25],[43,20],[-10,26],[-27,33],[-14,19]],[[321,335],[0,-1],[-1,0],[0,-1],[-1,0],[0,0],[1,0],[0,-1],[-2,0],[1,1],[-1,0],[0,0],[-1,0],[0,0],[-3,0]],[[314,333],[-1,5],[0,4]],[[313,342],[5,-1],[1,0],[1,-1],[-1,-2],[2,-1],[0,0],[-1,0],[0,-1],[0,0],[0,-1],[1,0]],[[315,353],[-1,-3]],[[314,348],[0,-1]],[[314,347],[-1,-5]],[[314,333],[2,-5]],[[50,235],[-14,18],[13,9],[2,2],[-21,37],[-1,-1],[-29,43],[26,13],[-19,44],[39,18],[42,26],[39,21],[36,21]],[[321,335],[1,0],[0,-3],[1,0],[1,0],[1,-3],[-1,0]]],"objects":{"173":{"type":"GeometryCollection","geometries":[{"arcs":[[0,1,2]],"type":"Polygon","properties":{"WARD":"63902001","PROVINCE":"North West","CAT_B":"NW392","MUNICNAME":"Naledi Local Municipality(NW)","WARDNO":1,"VOTERS":3592,"Area":1915.19790542,"Shape_Leng":2.62943545265,"Shape_Area":0.173423438978,"ID":2763,"POPULATION":9260,"DENSITY":4.835009464971869}},{"arcs":[[3,4,5,6,7,8,9,10,11,12,-2]],"type":"Polygon","properties":{"WARD":"63902002","PROVINCE":"North West","CAT_B":"NW392","MUNICNAME":"Naledi Local Municipality(NW)","WARDNO":2,"VOTERS":3134,"Area":970.953224526,"Shape_Leng":1.94452455735,"Shape_Area":0.0881458568654,"ID":2764,"POPULATION":6825,"DENSITY":7.029174864043352}},{"arcs":[[13,14,-11]],"type":"Polygon","properties":{"WARD":"63902003","PROVINCE":"North West","CAT_B":"NW392","MUNICNAME":"Naledi Local Municipality(NW)","WARDNO":3,"VOTERS":2476,"Area":1.08375292703,"Shape_Leng":0.0422753930271,"Shape_Area":0.000098494851622,"ID":2765,"POPULATION":8571,"DENSITY":7908.629159128206}},{"arcs":[[15,16,17,18,19,-6]],"type":"Polygon","properties":{"WARD":"63902004","PROVINCE":"North West","CAT_B":"NW392","MUNICNAME":"Naledi Local Municipality(NW)","WARDNO":4,"VOTERS":3772,"Area":27.986405462,"Shape_Leng":0.223679419788,"Shape_Area":0.00254478665714,"ID":2766,"POPULATION":11364,"DENSITY":406.0542900169892}},{"arcs":[[20,-17,-4,-1,21]],"type":"Polygon","properties":{"WARD":"63902005","PROVINCE":"North West","CAT_B":"NW392","MUNICNAME":"Naledi Local Municipality(NW)","WARDNO":5,"VOTERS":2576,"Area":3159.65120571,"Shape_Leng":4.10744203241,"Shape_Area":0.287465684824,"ID":2767,"POPULATION":8945,"DENSITY":2.831008683437887}},{"arcs":[[22,23,24]],"type":"Polygon","properties":{"WARD":"63902006","PROVINCE":"North West","CAT_B":"NW392","MUNICNAME":"Naledi Local Municipality(NW)","WARDNO":6,"VOTERS":3491,"Area":1.26283959176,"Shape_Leng":0.0544414832924,"Shape_Area":0.000114795579349,"ID":2768,"POPULATION":4750,"DENSITY":3761.3644923659695}},{"arcs":[[-15,25,-9,26,27,-24,28,-18,-21,29,-12]],"type":"Polygon","properties":{"WARD":"63902007","PROVINCE":"North West","CAT_B":"NW392","MUNICNAME":"Naledi Local Municipality(NW)","WARDNO":7,"VOTERS":3263,"Area":860.208524968,"Shape_Leng":1.46236905067,"Shape_Area":0.0781767087325,"ID":2769,"POPULATION":7143,"DENSITY":8.303800523559937}},{"arcs":[[-19,-29,-23,30]],"type":"Polygon","properties":{"WARD":"63902008","PROVINCE":"North West","CAT_B":"NW392","MUNICNAME":"Naledi Local Municipality(NW)","WARDNO":8,"VOTERS":3191,"Area":0.886427507462,"Shape_Leng":0.0572308411365,"Shape_Area":0.000080584624374,"ID":2770,"POPULATION":5105,"DENSITY":5759.072182469297}},{"arcs":[[-20,-31,-25,-28,-7]],"type":"Polygon","properties":{"WARD":"63902009","PROVINCE":"North West","CAT_B":"NW392","MUNICNAME":"Naledi Local Municipality(NW)","WARDNO":9,"VOTERS":4272,"Area":3.96503812822,"Shape_Leng":0.113599441515,"Shape_Area":0.000360430289698,"ID":2771,"POPULATION":4818,"DENSITY":1215.120723735112}}]}}}