{"type":"Topology","transform":{"scale":[0.0007911188204683189,0.0007129442200413373],"translate":[24.77494999700008,-27.545420000999965]},"arcs":[[[1119,419],[-6,-5],[-65,-67],[2,-16],[-26,0],[4,43],[-59,4],[-65,37],[-38,7],[-40,6],[17,85],[73,-7],[8,-1],[-8,7],[-36,32],[-25,23],[-31,28],[-57,21],[1,1],[0,2],[3,3],[1,4],[1,2],[0,1],[1,2],[-1,0],[1,2],[1,0],[1,0],[1,6],[1,1],[1,2],[1,0],[1,2],[2,1],[-37,31]],[[746,676],[23,28],[2,-2],[1,4],[1,0],[1,2],[15,4],[-11,47],[-21,35],[-31,38],[50,32],[41,13],[-49,82],[20,9],[32,-24],[87,-64],[-2,0],[0,0],[-1,0],[-1,0],[-1,-1],[-6,-2],[108,-23],[45,42],[32,67],[-24,-90],[69,34],[0,-90],[-25,2],[-11,-14],[9,-18],[-15,-6],[20,-42],[11,-21],[33,-56],[5,-34],[-32,-17],[-14,-11],[-25,-21],[-9,-7],[-9,-7],[-8,-47],[23,0],[32,-66],[26,1],[-18,-34]],[[673,478],[-3,2],[-3,5],[-1,-1],[-2,2],[-3,0],[-1,-1],[1,-2],[-2,-1]],[[659,482],[-1,2]],[[658,484],[-4,6],[0,2]],[[654,492],[11,1],[0,0],[14,0],[9,-4],[2,0],[2,1],[2,-4],[8,5],[1,-1],[0,-5],[-1,1],[-2,0],[0,0],[-1,0],[1,1],[0,1],[-1,0],[-4,-3],[0,-1],[-1,-1],[-1,-1],[-1,2],[-1,0],[0,-2],[-2,0],[0,1],[-1,-1],[0,0],[-2,0],[1,-1],[-2,0],[-2,1],[-1,0],[-1,1],[-2,0],[-1,1],[-2,-2],[0,-1],[-1,-1],[-1,-2],[-1,0]],[[453,526],[15,-25],[0,0],[1,-1],[9,-17],[1,-2],[10,6],[14,-72],[5,-23],[1,1],[2,0],[2,2],[3,0],[3,0],[4,0],[3,0],[4,-1],[2,2],[3,0]],[[535,396],[14,-46],[7,-25],[44,10],[4,0],[3,-9],[-6,-14],[44,-68],[4,29],[62,-38],[11,-35]],[[722,200],[2,-10],[-85,3],[-10,3],[-22,-63],[-7,1],[-77,3],[-26,-61],[-9,-21],[-18,-38],[-26,-11],[-15,-6],[-11,45],[-14,71],[-39,-23],[-60,-19],[-12,-44],[-31,1],[-11,8],[2,35],[1,27],[1,12],[-4,7],[0,1],[-2,0],[-4,-3],[-1,-3],[0,-2],[-1,-2],[-1,0],[-2,-1],[-2,0],[-2,1],[0,0],[-2,5],[-1,4],[-2,5],[-3,1],[-1,0],[-1,1],[-44,-6],[-35,14],[9,14],[17,21],[-21,33],[-4,5],[-28,0],[-28,-2],[-37,-19],[-29,-8],[0,2],[-4,6],[-2,6],[-7,0],[-4,1],[-1,3],[-2,5],[1,6],[1,5],[-1,2],[-2,6],[3,4],[1,1],[10,1],[1,1],[1,2],[-1,0],[-3,-1],[-3,2],[-1,2],[0,1],[0,8],[-2,3],[-3,3],[-2,4],[1,31],[-1,4],[0,6],[-1,2],[-2,2],[-1,6],[-1,4],[-1,5],[1,3],[4,6],[6,5],[8,4],[4,0],[2,1],[6,3],[2,3],[2,4],[3,5],[6,4],[3,3],[2,2],[4,4],[9,10],[6,4],[8,9],[2,4],[4,3],[5,6],[1,1],[1,2],[1,3],[2,3],[0,1],[0,2],[7,4],[3,8],[2,4],[3,5],[2,3],[6,25],[6,17],[4,6],[24,30],[3,5],[12,9],[9,6],[4,0],[2,1],[1,2],[2,3],[9,5],[6,2],[4,2],[7,3],[3,4],[2,2],[1,1],[3,2],[1,1],[2,2],[3,1],[3,4],[8,5],[6,3],[1,1],[4,4],[3,1],[2,3],[2,6],[4,3],[3,5],[4,3],[4,4],[4,13],[9,5],[9,11],[5,3],[39,-59],[36,-71],[1,0],[11,-22],[71,47],[1,-3]],[[673,478],[0,-1],[1,-1],[0,-2],[1,0],[0,0],[1,0],[-1,-1],[0,-1],[1,-2],[-1,-1],[-1,0],[0,-2],[1,-1],[-2,-1],[-1,0],[-1,0],[-1,-1],[-1,0],[0,1],[-1,0],[-2,0]],[[666,465],[-1,1],[-4,1],[-3,5]],[[658,472],[2,1],[-3,6],[0,1],[2,1],[0,1]],[[646,491],[0,-1],[-1,-4],[2,-5],[1,1],[0,-1]],[[648,481],[-11,-3],[5,-5],[3,1],[2,2],[0,1],[2,1],[3,-7],[2,-1],[4,2]],[[666,465],[-1,-3],[-1,-2],[0,-1],[0,-1],[1,0],[0,1],[1,-1],[-1,-1],[0,0],[0,1],[-1,-1],[1,-1],[-1,0],[-1,0],[0,-2],[-2,-2],[-1,-1],[-1,0],[0,-2],[-2,1],[-1,-1],[1,-1],[-1,0],[0,1],[-1,-1],[0,-1],[0,-1],[0,-3],[0,-1],[-1,0],[-1,0],[3,-1],[-1,-17],[13,-24],[14,-23],[5,-11],[19,15],[4,-14],[-8,-4],[1,-2],[0,-11],[-7,-7],[16,-17],[7,-11],[25,-34],[21,-30],[23,-31],[8,-11]],[[796,209],[10,-15],[-63,4],[-21,2]],[[535,396],[1,-1],[3,1],[2,0],[-1,1],[1,1],[5,0],[2,1],[2,0],[1,1],[0,0],[0,-1],[1,0],[1,1],[3,0],[0,1],[1,0],[1,0],[0,0],[1,1],[-3,12],[-11,39],[-16,59],[20,13],[11,-35],[44,21],[21,-21],[21,1]],[[648,481],[8,2],[1,0],[1,1]],[[1119,419],[-17,-34],[11,-8],[25,-15],[10,-69],[-72,-23],[-55,-22],[-15,-7],[-14,-3],[-44,-10],[-6,-2],[-32,-5],[-30,-5],[-84,-7]],[[654,492],[-8,-1]],[[453,526],[26,16],[-8,66],[19,15],[-35,43],[-34,74],[49,21],[51,33],[45,-70],[48,31],[40,-24],[41,14],[10,-24],[41,-45]]],"objects":{"174":{"type":"GeometryCollection","geometries":[{"arcs":[[0,1]],"type":"Polygon","properties":{"WARD":"63903001","PROVINCE":"North West","CAT_B":"NW393","MUNICNAME":"Mamusa Local Municipality","WARDNO":1,"VOTERS":3008,"Area":959.572585617,"Shape_Leng":1.88431866023,"Shape_Area":0.0873082516626,"ID":2772,"POPULATION":8328,"DENSITY":8.678864032620462}},{"arcs":[[2,3,4,5]],"type":"Polygon","properties":{"WARD":"63903002","PROVINCE":"North West","CAT_B":"NW393","MUNICNAME":"Mamusa Local Municipality","WARDNO":2,"VOTERS":2782,"Area":2.37522862735,"Shape_Leng":0.103564336106,"Shape_Area":0.000216347643937,"ID":2773,"POPULATION":4862,"DENSITY":2046.9608457963252}},{"arcs":[[6,7,8]],"type":"Polygon","properties":{"WARD":"63903003","PROVINCE":"North West","CAT_B":"NW393","MUNICNAME":"Mamusa Local Municipality","WARDNO":3,"VOTERS":3177,"Area":1382.72006199,"Shape_Leng":1.95643214704,"Shape_Area":0.126093337134,"ID":2774,"POPULATION":8167,"DENSITY":5.906473930989413}},{"arcs":[[9,10,11,-3]],"type":"Polygon","properties":{"WARD":"63903004","PROVINCE":"North West","CAT_B":"NW393","MUNICNAME":"Mamusa Local Municipality","WARDNO":4,"VOTERS":3379,"Area":1.63765507229,"Shape_Leng":0.0562306976048,"Shape_Area":0.000149177549533,"ID":2775,"POPULATION":6371,"DENSITY":3890.3186072578583}},{"arcs":[[12,13,-11,14,15,-8,16]],"type":"Polygon","properties":{"WARD":"63903005","PROVINCE":"North West","CAT_B":"NW393","MUNICNAME":"Mamusa Local Municipality","WARDNO":5,"VOTERS":2921,"Area":214.236272258,"Shape_Leng":0.897162436553,"Shape_Area":0.0195295642987,"ID":2776,"POPULATION":9763,"DENSITY":45.571181280836676}},{"arcs":[[-4,-12,-14,17]],"type":"Polygon","properties":{"WARD":"63903006","PROVINCE":"North West","CAT_B":"NW393","MUNICNAME":"Mamusa Local Municipality","WARDNO":6,"VOTERS":3458,"Area":0.917796054464,"Shape_Leng":0.0506984194175,"Shape_Area":0.00008360259749,"ID":2777,"POPULATION":7990,"DENSITY":8705.63777337899}},{"arcs":[[-1,18,-15,-10,-6,19,-17,-7,20]],"type":"Polygon","properties":{"WARD":"63903007","PROVINCE":"North West","CAT_B":"NW393","MUNICNAME":"Mamusa Local Municipality","WARDNO":7,"VOTERS":3054,"Area":1052.79740464,"Shape_Leng":2.29674827878,"Shape_Area":0.0958973580055,"ID":2778,"POPULATION":8363,"DENSITY":7.9435986098956}},{"arcs":[[-18,-13,-20,-5]],"type":"Polygon","properties":{"WARD":"63903008","PROVINCE":"North West","CAT_B":"NW393","MUNICNAME":"Mamusa Local Municipality","WARDNO":8,"VOTERS":3355,"Area":0.581557929379,"Shape_Leng":0.0298117993766,"Shape_Area":0.00005297132027,"ID":2779,"POPULATION":6510,"DENSITY":11194.069706781434}}]}}}