{"type":"Topology","transform":{"scale":[0.0006525844162337523,0.0005525851226031434],"translate":[24.829840000000043,-28.11320899699996]},"arcs":[[[1141,852],[-2,0],[-2,2]],[[1137,854],[-4,5],[-1,2],[0,5],[-8,0],[0,4],[-13,-5]],[[1111,865],[-9,56],[4,-1],[35,-2],[14,-27],[-2,-1],[-5,0],[-2,0],[-5,-11],[0,-2],[0,-10],[0,-15]],[[1137,854],[-1,-1],[-4,0],[0,0],[-3,0],[1,-5],[1,0],[1,-3],[-3,-4],[0,-3],[-13,-2]],[[1116,836],[-5,29]],[[1156,822],[-2,-4],[-5,-8],[-4,-5],[0,-4],[-1,-1],[-2,-5],[-2,-4],[-4,-4],[-1,-1],[-9,-6]],[[1126,780],[-10,56]],[[1141,852],[10,0],[4,2],[10,1],[1,-10],[-10,-4],[2,-8],[1,0],[0,-3],[-3,-4],[-2,-1],[2,-3]],[[1126,780],[-9,-5],[-5,-3],[-3,-1],[-9,-2],[-6,-1],[-10,-4],[-5,0],[-4,-1],[-16,-3],[-5,-2],[-6,-1],[-3,0],[-8,0],[-7,1],[-5,0],[-6,1],[-9,3],[-2,0]],[[1008,762],[1,11],[0,10],[3,43],[-6,12],[-50,-6],[-6,-1],[-21,52],[-12,44],[69,65],[14,12],[-6,9],[-27,42],[-26,20],[9,17],[22,-9],[25,71],[5,24],[-32,59],[-24,53],[-6,13]],[[940,1303],[41,4],[37,6],[40,6],[7,3],[54,13],[17,4],[17,8],[67,29],[88,30],[-13,89],[-29,19],[-15,10],[1,2],[42,87],[-32,-2],[-30,66],[22,10],[-7,17],[56,17],[26,-90],[7,-20],[73,17],[5,1],[30,7],[8,-83],[44,-64],[29,-131],[-98,-8],[-2,7],[-88,-21],[29,-8],[31,-12],[13,-4],[28,-11],[44,7],[12,-101],[-78,-31],[-23,-10],[-1,-23],[0,-5],[7,-3],[7,-34],[10,-50],[0,-4],[37,12],[87,29],[-7,-98],[-3,0],[-2,-1],[-4,-3],[-4,-3],[-2,-1],[-6,-2],[-3,-2],[-7,-8],[-3,-3],[-1,-2],[-4,-6],[-10,-2],[-1,0],[-2,1],[-3,1],[-10,0],[-6,0],[-4,-1],[-7,-4],[-10,-11],[-7,-5],[-3,-2],[-7,-2],[-10,-3],[-5,-2],[-5,-4],[-7,-8],[-6,-4],[-4,-2],[-6,1],[-1,1],[-3,0],[-1,-1],[-4,-3],[-4,-7],[-5,-3],[-1,-1],[-1,-1],[-1,0],[-7,-10],[-4,-3],[-8,-2],[-4,0],[-3,1],[-8,1],[-6,-1],[-9,-2],[-3,0],[-7,-6],[-4,-4],[-1,-2],[0,-3],[3,-8],[1,-3],[2,-8],[0,-7],[0,-5],[-3,-8],[-1,-5],[0,-8],[2,-12],[1,-8],[-1,-5],[-3,-10],[-2,-3],[-5,-8],[-4,-4],[-6,-4],[-2,-2],[-5,-1],[-3,0],[-2,0],[-4,3],[-10,4],[-4,3],[-6,5],[-4,4],[-3,5],[-6,10],[-1,3],[0,7],[-1,2],[0,2],[-3,2],[-3,0],[-4,0],[-2,-1],[-6,-3],[-3,0],[-2,2],[-4,5],[-3,6],[-2,4],[-1,0],[-2,1],[-9,0],[-3,2],[-3,4],[-4,2],[-5,1],[-4,-1],[-7,-4],[-3,-3]],[[469,387],[-11,1],[0,5],[-3,0],[0,4],[-2,4],[-4,-2],[0,1],[-4,-2],[2,-3],[0,-1],[0,0],[0,-3],[1,-1],[0,-1],[-8,0],[-8,15],[5,4],[2,-4],[10,5],[-3,5],[7,4]],[[453,418],[16,-31]],[[1008,762],[-5,0],[-5,0],[-1,-1],[-2,-2],[-2,-3],[-3,-4],[-2,-3],[-1,-4],[0,-7],[-1,-3],[-4,-5],[-2,-1],[-2,0],[-4,1],[-4,0],[-7,-2],[-8,-3],[-13,-6],[-6,-2],[-7,0],[-11,3],[-7,0],[-5,-3],[-8,-6],[-5,-3],[-10,-5],[-8,-2],[-11,-6],[-4,-4],[-5,-7],[-5,-6],[-8,-7],[-7,-5],[-11,-5],[-2,-2],[-2,-2],[-1,-1],[-11,-20],[-2,-2],[-3,-4],[-4,-5],[-4,-7],[-2,-5],[-1,-8],[-3,-11],[-4,-10],[-1,-3],[-2,-1],[-2,-1],[-2,0],[-2,0],[-2,4],[-3,1],[-1,0],[-9,-4],[-7,-3],[-10,-2],[-4,-1],[-13,4],[-4,1],[-12,-2],[-4,0],[-4,0],[-13,-1],[-4,-1],[-5,-2],[-5,-5],[-2,-3],[-2,-5],[-1,-7],[-4,-7],[-1,-5],[-1,-5],[-2,-3],[-1,-4],[-2,-2],[-2,-2],[-9,-6],[-14,-5],[-3,-2],[-3,-3],[-2,-1],[-1,-3],[0,-3],[0,-3],[3,-6],[3,-5],[2,-3],[7,-6],[13,-9],[2,-3],[0,-4],[-1,-5],[-1,-4],[-4,-5],[-3,-3],[-4,-3],[-10,-6],[-6,-2],[-17,-10],[-9,-4],[-19,-4],[-5,-2],[-8,-5],[-5,-3],[-3,-3],[-3,-5],[-1,-1],[-5,-13],[-2,-4],[-1,-3],[-1,-3],[-4,-5],[-2,-2],[-2,-1],[-6,-6],[-9,-9],[-5,-2],[-5,-3],[-3,-3],[-4,-6],[-1,-1],[-4,-2],[-2,0],[-5,-1],[-4,0],[-3,1],[-4,1],[-4,4],[-4,2],[-4,1],[-3,0],[-2,-1],[-3,-2],[-2,-3],[-1,-3],[-1,-3],[2,-6]],[[463,325],[-26,26],[10,8],[3,2],[52,20],[-4,3],[-29,3]],[[453,418],[-15,31],[-2,1],[-69,-41],[-9,-10],[-31,12],[-19,6],[-2,0],[-7,-1],[-28,-7],[-32,0],[-35,5],[-42,68],[-27,-18],[-1,17],[2,20]],[[136,501],[38,48],[37,45],[50,63],[27,34],[48,60],[21,26],[11,12],[23,30],[4,6],[-33,55],[-79,129],[-3,20],[-9,37],[14,57],[73,25],[47,29],[18,-91],[12,-58],[19,8],[31,14],[22,48],[11,28],[32,78],[93,-4],[9,-1],[26,82],[12,-5],[24,0],[79,-4],[-2,14],[26,-3],[76,-5],[-12,19],[59,6]],[[463,325],[1,-5],[0,-13],[0,-6],[-3,-7],[-1,-2],[-9,-5],[-2,-1],[-8,-10],[-4,-5],[-3,-9],[-3,-3],[-22,-12],[-4,-4],[-3,-5],[-2,-4],[-1,-4],[0,-3],[0,-1],[1,-2],[3,-2],[3,-2],[9,-13],[3,-4],[6,-11],[1,-4],[0,-5],[-3,-8],[-15,-19],[-6,-7],[-5,-11],[-7,-6],[-6,-9],[-4,-6],[-2,-5],[-1,-2],[-1,-21],[-1,-3],[-1,-2],[-3,-2],[-2,-1],[-14,-4],[-3,0],[-5,0],[-8,3],[-8,2],[-5,0],[-6,-1],[-4,-2],[-4,-3],[-4,-2],[-8,-6],[-7,-3],[-4,-1],[-3,1],[-4,1],[-5,0],[-5,-2],[-11,-7],[-3,0],[-6,1],[-2,1],[-11,2],[-10,0],[-6,-2],[-3,-2],[-4,-4],[-1,-2],[-3,-11],[-3,-7],[-9,-15],[-4,-6],[-7,-9],[-3,-3],[-185,329],[8,6],[16,8],[10,-4],[8,1],[1,9],[3,-2],[-4,5],[0,5],[3,9],[0,0],[4,5],[-23,-5],[17,20],[24,31],[18,21],[13,16],[0,0],[38,47]]],"objects":{"176":{"type":"GeometryCollection","geometries":[{"arcs":[[0,1,2]],"type":"Polygon","properties":{"WARD":"63906001","PROVINCE":"North West","CAT_B":"NW396","MUNICNAME":"Lekwa-Teemane Local Municipality","WARDNO":1,"VOTERS":3056,"Area":8.4435250918,"Shape_Leng":0.130039715634,"Shape_Area":0.000771956323112,"ID":2806,"POPULATION":9540,"DENSITY":1129.8598507470358}},{"arcs":[[3,4,-2]],"type":"Polygon","properties":{"WARD":"63906002","PROVINCE":"North West","CAT_B":"NW396","MUNICNAME":"Lekwa-Teemane Local Municipality","WARDNO":2,"VOTERS":2529,"Area":2.132408022,"Shape_Leng":0.0653863968945,"Shape_Area":0.000194995488825,"ID":2807,"POPULATION":4862,"DENSITY":2280.051448802888}},{"arcs":[[5,6,-4,-1,7]],"type":"Polygon","properties":{"WARD":"63906003","PROVINCE":"North West","CAT_B":"NW396","MUNICNAME":"Lekwa-Teemane Local Municipality","WARDNO":3,"VOTERS":3199,"Area":7.99586931176,"Shape_Leng":0.13186005276,"Shape_Area":0.000731281469313,"ID":2808,"POPULATION":8766,"DENSITY":1096.316067485911}},{"arcs":[[-8,-3,-5,-7,8,9,10]],"type":"Polygon","properties":{"WARD":"63906004","PROVINCE":"North West","CAT_B":"NW396","MUNICNAME":"Lekwa-Teemane Local Municipality","WARDNO":4,"VOTERS":2541,"Area":1237.41489188,"Shape_Leng":2.41673735221,"Shape_Area":0.112982073154,"ID":2809,"POPULATION":5472,"DENSITY":4.422122309912086}},{"arcs":[[11,12]],"type":"Polygon","properties":{"WARD":"63906005","PROVINCE":"North West","CAT_B":"NW396","MUNICNAME":"Lekwa-Teemane Local Municipality","WARDNO":5,"VOTERS":3729,"Area":1.98549006441,"Shape_Leng":0.086241863699,"Shape_Area":0.000181969056248,"ID":2810,"POPULATION":9024,"DENSITY":4544.973637368231}},{"arcs":[[13,14,-13,15,16,-10]],"type":"Polygon","properties":{"WARD":"63906006","PROVINCE":"North West","CAT_B":"NW396","MUNICNAME":"Lekwa-Teemane Local Municipality","WARDNO":6,"VOTERS":2778,"Area":1898.00936906,"Shape_Leng":2.37444688258,"Shape_Area":0.173575895522,"ID":2811,"POPULATION":6910,"DENSITY":3.640656422798491}},{"arcs":[[-12,-15,17,-16]],"type":"Polygon","properties":{"WARD":"63906007","PROVINCE":"North West","CAT_B":"NW396","MUNICNAME":"Lekwa-Teemane Local Municipality","WARDNO":7,"VOTERS":4293,"Area":525.219092522,"Shape_Leng":1.13524426995,"Shape_Area":0.0481692913105,"ID":2812,"POPULATION":8675,"DENSITY":16.516916699170885}}]}}}