{"type":"Topology","transform":{"scale":[0.0011100710289193125,0.0009531857967061314],"translate":[22.629130001000078,-27.125290002999975]},"arcs":[[[1634,339],[-54,55],[-39,32],[58,35],[37,27],[-29,65],[-10,58],[13,8],[-8,6],[-17,16],[-14,10],[-1,3],[-4,7]],[[1566,661],[-23,55],[-2,1],[0,-3],[2,-7],[-4,-1],[0,1],[-2,0],[1,-7],[-6,-1],[1,-5]],[[1533,694],[-8,3],[-24,7]],[[1501,704],[26,18],[60,49],[-28,50],[-18,40]],[[1541,861],[114,48],[7,-17],[20,7],[9,5],[8,-17],[40,24],[43,18],[17,-21],[8,-10]],[[1807,898],[22,-28],[17,-35],[-46,-23],[-55,-36],[-27,-17],[23,-54],[13,-24],[3,-4],[3,-6],[8,-13],[3,-5],[6,-13],[50,31],[17,-34],[15,-32],[33,-50],[29,17],[-8,10],[10,6],[7,-11],[-2,-1],[2,-5],[-17,-10],[25,-55],[-71,-45],[-56,-27],[-54,-30],[-63,-28],[-37,-23],[-23,-14]],[[1541,861],[-63,133],[1,1],[79,23],[40,6],[4,-13],[5,1],[1,-4],[19,4],[-7,15],[66,30],[33,15],[-21,33],[-15,-10],[-114,166],[4,3],[-16,21],[-3,-2],[-13,20],[-61,45],[-22,26],[-29,-28],[-49,-18],[-9,21],[-40,-21],[-54,-25],[-57,4],[6,-32],[-56,11],[-35,14],[7,48],[-1,47],[-2,26],[-5,28],[-15,-4],[-22,-3],[-43,8],[3,43],[-38,23],[14,29],[-39,17],[-31,8],[-32,10],[-16,-54],[-41,4],[-34,1],[-36,11],[-14,4],[-6,-44],[-4,-4],[18,-8],[-19,-25],[1,-2]],[[780,1463],[-22,13],[-63,-2],[-87,-96],[-20,52],[12,28],[13,35],[-65,27],[8,28],[-30,1],[-22,20],[-12,36],[-36,61],[-5,9],[-6,13],[-2,13],[-6,3],[-13,-3],[-25,65],[-6,52],[-1,67]],[[392,1885],[2,-1],[9,-3],[5,2],[3,2],[2,4],[1,2],[-1,8],[1,2],[1,1],[5,0],[2,1],[7,7],[4,1],[3,0],[4,-2],[11,-12],[3,-1],[3,1],[2,2],[4,7],[4,6],[5,0],[5,-2],[3,0],[4,2],[3,3],[1,7],[2,4],[13,11],[6,2],[11,1],[5,3],[3,0],[2,-1],[12,-6],[3,-1],[4,1],[4,2],[3,2],[1,1],[2,-1],[1,-1],[2,-1],[6,-2],[8,3],[5,3],[4,0],[1,0],[5,-6],[2,-5],[1,-4],[1,-3],[2,-2],[3,-1],[3,1],[5,2],[4,9],[2,1],[4,0],[0,-1],[4,-7],[4,-3],[3,1],[6,3],[4,2],[9,2],[6,0],[5,-2],[1,-1],[4,-14],[2,-3],[14,0],[18,-4],[6,-8],[3,-1],[2,0],[3,3],[4,4],[9,16],[4,9],[3,9],[3,2],[3,0],[10,-1],[6,-1],[1,0],[1,-3],[0,0],[-2,-3],[-6,-8],[-1,-4],[0,-4],[1,-2],[1,-1],[4,0],[7,3],[3,0],[2,0],[2,-3],[1,-7],[1,-3],[9,-7],[1,-1],[5,-11],[1,-3],[-1,-4],[-3,-8],[0,-5],[0,-4],[2,-1],[3,0],[18,12],[2,1],[3,-1],[2,-3],[4,-9],[3,-1],[10,1],[10,-2],[2,-3],[0,-1],[-5,-9],[0,-3],[1,-2],[1,-1],[8,3],[16,-6],[0,-5],[0,-12],[1,-4],[3,-1],[5,-1],[2,1],[1,1],[4,11],[4,3],[3,0],[5,-2],[3,-3],[1,-3],[-2,-4],[-5,-4],[-2,-3],[1,-4],[2,-1],[4,-2],[7,0],[2,-1],[4,-3],[1,-4],[0,-5],[0,-7],[1,-3],[2,-3],[3,-2],[4,1],[8,2],[2,1],[1,3],[0,9],[2,3],[3,1],[5,-2],[4,-5],[4,-6],[-1,-1],[-1,-2],[-4,-3],[-2,-3],[-2,-4],[1,-3],[4,-4],[7,-2],[5,3],[4,1],[4,0],[2,-2],[4,-2],[1,-4],[0,-9],[1,-2],[1,-1],[5,3],[6,6],[5,8],[1,1],[2,0],[4,-1],[2,-3],[0,-5],[2,-4],[3,-2],[7,-1],[3,-1],[5,-3],[2,-2],[2,-2],[0,-2],[-1,-2],[-4,-5],[-1,-5],[2,-2],[6,-3],[3,-3],[0,-4],[-2,-4],[0,-3],[1,-3],[2,-1],[7,1],[3,-1],[7,-8],[2,-1],[6,0],[6,3],[7,1],[5,0],[4,-1],[4,-3],[1,-2],[-1,-3],[-6,-7],[-6,-4],[-3,-6],[1,-7],[2,-5],[3,-3],[4,-3],[4,0],[4,2],[3,6],[2,2],[1,0],[3,0],[4,-5],[4,-5],[0,-1],[0,-2],[-1,-4],[-4,-5],[0,-2],[2,-4],[4,-3],[10,-2],[9,1],[2,0],[7,-3],[4,-3],[2,-5],[-2,-6],[0,-4],[2,-3],[5,-4],[13,-4],[2,-1],[2,-3],[0,-1],[-5,-16],[2,-5],[1,-1],[3,-1],[5,0],[5,-1],[2,-2],[4,-5],[3,-2],[6,2],[9,-2],[4,2],[2,3],[0,2],[-2,6],[1,3],[2,2],[1,-1],[4,-1],[2,0],[1,0],[1,4],[2,4],[6,1],[5,-2],[3,-4],[2,-1],[11,0],[7,1],[4,-2],[4,-2],[0,-2],[0,-3],[-7,-4],[-1,-2],[0,-7],[0,-8],[0,-1],[2,-2],[1,0],[2,1],[7,5],[7,0],[1,1],[2,3],[-1,6],[1,2],[2,0],[5,-3],[6,-8],[8,-6],[7,-1],[6,1],[1,2],[1,5],[-3,6],[0,3],[1,3],[2,2],[5,1],[4,-1],[1,-1],[1,-7],[1,-3],[3,-2],[1,0],[2,1],[1,3],[4,4],[4,3],[6,2],[3,1],[3,-2],[4,0],[10,4],[4,1],[4,-2],[3,1],[2,3],[0,4],[-2,5],[2,2],[8,4],[2,2],[4,1],[4,-3],[2,-5],[-1,-3],[-4,-5],[-1,-2],[1,-3],[2,-2],[7,-2],[3,1],[8,4],[4,6],[3,1],[4,0],[3,-2],[4,-7],[2,-2],[5,-2],[3,-4],[1,-5],[3,-3],[4,-1],[3,2],[2,0],[1,-1],[1,-4],[-1,-7],[0,-1],[2,-3],[5,-4],[0,-4],[2,-4],[5,-4],[5,2],[1,-1],[3,-2],[-1,-3],[-3,-5],[0,-3],[2,-1],[4,-2],[6,-4],[0,-3],[-1,-3],[-1,-6],[1,-3],[1,-1],[4,-1],[4,1],[3,2],[1,4],[4,5],[5,3],[2,1],[2,-2],[2,-4],[1,-7],[-1,-2],[-2,-1],[-5,-2],[-4,-3],[0,-2],[1,-4],[3,-7],[2,-2],[3,1],[6,8],[5,4],[4,1],[9,0],[4,1],[2,2],[3,1],[1,-1],[1,-2],[0,-2],[-3,-5],[-2,-6],[1,-4],[1,-3],[4,-4],[4,-2],[6,-9],[5,-1],[4,-3],[4,-7],[2,-1],[3,-2],[4,0],[8,-4],[7,-2],[2,2],[1,3],[2,3],[4,3],[1,0],[2,-1],[2,-6],[3,-1],[1,0],[1,0],[1,1],[1,3],[0,4],[0,6],[1,1],[2,2],[1,0],[3,0],[11,-6],[2,0],[3,2],[3,5],[-1,10],[1,2],[2,-1],[4,-6],[2,-1],[2,2],[0,3],[0,3],[1,0],[3,0],[5,-7],[2,-2],[3,-1],[3,1],[1,3],[1,2],[1,0],[2,-1],[2,-2],[0,-6],[1,-1],[8,-1],[4,-2],[-18,-42],[97,-75],[85,-63],[-25,-13],[13,-27],[51,-55],[21,-29],[10,-25],[16,-31],[37,-68],[12,-43],[-48,-7],[-26,-12],[-40,-18],[-50,-37]],[[1501,704],[-13,11],[-9,9],[-13,10],[-10,7],[-14,-9],[-118,-74]],[[1324,658],[-58,-32],[-15,41],[-37,94],[-27,-24],[-21,48],[-8,-6],[-21,45],[-3,-2]],[[1134,822],[-29,64],[-80,43],[-43,64],[-8,8],[9,8],[37,21],[0,-6],[5,3],[6,0],[3,2],[2,3],[0,0],[2,4],[3,3],[-3,2]],[[1038,1041],[0,1],[8,0],[6,-1],[-1,-1],[3,0],[0,1],[6,-1],[4,5],[-5,3],[0,1],[2,0],[-2,6],[2,1],[3,1],[8,1],[2,1],[1,0],[1,4],[-12,9],[-28,34],[-4,-1],[-7,-2],[-7,-1],[-8,-4],[-3,-1],[-4,-3],[-2,0],[-6,-5],[0,-1]],[[995,1088],[-17,16],[6,9],[4,4],[8,11],[4,3],[4,3],[5,9],[-26,38],[-22,49],[-21,20],[-70,29]],[[870,1279],[-21,8],[-50,17],[-13,4],[-1,8],[1,4],[2,3],[11,13],[5,15],[0,6],[-11,9],[-1,2],[0,3],[3,16],[3,1],[-4,8],[-12,4],[25,47],[-27,16]],[[1475,580],[4,-8],[5,-22],[-45,-41]],[[1439,509],[-22,18],[6,12],[-4,0],[-7,-2],[-1,1],[-1,0],[-2,2],[0,-1],[0,1],[-2,-1],[1,-3],[-15,20]],[[1392,556],[-3,4]],[[1389,560],[-6,7],[1,1],[7,6],[6,3],[0,1],[24,23],[6,-6],[6,-14],[4,-7],[38,6]],[[1439,509],[-11,-10],[-12,-6]],[[1416,493],[-18,-10],[-4,8],[-1,4],[-8,5],[-6,1],[-2,2],[-4,5],[-2,1],[0,2],[-2,1],[1,16],[11,2],[3,2],[2,3],[1,4],[1,0],[1,3],[3,14]],[[1634,339],[-42,-23],[-57,-37],[-51,-25]],[[1484,254],[-29,52],[-29,-14],[-9,59]],[[1417,351],[14,8],[31,19],[-25,58],[8,5],[-29,52]],[[1475,580],[14,2],[-4,7],[-2,8],[4,3],[-3,5],[-4,12],[2,4],[8,9],[6,4],[4,2],[0,3],[1,2]],[[1501,641],[2,-1],[4,1],[25,14],[4,1],[4,1],[8,0],[9,1],[9,3]],[[1324,658],[13,-29],[33,-44],[0,-7],[2,-7],[5,-6],[0,-2],[1,-7],[-1,-8]],[[1377,548],[-2,1],[-23,-9],[-53,-10],[0,-4],[-3,-2],[6,-17],[2,-9],[14,-15],[4,-3],[4,-1],[4,-5],[2,-2],[1,-3],[3,-4],[0,-6],[2,-6],[-19,-10],[-60,-27],[9,-27],[15,-28]],[[1283,361],[-19,-15],[-9,3],[-3,0],[-1,0],[-4,-2],[-7,0],[-2,2],[-4,2],[-9,8],[-12,2],[0,12],[-2,0],[-4,4],[-27,10],[-16,-44],[-29,16],[-27,28],[-8,7],[-36,28],[-34,23],[-23,-1],[-2,3],[-1,-2],[-45,27],[-1,5],[-42,28],[9,16],[-44,38]],[[881,559],[32,41],[59,91],[20,-27],[7,-9],[6,0],[15,29],[58,38],[-19,50],[75,50]],[[1283,361],[22,-56],[75,25],[37,21]],[[1484,254],[25,-63],[-35,-18],[39,-61],[1,0],[28,-52],[-19,-15],[0,0],[-35,-17],[-51,-28],[-26,55],[-58,64],[-84,-44],[-11,57],[-22,59],[-28,51],[-7,-4],[-42,42],[1,1],[-43,1],[-14,-35],[-74,45],[-10,6],[-32,13],[-35,12],[-35,10],[-29,19],[-41,16],[-44,20],[-30,17],[54,85],[33,43]],[[860,533],[21,26]],[[860,533],[-81,66],[-28,24],[-177,48],[14,153],[-54,72],[39,70],[41,66]],[[614,1032],[12,16],[6,-7],[19,-19],[31,-18],[19,-14],[20,-12],[9,-2],[7,-13],[4,-2],[6,-3],[8,-8],[10,-17],[2,-9],[29,7],[7,13],[16,-8],[3,1],[2,0],[3,5],[1,4],[-3,21],[0,24],[4,23],[6,14],[1,4],[-3,15]],[[833,1047],[31,-1],[69,-2],[66,20]],[[999,1064],[7,-3],[3,0],[1,1],[2,0],[3,1],[-3,-9],[6,-2],[0,0],[5,-2],[4,-2],[11,-7]],[[999,1064],[11,11],[-15,13]],[[833,1047],[-34,3],[46,90],[-62,20],[8,15],[0,9],[3,8],[8,-3],[7,-1],[6,-2],[1,1],[2,4],[3,3],[-1,1],[-2,1],[-7,8],[-2,0],[-1,2],[6,12],[-8,7],[-4,6],[3,2],[6,0],[2,5],[10,-4],[2,7],[2,2],[0,2],[2,2],[2,6],[3,2],[6,2],[2,2],[10,4],[7,3],[2,0],[6,3],[3,10]],[[614,1032],[-53,29],[-32,-2],[14,66],[68,-18],[42,-20],[30,87],[-60,14],[-211,11],[2,-17],[-1,-47],[-21,-58],[-70,9],[-5,-65],[-67,6],[-7,-71],[-16,-51],[-29,-119],[-6,-18],[-35,-63],[-53,30],[-32,14],[-1,