{"type":"Topology","transform":{"scale":[0.0012563004200277803,0.0009795109578414206],"translate":[26.458439998000074,-26.612480000999938]},"arcs":[[[271,289],[-3,2],[-2,1],[-3,1],[-2,0],[0,1],[3,0],[0,0],[1,2],[-1,1],[1,2],[0,0],[2,2]],[[267,301],[1,-1]],[[268,300],[1,0],[0,-1],[0,-1],[0,0],[0,-2],[4,1],[0,-1],[0,-1],[-2,0],[0,-3],[0,0],[1,-1],[0,0],[-1,-2]],[[275,285],[-4,4]],[[268,300],[1,1],[0,0],[2,0],[0,0],[1,3],[3,-2],[2,-2],[1,0],[0,2],[3,-1],[1,0],[0,-2],[1,0],[0,-1],[-1,-1],[0,-1],[-2,-1],[-2,-6],[-3,-4]],[[365,553],[-15,-51],[10,-14],[-22,3],[-15,3],[-13,-7],[7,-58],[4,2],[30,-41],[20,-67],[-42,-22],[-6,-7]],[[323,294],[-2,0],[-4,0],[-18,29],[0,-2],[-3,2],[-2,-3],[-6,-4],[-9,20],[-22,27],[-19,-4],[-6,-2],[-36,-7]],[[196,350],[-7,12],[0,2],[4,5],[-12,24],[-20,-10],[0,-14],[0,-2],[0,-17],[23,-57],[-21,-11],[12,-23],[17,-43],[-32,-34],[-14,-15],[-14,12],[-1,-2],[-36,-13],[-7,23],[-14,12],[44,23],[-8,20],[-15,39]],[[95,281],[2,1],[-20,11],[-2,12],[5,4],[-19,47],[14,5],[0,0],[15,7],[12,7],[-8,17],[-24,57],[19,12],[47,25],[-2,20],[-7,53],[27,7],[46,11],[4,-13],[15,-42],[59,18],[32,24],[6,1],[1,-9],[7,-1],[1,8],[11,-3],[14,-3],[6,-2],[2,-1],[7,-1]],[[275,285],[2,-1],[2,0],[0,-2],[0,0],[0,-2],[0,0],[0,0],[-1,-1],[-1,0],[0,0],[0,-1],[-1,0],[0,-1],[-1,0],[-1,0],[0,-1],[-1,0],[0,-1],[13,-9],[2,-6],[12,-24],[-22,-12],[-6,-42],[6,0],[0,-11],[-1,0],[-13,-18],[-12,-9],[-14,-10],[-8,-6],[-9,-6],[11,-22],[7,-15],[9,1],[3,-32],[1,0],[13,-20]],[[265,34],[-1,0],[-2,-8],[-5,5],[-1,-1],[2,-4],[3,-7],[-3,-18],[-26,5],[-27,-5],[-3,0],[-6,-1],[-23,13],[8,8],[8,6],[-1,28],[-30,23],[-20,20],[-53,15],[-7,-4],[-6,-4],[-15,-9],[-52,24],[-4,0],[0,12],[15,4],[-16,45],[5,3],[29,16],[-14,31],[16,11],[12,8],[-1,1],[1,3],[3,9],[16,8],[0,1],[23,12],[5,-3]],[[196,350],[47,-32],[24,-17]],[[410,78],[8,48],[17,-6],[4,15],[7,25],[1,6],[15,-1],[3,1],[0,1],[-2,13],[-9,6],[0,1],[-11,7],[-7,47],[-13,-8],[-18,5],[-11,1],[-8,0],[-2,1],[7,24],[0,1],[-1,0],[-2,1],[-20,1],[-4,0],[-33,1],[-2,1],[-2,0],[-1,1],[-1,1],[-3,5],[0,1],[-10,6],[11,11]],[[365,553],[12,40],[37,-24],[-3,-10],[31,-16],[10,-6],[0,-1],[22,-14],[-8,-31],[22,33],[4,1],[3,0],[-12,-31],[-4,-12],[21,-3],[1,30],[4,18],[3,0],[10,-2],[10,-1],[16,-2],[13,4],[10,2],[0,6],[-1,8],[0,1],[33,-2],[24,-10],[23,-3],[18,0],[27,-6],[28,-15],[-3,-40],[-38,8],[0,-1],[-6,2],[-9,2],[14,-83],[9,-30],[7,-24],[1,-3],[-18,-18],[-7,-6],[-16,-8],[-3,-2],[-12,-9],[-20,-15],[-3,-4],[-34,-36],[29,-68],[0,-8],[-1,0],[0,-3],[1,-3],[4,-34],[1,-15],[-15,-9],[-8,-2],[-3,-2],[-12,-2],[4,-5],[0,-1],[-8,5],[-17,-3],[-70,6],[-4,-24],[-72,6]],[[410,78],[-22,-28],[-7,1],[-48,2],[-6,-1],[-11,-2],[0,-8],[-51,-8]]],"objects":{"178":{"type":"GeometryCollection","geometries":[{"arcs":[[0,1,2]],"type":"Polygon","properties":{"WARD":"64001001","PROVINCE":"North West","CAT_B":"NW401","MUNICNAME":"Ventersdorp Local Municipality","WARDNO":1,"VOTERS":2720,"Area":0.859293261795,"Shape_Leng":0.0522635095825,"Shape_Area":0.000077681275211,"ID":2828,"POPULATION":4553,"DENSITY":5298.540326604121}},{"arcs":[[3,-3,4]],"type":"Polygon","properties":{"WARD":"64001002","PROVINCE":"North West","CAT_B":"NW401","MUNICNAME":"Ventersdorp Local Municipality","WARDNO":2,"VOTERS":2838,"Area":1.93531937445,"Shape_Leng":0.0718236779485,"Shape_Area":0.000174954767284,"ID":2829,"POPULATION":4689,"DENSITY":2422.8559182034596}},{"arcs":[[5,6,7,8]],"type":"Polygon","properties":{"WARD":"64001003","PROVINCE":"North West","CAT_B":"NW401","MUNICNAME":"Ventersdorp Local Municipality","WARDNO":3,"VOTERS":3678,"Area":888.358525212,"Shape_Leng":1.94503092173,"Shape_Area":0.0802388386136,"ID":2830,"POPULATION":14594,"DENSITY":16.428051947289248}},{"arcs":[[-4,9,10,-8,11,-1]],"type":"Polygon","properties":{"WARD":"64001004","PROVINCE":"North West","CAT_B":"NW401","MUNICNAME":"Ventersdorp Local Municipality","WARDNO":4,"VOTERS":3511,"Area":661.530171117,"Shape_Leng":1.83140337842,"Shape_Area":0.0598600003043,"ID":2831,"POPULATION":9415,"DENSITY":14.232155102015502}},{"arcs":[[12,-6,13]],"type":"Polygon","properties":{"WARD":"64001005","PROVINCE":"North West","CAT_B":"NW401","MUNICNAME":"Ventersdorp Local Municipality","WARDNO":5,"VOTERS":3031,"Area":1660.21149917,"Shape_Leng":2.38018249913,"Shape_Area":0.150019676668,"ID":2832,"POPULATION":12598,"DENSITY":7.588189821777646}},{"arcs":[[-13,14,-10,-5,-2,-12,-7]],"type":"Polygon","properties":{"WARD":"64001006","PROVINCE":"North West","CAT_B":"NW401","MUNICNAME":"Ventersdorp Local Municipality","WARDNO":6,"VOTERS":3780,"Area":551.155493462,"Shape_Leng":1.35400200595,"Shape_Area":0.0498771255063,"ID":2833,"POPULATION":10851,"DENSITY":19.687729014258903}}]}}}