{"type":"Topology","transform":{"scale":[0.00028412881220339257,0.000254900665011044],"translate":[26.76466000100004,-26.980490000999964]},"arcs":[[[996,1388],[8,-15]],[[1004,1373],[-18,1],[-26,-3],[-25,0],[-8,-3],[-8,-46],[-42,-11],[3,-97],[-16,-3],[-4,0],[-32,6],[-5,-194],[28,-3]],[[851,1020],[-3,-4],[-1,-3],[-5,-9],[0,-5],[-1,-4],[-11,-1],[-4,-1],[-6,-6],[-4,-3],[-11,-2],[-7,-1],[2,-6],[0,-4],[1,-1],[1,-5],[-4,-16],[-2,-5],[-1,-8],[8,0],[3,1],[2,2],[3,0],[11,-7],[5,-1]],[[827,931],[-3,-7],[-2,-26],[66,23]],[[888,921],[3,-5],[-1,-6],[4,-11],[8,5],[4,-8]],[[906,896],[-17,-11],[-12,-5],[-51,-1],[-61,-20],[-8,-7],[-30,-30],[-10,-5],[-12,-2],[-4,-1],[-32,-23],[-5,15],[9,8],[-8,11],[1,19],[-4,3],[-2,21],[-131,-19],[0,2],[-11,-3],[-1,36],[-2,1],[-10,14],[-52,-6],[-11,-57],[-12,-26],[17,-128],[-8,-5],[-9,-4],[-51,-11],[-54,-13]],[[325,649],[-24,-6],[-121,16],[3,29],[-181,-63],[-2,222],[104,-10],[42,52],[-61,34],[81,220],[-111,-2],[-7,64],[0,6],[-4,24],[-13,44],[8,14],[1,-1],[12,50],[22,25],[-9,82],[12,69],[-15,24],[-6,19],[2,1],[25,-18],[5,30],[233,33],[0,30],[45,5],[30,4],[212,-6],[28,-4],[101,108],[111,-8]],[[848,1736],[13,-28],[4,-5],[6,-6],[5,-8],[80,-225],[33,-64],[7,-12]],[[906,896],[10,6]],[[916,902],[9,-5],[35,15],[5,0],[0,5],[3,2],[9,-2],[4,-3],[5,0],[7,-4],[11,-3],[8,0],[4,3],[13,6],[8,5],[16,15],[34,-26],[2,2],[32,-24],[31,41],[3,37]],[[1155,966],[9,0],[-1,-11],[13,0],[1,-4],[18,2]],[[1195,953],[0,-2],[2,-1],[1,-4],[1,0],[2,1],[1,-1],[2,-7],[2,-3],[1,-5],[10,5],[2,2],[5,0],[2,8],[-1,2],[1,1],[3,-1],[5,4],[1,4],[4,3],[0,2],[5,0],[2,8],[1,1],[0,5],[3,1],[5,-2],[1,-2],[6,2],[0,7],[1,1],[2,-2],[2,1],[1,5],[37,-13],[48,-26],[132,-30],[35,-12],[141,70],[4,11],[-3,10],[-11,20],[-3,10],[-7,13],[48,29],[-1,70],[89,66],[-15,38],[120,58],[-1,106]],[[1881,1406],[15,3],[144,32],[-45,90],[8,12],[18,36],[-1,25],[96,-9],[10,-19],[59,-100],[-25,-25],[157,-146],[10,-6],[25,53],[6,16],[71,6],[182,-63],[220,-3],[2,-98],[2,-45],[14,-2],[0,-125],[4,1],[97,91],[-4,-88],[2,-31],[-46,-5],[-8,-13],[-9,-4],[-10,-10],[26,-19],[5,-10],[-14,-8],[-24,-18],[-22,-4],[-7,-2],[-5,-2],[-1,-3],[2,-12],[-2,-3],[0,-4],[1,-6],[1,-4],[23,-21],[7,-13],[10,-10],[3,-6],[1,-4],[0,-11],[-4,-9],[-6,-6],[-7,-6],[-5,-3],[-3,-3],[-6,-2],[-11,-7],[-3,-1],[-3,0],[-4,5],[-6,3],[-6,1],[-13,8],[-8,6],[-4,6],[-3,1],[-3,1],[-3,0],[-3,-3],[-9,-1],[-6,-4],[-7,-8],[-3,0],[-3,-3],[-2,-4],[-15,-16],[-5,-4],[-7,-4],[-4,0],[-12,2],[-13,0],[-7,2],[-10,7],[-18,2],[-10,-1],[-8,-6],[-18,-8],[-13,-24],[-1,-4],[2,-8],[8,-14],[16,-12],[9,-10],[3,-7],[6,-12],[1,-5],[-2,-8],[-4,-4],[-3,-5],[-1,-5],[-6,-10],[-8,-20],[-2,-8],[0,-3],[2,-3],[2,-11],[-1,-12],[0,-14],[-2,-5],[-4,-5],[-6,-4],[-12,-6],[-10,-7],[-6,-4],[-2,-3],[-17,-2],[-14,-4],[-4,-2],[-8,-9],[-23,-55],[-5,-17],[-1,-13],[-1,-11],[-5,-18],[-3,-4],[-2,-15],[-17,-13],[-57,-15],[-20,-17],[-10,-12],[-7,-7],[-1,-3],[-6,0],[-4,3],[-2,1],[-3,0],[-8,-8],[-20,-28],[-13,-22],[-16,-20],[-18,-18],[-16,-7],[-23,0],[-18,8],[-8,6],[-2,3],[-1,4],[-1,6],[1,4],[-2,4],[-2,3],[-3,3],[-3,1],[-4,0],[-3,1],[-6,-1],[-6,5],[-3,9],[-3,18],[1,4],[-3,7],[-2,5],[-4,1],[-10,8],[-6,1],[-7,-3],[-14,-15],[-2,-1],[-5,2],[-4,-1],[-4,0],[-5,2],[-4,7],[-3,7],[-2,10],[-2,10],[0,6],[3,5],[-1,4],[-2,2],[-10,1],[-1,4],[-7,10],[-5,10],[-2,3],[-5,3],[-11,2],[-3,2],[-37,31],[-4,1],[-10,9],[-3,3],[-2,10],[4,15],[0,11],[-1,4],[-6,10],[-14,10],[-6,6],[-6,4],[-4,0],[-13,0],[-39,3],[-8,-1],[-9,-2],[-16,0],[-13,-6],[-6,-5],[-1,-4],[3,-13],[-5,-10],[-2,-2],[-10,-5],[-3,-4],[-5,-5],[-5,-7],[-3,-6],[0,-5],[0,-9],[-1,-13],[-6,-8],[-4,-3],[-6,-3],[-7,-4],[-3,-3],[-7,-4],[-14,-17],[-6,-3],[-11,-3],[-10,-8],[-6,-8],[-8,-21],[-2,-14],[-4,-9],[-4,-6],[-5,-7],[-8,-9],[-17,-9],[-11,-4],[-7,-1],[-1,0],[-3,0],[-7,-2],[-10,-10],[-9,-7],[-13,-16],[-12,-18],[-3,-8],[-1,-5],[-8,-18],[-2,-8],[-3,-6],[-2,-2],[-7,-5],[-13,-5],[-10,-6],[-4,-3],[-6,-7],[-9,-20],[-3,-8],[-3,-18],[-8,-18],[0,-28],[3,-15],[1,-11],[-2,-3],[-5,-3],[-3,-5],[-5,-4],[-5,-1],[-11,-1],[-17,7],[-5,0],[-5,2],[-8,0],[-3,1],[-9,2],[-24,17],[-21,9],[-8,5],[-3,4],[-2,4],[1,5],[5,10],[4,6],[14,12],[4,5],[4,14],[2,15],[-1,16],[-4,22],[1,16],[3,11],[0,10],[0,3],[-2,8],[-4,4],[-8,6],[-9,4],[-14,5],[-2,1],[-6,1],[-11,-1],[-8,-3],[-10,-7],[-10,-14],[-5,-5],[-9,-11],[-1,-7],[-4,-7],[-11,-8],[-12,-7],[-13,-4],[-5,1],[-9,8],[-4,1],[-18,9],[-5,6],[-3,3],[-6,1],[-11,4],[-18,11],[-7,8],[-7,6],[-6,0],[-8,4],[-8,-2],[-5,0],[-6,-2],[-3,1],[-3,-1],[-15,-8],[-16,-4],[-8,-3],[-4,-3],[-3,-4],[-4,-4],[-3,-5],[-4,-3],[-6,-8],[-4,-2],[-5,0],[-7,2],[-9,6],[-5,3],[-11,3],[-10,0],[-12,-1],[-9,-5],[-6,-1],[-4,-3],[-18,2],[-4,-1],[-10,-1],[-9,2],[-9,1],[-6,-2],[-6,1],[-12,-1],[-8,-3],[-5,-1],[-17,3],[-6,3],[-6,2],[-12,1],[-9,3],[-7,4],[-11,0],[-4,3],[-5,1],[-5,5],[-10,-1],[-9,7],[-1,3],[-2,3],[-10,5],[-8,8],[-20,9],[-15,4],[-9,5],[-3,2],[-9,9],[-9,7],[-20,9],[-10,2],[-12,5],[-11,7],[-5,5],[-8,7],[-27,16],[-15,12],[-7,7],[-15,11],[-5,6],[-4,8],[5,16],[1,23],[8,15],[0,8],[-2,7],[-5,3],[-7,1],[-16,6],[-9,2],[-4,-3],[-11,-12],[-9,-12],[-8,-14],[-14,-21],[-8,-19],[-5,-21],[-3,-7],[-6,-15],[-3,-12],[-1,-9],[1,-10],[15,-66],[1,-10],[0,-5],[-3,-21],[0,-13],[-2,-7],[1,-6],[5,-54],[-5,-32],[-1,-15],[-5,-10],[-5,-6],[-4,-1],[-5,2],[-4,3],[-8,20],[-14,14],[-5,10],[-2,6],[1,3],[4,18],[-3,31],[-3,4],[-9,9],[-9,6],[-6,6],[-13,15],[-5,4],[-8,2],[-11,-2],[-12,0],[-16,-3],[-7,3],[-4,3],[-13,11],[-4,6],[0,5],[2,7],[0,7],[-1,2],[-5,5],[-11,6],[-7,8],[-8,3],[58,160],[28,100],[25,94],[-142,46],[-2,8]],[[1195,953],[-5,6],[1,7],[-3,8],[0,4],[2,3],[-1,5],[2,1],[-1,2]],[[1190,989],[2,2],[0,3],[-4,3],[2,7],[2,27]],[[1192,1031],[-1,11],[6,0],[6,2],[10,11]],[[1213,1055],[34,15],[17,9],[5,4],[-3,3],[-11,25],[-21,53],[-2,0],[0,10],[-8,18],[-18,16],[-3,0],[-2,0],[-6,110],[16,67],[-14,-3]],[[1197,1382],[-52,-13],[-2,4],[-5,-5],[1,-7],[-7,0],[0,4],[0,11],[-2,2],[-1,3],[3,3],[0,1],[-2,3],[2,4],[-4,1],[4,1],[0,4],[-6,3],[1,0],[1,1],[-1,2],[-9,3],[-4,5],[-2,5],[-3,3],[3,4],[1,4],[-4,2],[2,1],[-2,1],[1,2],[-2,0],[0,3],[-3,3],[1,2],[1,1],[-1,2],[1,2],[0,5],[-59,-15],[-3,-11],[-6,-7],[-21,-15],[-22,-16]],[[848,1736],[208,-15],[14,91],[309,-22],[8,-5],[29,-102],[27,9],[28,-55],[0,-45],[161,14],[22,-93],[-5,-2],[6,-91],[25,-70],[1,1],[6,2],[2,2],[4,0],[6,3],[1,0],[2,-2],[-2,-3],[0,-2],[4,0],[2,8],[1,0],[0,-3],[3,1],[3,0],[0,1],[-2,2],[5,0],[2,4],[3,1],[5,1],[5,-1],[1,2],[3,0],[0,2],[-2,1],[1,2],[9,-2],[2,-1],[2,-1],[1,-3],[1,-1],[0,-3],[0,0],[3,1],[1,3],[4,1],[2,2],[4,-3],[2,4],[3,1],[0,3],[0,0],[3,-3],[-2,-4],[3,-2],[4,0],[3,2],[2,4],[2,1],[2,2],[3,-1],[-1,-3],[2,-3],[6,6],[-1,4],[6,1],[3,2],[1,4],[0,4],[-1,4],[1,0],[2,-2],[4,0],[0,1],[-2,3],[3,1],[0,3],[2,-2],[-1,-2],[1,-2],[1,0],[5,3],[14,1],[1,2],[-1,1],[-2,4],[-3,4],[4,-1],[0,2],[2,0],[2,2],[12,-3],[13,-1],[12,8],[0,-3],[2,-2],[2,-1],[4,-1]],[[916,902],[30,19],[-3,4],[-6,-3]],[[937,922],[-4,13]],[[933,935],[30,11],[13,11],[9,7],[-1,2],[3,4],[-3,1],[-2,-3],[-8,2],[-1,3],[3,6],[-8,4],[-3,-7],[-8,0],[1,-4],[0,-4],[-1,0],[0,-8],[-2,-2],[-7,2],[0,14],[-3,6]],[[945,980],[-2,3],[11,10],[19,-5]],[[973,988],[32,-7],[-1,-5],[2,-4],[7,5]],[[1013,977],[2,-6],[0,-6],[3,-4],[58,36]],[[1076,997],[14,0],[10,-9],[5,4],[5,-1],[3,1],[1,3],[24,-1],[-1,-9],[21,-1],[0,-4],[-2,0],[-1,-14]],[[1190,989],[-46,3],[2,28],[26,-2],[0,11],[4,-1],[0,4]],[[1176,1032],[16,-1]],[[1104,1086],[-2,-20],[14,-7],[-3,-12],[-1,-8],[-10,-16],[-28,-17],[-5,0],[1,16],[-17,1],[-3,-1]],[[1050,1022],[-15,0],[-1,4],[0,4],[3,5],[1,7]],[[1038,1042],[8,0],[0,4],[6,0],[2,20],[5,5],[3,0],[2,6]],[[1064,1077],[9,12]],[[1073,1089],[-1,2],[0,5],[-7,6],[-4,11],[0,5],[-5,2],[0,1],[11,9],[1,-1],[10,7],[11,3]],[[1089,1139],[7,2]],[[1096,1141],[1,-7],[1,-11],[0,-6],[8,-1],[-2,-30]],[[1197,1382],[-3,-32],[-3,-11],[-2,-5],[-6,-7],[-27,-31],[-17,-52],[-1,-8],[2,-11],[3,-6],[12,-14],[3,-9],[1,-7],[-2,-10],[-5,-15]],[[1152,1164],[-3,-11]],[[1149,1153],[-18,-52]],[[1131,1101],[-6,-18]],[[1125,1083],[-21,3]],[[1096,1141],[5,1]],[[1101,1142],[-7,34],[-6,15]],[[1088,1191],[-42,104],[-42,78]],[[1050,1022],[-16,-32],[-10,12],[-6,-3],[-2,0]],