{"type":"Topology","transform":{"scale":[0.0008176082946919139,0.0006867146551046969],"translate":[25.360370002000025,-32.37600999599994]},"arcs":[[[1470,535],[-2,2],[22,56],[-3,3],[0,-1],[-6,-4],[-2,-1],[-4,-3],[-1,0],[-2,1],[1,2],[-1,1],[-7,4],[0,2],[3,2],[2,0],[6,4],[5,0],[3,-1],[-12,24],[6,0],[6,-1],[7,5],[13,1],[15,2],[2,31],[-11,4],[6,1],[0,9],[-9,19],[-6,17],[-2,5],[-5,7],[-15,12],[-10,10],[-3,5],[-2,8],[2,3],[3,5],[4,5],[2,6],[4,6],[1,4]],[[1480,790],[11,-5],[3,2],[-1,5],[1,2],[2,3],[0,3],[5,-1],[2,1],[2,0],[0,-2],[1,-1],[4,0],[1,3],[2,-2],[2,0],[5,2],[2,5],[0,4],[2,2],[-2,4],[-1,4],[63,-11],[13,-5],[9,6],[-11,-31],[-10,-8],[8,-9],[10,-18],[-16,-41],[-9,-34],[1,-1],[6,3],[3,-1],[2,-4],[2,-3],[3,-2],[1,0],[2,2],[3,1],[3,-6],[33,-25],[2,-11],[-58,8],[3,-28],[8,-62],[4,-17],[-1,-2],[1,-7],[-3,-2],[-4,0],[0,0],[0,-11],[-2,-2],[-4,-1],[-7,2],[-2,0],[-1,-2],[-2,0],[-1,4],[-5,0],[-3,6],[-2,1],[1,4],[0,1],[1,-1],[0,0],[0,2],[0,3],[5,1],[3,4],[-2,3],[-2,1],[0,2],[-2,2],[-2,6],[-1,2],[-3,-3],[-28,12],[-15,-6],[-45,-6]],[[1470,535],[9,-9],[2,-6],[-7,-12],[0,-30],[-29,-5],[0,-1]],[[1445,472],[-9,-12],[-28,-42],[-32,28],[21,35],[-7,1],[-37,25],[2,-5],[1,-2],[-1,-1],[-6,0],[-3,-3],[-1,1],[0,-2],[-3,-1],[-1,-2],[-2,0],[-1,-4],[-2,-1],[0,1],[-2,-1],[1,-1],[0,-2],[1,0],[0,-4],[1,-1],[-3,-2],[1,-1],[0,-4],[1,-1],[-10,2],[0,0],[-28,9],[-36,-22],[-15,-18]],[[1247,442],[-19,-24],[-30,-20],[13,-20],[13,-9],[-14,-12],[-22,1],[-2,2],[-2,-1],[-13,0],[-7,-10],[-47,-12],[-9,13],[3,28],[2,-1],[3,1],[1,5],[-22,89],[-41,55]],[[1054,527],[18,10],[4,-16],[4,2],[14,5],[2,2],[8,-6],[1,1],[2,1],[0,1],[-4,3],[0,-1],[-1,1],[2,0],[4,6],[2,2],[1,0],[13,5],[21,46],[11,18],[7,8],[3,8],[-1,7],[4,22],[0,28],[-8,44],[-66,15]],[[1095,739],[51,87],[6,7],[2,8],[-1,15],[7,9],[12,3],[8,0],[1,5],[5,5],[-1,2],[4,1]],[[1189,881],[11,-1],[5,6],[12,-4],[9,1],[21,-8],[10,-15],[10,-18],[4,-22],[45,18],[36,-17],[7,-21],[18,14],[16,-19],[11,-14],[24,-15],[13,18],[3,2],[26,8],[10,-4]],[[1445,472],[15,-38],[11,-15],[10,-43],[-11,3],[-1,-1]],[[1469,378],[-54,-4],[-23,20],[-37,-6],[16,-36],[1,-1],[-5,-16],[-7,2],[-6,5],[0,2],[-2,0],[-4,-2],[-3,-1],[-7,-5],[-3,-3],[-3,-5],[1,-4],[0,-4],[-16,-3],[3,-2],[0,-2],[-1,-1],[-1,-2],[-4,-5],[-8,40],[-12,10],[-24,4],[-31,27],[15,55],[-7,1]],[[1054,527],[-11,14],[-36,63],[-46,-7],[-11,68],[-12,10],[-52,35],[2,75],[29,37],[39,-64],[23,-16],[13,-8],[34,-5],[27,36],[42,-26]],[[1469,378],[-5,-8],[-8,-10],[-10,-9],[-8,-17],[6,-16],[17,4],[52,-35],[-1,-2],[-10,-10],[-26,-18],[-4,-25],[-4,-21],[-27,-12],[-1,-1],[-5,0],[-5,0],[-2,1],[-4,4],[-2,0],[-1,-2],[-1,-4],[4,-4],[0,-3],[3,-2],[-1,-2],[0,-2],[3,-2],[0,-4],[1,-1],[2,0],[3,0],[1,0],[0,-1],[-1,-3],[-1,-1],[-1,-1],[1,-4],[4,-3],[4,1],[1,-2],[4,-3],[3,-1],[1,-2],[0,-7],[0,0],[3,0],[1,-1],[-1,-2],[-2,-2],[-1,0],[-2,0],[-1,-1],[-1,-4],[1,-1],[1,-2],[0,-3],[-2,-2],[-4,0],[-1,-1],[0,-2],[0,-2],[1,-1],[1,0],[1,2],[2,-1],[1,-3],[2,-1],[-1,-1],[-2,-1],[-2,-1],[1,-1],[4,-1],[0,-1],[-3,-1],[0,-2],[2,-4],[1,-1],[1,-1],[-2,-1],[0,-2],[-3,1],[-3,2],[-1,4],[-2,2],[-3,0],[-4,6],[-5,1],[-3,-1],[-1,-2],[0,-2],[4,-7],[0,-2],[0,-5],[-1,-3],[1,-2],[2,-1],[0,-2],[0,-1],[0,-1],[-2,-2],[0,-1],[3,-1],[0,-5],[1,-2],[1,-2],[1,1],[1,1],[3,0],[0,-5],[-2,-10],[-33,-22],[-12,-20],[-29,4],[-19,-6],[-34,9],[-6,1],[-2,-2],[-24,-12],[0,0],[-41,10],[-30,-16],[-45,-12],[-91,32],[-60,-21],[20,54],[-8,28],[-2,12],[-6,21],[12,30],[-8,76],[10,53],[7,23],[-80,26],[0,10],[-2,30],[-47,8],[-31,2],[-3,13],[-22,5],[7,16],[4,13],[-36,4],[-4,6],[-12,-5],[-11,6],[-4,-6],[-12,9],[30,22],[-5,2],[-1,2],[0,2],[1,5],[2,2],[0,2],[0,1],[-4,1],[-4,3],[-3,2],[-1,0],[0,-2],[-1,-1],[-5,2],[-2,2],[-6,1],[0,1],[3,6],[0,3],[9,13],[29,31],[-42,-5],[-63,35],[-52,53],[-68,52],[-6,-2],[-19,-15],[-83,33],[4,28],[-34,-6],[-17,28],[13,9],[-14,4],[-19,-11],[-7,-17],[-2,-2],[0,-9],[-1,-2],[-30,-23],[-13,-6],[-23,-2],[-5,2],[-1,2],[0,11],[2,29],[-9,50],[-22,1],[0,9],[-11,20],[-21,-1],[2,11],[-34,14],[-4,40],[0,16],[-14,5],[-10,-10],[-17,9],[-23,0],[-23,11],[-14,21],[-45,-27],[-14,21],[-3,4],[-28,14],[-29,6],[-25,18],[14,20],[25,15],[9,20],[19,4],[48,-15],[31,23],[21,37],[4,2],[3,3],[0,0],[31,38],[-1,1],[-14,36],[-10,18],[-1,2],[-1,37],[35,21],[16,-28],[85,-34],[0,-4],[14,1],[17,4],[-11,19],[-13,19],[-9,10],[-63,25],[0,1],[2,2],[0,4],[1,3],[1,2],[3,2],[2,0],[5,6],[5,-2],[4,2],[3,2],[2,0],[-10,30],[13,8],[34,17],[22,-9],[-3,3],[0,4],[0,1],[1,2],[3,0],[4,3],[2,1],[3,3],[4,2],[2,3],[0,0],[-1,0],[0,1],[3,2],[-1,3],[-1,3],[1,3],[3,4],[0,7],[1,0],[16,-18],[32,5],[18,-25],[21,3],[12,26],[43,13],[0,3],[1,0],[55,-26],[-2,-7],[3,6],[10,-5],[24,8],[17,10],[21,-6],[16,-8],[41,-13],[3,7],[53,-14],[8,18],[23,43],[-5,17],[17,19],[5,42],[-8,68],[19,12],[25,-9],[13,-3],[76,-87],[30,-36],[-21,8],[4,-23],[18,-38],[-7,-22],[-28,-18],[1,-31],[-21,-16],[-3,-5],[0,-3],[2,-4],[3,-1],[-2,-1],[0,-2],[-7,-5],[-3,-2],[-2,-2],[-3,-1],[-4,-3],[3,-25],[0,-31],[9,-36],[9,-10],[24,17],[13,-11],[1,8],[3,-3],[3,5],[26,5],[14,-5],[22,8],[0,9],[35,-1],[30,-6],[33,-32],[5,-6],[50,8],[3,-41],[2,-32],[17,-5],[1,-26],[4,0],[11,-13],[-1,-2],[-12,3],[10,-32],[-9,-17],[-1,-13],[12,-32],[1,-27]]],"objects":{"18":{"type":"GeometryCollection","geometries":[{"arcs":[[0,1]],"type":"Polygon","properties":{"WARD":"21302001","PROVINCE":"Eastern Cape","CAT_B":"EC132","MUNICNAME":"Tsolwana Local Municipality","WARDNO":1,"VOTERS":3326,"Area":171.807995111,"Shape_Leng":0.87789098949,"Shape_Area":0.0163824216063,"ID":749,"POPULATION":7102,"DENSITY":41.33684230126549}},{"arcs":[[-1,2,3,4,5,6,7]],"type":"Polygon","properties":{"WARD":"21302002","PROVINCE":"Eastern Cape","CAT_B":"EC132","MUNICNAME":"Tsolwana Local Municipality","WARDNO":2,"VOTERS":2908,"Area":836.436896383,"Shape_Leng":1.67098370742,"Shape_Area":0.0797827153684,"ID":750,"POPULATION":5642,"DENSITY":6.745278722636069}},{"arcs":[[8,9,-4]],"type":"Polygon","properties":{"WARD":"21302003","PROVINCE":"Eastern Cape","CAT_B":"EC132","MUNICNAME":"Tsolwana Local Municipality","WARDNO":3,"VOTERS":3860,"Area":135.601098369,"Shape_Leng":0.703771775571,"Shape_Area":0.0129542640968,"ID":751,"POPULATION":7629,"DENSITY":56.26060623225806}},{"arcs":[[-6,10]],"type":"Polygon","properties":{"WARD":"21302004","PROVINCE":"Eastern Cape","CAT_B":"EC132","MUNICNAME":"Tsolwana Local Municipality","WARDNO":4,"VOTERS":3552,"Area":259.684494358,"Shape_Leng":0.759763195813,"Shape_Area":0.0247621946253,"ID":752,"POPULATION":6059,"DENSITY":23.33215933812008}},{"arcs":[[-7,-11,-5,-10,11]],"type":"Polygon","properties":{"WARD":"21302005","PROVINCE":"Eastern Cape","CAT_B":"EC132","MUNICNAME":"Tsolwana Local Municipality","WARDNO":5,"VOTERS":3061,"Area":4683.28528323,"Shape_Leng":5.72500810714,"Shape_Area":0.446107088494,"ID":753,"POPULATION":6849,"DENSITY":1.46243493312804}}]}}}