{"type":"Topology","transform":{"scale":[0.0004942974281027751,0.0004297523785714388],"translate":[25.610150003000058,-27.736739995999983]},"arcs":[[[730,1198],[-12,-17]],[[718,1181],[-3,3],[0,1],[-2,3],[-6,20],[18,5]],[[725,1213],[4,-12],[1,-3]],[[715,1177],[3,4]],[[730,1198],[1,-6],[-1,-4],[4,-4],[4,0],[1,-23],[-4,4],[-2,-2],[-10,9],[-3,5],[-4,-3],[-1,3]],[[764,1181],[-3,0],[-2,-1],[-3,4],[2,2],[-9,10],[-2,-3],[-1,1],[-3,-2],[-4,0],[0,8],[12,8],[0,1]],[[751,1209],[3,0]],[[754,1209],[3,-7],[4,0],[1,-1],[0,-3],[1,-1],[0,-2],[1,-1],[0,-6],[2,-2],[0,0],[-2,-1],[0,-1],[0,-3]],[[764,1181],[1,-3],[0,-3],[3,-3],[2,-2],[0,0],[0,-1],[0,-1],[-1,-1],[1,-3],[2,-5],[1,-2],[0,0],[1,-2],[-1,-2],[1,-3],[-2,-3],[-2,0],[0,-1],[1,-2],[-1,-3],[0,0],[1,-4],[3,-2],[0,-2],[1,-6],[-99,0],[39,50]],[[730,1198],[5,7],[2,5],[3,-1],[6,4],[5,1],[0,-5]],[[165,1850],[117,-70],[-21,-44],[0,-20],[-12,-23],[12,-6],[17,-7],[11,-72],[35,-12],[50,-18],[63,-22],[105,32],[35,12],[28,0],[81,10],[4,-33],[27,-118],[-6,-24],[72,-14],[3,0],[2,1],[1,0],[0,-3],[3,-3],[0,-2],[0,-1],[-2,-1],[0,-2],[0,-4],[-2,-6],[0,-1],[-3,-3],[0,-4],[0,-1],[-2,0],[0,-4],[-2,-1],[0,-1],[0,-3],[0,-1],[1,1],[1,-1],[1,-8],[0,-1],[-1,-1],[0,-3],[1,-2],[-1,-3],[0,-5],[-1,-2],[-1,-1],[-1,-4],[-1,-1],[0,-1],[0,-1],[1,0],[0,-1],[1,0],[-1,-2],[1,-3],[-1,-1],[0,-2],[0,0],[-1,0],[-3,0],[-3,-3],[-3,-5],[0,0],[-2,-1],[0,-2],[-2,0],[-2,-2],[0,-1],[0,-3],[-1,-1],[2,-2],[0,-1],[-1,-1],[0,0],[1,0],[0,-1],[1,-1],[-1,-3],[-1,-2],[1,-2],[-1,-6],[4,-2],[-1,-3],[3,-4],[9,-22],[12,-2],[-2,-2],[0,-17],[10,0],[10,-41],[1,-3]],[[810,1206],[-53,8],[0,-4],[-3,0],[0,-1]],[[725,1213],[-4,13],[-1,3],[2,5],[-7,13],[-3,-4],[-1,-2],[-18,-11],[-28,-8],[-9,56],[-92,-17],[-1,26],[-83,-9],[-7,72],[-56,-18],[21,-56],[-82,-36],[-23,-11],[-5,-2]],[[328,1227],[-40,-8],[-6,-2],[-97,-22],[-8,27],[-35,115],[-74,-23],[8,-20],[-13,-7],[-14,-6],[-12,24],[-37,-1],[13,78],[14,12],[14,12],[42,35],[21,18],[52,27],[-8,57],[-53,93],[-18,35],[-32,70],[25,9],[-15,31],[18,23],[39,-3],[0,-10],[25,-2],[28,61]],[[1720,1186],[-139,-52],[-2,-10],[9,-10],[-8,4],[-4,-18],[-7,-28],[-31,36],[-3,3],[-26,-14],[-15,-4],[11,-68],[-141,-29],[-9,52],[-13,5],[-8,5],[17,10],[-7,43],[-68,-38],[-14,74],[-5,6],[-11,-4],[-9,15],[10,3],[0,0],[-1,1],[1,0],[19,18],[3,0],[3,0],[25,-15],[26,17]],[[1323,1188],[19,14],[-4,10],[-1,-1],[-3,-2],[-2,4]],[[1332,1213],[2,1],[18,17],[10,-15],[9,6],[-41,108],[84,25],[28,11],[-5,8],[9,4],[3,-10],[29,11],[48,40]],[[1526,1419],[32,-77],[-16,-10],[9,-20],[16,9],[12,-28],[59,23],[1,-3],[1,-2],[5,-6],[2,-4],[4,-14],[2,-4],[3,-2],[6,-5],[2,-4],[4,-12],[0,-12],[1,-6],[1,-5],[4,-9],[0,-2],[1,-1],[2,-3],[9,-13],[5,-4],[6,-3],[7,-3],[5,-4],[11,-9]],[[1323,1188],[-3,3],[-1,1],[-6,0],[-1,0],[0,3],[-1,0],[-2,1],[-1,1],[9,4],[-1,4],[16,8]],[[1720,1186],[11,-11],[3,-5],[7,-11],[7,-8],[5,-6],[5,-4],[12,-6],[3,-2],[2,-2],[3,0],[9,-14],[5,-12],[2,-7],[1,-7],[0,-5],[0,-2],[-2,-7],[-7,-12],[-5,-8],[-2,0],[-1,-2],[-1,-7],[0,-5],[0,-7],[-1,-11],[11,-23],[1,-5],[0,-14],[0,-8],[-1,-3],[-2,-2],[-11,-7],[-4,-2],[-2,-1],[-5,1],[-3,3],[-2,2],[0,3],[0,3],[8,8],[4,5],[0,2],[1,3],[-1,5],[-2,3],[-2,2],[-3,1],[-4,0],[-3,-1],[-5,-3],[-2,-5],[-2,-4],[-6,-4],[-2,-3],[-7,-8],[-6,-7],[-5,-4],[-5,-7],[-3,-7],[-2,-7],[1,-7],[-2,-5],[-5,-6],[-4,-4],[-4,-2],[-4,-3],[-1,-3],[-1,-4],[0,-4],[1,-1],[1,-5],[5,-5],[7,-7],[13,-16],[5,-6],[5,-2],[2,-2],[6,-4],[5,-1],[4,-1],[4,-2],[3,-2],[8,-8],[6,-8],[3,-3],[3,0],[10,1],[7,1],[6,0],[4,-1],[1,-1],[14,-4],[8,-4],[4,-3],[2,-1],[1,-4],[-1,-8],[-2,-7],[-5,-7],[-4,-4],[-3,-1],[-3,0],[-7,3],[-5,2],[-4,2],[-25,5],[-11,1],[-11,1],[-12,3],[-3,1],[-14,9],[-2,1],[-7,2],[-3,0],[-4,0],[-7,-2],[-7,-4],[-2,-3],[-3,-5],[-4,-5],[-11,-12],[-6,-5],[-6,-5],[-7,-6],[-3,-2],[-2,0],[-5,2],[-4,4],[-5,3],[-18,7],[-14,6],[-13,8],[-12,10],[-3,1],[-4,0],[-9,2],[-8,3],[-8,7],[-2,0],[-5,-1],[-2,-1],[-6,-7],[-7,-3],[-5,0],[-2,0],[-7,3],[-4,3],[-4,1],[-8,2],[-3,-1],[-3,-1],[-8,-8],[-2,-3],[-3,-5],[-2,-10],[-2,-3],[-2,-3],[-10,-9],[-2,-1],[-2,-4],[-1,-3],[-1,-4],[1,-7],[2,-11],[0,-8],[-1,-6],[0,-3],[-1,-6],[-1,-6],[-3,-7],[-2,-2],[-2,-1],[-4,0],[-7,3],[-1,1],[-3,5],[-1,7],[-3,9],[-4,7],[-3,3],[-3,1],[-7,-1],[-7,3],[-11,3],[-4,0],[-3,-1],[-4,-1],[-1,-3],[-2,-4],[-4,-5],[-2,-1],[-7,2],[-14,0],[-4,3],[-3,3],[-6,4],[-4,2],[-4,0],[-4,-2],[-7,-7],[-7,-11],[-5,-8],[-3,-3],[-1,-1],[-4,0],[-5,0],[-6,0],[-4,-2],[-2,-3],[-3,-5],[-2,-4],[-3,-11],[-3,-14],[-5,-18],[-6,-8],[-15,-28],[-2,-3],[-4,-4],[-1,-2],[-1,-5],[1,-3],[1,-14],[19,-24],[2,-3],[0,-1],[0,-5],[-1,-7],[-2,-23],[0,-3],[-1,-2],[-5,-3],[-9,-2],[-17,-3],[-16,0],[-8,-2],[-3,-2],[-3,-2],[-8,-11],[-7,-8],[-2,-1],[0,-2],[-3,-2],[-2,-3],[-4,-4],[-8,-2],[-13,-3],[-8,-3],[-3,-2],[-4,-5],[-5,-18],[-5,-13],[-9,-13],[-7,-13],[-4,-3],[-3,-1],[-2,0],[-12,4],[-2,2],[-5,8],[-3,2],[-1,0],[-4,0],[-7,-2],[-10,-9],[-7,-6],[-4,-5],[-1,-3],[-1,-5],[-1,-5],[0,-4],[1,-3],[1,-1],[3,-6],[0,-5],[-3,-4],[-3,-4],[-4,-7],[-4,-6],[-3,-4],[-6,-4],[-7,-4],[-8,-1],[-11,0],[-7,1],[-15,2],[-7,0],[-2,-1]],[[961,331],[-5,5],[0,6],[2,5],[0,2],[-2,9],[0,2],[1,6],[-1,2],[0,3],[-2,2],[-2,7],[0,3],[0,7],[-1,3],[-1,1],[-4,3],[-1,1],[1,5],[0,2],[-2,3],[0,1],[3,0],[1,1],[-3,4],[-4,0],[-2,1],[1,1],[2,3],[-1,2],[1,2],[-1,1],[1,1],[1,3],[-1,1],[-3,4],[-1,1],[-1,1],[0,1],[2,4],[1,2],[-2,1],[-1,3],[4,7],[1,0],[0,2],[2,0],[0,-1],[1,0],[7,0],[2,4],[2,0],[-1,2],[-1,3],[-1,3],[-1,2],[-2,0],[-1,1],[-2,1],[0,1],[1,0],[4,1],[-31,10],[-6,16],[-29,-38],[-43,110],[30,10],[-3,23],[-36,-9],[-8,26],[-21,-4],[-12,150],[-7,18],[-26,29],[-43,3],[-9,39],[-16,67]],[[692,922],[44,19],[9,-3],[25,21]],[[770,959],[1,-3],[7,4],[-1,1],[11,5],[0,-1],[3,2],[16,7],[-1,2],[2,1],[6,1],[13,0],[3,1],[51,25],[57,19],[-1,2],[-3,3],[6,8],[4,5],[16,23],[-1,5],[1,3],[-1,6],[6,5],[31,30],[-27,18],[-83,64]],[[886,1195],[-76,11]],[[165,1850],[143,62],[96,32],[47,-81],[123,88],[-6,54],[46,-74],[147,74],[36,46],[17,-12],[-3,-5],[16,-10],[10,17],[10,-4],[1,6],[14,-6],[12,38],[12,-1],[1,14],[8,4],[7,8],[25,-71],[17,6],[31,-55],[40,-1],[14,-5],[22,45],[20,-15],[103,-76],[-61,-104],[-42,-57],[16,-48],[53,34],[-5,8],[54,35],[64,-11],[19,-30],[2,-6],[13,-28],[4,-8],[3,-6],[41,-88],[63,24],[41,-93],[87,-131]],[[770,959],[-12,7],[-2,-2],[-3,-2],[-4,-1],[1,-1],[-3,-1],[2,-3],[-5,-2],[1,-3],[-2,-1],[-2,0],[-7,15],[10,10],[-4,3],[-53,-26],[-10,-4]],[[677,948],[-51,85],[47,19],[37,17],[31,14],[26,13],[21,10],[5,2],[38,33],[55,54]],[[677,948],[15,-26]],[[961,331],[-1,-1],[-1,-2],[-1,-2],[0,-3],[-3,-13],[-13,-30],[-2,-6],[0,-3],[1,-3],[7,-15],[0,-2],[5,-9],[9,-24],[2,-6],[-1,-6],[-1,-2],[-3,-2],[-3,-4],[-6,-4],[-15,-6],[-11,-6],[-6,-4],[-15,-13],[-3,-5],[-1,-3],[1,-2],[6,-6],[8,-9],[9,-8],[3,-2],[4,-1],[14,-1],[2,-1],[8,0],[12,0],[7,1],[3,-1],[3,-3],[1,-3],[1,-5],[0,-7],[-1,-4],[-2,-5],[-3,-7],[-13,-10],[-10,-12],[-15,-16],[-5,-4],[-9,-8],[-8,-6],[-4,-2],[-10,-3],[-16,-6],[-9,-7],[-13,-17],[-3,-2],[-1,0],[-4,0],[-13,5],[-3,2],[-2,2],[-5,9],[-2,3],[-15,12],[-12,18],[-8,16],[-1,3],[0,3],[1,7],[2,4],[5,7],[4,7],[3,7],[1,4],[0,3],[-2,13],[-2,7],[-2,6],[0,12],[2,6],[0,6],[0,9],[-1,7],[-6,19],[-6,7],[-3,3],[-11,10],[-2,2],[-4,3],[-5,3],[-9,1],[-5,1],[-2,2],[-3,3],[-1,2],[0,6],[3,6],[2,4],[-1,4],[-1,1],[-4,2],[-23,3],[-5,-4],[-7,-3],[-3,-1],[-10,-3],[-9,-6],[-5,-2],[-3,1],[-3,3],[0,8],[-4,15],[-3,7],[-4,9],[-9,12],[-8,7],[-9,6],[-3,1],[-3,0],[-6,-1],[-12,-4],[-5,-4],[-4,-5],[-3,-2],[-18,3],[-4,0],[-4,-1],[-2,-1],[-1,-1],[-1,-3],[0,-7],[3,-6],[4,-9],[0,-3],[-7,-5],[-8,-4],[-31,-4],[-6,0],[-20,6],[-9,4],[-11,6],[-3,6],[-3,7],[-6,9],[-2,4],[-5,13],[1,9],[5,9],[1,3],[-1,3],[-1,4],[-2,5],[-3,5],[-6,8],[-6,8],[-5,6],[-4,26],[-1,1],[-1,1],[-4,1],[10,126],[-115,-37],[-50,-15],[1,5],[-14,64],[-8,43],[-10,5],[0,6],[1,29],[31,13],[103,40],[-16,129],[-58,-8],[-38,14],[-17,5],[-40,16],[-39,10],[116,27],[3,-10],[129,11],[-38,168],[-57,83],[-11,106]]],"objects":{"181":{"type":"GeometryCollection","geometries":[{"arcs":[[0,1,2]],"type":"Polygon","properties":{"WARD":"64004001","PROVINCE":"North West","CAT_B":"NW404","MUNICNAME":"Maquassi Hills Local Municipality",