{"type":"Topology","transform":{"scale":[0.00037838731006460224,0.00035791518537328567],"translate":[16.99256999800002,-30.09503000099994]},"arcs":[[[2368,158],[-2,19],[-1,6],[-1,1],[-16,21],[-1,6],[0,3],[2,14],[-1,2],[-7,15],[-6,20],[0,5],[1,23],[1,2],[2,2],[59,42],[3,3],[4,6],[2,8],[1,4],[0,6],[-2,5],[-5,8],[-6,23],[-2,6],[-25,56],[-3,5],[-25,34],[-3,4],[-3,8],[-3,15],[-3,28],[1,4],[3,8],[4,9],[4,8],[1,3],[2,8],[-1,4],[-5,12],[-13,48],[-1,4],[-3,5],[-46,45],[-1,1],[0,2],[-4,43],[-2,4],[-2,4],[-5,5],[-5,6],[-4,6],[-3,7],[-24,76],[-2,18],[0,13],[1,6],[3,6],[34,52],[12,22],[6,9],[102,94],[4,5]],[[2384,1095],[4,-1],[73,24],[1,3],[4,3],[7,2],[2,2],[0,2],[39,11],[8,1],[15,1],[4,0],[13,4],[23,8],[47,10],[1,2],[8,7],[9,6],[7,7],[5,6],[4,2],[-10,59],[-11,68],[0,147],[-49,-7],[-67,-4],[-29,3]],[[2492,1461],[2,4],[1,4],[-3,6],[-1,5],[-3,3],[-4,5],[-3,1],[-6,1],[-5,0],[-5,2],[-5,-3],[-26,-10],[0,4],[-1,4],[-2,2],[0,4],[-2,2],[0,12],[-1,3],[-1,3],[-4,4],[-1,2],[0,2],[0,1],[-3,4],[-1,3],[-1,1],[-2,3],[-2,2],[-1,0],[-1,1],[-2,4],[-5,2],[-1,2],[-1,2],[-1,4],[-1,0],[-2,3],[1,1],[0,1],[-2,7],[-5,1],[-1,2],[-1,1],[-2,1],[-3,2],[-4,1],[-2,3],[-3,3],[-1,2],[0,3],[1,4],[-1,2],[0,1],[-2,0],[-2,-1],[-3,-2],[-1,0],[-4,2],[-3,5],[-1,2],[-5,3],[0,3],[-1,1],[-2,-1],[-4,-3],[-1,0],[-3,2],[0,3],[-1,2],[-2,1],[-1,0],[-2,-2],[-2,-1],[-3,2],[-1,-1],[-3,-1],[-1,0],[-2,0],[-1,0],[1,-3],[-1,-1],[-1,-1],[-4,0],[-4,-2],[-8,-1],[-3,1],[-1,0],[-2,7],[0,0],[-9,0],[-3,13],[-2,5],[-5,6],[-13,10],[-6,6],[-23,39],[-9,17],[-1,4],[0,4],[6,91],[2,15],[0,3],[0,3],[-2,3],[-3,4],[-30,31],[-5,6],[-12,21]],[[2186,1883],[-11,21],[-83,172]],[[2092,2076],[90,19],[84,21],[227,68],[147,65],[247,63],[13,114],[17,194],[157,235],[311,9],[42,259],[-8,108],[-24,160]],[[3395,3391],[5,-1],[13,-1],[5,-1],[9,-2],[10,-2],[5,-1],[4,0],[11,-1],[8,0],[19,2],[11,2],[14,0],[7,1],[7,-1],[12,2],[7,-1],[10,-3],[1,0],[2,2],[3,2],[5,0],[5,2],[3,0],[5,2],[6,0],[6,1],[3,-1],[3,-1],[5,-5],[4,-3],[7,-7],[5,-9],[4,-4],[3,-1],[6,-2],[4,-3],[17,-2],[24,-3],[23,-4],[4,0],[5,-1],[6,0],[10,0],[13,2],[6,-2],[2,-2],[8,-2],[13,-5],[5,-1],[7,-1],[7,1],[14,4],[3,1],[3,1],[7,2],[7,2],[2,1],[5,-1],[6,2],[5,2],[4,2],[10,3],[14,6],[3,2],[11,11],[7,4],[5,2],[9,2],[10,3],[6,-1],[8,1],[5,-1],[6,-1],[3,1],[5,0],[1,-1],[5,-4],[13,-6],[3,0],[5,1],[3,-2],[2,-1],[7,-3],[20,-4],[4,0],[13,3],[28,-52],[54,-149],[-1,-2],[20,-2],[49,-2],[99,-1],[35,-151],[-57,-185],[-7,-151],[17,-29],[109,-194],[-29,-380],[50,-189],[151,37],[107,-27],[-31,-207],[36,6],[69,18],[15,-151],[-32,-157],[-31,-60],[-83,-162],[90,-6],[100,-237],[5,-35],[20,-164],[-219,-91],[-201,7],[-21,0],[-95,4],[-116,-92],[-180,-70],[-276,-31],[-58,-15],[-90,109],[-302,-43],[-2,0],[-28,-246],[-118,-27],[-35,-9],[-14,-3],[-45,-10],[-214,-87],[-16,-5],[-78,-24],[-29,-22],[-2,1],[-14,7],[-54,26],[-38,70],[-186,-27]],[[2092,2076],[-85,177],[-20,37],[63,17],[-19,25],[0,3],[1,3],[0,3],[-2,2],[0,1],[1,3],[1,3],[2,3],[-1,6],[1,3],[1,1],[0,2],[3,3],[0,2],[2,2],[1,1],[0,1],[-1,3],[-2,2],[1,2],[-2,3],[-1,1],[-4,4],[-1,2],[0,7],[-1,2],[-3,2],[-7,2],[-3,1],[-36,-57],[-3,-7],[-5,-16],[-6,1],[0,-2],[-2,0],[0,3],[2,1],[-4,8],[-3,-2],[-1,-2],[0,-8],[1,-3],[-3,-1],[-4,2],[-1,-3],[-6,2],[-4,1],[0,-2],[-1,0],[0,2],[0,1],[-3,0],[-2,1],[-1,1],[0,1],[-1,0],[-6,0],[-1,1],[0,2],[0,2],[2,2],[3,3],[4,2],[1,1],[1,3],[0,5],[-1,5],[1,1],[2,1],[2,1],[2,4],[-10,6],[-16,7],[-8,4],[-7,5],[-3,4],[-10,10],[-18,22],[-6,4],[-5,2],[-6,0],[-15,-3],[-9,-1],[-4,0],[-3,1],[-23,5],[-19,5],[-58,19],[-9,3],[-27,15],[-6,3],[-6,5],[-2,1],[-2,0],[-2,-1],[-2,-2],[-3,-5],[-11,-6],[-1,-4],[-1,-4],[-1,-2],[-14,-8],[-5,-6],[-2,-3],[-2,-2],[-1,-2],[-1,-2],[-3,-1],[-4,0],[-1,-1],[-1,-3],[0,-6],[-2,-2],[-4,-2],[-2,-1],[-1,-2],[-1,-14],[0,-2],[-10,-17],[-3,-3],[-3,-3],[-3,-1],[-5,-1],[-190,-31]],[[1393,2339],[-13,53],[-2,8],[-81,334],[-60,248],[-9,276],[13,208],[-299,168],[184,202],[6,-3],[6,0],[11,2],[3,1],[4,1],[3,1],[3,2],[8,8],[9,7],[4,5],[3,2],[2,1],[10,3],[7,3],[6,2],[8,4],[2,2],[4,3],[2,0],[6,4],[5,6],[4,2],[3,0],[2,0],[5,-3],[5,-1],[4,-2],[5,-3],[2,0],[4,2],[7,7],[4,4],[4,6],[9,6],[4,3],[6,1],[11,4],[7,2],[8,-1],[6,-2],[3,-2],[16,-3],[2,-1],[5,-1],[3,-1],[8,-1],[5,-1],[5,-1],[3,-1],[6,-1],[10,-3],[13,-2],[9,0],[19,-3],[7,1],[6,1],[9,4],[7,4],[5,4],[3,3],[1,1],[0,4],[0,4],[0,4],[0,1],[5,4],[8,4],[5,2],[12,1],[8,2],[10,-2],[6,-3],[4,-1],[4,-2],[8,-2],[5,0],[8,2],[6,0],[6,-1],[6,-3],[8,-5],[2,-2],[8,-6],[2,-2],[3,-8],[4,-4],[1,-2],[3,-5],[4,-6],[2,-10],[1,-2],[8,-10],[1,-1],[1,-2],[0,-6],[1,-4],[-3,-6],[0,-3],[1,-2],[2,-2],[3,-3],[2,-3],[1,-11],[-2,-14],[-3,-13],[-2,-10],[-2,-3],[-1,-6],[-1,-4],[1,-4],[2,-10],[2,-1],[4,-9],[4,-4],[4,-9],[2,-4],[3,-5],[3,-4],[2,-3],[3,-1],[3,-1],[3,1],[1,0],[0,3],[-2,1],[0,1],[8,-1],[11,-5],[5,-5],[6,-4],[7,-2],[5,-2],[4,-2],[5,-1],[7,-4],[3,-2],[4,-2],[6,-1],[6,0],[8,2],[10,2],[5,1],[7,-1],[10,1],[7,3],[4,1],[8,5],[3,1],[4,2],[8,4],[9,6],[8,8],[3,5],[1,3],[2,4],[3,6],[10,13],[7,6],[2,1],[4,4],[7,1],[4,1],[7,3],[7,0],[10,-3],[10,-7],[3,-5],[2,-1],[1,-5],[6,-8],[3,-5],[4,-4],[4,-5],[1,-1],[2,-1],[9,-1],[4,2],[6,1],[6,4],[5,6],[9,23],[2,3],[2,6],[2,2],[3,5],[2,2],[8,3],[7,1],[1,1],[4,0],[4,-2],[7,-4],[4,-4],[6,-2],[5,-5],[5,-5],[3,-4],[5,-3],[4,-4],[10,-7],[11,-5],[13,-3],[4,-2],[4,0],[10,3],[6,0],[7,3],[18,1],[9,1],[7,1],[3,0],[13,0],[2,0],[3,0],[12,-2],[10,0],[1,0],[2,-2],[2,-1],[4,-5],[9,-6],[3,-2],[8,1],[11,-1],[5,-1],[11,1],[10,-2],[10,-2],[12,-2],[4,0],[4,2],[8,1],[5,-1],[6,-1],[6,-1],[3,1],[3,0],[5,-1],[2,-1],[3,-1],[5,0],[9,1],[6,-1],[16,-4],[4,0],[8,-2],[8,-3],[12,-3],[7,-3],[15,-8],[1,-1],[2,2],[2,3],[4,5],[1,3],[3,4],[2,3],[2,2],[6,1],[5,1],[11,-4],[4,-3],[8,-9],[3,-4],[2,-4],[2,-5],[1,-3],[3,-4],[3,-9],[2,-2],[1,-7],[0,-5],[3,-3],[4,-4],[8,-3],[11,-2],[7,1],[13,4],[4,2],[9,4],[5,2],[6,1],[5,-1],[2,0],[3,-1],[6,-4],[9,-8],[4,-3],[5,-2],[7,-8],[4,-5],[2,-6],[3,-6],[1,-3],[2,-3],[2,-3],[2,-2],[4,-7],[4,-2],[3,-1],[5,2],[2,2],[2,0],[3,-1],[4,-2],[2,-3],[5,-3],[3,-3],[8,-12],[2,-2],[1,-2],[2,-1],[0,-3],[4,-2],[6,-1],[7,-7],[2,-4],[2,-2],[3,-3],[4,-2],[3,-5],[3,-3],[0,-6],[-2,-4],[0,-8],[2,-3],[6,-10],[4,-3],[3,-3],[2,-1],[3,-4],[6,-3],[1,2],[1,0],[5,-2],[6,-6],[4,-8],[4,-4],[2,-4],[5,-11],[4,-9],[1,-4],[5,-8],[4,-4],[9,-8],[6,-8],[2,-2],[2,-4],[4,-4],[3,-2],[8,-3],[10,-3],[11,0],[4,1],[16,5],[5,3],[4,2],[5,1],[9,3],[8,4],[6,1],[7,-2],[10,-3],[8,-5],[12,-2],[7,-4],[6,-2],[4,-2],[4,-3],[9,-9],[7,-6],[4,-3],[6,-5],[7,-4],[2,-2],[10,-6],[7,-5],[4,-1],[5,-3],[6,-2],[2,-1],[6,-2],[11,0],[11,3],[5,1],[2,1],[5,1],[5,2],[5,1],[10,-2],[8,-4],[4,-3],[9,-2],[2,-1],[8,-2],[2,-2],[7,-2],[2,-2],[4,-2],[5,-5],[8,-1],[5,-3],[3,-3],[5,-5],[4,-8],[5,-7],[11,-9],[4,-2],[5,-1],[7,0],[5,1],[3,2],[6,5],[11,7],[5,4],[2,2],[5,4],[3,2],[5,4],[1,3],[11,10],[2,3],[2,4],[3,3],[5,4],[5,3],[5,1],[13,0],[3,-1],[3,-1],[10,-3],[9,-1],[8,-1],[8,-2],[9,0],[7,-1],[4,1],[6,1],[4,2],[3,3],[7,12],[1,3],[2,4],[1,8],[1,6],[2,4],[4,4],[2,1],[5,1],[12,1],[14,-2],[10,-4]],[[2186,1883],[-20,-57],[-90,-144],[-5,-33],[-1,-17]],[[2070,1632],[-87,-22],[11,29],[-328,-32],[-77,0],[-13,44]],[[1576,1651],[-19,138],[-44,158]],[[1513,1947],[1,1],[-19,39],[-45,129],[-2,0],[-37,153],[-18,70]],[[2384,1095],[-71,24],[-10,51],[31,9],[-11,31],[6,2],[11,7]],[[2340,1219],[25,13],[-3,2],[-1,-1],[-3,2],[-2,-1],[-1,2],[0,1],[0,4],[0,1],[-3,0],[-1,1],[1,0],[7,9],[4,-6],[4,1],[0,1],[1,0],[3,0],[0,1],[2,0],[0,3],[-2,0],[0,3],[4,2],[-1,1],[0,0],[-1,3],[1,0],[0,1],[4,1],[2,-1],[2,-1],[1,0],[0,1],[2,0],[2,4],[3,0],[3,-8],[1,1],[1,1],[2,2],[2,0],[1,5],[0,1],[2,0],[1,0],[0,3],[4,0],[1,1],[1,3],[4,3],[2,2],[3,2],[1,3],[1,0],[2,0],[5,0],[5,1],[4,2],[2,2],[1,2],[-8,13],[0,4],[-1,4],[-2,3],[-2,6],[-6,2],[1,2],[0,2],[-1,4],[-5,3],[-2,2],[0,2],[1,6],[-1,3],[1,4],[5,6],[0,3],[-4,4],[0,4],[-2,2],[0,3]],[[2413,1374],[79,5],[-20,84],[20,-2]],[[2340,1219],[-2,4],[-1,1],[-1,-1],[-1,1],[-1,0],[-1,2],[0,0],[-1,0],[-4,3],[0,1],[-1,0],[0,3],[-3,3],[0,3],[-2,0],[-1,2],[-2,0],[0,4],[2,3],[-4,9],[3,1],[3,1],[-11,39]],[[2312,1298],[37,52],[1,2],[8,0],[0,-6],[8,-7],[3,-9],[9,0],[8,20],[0,2],[-4,10],[2,