{"type":"Topology","transform":{"scale":[0.0010857327957998074,0.0010352344020235905],"translate":[18.875390009000057,-32.67323999799993]},"arcs":[[[848,1222],[0,-4],[-5,-11],[0,-2],[2,-1],[1,0],[0,0],[0,-1],[1,0],[1,-1],[1,0],[1,0],[1,-2],[1,0],[0,-1],[1,0],[0,-3],[2,-2],[-1,0],[1,-1],[0,-1],[-1,0],[0,-1],[1,-1],[-1,0],[0,-2],[1,-1],[-1,-1],[-1,-2],[0,-1],[0,-1],[0,0],[0,-4],[0,-1],[1,-2],[0,-2],[2,-1],[0,0],[0,0],[0,-1],[-1,-2],[1,-1],[-1,-1],[1,-1],[-1,-1],[-10,1],[-2,-2],[0,-1],[-1,-1],[-1,0],[0,0],[-1,-1],[-1,-1],[-4,-3]],[[835,1157],[-2,0],[0,3],[-1,-1],[-2,0],[0,2],[0,7],[-4,-1],[-1,1],[0,2],[-3,0],[0,-1],[-4,0],[0,2],[-1,0],[0,2],[-3,0],[-1,0],[1,1],[-5,0],[1,-2],[-1,-1],[-1,-1],[2,-1],[0,0],[-1,-2],[1,-2],[-4,0],[-8,-1]],[[798,1164],[-19,-3]],[[779,1161],[-2,4],[18,5],[9,18],[13,26],[-1,1],[-1,1],[-1,1],[-1,0],[-2,1],[-1,0],[-1,2],[-1,2],[0,1],[-1,1],[-3,1],[8,2],[-1,0],[-1,1]],[[810,1228],[17,3]],[[827,1231],[12,3],[1,-2],[2,-3],[1,-5],[0,-3],[2,0],[1,0],[2,1],[0,0]],[[835,1157],[0,-1],[-1,-2],[-3,-1],[-2,0],[-4,0],[-2,0],[-1,2],[-1,1],[0,0],[0,1],[0,1],[-1,0],[-1,0],[-1,1],[-1,1],[-2,-1],[-2,0],[-2,0],[0,0],[0,-1],[0,0],[-1,-1],[0,4],[-7,1],[-3,-2],[0,2],[-1,1],[-1,1]],[[1539,1296],[-37,1],[-59,-5],[-40,-12],[-14,-7],[-92,39],[-44,-1],[-48,-36],[-99,-45],[-20,-14],[-54,-11],[-17,-3],[-11,12],[-21,-22],[-13,-9],[-12,2],[-4,-7],[-1,1],[0,1],[-1,0],[1,1],[-1,0],[0,0],[0,1],[0,0],[0,1],[0,1],[0,0],[-1,-1],[-1,0],[-1,0],[0,-1],[-1,0],[-1,0],[0,0],[-2,-1],[-1,-1],[-2,0],[-1,0],[-1,1],[-2,0],[-1,1],[-1,0],[-1,1],[-1,0],[-1,1],[-1,1],[0,1],[-4,3],[-1,1],[-1,0],[-1,1],[-2,1],[-1,0],[-2,2],[-1,1],[0,0],[-1,1],[-3,1],[-1,1],[-2,1],[-2,0],[-1,0],[0,1],[-2,-1],[-2,0],[-1,0],[-1,0],[-5,1],[-1,0],[0,3],[-1,2],[-2,1],[-1,1],[0,1],[-1,1],[-2,1],[-4,3],[-3,2],[-5,2],[-2,0],[-5,-1],[-2,-1],[-4,2],[-7,2],[-5,2],[-5,1]],[[827,1231],[-17,-3]],[[810,1228],[-3,0]],[[807,1228],[-12,3],[-2,1],[-3,0],[-2,0],[1,3],[2,2],[0,6],[-4,3],[-1,0],[9,15],[4,-18],[19,19],[3,11],[9,10],[-24,58],[6,23],[-10,21],[-2,14],[-12,43],[-7,3],[-6,27],[-1,3],[3,25],[3,2],[6,20],[3,35],[0,2],[-1,10],[-21,24],[45,24],[16,6],[3,1],[3,-7],[4,-8],[2,5],[6,49],[13,16],[30,10],[90,5],[-5,71],[9,83],[47,-42],[30,-28],[16,40],[19,95],[-13,4],[-24,15],[-15,11],[-11,35],[-67,-7],[-40,15],[7,69],[-29,17],[-45,92],[-48,38]],[[810,2202],[44,8],[1,0],[16,7],[28,14],[11,10],[10,10],[63,31],[3,0],[70,-3],[-18,33],[17,31],[5,9],[0,0],[1,0],[-31,47],[8,38],[-20,64],[74,45],[14,9],[-23,60],[57,20],[1,0],[-61,82],[26,15],[26,16],[0,0],[0,0],[40,40],[25,22],[-5,31],[-12,77],[108,9],[103,38],[47,-12],[77,-99],[68,81],[29,14],[33,-22],[-15,-72],[-8,-33],[-5,-60],[-4,-48],[41,-61],[34,-57],[17,-5],[26,8],[64,30],[-18,9],[-1,0],[0,0],[26,56],[0,1],[24,24],[37,8],[58,52],[25,16],[45,30],[70,50],[57,43],[19,15],[32,-17],[42,-32],[-4,-47],[-108,-132],[83,-56],[4,-3],[14,-12],[38,-33],[-58,-57],[-71,-44],[-12,-103],[9,2],[45,10],[45,-24],[-102,-3],[-5,-47],[-15,-10],[-46,-34],[-53,0],[-38,-11],[-1,-3],[-79,-28],[-36,1],[-33,16],[-47,27],[-6,3],[-29,-3],[-60,12],[-75,39],[-2,-44],[-17,-72],[-27,-39],[-11,-34],[13,-10],[-18,-22],[0,-1],[-13,-21],[0,-2],[-20,-6],[-23,-22],[-9,-10],[11,-50],[22,-28],[-22,-41],[-9,-53],[-5,-6],[-26,-33],[-26,-55],[54,-63],[-1,0],[-2,-3],[-1,0],[-16,-14],[36,-1],[-64,-56],[-14,-50],[0,0],[0,0],[1,-5],[3,-13],[-12,-14],[-14,-48],[35,-61],[7,4],[6,-34],[18,7],[35,2],[80,-24],[1,-1],[1,-1],[2,4],[2,1],[5,2],[27,4],[35,4],[4,-5],[-48,-32],[-25,-9],[37,-73],[-42,-20]],[[1539,1296],[7,-24],[7,-33],[19,1],[-3,-25],[-47,-9],[23,-31],[5,-18],[5,-18],[28,-12],[3,-1],[25,-12],[-13,-16],[-6,-9],[-18,-27],[-25,-30],[49,-51],[-28,-40],[-16,-23],[19,-10],[18,-21],[17,-10],[7,-20],[18,-56],[-82,-8],[-77,11],[-1,18],[0,16],[-37,1],[-58,-17],[-37,-20],[-13,-20],[21,-32],[-12,-7],[-24,-46],[-9,-17],[4,-7],[-8,-28],[-6,-7],[28,-19],[-31,-50],[-28,-6],[-18,2],[-24,0],[-11,1],[-8,-26],[-7,22],[-7,4],[-3,-55],[-15,-24],[-7,-11],[11,-6],[2,0],[-1,-1],[-10,-3],[-4,-1],[-6,-6],[-6,-5],[-4,-4],[-3,-4],[-1,-2],[-3,-11],[-2,-5],[-1,-3],[-3,-3],[-2,-3],[-2,-3],[-2,-4],[-1,-3],[-11,2],[-29,-4],[-13,-42],[-1,-1],[-31,-32],[-34,-20],[-1,-1],[-27,-25],[-52,-5],[-6,-1],[-23,17],[-29,5],[-14,-32],[-35,-17],[-26,25],[-2,-12],[-3,-12],[-22,-10],[21,-21],[-4,-2],[-24,-9],[-18,-9],[-11,8],[-12,15],[-30,-30],[4,-31],[-11,-26],[-7,-15],[2,-14],[2,-7],[-6,-61],[-12,-12],[-4,-5],[-55,-25],[-13,29],[-13,30],[-12,45],[8,64],[19,13],[-2,3],[-1,2],[-2,2],[-1,2],[-1,2],[-1,1],[-2,1],[-1,-1],[-2,0],[-2,-1],[-1,-1],[-1,0],[-1,1],[-1,1],[-2,3],[-4,7],[0,1],[-1,3],[-2,6],[-3,5],[-2,6],[-1,1],[-1,1],[-1,1],[-1,0],[-1,0],[-1,2],[-1,0],[-1,2],[0,2],[0,0],[1,2],[0,1],[-1,1],[-1,2],[0,1],[-2,2],[-1,1],[-2,6],[-2,3],[-2,1],[-1,1],[-1,2],[-1,3],[-2,4],[-2,3],[-1,1],[-5,5],[-2,2],[-1,1],[-3,6],[-1,2],[-2,3],[-1,1],[-1,3],[0,1],[0,2],[0,1],[1,1],[-5,2],[-19,73],[75,37],[1,0],[3,7],[-2,1],[-3,0],[0,0],[-2,1],[-1,1],[-1,3],[0,1],[0,2],[1,1],[2,4],[2,2],[2,2],[2,2],[0,2],[1,4],[1,2],[0,1],[-2,3],[-1,3],[7,3],[-8,7],[3,6],[5,12],[-13,15],[-8,-4],[5,6],[-9,15],[15,16],[16,4],[6,10],[-7,28],[-17,-34],[-5,8],[4,21],[0,2],[-1,1],[1,7],[-1,3],[0,2],[-1,0],[-2,2],[-1,0],[-2,1],[-3,0],[-6,0],[-3,0],[0,1],[-22,24],[-16,15],[-28,16],[-2,-3],[-12,-19],[-16,-5],[-9,14],[-21,15],[-6,27],[-31,19],[-12,-14],[-11,13],[14,43],[9,57],[-42,-49],[-31,-33],[-10,41],[-26,-5],[-3,2],[-3,2],[-2,3],[-4,3],[0,0],[-3,0],[-2,-1],[-3,-2],[-3,-5],[-2,-2],[-2,-2],[-1,0],[-1,2],[-4,2],[-3,1],[-2,1],[-3,0],[-2,-1],[-4,0],[-2,0],[-2,1],[-1,2],[-2,3],[-2,2],[-2,1],[-3,0],[-4,1],[-5,1],[-5,1],[-4,1],[-1,0],[-1,1],[0,2],[-1,1],[-5,2],[-4,1],[-4,2],[-10,4],[-4,1],[-3,0],[-5,1],[-2,1],[-6,0],[-1,1],[-8,-1],[0,1],[1,1],[0,1],[-1,2],[-1,1],[1,1],[3,0],[1,1],[1,1],[0,0],[0,1],[-2,3],[0,1],[1,1],[2,1],[1,1],[1,1],[-1,1],[-2,2],[0,1],[0,1],[1,3],[0,1],[-1,2],[-1,1],[-3,2],[-1,0],[0,1],[1,1],[3,1],[1,0],[1,1],[0,1],[-1,1],[-1,1],[-1,1],[0,1],[1,1],[2,1],[1,1],[2,1],[2,2],[1,0],[1,0],[3,-2],[0,0],[2,1],[1,0],[1,1],[2,2],[3,3],[0,1],[0,1],[0,3],[0,1],[1,1],[3,1],[1,0],[0,1],[1,3],[3,2],[4,0],[1,0],[1,1],[1,1],[1,2],[0,1],[2,1],[3,0],[1,0],[0,1],[1,1],[0,1],[0,3],[0,2],[0,0],[1,0],[2,1],[3,-1],[1,0],[0,1],[0,1],[-2,3],[-1,2],[-1,1],[-1,0],[-1,0],[0,0],[-2,-2],[-1,0],[-1,0],[-1,0],[0,1],[0,1],[1,1],[0,2],[0,0],[-1,1],[-1,0],[0,0],[-2,-1],[-1,-1],[-1,0],[-1,1],[-2,2],[-1,2],[0,1],[0,1],[1,2],[0,2],[0,6],[0,1],[2,1],[1,0],[1,1],[2,1],[7,3],[1,-1],[1,0],[2,-2],[1,-1],[1,0],[1,1],[3,0],[3,12],[-9,13],[-3,5],[-4,12],[-11,12],[-7,18],[-3,17],[18,3],[5,23],[-8,18],[12,18],[2,3],[4,5],[-5,25],[-10,-2],[-7,0],[-1,-1],[-9,0],[0,0],[-4,2],[14,20],[17,24],[-6,2],[-10,7],[-7,0],[-17,-1],[-17,13],[-4,-5],[-6,-4],[-6,3],[4,2],[9,10],[4,17],[7,9],[5,8],[4,28],[1,10],[-11,9],[2,12],[1,1],[-3,12],[-17,19],[-30,14],[3,5],[28,43]],[[127,1321],[36,29],[5,2],[19,9],[-23,4],[35,4],[13,-12],[46,9],[13,9],[15,-9],[0,3],[0,1],[0,0],[0,1],[0,0],[1,1],[1,-1],[5,-1],[1,0],[1,0],[0,1],[2,2],[1,1],[3,1],[1,0],[40,-42],[6,5],[9,11],[-6,23],[0,5],[-11,18],[26,-2],[39,-30],[8,6],[39,-31],[2,3],[15,-23],[18,-31],[8,-11],[-4,0],[-19,-16],[-1,-13],[-7,3],[-3,-1],[-14,-39],[3,-11],[7,-10],[-6,-11],[7,-29],[5,-11],[-10,-9],[34,-32],[3,-1],[10,-27],[16,8],[7,-6],[39,-15],[65,0],[11,-16],[4,-2],[0,1],[0,2],[0,1],[0,2],[1,4],[-1,3],[0,1],[0,1],[1,2],[-2,3],[1,1],[0,4],[0,1],[-3,4],[-1,0],[0,1],[0,2],[-1,6],[0,2],[1,3],[0,3],[1,2],[6,14],[1,5],[1,-1],[1,0],[0,1],[5,-3],[1,0],[8,-5],[1,-1],[1,-1],[2,-5],[1,-1],[1,0],[1,0],[4,-1],[2,0],[4,-3],[1,-1],[1,-1],[1,-1],[3,-1],[3,-1],[2,-2],[1,-2],[0,-2],[0,-2],[0,-2],[0,-2],[1,-1],[2,0],[2,0],[1,-1],[1,-1],[0,-6],[-1,-3],[-1,-2],[0,-3],[3,-11],[0,-5],[0,-6],[1,-4],[3,-2],[1,-1],[2,-1],[0,0],[1,0],[0,-1],[3,0],[1,-1],[0,-2],[1,-1],[1,-1],[0,-1],[-1,-1],[0,-1],[1,-2],[2,-3],[2,-2],[3,-3],[2,-1],[2,0],[2,0],[1,0],[3,0],[2,1],[2,0],[2,0],[5,1],[3,2],[5,0],[10,-3],[6,-1],[3,1],[5,1],[12,1],[8,-2],[4,-2],[4,-3],[3,3],[1,1],[0,2],[0,2],[-9,28],[6,-1],[6,-2],[9,-3],[1,-1],[32,-42],[4,-5],[11,8],[22,16],[1,