{"type":"Topology","transform":{"scale":[0.0016062235641994107,0.0014155372691500375],"translate":[20.07964000100003,-32.944994994999945]},"arcs":[[[137,99],[6,7],[-6,22],[-2,8],[-4,26],[11,24],[47,4],[15,-14],[12,17],[28,-8],[17,23],[7,2],[7,-4],[16,1],[6,6],[24,-1],[10,0],[2,12],[8,14],[-8,12],[12,28],[0,16],[14,2],[1,0],[0,0],[12,1],[1,0],[1,0],[9,1],[29,14],[19,38],[-2,9],[-2,7],[1,0],[2,9],[0,1],[1,3],[1,1],[-6,5],[-2,0],[-2,1],[-1,0],[-2,-1],[-2,0],[-5,1],[-1,0],[-2,1],[-4,0],[-18,0],[-4,1],[-4,0],[-1,0],[-1,0],[-2,1],[-1,0],[-1,0],[-1,0],[0,0],[0,6],[-45,26],[-3,0],[0,12],[-1,17],[0,9],[-14,0],[-31,1],[-8,-2],[-19,-1],[-27,-25],[-10,11],[-1,12],[-5,8],[-21,26],[-16,4],[-18,5],[-4,4],[0,2],[-5,3],[-9,4],[-14,5],[-15,-10],[-6,3]],[[100,509],[-46,-2],[9,30],[-19,-1],[0,0],[-8,4],[5,8],[10,18],[2,40],[5,-3],[5,-16],[5,19],[8,-1],[12,0],[4,0],[12,-1],[3,0],[16,4],[21,37],[-19,14],[4,4],[2,9],[3,12],[-2,6],[6,12],[16,34],[8,5],[-14,23],[9,14],[25,15],[39,12],[25,0],[0,-12],[1,-13],[52,-8],[55,5],[-12,42],[-5,14],[-11,8],[-13,15],[-12,7],[11,17],[18,30],[-32,37],[16,22],[6,8],[7,12],[3,6],[2,3],[7,9],[-5,2],[-11,6],[-3,1],[-18,9],[-4,13],[-3,14],[-16,22],[32,7],[2,18],[-13,-1],[-4,18],[-1,6],[-4,18],[28,15],[-20,42],[-5,11],[12,4],[5,2],[33,24],[-4,3],[-23,-3],[-19,-2],[-3,-2],[-1,-1],[-1,-2],[-1,1],[-1,0],[-54,17],[-23,-1],[-13,-5],[-4,25],[-4,-3],[-24,45],[10,35],[7,10],[-1,5],[-1,4],[0,4],[0,0],[0,0],[9,37],[43,40],[-24,1],[11,10],[0,0],[2,3],[1,0],[-37,46],[18,40],[17,24],[4,4],[6,39],[6,14],[8,16],[-14,21],[-8,36],[7,8],[15,16],[4,1],[9,3],[1,1],[8,16],[1,0],[11,17],[-8,7],[7,25],[3,4],[15,24],[12,53],[1,32],[51,-29],[41,-8],[19,2],[4,-2],[32,-20],[22,-11],[24,-1],[54,21],[0,1],[27,8],[35,1],[-1,-1],[-2,-21],[1,0],[22,-3],[35,-1],[18,-1],[8,2],[8,2],[17,-39],[2,-4],[1,-2],[7,-46],[1,-7],[0,-2],[27,-49],[-23,-32],[40,-34],[25,-36],[4,-7],[24,-21],[8,-3],[31,-10],[-6,-7],[-16,-20],[11,-25],[17,-6],[-15,-33],[9,-11],[12,2],[0,-19],[-12,-21],[1,-9],[-1,-26],[26,-6],[-10,-38],[36,-28],[13,24],[31,-15],[21,-10],[10,-21],[9,-26],[-5,-4],[-45,13],[-4,-17],[-4,-15],[4,-38],[13,-3],[6,-1],[12,-3],[3,-1],[28,-1],[7,0],[23,-6],[-10,-31],[31,0],[11,-13],[5,-14],[-5,-31],[41,-1],[13,-5],[18,-8],[5,-6],[-3,-6],[-21,-6],[-31,-9],[10,-29],[34,4],[15,13],[5,1],[6,-29],[16,-32],[8,-6],[3,-8],[4,-9],[-39,-8],[-10,-14],[-1,-2],[-2,2],[-4,-9],[-4,-8],[18,-26],[18,-7],[2,-1],[5,-2],[1,-17],[39,-35],[42,8],[39,-16],[3,0],[3,0],[10,12],[1,-20],[-29,-12],[11,-8],[-7,-51],[-22,6],[-9,16],[-23,5],[0,-1],[0,-2],[0,0],[0,-2],[0,-1],[1,-1],[1,-1],[0,-2],[0,0],[0,0],[0,0],[0,1],[0,0],[1,0],[0,-1],[0,-1],[0,-1],[0,-1],[0,-1],[0,-1],[0,-1],[1,0],[0,-1],[1,0],[1,-1],[0,-1],[1,-1],[1,-1],[0,-1],[1,-1],[2,-1],[0,-1],[1,-1],[1,0],[0,-1],[0,0],[0,-1],[0,-1],[1,-2],[0,-1],[0,-1],[-1,-16],[-18,-11],[11,-24],[4,-19],[-13,-12],[12,-20],[25,-13],[-9,-9],[-19,-49],[-12,46],[-33,-23],[-8,-43],[-3,-22],[-2,2],[-15,-9],[-22,-5],[-7,-27],[-11,6],[-1,-1],[-1,-2],[-2,-9],[0,-1],[-17,-4],[-12,1],[-37,14],[-9,3],[-6,9],[1,8],[0,0],[-14,1],[-3,0],[-6,15],[-8,-7],[-7,-7],[-5,-6],[-7,-11],[-12,4],[-5,8],[-13,16],[-23,-1],[-8,-5],[-10,-3],[-18,-5],[-8,0],[2,-16],[6,-28],[8,-17],[-5,-5],[-2,-3],[-20,-8],[-13,2],[-14,2],[-20,-16],[-8,-14],[-14,4],[-34,-16],[-32,10],[1,-18],[-1,-1],[-13,-25],[-7,-8],[-24,-9],[-21,-25],[-6,-3],[-4,-4],[-26,-57],[11,-28],[-28,-12],[-11,-5],[-21,-1],[-15,4],[-46,7],[-74,-16],[-13,-23],[-21,-12],[1,-15],[1,-2],[8,-12],[15,-23],[2,-23],[-21,-55],[-33,-12],[-1,0],[-8,-23],[-8,1],[-43,8],[0,-1],[-17,-7],[-20,0],[1,12],[-19,32],[-39,-43],[-38,1],[-36,27],[-10,-6],[0,18],[-4,15],[-10,5],[-6,9],[-20,28]],[[507,1118],[2,0],[1,0],[2,1],[1,1],[2,-3],[1,-1],[1,-1],[1,-2],[0,0],[1,0],[0,-1],[1,0],[0,-2],[1,-2],[0,-1],[1,-2],[0,0],[0,-1],[0,-1],[0,0],[1,0],[0,-1],[1,0],[0,-1],[0,-1],[0,0],[0,-1],[0,-1],[0,-1],[0,-1],[0,-1],[0,-1],[-1,0],[0,-1],[0,-1],[1,0],[0,0],[1,-1],[2,-1],[2,-1],[1,-2],[0,-1],[1,-1],[1,0],[1,0],[1,0],[1,1],[1,0],[1,1],[2,3],[0,1],[0,2],[0,1],[-1,1],[15,41],[3,8],[-10,0],[-7,-2],[-5,0],[-6,-3],[-6,-3],[-1,1],[-3,1],[-2,2],[-5,3],[-2,2],[-2,3],[-13,-7],[-18,-11],[5,-1],[1,-1],[2,-2],[1,0],[8,-4],[4,-1],[10,-3]],[[939,782],[-24,-8],[-21,2],[-9,-9],[-3,-45],[5,-29],[24,-3],[22,42],[16,23],[-10,27]],[[137,99],[-26,4],[-24,10],[-20,23],[3,47],[-7,13],[-25,17],[-2,23],[-14,29],[5,9],[-16,38],[-1,19],[-2,12],[-8,44],[0,0],[1,-1],[28,-14],[4,-2],[12,15],[7,9],[5,5],[-5,21],[33,33],[24,-5],[-3,22],[0,3],[-2,16],[-4,20]]],"objects":{"186":{"type":"GeometryCollection","geometries":[{"arcs":[[0,1],[2],[3]],"type":"Polygon","properties":{"WARD":"30606003","PROVINCE":"Northern Cape","CAT_B":"NC066","MUNICNAME":"Karoo Hoogland Local Municipality","WARDNO":3,"VOTERS":1341,"Area":29838.3985939,"Shape_Leng":12.6348820044,"Shape_Area":2.83538152739,"ID":433,"POPULATION":3071,"DENSITY":0.102921073003825}},{"arcs":[[4,-1]],"type":"Polygon","properties":{"WARD":"30606004","PROVINCE":"Northern Cape","CAT_B":"NC066","MUNICNAME":"Karoo Hoogland Local Municipality","WARDNO":4,"VOTERS":1728,"Area":2286.37394047,"Shape_Leng":2.37027189687,"Shape_Area":0.21936458828,"ID":434,"POPULATION":3121,"DENSITY":1.365043549857129}},{"arcs":[[-3]],"type":"Polygon","properties":{"WARD":"30606001","PROVINCE":"Northern Cape","CAT_B":"NC066","MUNICNAME":"Karoo Hoogland Local Municipality","WARDNO":1,"VOTERS":1943,"Area":50.7679712838,"Shape_Leng":0.368133335114,"Shape_Area":0.00481227986046,"ID":1276,"POPULATION":3368,"DENSITY":66.3410397309834}},{"arcs":[[-4]],"type":"Polygon","properties":{"WARD":"30606002","PROVINCE":"Northern Cape","CAT_B":"NC066","MUNICNAME":"Karoo Hoogland Local Municipality","WARDNO":2,"VOTERS":1787,"Area":98.3282406627,"Shape_Leng":0.389930171389,"Shape_Area":0.00937415284709,"ID":1277,"POPULATION":3029,"DENSITY":30.804985216714307}}]}}}