{"type":"Topology","transform":{"scale":[0.00044364303295486455,0.0003841153841880403],"translate":[18.51208000400004,-30.394199998999962]},"arcs":[[[2400,3383],[-126,36],[-5,-3],[-2,-2],[-36,-38],[-3,-2],[-4,-1],[-71,-24],[-4,-1],[-3,1],[-16,2],[-5,0],[-5,-1],[-6,-1],[-5,-2],[-4,-1],[-2,0],[-2,2],[-3,4],[-3,1],[-2,0],[-2,0],[-4,4],[-2,0],[-1,0],[-3,1],[-2,1],[-1,1],[-2,-1],[-2,-1],[0,-1],[-1,-2],[-1,0],[-2,0],[-2,1],[-1,1],[-1,1],[-2,0],[-1,2],[-1,1],[0,5],[-1,2],[-1,1],[-2,0],[-3,0],[-1,1],[-1,2],[-1,2],[0,2],[1,7],[-1,1],[-5,3],[-3,2],[-6,4],[-3,3],[-2,2],[-2,1],[-1,1]],[[2030,3400],[2,15],[0,2],[-3,16],[-1,5],[3,11],[0,5],[4,12],[7,7],[2,1],[2,1],[1,0],[9,1],[28,2],[3,1],[1,0],[2,1],[3,2],[5,9],[1,1],[0,3],[0,41],[0,2],[-1,4],[-1,4],[-1,2],[-1,2],[-47,70],[-56,84],[-7,11],[-16,-12],[-123,-85],[-22,-23],[-104,-99],[-65,-176],[-14,-23]],[[1641,3297],[-116,5],[-5,0],[-7,-1],[-6,-2],[-15,-7]],[[1492,3292],[-49,-20]],[[1443,3272],[-54,78],[-1,23],[3,14],[22,70],[6,8],[24,58],[1,2],[1,4],[3,7],[3,7],[1,1],[4,3],[2,6],[2,4],[0,1],[0,10],[1,0],[3,0],[3,23],[3,4],[1,2],[-4,3],[-13,5],[-11,-2],[-5,12],[-6,9],[-5,10],[-5,5],[3,15],[4,11],[-5,5],[-3,8],[-1,9],[1,7],[3,11],[3,21]],[[1427,3726],[2,-1],[4,1],[1,0],[6,1],[9,2],[5,2],[3,3],[4,2],[2,1],[4,1],[1,0],[6,1],[8,1],[2,0],[4,1],[3,2],[6,5],[1,1],[2,0],[2,1],[3,0],[2,1],[5,1],[1,1],[2,1],[1,0],[4,1],[3,2],[2,0],[3,1],[3,2],[4,2],[4,4],[4,2],[2,1],[0,1],[2,3],[8,8],[3,1],[2,3],[1,1],[1,1],[1,1],[1,1],[8,8],[0,1],[2,1],[2,2],[0,1],[1,2],[1,1],[3,2],[1,1],[4,2],[1,1],[2,3],[3,1],[1,1],[1,2],[1,1],[2,1],[1,2],[1,2],[3,2],[1,2],[2,1],[0,1],[2,5],[1,4],[1,2],[2,6],[2,2],[1,2],[1,3],[1,2],[2,2],[3,3],[1,1],[1,1],[3,2],[3,1],[7,3],[2,2],[1,1],[2,1],[2,2],[2,2],[1,2],[2,1],[1,1],[3,2],[3,1],[1,1],[1,0],[5,1],[6,0],[6,-1],[2,-1],[3,-1],[4,0],[2,-1],[3,-2],[4,0],[2,-2],[1,0],[5,-1],[8,-2],[4,-1],[1,-1],[4,-2],[10,-3],[1,-1],[3,0],[3,-1],[1,0],[2,0],[4,1],[2,2],[2,2],[0,2],[2,2],[2,2],[4,5],[2,2],[2,2],[2,4],[1,1],[0,1],[7,12],[1,4],[0,2],[1,6],[0,2],[0,5],[-1,4],[0,1],[-4,6],[-4,7],[-4,7],[-2,2],[-1,1],[-1,1],[-1,1],[-2,2],[-4,2],[-1,1],[-1,1],[-2,1],[-2,1],[0,1],[-4,1],[-1,0],[-3,0],[-1,0],[-1,-1],[-3,0],[-5,1],[-3,-1],[-4,-1],[-4,0],[-2,1],[-5,2],[-1,1],[-2,2],[-3,2],[-4,7],[-5,7],[-1,2],[-2,3],[-3,5],[-1,2],[0,2],[-1,0],[-2,3],[-1,2],[0,2],[-1,1],[-1,5],[-1,4],[-1,3],[-1,1],[-1,2],[-1,3],[-2,4],[-1,2],[-2,4],[-1,2],[0,1],[0,6],[0,4],[0,1],[-2,4],[0,2],[-1,2],[-1,1],[-2,1],[-2,1],[0,0],[-2,4],[-2,2],[-2,6],[-4,9],[-1,3],[-1,9],[-1,5],[-1,13],[0,1],[-1,2],[-2,3],[0,1],[0,4],[0,6],[2,10],[0,2],[2,2],[0,3],[1,2],[1,2],[0,2],[0,2],[2,5],[1,1],[0,1],[1,3],[2,3],[0,1],[1,1],[0,3],[1,9],[1,1],[0,2],[2,4],[3,3],[0,1],[3,3],[0,2],[0,2],[0,2],[1,1],[3,6],[2,4],[6,9],[0,5],[1,5],[1,2],[1,5],[0,4],[1,1],[0,3],[0,1],[2,5],[1,4],[0,2],[1,2],[1,1],[2,3],[0,2],[2,2],[1,4],[2,3],[0,1],[1,2],[2,4],[2,1],[1,3],[1,2],[1,2],[3,5],[2,4],[3,4],[2,1],[9,4],[1,1],[3,2],[3,1],[1,0],[2,0],[2,1],[2,1],[3,1],[7,3],[5,2],[4,2],[2,0],[7,3],[4,2],[0,0],[3,1],[1,1],[2,0],[9,1],[2,0],[1,-1],[2,2],[0,0],[1,0],[1,-2],[1,0],[1,-1],[1,0],[5,-2],[1,-1],[6,-3],[2,0],[2,-1],[1,-1],[8,-2],[5,-2],[6,0],[4,0],[6,4],[3,1],[2,0],[2,0],[4,-1],[5,0],[2,0],[7,-3],[5,-3],[4,-3],[3,-1],[6,-3],[2,-2],[2,0],[2,-1],[2,0],[2,-1],[2,-1],[2,0],[3,0],[0,0],[7,3],[6,3],[9,1],[4,0],[3,1],[11,3],[5,2],[1,0],[5,2],[4,0],[1,-1],[3,0],[3,0],[5,2],[1,2],[2,1],[2,2],[5,2],[2,1],[4,0],[3,-1],[8,-3],[3,0],[2,-1],[3,-1],[3,-1],[1,0],[3,-1],[5,0],[2,0],[1,0],[3,1],[7,5],[2,2],[3,2],[6,3],[6,3],[6,4],[3,3],[3,2],[2,1],[2,2],[8,6],[10,9],[1,0],[1,1],[2,0],[3,-1],[6,1],[2,0],[2,0],[1,0],[9,4],[2,2],[6,3],[1,1],[6,4],[3,4],[2,1],[4,1],[2,1],[2,1],[2,1],[4,3],[1,0],[3,2],[4,1],[4,2],[3,3],[4,2],[1,1],[2,2],[3,6],[1,3],[3,6],[4,4],[3,6],[6,8],[1,2],[1,1],[2,4],[2,4],[1,1],[5,5],[2,2],[4,2],[4,1],[2,2],[5,3],[2,1],[1,2],[0,2],[1,2],[0,2],[0,8],[0,2],[0,11],[1,6],[0,4],[3,11],[1,1],[1,2],[1,3],[0,2],[0,3],[0,2],[1,4],[0,8],[0,4],[0,4],[-1,3],[0,3],[1,9],[0,4],[1,6],[1,5],[1,4],[3,3],[3,6],[4,6],[2,2],[0,2],[0,1],[0,2],[-1,5],[-1,2],[1,1],[1,1],[1,1],[0,0],[-1,3],[0,3],[1,7],[0,3],[-1,3],[1,1],[-1,7],[-1,5],[1,4],[-1,2],[-2,3],[1,2],[0,2],[1,2],[1,1],[1,1],[0,2],[1,2],[1,1],[1,4],[1,3],[2,3],[4,4],[1,1],[3,1],[2,2],[247,-245],[107,-362],[255,-122],[-222,-302],[-136,-154],[-99,-112]],[[2030,3400],[-5,-31],[-21,-53],[-3,-1],[-5,0],[-2,1],[-12,0],[0,-3],[-2,0],[-1,0],[-3,0],[0,-3],[-4,0],[0,-4],[-2,0],[-1,-4],[-40,-10],[-18,-5],[-6,-2],[-6,0],[-5,0],[-253,12]],[[1443,3272],[-1,-1]],[[1442,3271],[-251,36],[-99,41],[-129,56],[-29,161],[8,59],[-23,2],[-7,1],[-2,0],[-3,-2],[-20,-15],[-3,-2],[-2,-2],[-4,-3],[-39,-28],[-7,-8],[-2,-7],[-1,-1],[-8,-2],[-3,0],[-1,-1],[-2,-1],[-3,-2],[-13,-3],[0,0],[-1,2],[-1,3],[-1,2],[0,0],[-2,1],[-114,57],[-1,0],[-5,0],[-5,0],[-2,1],[-10,4],[-2,1],[-40,7],[-19,9],[-3,1],[-2,1],[-66,4],[-110,6],[-3,-1],[-24,-5],[-116,-25],[-37,0]],[[235,3618],[-23,105],[-16,1],[-9,0],[-20,0],[-39,0],[-41,2],[-18,2],[1,1],[-46,139],[-24,49],[3,2],[2,2],[0,2],[2,2],[5,4],[3,3],[2,2],[1,2],[3,3],[5,5],[5,5],[3,3],[2,4],[0,2],[1,1],[2,1],[3,4],[2,3],[1,3],[0,2],[2,1],[7,3],[4,2],[8,3],[6,2],[4,0],[1,0],[4,2],[2,1],[3,1],[4,1],[3,1],[7,3],[4,0],[4,2],[2,0],[4,1],[1,0],[0,1],[2,1],[1,1],[2,2],[1,1],[2,0],[2,1],[9,1],[6,0],[1,0],[5,0],[3,-1],[2,0],[4,0],[8,-1],[8,-1],[3,0],[3,0],[3,1],[3,1],[3,0],[3,1],[1,0],[5,2],[5,1],[9,2],[7,3],[5,3],[2,1],[4,3],[2,2],[1,0],[1,1],[2,1],[2,1],[1,0],[1,2],[4,1],[1,2],[2,3],[1,2],[3,2],[1,0],[2,2],[1,2],[1,1],[3,1],[1,1],[3,1],[3,1],[2,0],[6,1],[3,0],[5,1],[5,0],[11,0],[2,0],[5,-1],[1,-1],[5,-1],[4,-1],[7,-3],[6,-2],[5,-1],[3,-1],[2,0],[1,0],[3,1],[1,1],[2,1],[6,0],[3,1],[1,1],[4,2],[3,1],[2,-1],[2,0],[3,-1],[7,0],[6,-1],[4,1],[3,0],[3,1],[1,-1],[4,0],[3,-1],[1,0],[3,1],[2,1],[1,1],[7,1],[2,0],[9,1],[2,1],[5,1],[3,1],[2,0],[2,1],[4,0],[3,1],[1,1],[0,3],[0,1],[1,0],[1,0],[0,-1],[1,-1],[0,0],[1,0],[1,0],[1,2],[2,2],[3,1],[5,3],[13,4],[2,1],[3,0],[10,2],[2,0],[2,0],[5,-1],[2,0],[4,0],[2,0],[1,-1],[5,-1],[3,0],[6,-1],[7,-1],[4,0],[3,-1],[2,0],[5,-2],[7,-3],[4,-3],[5,-3],[5,-3],[2,-2],[4,-2],[1,0],[1,0],[2,1],[4,2],[4,0],[4,0],[1,-1],[1,-1],[1,0],[1,0],[1,-2],[2,-1],[8,-6],[2,-1],[1,0],[3,0],[5,2],[1,1],[1,2],[3,2],[2,1],[3,1],[6,0],[2,0],[1,0],[1,-1],[2,0],[0,-2],[4,-4],[4,0],[8,0],[6,-3],[3,-1],[6,0],[5,-1],[4,-1],[2,-1],[4,-1],[2,0],[1,0],[3,1],[3,3],[1,1],[1,1],[2,1],[1,1],[2,1],[1,0],[6,0],[3,0],[1,0],[2,-1],[4,-1],[1,-1],[2,-1],[5,-1],[2,-2],[2,-2],[2,-1],[0,-1],[2,-1],[2,-1],[2,-1],[3,0],[4,0],[6,0],[3,-1],[3,-1],[4,1],[2,0],[2,2],[1,2],[3,3],[1,1],[4,2],[4,1],[1,1],[2,0],[2,-1],[2,-1],[4,-1],[5,-2],[7,-2],[2,0],[4,0],[2,-1],[1,-1],[2,-1],[3,1],[1,1],[2,0],[1,1],[0,0],[2,-1],[3,0],[2,0],[2,-1],[3,-1],[1,0],[2,-1],[3,-1],[6,-2],[4,-3],[1,0],[3,-1],[4,-1],[3,0],[3,0],[1,0],[3,-1],[3,-1],[2,1],[5,0],[3,-2],[2,-1],[2,-2],[0,-1],[2,-1],[2,-1],[6,-1],[4,-1],[3,0],[2,1],[13,-1],[15,1],[5,-1],[5,1],[1,0],[1,0],[3,0],[2,-1],[1,0],[1,0],[3,0],[6,-3],[5,-1],[2,-1],[1,-1],[2,-2],[4,-1],[6,-4],[4,-3],[3,-2],[1,-1],[3,-2],[3,-1],[18,-7],[4,-3],[3,-2],[3,-2],[11,-1],[9,0],[2,0],[1,-1],[1,0],[1,0],[3,-3],[1,0],[4,-3],[2,-2],[2,-3],[1,0],[1,-1],[3,-2],[3,-2],[1,-1],[2,-2],[1,-1],[2,-2],[3,-4],[0,-1],[1,-2],[2,-3],[2,-5],[1,-1],[3,-2],[1,-1],[3,-1],[1,0],[3,-1],[1,-1],[1,-1],[2,-2],[1,-2],[4,-8],[0,-1],[0,-7],[1,-6],[0,-1],[5,-8],[3,-5],[2,-3],[2,-6],[3,-8],[1,-1],[0,-1],[0,-4],[-1,-3],[1,-5],[0,-4],[1,-1],[0,-3],[1,-6],[2,-7],[0,-3],[1,-4],[2,-3],[1,-3],[2,-2],[1,-1],[2,-1],[1,0],[2,-1],[4,-2],[3,-1],[2,0],[8,0],[5,1],[3,1],[3,2],[3,0],[2,1],[1,1],[2,0],[2,0],[1,0],[2,0],[1,-1],[1,0],[3,-1],[2,-1],[3,0],[2,1],[4,0],[0,-1],[2,-1],[1,-1],[4,-1],[0,0],[4,-1],[1,0],[3,-2],[5,-2],[3,-3],[8,-5],[6,-4],[6,-6],[2,-2],[2,-2],[1,-4],[1,-2],[1,-2],[2,-2],[1,-1],[1,0],[1,0],[1,-1],[4,-4],[1,0],[2,-2],[3,-2],[1,-2],[1,0],[1,-1],[0,0],[1,-1],[1,-1],[2,-4],[1,-4],[2,-3],[1,-1],[2,-4],[1,-1],[0,0],[1,-1],[3,-2],[3,-1],[4,0],[6,0],[4,-1],[4,-1],[2,-1],[2,-1],[2,0],[3,-2],[2,-1],[2,-1],