{"type":"Topology","transform":{"scale":[0.003044187241769516,0.0023749793450412865],"translate":[21.60824000200006,-31.97770000199995]},"arcs":[[[776,230],[-7,-6],[-8,13],[10,3],[11,12],[7,-2],[-8,-16],[-5,-4]],[[502,218],[-6,23],[-1,9],[17,-4],[-3,-21]],[[509,225],[-7,-7]],[[319,425],[11,-14],[16,-26],[4,-4],[19,-5],[6,3],[4,1],[14,-25],[8,14],[19,-11],[15,-5],[1,-22],[7,-3],[0,-11],[-19,-42],[7,-10],[-1,-23],[-12,-6],[-9,-8],[0,-9],[8,-10],[-19,-7],[3,-1],[7,-23],[-1,-25],[7,-3],[8,9],[29,15],[1,11],[25,3],[8,5],[11,20],[6,5]],[[509,225],[10,12],[19,-9],[37,40],[26,24],[-9,10],[3,13],[-4,12],[8,5],[0,10],[8,-1],[-14,34],[-4,22]],[[589,397],[37,35],[14,-24],[11,2],[3,26],[19,19],[15,-20],[3,-9],[16,25],[17,-2],[0,6],[3,4],[13,10],[25,-11],[11,5],[-1,-8],[5,-5],[2,2],[0,-3],[-13,-26],[-11,-7],[35,9],[10,-4],[21,-19],[6,-8],[-4,-27],[7,-10],[9,-10],[-6,-11],[27,-16],[-1,-15],[2,-9],[11,0],[-2,-21],[9,5],[10,-2],[1,-6],[-2,-13],[22,-10],[7,-17],[-5,-7],[2,0],[15,-15],[13,1],[-2,19],[29,5],[-3,-26],[-13,-7],[5,-5],[-3,-15],[-7,-10],[6,-15],[-2,-42],[-15,-1],[-9,-2],[-10,10],[4,-10],[-27,-1],[-6,-4],[0,-8],[-3,-3],[-10,-7],[-5,4],[0,-4],[-7,3],[-2,3],[-5,2],[-21,3],[-5,-11],[2,-9],[-17,-2],[-10,-6],[-5,13],[-4,4],[-5,15],[0,4],[6,6],[-27,0],[1,-4],[-5,-14],[-1,-10],[-10,-9],[-1,-11],[-7,-7],[-5,2],[-14,21],[-2,1],[2,5],[-9,2],[13,15],[-2,6],[-9,0],[-12,7],[-7,1],[-8,17],[-6,3],[-25,-5],[-6,4],[-9,-5],[-6,-12],[-13,-1],[-4,-5],[-9,1],[-24,8],[-2,5],[-5,-12],[2,-6],[-20,1],[-14,-8],[-13,-20],[-1,-16],[-12,-16],[2,-9],[-20,-18],[-10,-14],[-7,-4],[-5,0],[-1,-7],[-4,2],[-6,8],[-4,0],[-2,6],[0,12],[5,9],[-9,5],[-21,7],[-24,-6],[-9,6],[-5,18],[-11,-8],[-16,-8],[-14,24],[-27,-9],[-2,3],[-4,0],[-1,-4],[-5,0],[-12,8],[13,34],[-17,4],[-1,15],[-22,3],[-61,37],[-13,-4],[-4,-29],[-3,-1],[-4,-16],[-11,-26],[-6,-7],[-2,0],[-21,9],[-22,-5],[-21,22],[0,10],[-14,5],[-9,16],[4,10],[1,-1],[6,10],[21,4],[-4,10],[-4,4],[-9,19],[-3,17],[-2,0],[-9,-8],[-17,-3],[-6,17],[28,10],[1,3],[-2,4],[-17,7],[-21,1],[2,19],[-3,8],[-5,7],[-16,1],[5,18],[-12,4],[-19,0],[-18,5],[-2,23],[4,19],[24,-8],[3,2],[-5,16],[-5,13],[10,8],[-1,6],[31,1],[17,-1],[24,8],[10,13],[11,-8],[7,8],[26,-16],[1,-21],[-3,-14],[3,-6],[6,-3],[6,3],[21,-8],[-1,-11],[10,-9],[12,11],[5,10],[17,9],[41,6],[10,6],[8,8],[1,16],[-12,22],[15,16],[3,-1],[2,1],[2,-7],[14,2],[2,5]],[[319,425],[28,6],[8,-9],[21,10],[-4,11],[14,-9],[37,28],[-2,7],[2,3],[31,-6],[-1,-5],[23,0],[17,23],[18,-14],[4,-13],[16,-26],[33,0],[25,-34]]],"objects":{"188":{"type":"GeometryCollection","geometries":[{"arcs":[[0]],"type":"Polygon","properties":{"WARD":"30701001","PROVINCE":"Northern Cape","CAT_B":"NC071","MUNICNAME":"Ubuntu Local Municipality","WARDNO":1,"VOTERS":2686,"Area":25.1866220465,"Shape_Leng":0.225026306537,"Shape_Area":0.00238887301013,"ID":439,"POPULATION":5122,"DENSITY":203.36192723834387}},{"arcs":[[1,2]],"type":"Polygon","properties":{"WARD":"30701002","PROVINCE":"Northern Cape","CAT_B":"NC071","MUNICNAME":"Ubuntu Local Municipality","WARDNO":2,"VOTERS":2351,"Area":26.2743096157,"Shape_Leng":0.212075969927,"Shape_Area":0.00249212678028,"ID":440,"POPULATION":5350,"DENSITY":203.62095439429362}},{"arcs":[[3,-3,4,5],[-1]],"type":"Polygon","properties":{"WARD":"30701003","PROVINCE":"Northern Cape","CAT_B":"NC071","MUNICNAME":"Ubuntu Local Municipality","WARDNO":3,"VOTERS":2126,"Area":16881.7319824,"Shape_Leng":11.2119343119,"Shape_Area":1.60122460136,"ID":441,"POPULATION":4714,"DENSITY":0.27923675159128}},{"arcs":[[-5,-2,-4,6]],"type":"Polygon","properties":{"WARD":"30701004","PROVINCE":"Northern Cape","CAT_B":"NC071","MUNICNAME":"Ubuntu Local Municipality","WARDNO":4,"VOTERS":2006,"Area":3456.03733404,"Shape_Leng":3.35598524239,"Shape_Area":0.326976933136,"ID":442,"POPULATION":3415,"DENSITY":0.988125899672493}}]}}}