{"type":"Topology","transform":{"scale":[0.0006304233128834203,0.0006201532457143085],"translate":[24.52174000100007,-31.41864000099997]},"arcs":[[[885,996],[-6,-33],[-2,-7],[7,0],[-2,-60],[-4,-22],[0,-26],[-2,-29],[3,-22],[21,-70],[18,-29],[-5,-11],[-15,-12],[-4,-95],[13,-37],[-43,0],[-47,27],[-15,20],[-27,43],[-35,-12],[-19,-5],[-10,2],[-1,-4],[-3,-2],[-7,-3],[-3,-1],[-5,-3],[-3,-2],[-2,-10],[-1,-7],[0,-4],[-1,-6],[1,-3],[1,-3],[7,-10],[1,-1],[0,-6],[-2,-5],[2,-8],[-1,-3],[-1,-1],[-4,-3],[-5,-7],[-4,-11],[0,-10],[1,-5],[1,-4],[-1,-8],[-2,-8],[0,-5],[-1,-3],[1,-7],[0,-1],[4,-4],[2,-12],[4,-6],[19,-4],[40,-14],[-47,-30],[0,-20],[-1,-6],[-2,2],[-13,7],[2,-8],[-1,-1],[3,-1],[1,1],[2,-2],[2,-2],[-1,-1],[0,0],[-1,-1],[-3,1],[0,-2],[-1,1],[-1,-3],[0,-1],[-4,-2],[-3,7],[-1,-2],[-6,1],[0,1],[-1,10],[-5,0],[-7,-8],[0,-1],[-9,-11],[-6,-13],[29,-9],[1,-14],[0,-7],[-12,-44],[0,-6],[2,-6],[2,-1],[5,-2],[2,-3],[6,-11],[0,-1],[-1,-3],[0,-1],[5,-5],[2,-5],[4,-1],[1,-1],[2,-5],[1,-2]],[[694,213],[-10,-13],[-7,-6],[-10,-27],[-14,-9],[-16,12],[-37,-6],[-2,5],[-22,-6],[-51,-17],[2,-7],[12,-38],[2,-28],[-4,-1],[-22,14],[-33,14],[-59,-53],[-54,-9],[-12,-1],[-36,-7],[-21,-15],[-10,14],[-52,22],[-11,5],[-109,-25],[-46,-31],[4,21],[-76,49],[12,17],[55,-20],[77,35],[-29,22],[13,15],[47,29],[13,7],[3,25],[31,11],[-27,65],[55,-17],[10,20],[36,65],[29,30],[-1,17],[2,3],[-1,6],[-1,4],[-6,7],[-7,4],[-1,2],[1,1],[-1,3],[1,1],[-15,23],[-51,-11],[11,22],[73,8],[35,-15],[-1,71],[62,43],[-10,25],[-2,0],[18,8],[44,17],[2,1],[-2,26],[41,48],[-24,8],[-46,24],[-37,83],[-35,81],[-3,16],[-7,17],[-10,7],[0,-2],[-9,-12],[0,-1],[-56,43],[-32,-33],[-4,-4],[-9,-1],[-6,0],[-6,3],[-2,3],[-3,0],[-5,0],[-4,-3],[-48,22],[-11,15],[22,12],[21,49],[29,36],[-17,1],[-10,1],[-6,20],[16,95],[28,69],[4,19],[4,22],[1,1],[-2,2],[28,32],[-1,16],[5,15],[16,16],[1,11],[7,7],[1,7],[2,3]],[[308,1388],[46,-33],[63,-13],[10,7],[13,11],[8,3],[5,-3],[2,-4],[16,-5],[33,-5],[-7,-40],[-6,-22],[25,-5],[22,-11],[16,-9],[-1,-4],[0,-2],[1,-2],[2,-2],[3,-1],[3,0],[4,-1],[5,1],[2,-1],[1,-3],[0,-5],[0,-3],[-5,-6],[-2,-1],[-4,-6],[-4,-7],[-3,-7],[-3,-5],[10,-2],[45,-14],[42,-11],[51,-23],[21,3],[-2,-16],[14,-7],[12,7],[25,-3],[-1,-9],[3,-21],[66,-39],[12,-3],[-2,-23],[9,-22],[27,-25]],[[885,996],[20,-20],[21,39],[10,13],[2,4],[1,1],[4,2],[3,-2],[11,-4],[43,-43],[24,0],[-11,21],[38,49],[-20,32],[-6,34],[-2,23],[-12,0],[10,9],[8,3],[4,1],[4,0],[42,-9],[4,10],[3,27],[10,25],[6,41],[-7,38],[-20,13],[-20,5],[-6,10],[-30,37],[14,23],[0,10],[-3,37],[-15,9],[-20,4],[4,13],[-8,20],[38,26],[9,17]],[[1038,1514],[9,-4],[5,-5],[2,-4],[1,-11],[2,-3],[2,-3],[6,-2],[5,-2],[11,-5],[5,-2],[6,0],[10,1],[14,1],[4,3],[6,4],[1,0],[3,0],[5,-3],[3,-5],[3,-5],[2,-6],[2,-4],[5,-3],[3,-2],[5,-1],[5,-2],[11,-11],[4,-6],[1,-2],[3,-4],[3,-5],[3,-4],[5,-4],[6,-3],[2,-2],[3,-5],[1,-7],[1,-7],[2,-3],[1,-2],[11,-9],[15,-11],[5,-6],[3,-2],[3,-1],[4,0],[3,0],[6,2],[13,6],[4,4],[2,10],[1,4],[3,3],[2,1],[4,1],[4,1],[6,-2],[5,-2],[8,-6],[3,-1],[7,0],[4,1],[3,1],[4,6],[3,2],[3,0],[6,0],[9,-2],[4,-2],[21,-12],[5,-3],[6,-3],[3,-3],[2,0],[6,2],[2,0],[6,-2],[7,-4],[7,-3],[2,-2],[1,-2],[-1,-4],[0,-3],[3,-4],[23,-17],[13,-8],[15,-10],[6,-6],[4,-7],[5,-5],[4,-3],[2,-2],[1,-3],[-8,-5],[-9,-15],[3,-33],[3,-5],[17,-9],[-2,-4],[3,-7],[-14,-7],[-4,-9],[1,-4],[4,-6],[2,-12],[-1,-8],[4,-13],[-7,-9],[0,-11],[18,-1],[4,-9],[2,-16],[-6,-9],[10,-26],[0,-14],[0,-16],[10,-10],[30,2],[5,-8],[26,-13],[37,11],[2,-2],[-44,-68],[-58,-27],[-22,-32],[47,-29],[12,-17],[6,-4],[7,-3],[2,2],[0,-3],[-4,-13],[-2,-16],[-6,-12],[-9,-7],[6,-15],[-3,-13],[7,-9],[-28,-19],[-14,-11],[-4,-7],[-11,-8],[1,-12],[15,-24],[26,-2],[-23,-47],[-18,-15],[-19,-14],[-16,1],[-23,-12],[24,-29],[-12,-34],[-49,-55],[-28,6],[-10,-12],[-11,-20],[-11,-78],[7,-9],[6,-21],[-27,-13],[-23,-16],[-101,36],[-9,-16],[-27,4],[1,0],[1,10],[-70,31],[-2,5],[-7,3],[-14,-3],[-10,-15],[8,-5],[0,-4],[-7,-13],[-11,0],[-9,3],[-21,-14],[-3,-20],[-11,-8],[-24,13],[-4,-19],[-35,6],[-25,-11],[-22,-21],[-1,0],[-4,-1],[-21,-4],[-18,15],[-24,-26],[-22,5],[-61,5],[-39,-18],[-30,-16],[-3,-2],[-1,-2],[-1,0]],[[308,1388],[13,27],[6,24],[31,5],[8,0],[-2,29],[13,34],[-4,45],[13,24],[-25,4],[0,1],[-15,2],[-10,19],[-10,7],[0,26],[3,-1],[8,0],[22,0],[23,-14],[38,-2],[5,12],[3,6],[2,3],[2,7],[12,25],[63,30],[10,13],[1,2],[4,28],[13,51],[11,13],[8,15],[0,10],[14,18],[40,-6],[25,4],[-22,32],[7,8],[24,11],[38,25],[4,0],[3,-3],[1,-5],[1,-11],[-1,-3],[-2,-3],[-9,-7],[-3,-3],[-1,-2],[0,-3],[1,-4],[4,-5],[4,-3],[5,-3],[13,-14],[6,-3],[10,-3],[5,-3],[2,-3],[2,-5],[1,-6],[1,-4],[4,-4],[6,-5],[5,-2],[4,-1],[12,-2],[5,-1],[8,2],[6,4],[9,7],[4,2],[6,1],[5,1],[4,-1],[6,-2],[3,-3],[3,-5],[3,-12],[2,-6],[3,-7],[4,-6],[3,-3],[1,-4],[0,-4],[0,-6],[0,-5],[-7,-22],[-3,-5],[-6,-6],[-2,-1],[0,-2],[0,-2],[3,-7],[1,-5],[-1,-10],[2,-4],[3,-2],[4,1],[1,1],[3,3],[2,3],[4,1],[3,2],[16,1],[4,-1],[9,-2],[3,-2],[10,-10],[12,-6],[4,-2],[9,-1],[2,-2],[4,-4],[2,-5],[6,-21],[14,-20],[2,-7],[2,-2],[3,-3],[9,-8],[7,-7],[7,-3],[10,-1],[6,-2],[4,-6],[3,-2],[2,-5],[1,-1],[11,-9],[7,-7],[2,-6],[2,-2],[1,-1],[0,-2],[-1,-1],[-6,-2],[-3,-1],[-3,-2],[-1,-5],[0,-2],[0,-2],[2,-3],[2,-1],[9,-6],[4,-5],[5,-7],[2,-2],[8,-6],[6,-4]],[[895,1107],[15,-2],[9,19],[1,2],[1,-1],[1,1],[0,1],[3,4],[1,-1],[1,0],[0,-1],[0,-5],[2,-1],[3,2],[2,0],[1,-1]],[[935,1124],[0,-3],[2,0],[1,0],[1,1],[0,1],[0,1],[3,6],[1,1],[0,4],[-1,1],[1,2],[0,2],[-3,0],[0,1],[0,1],[0,7],[-1,1],[26,11],[-13,12],[-27,24],[-1,-3],[-17,-27],[-8,11],[-3,4],[-33,-33],[-8,8],[-19,-8],[17,-36],[-8,-1],[5,-10],[12,0],[6,-17],[24,18],[2,4],[1,0]],[[935,1124],[0,1],[-2,1],[0,0],[-2,1],[-3,1],[0,2],[-1,0],[2,1],[3,0],[1,1],[3,1],[-1,1],[-1,1],[-2,-2],[-4,-1],[-2,1],[1,1],[-1,1],[0,0],[-1,0],[0,1],[-2,-1],[-1,1],[-2,-1],[2,4],[0,1],[-1,0],[0,1],[-1,-1],[-16,-15],[-16,-2],[-8,-8],[15,0],[0,-3],[0,-5]]],"objects":{"189":{"type":"GeometryCollection","geometries":[{"arcs":[[0,1,2]],"type":"Polygon","properties":{"WARD":"30702001","PROVINCE":"Northern Cape","CAT_B":"NC072","MUNICNAME":"Umsobomvu Local Municipality","WARDNO":1,"VOTERS":3076,"Area":2390.04000564,"Shape_Leng":3.40633619022,"Shape_Area":0.225673607994,"ID":443,"POPULATION":6558,"DENSITY":2.743887125121118}},{"arcs":[[-1,3,4]],"type":"Polygon","properties":{"WARD":"30702002","PROVINCE":"Northern Cape","CAT_B":"NC072","MUNICNAME":"Umsobomvu Local Municipality","WARDNO":2,"VOTERS":2754,"Area":2776.30648002,"Shape_Leng":3.21893293144,"Shape_Area":0.262003927169,"ID":444,"POPULATION":4560,"DENSITY":1.642469962454272}},{"arcs":[[-4,-3,5],[6,7]],"type":"Polygon","properties":{"WARD":"30702003","PROVINCE":"Northern Cape","CAT_B":"NC072","MUNICNAME":"Umsobomvu Local Municipality","WARDNO":3,"VOTERS":2339,"Area":1624.84844943,"Shape_Leng":2.42231949321,"Shape_Area":0.152708859281,"ID":445,"POPULATION":6816,"DENSITY":4.194852758354827}},{"arcs":[[8,-8]],"type":"Polygon","properties":{"WARD":"30702004","PROVINCE":"Northern Cape","CAT_B":"NC072","MUNICNAME":"Umsobomvu Local Municipality","WARDNO":4,"VOTERS":3378,"Area":24.4840896184,"Shape_Leng":0.313953189125,"Shape_Area":0.00230546871459,"ID":446,"POPULATION":6078,"DENSITY":248.24284238170458}},{"arcs":[[-7,-9]],"type":"Polygon","properties":{"WARD":"30702005","PROVINCE":"Northern Cape","CAT_B":"NC072","MUNICNAME":"Umsobomvu Local Municipality","WARDNO":5,"VOTERS":2407,"Area":2.8446037319,"Shape_Leng":0.118358863599,"Shape_Area":0.000267892109944,"ID":447,"POPULATION":4365,"DENSITY":1534.484382147836}}]}}}