{"type":"Topology","transform":{"scale":[0.0010673148682871572,0.0009708620732758579],"translate":[22.959189998000056,-31.47863999799995]},"arcs":[[[1015,907],[-2,-4],[-17,-40],[6,-1],[9,2],[-1,-10]],[[1010,854],[-4,0],[0,1],[-7,0],[0,1],[-6,-1],[0,1],[-1,0],[-1,-1],[-3,0]],[[988,855],[0,17],[-1,0]],[[987,872],[0,2],[1,3],[1,5],[10,20],[1,3],[1,11],[1,0],[3,0],[3,0],[2,-1],[1,-1],[1,-1],[1,-1],[-1,-2],[3,-3]],[[1010,854],[0,-3],[-4,0],[-1,-2],[-1,0],[-2,2],[-3,0],[0,-2],[1,-1],[-1,-1],[-1,1],[-6,-6],[0,-2]],[[992,840],[0,-1],[0,-1],[-2,0]],[[990,838],[-1,4],[-1,13]],[[978,800],[7,35],[2,4],[1,0],[1,-2],[1,1]],[[992,840],[2,1],[1,-7],[5,1],[1,-2],[3,2],[4,-5],[0,-4],[3,-43],[-29,3],[1,2],[1,1],[6,8],[1,2],[-13,1]],[[945,800],[33,0]],[[1015,907],[2,0],[3,0],[1,0],[1,0],[2,1],[1,1],[1,0],[1,-1],[1,0],[0,-1],[1,-1],[2,-1],[3,-2],[2,0],[1,-1],[2,-1],[4,-3],[1,-4],[0,-2],[2,-1],[1,0],[1,-2],[1,0],[3,1],[0,-1],[1,1],[0,0],[1,0],[0,-3],[0,0],[0,-1],[2,1],[2,-1],[1,1],[1,-1],[1,-1],[2,0],[1,-1],[1,0],[1,0],[1,0],[0,-1],[-1,-1],[0,-2],[1,0],[1,0],[-6,-13],[-1,0],[-6,-7],[0,-44],[-7,-24],[-15,-60],[-23,15],[-2,1],[0,0],[-2,0],[-45,32],[-12,16],[0,0],[-4,4]],[[945,800],[26,56],[-2,13],[-1,4],[2,0],[14,1],[1,0],[1,0],[1,-2]],[[845,632],[-21,37],[-2,2],[-3,15],[-72,11],[-18,2],[15,9],[21,15],[-21,44],[-18,35],[10,51],[-25,40],[-7,11],[-18,26],[-7,5],[-5,7],[5,25],[37,14],[46,56],[21,-5],[7,19],[14,38],[29,-8],[14,40],[-12,19],[-45,23],[-6,4],[-11,9],[3,13],[2,19],[22,31],[48,-3],[38,-2]],[[886,1234],[18,6],[7,-4],[44,-34],[28,-22],[10,-7],[27,6],[27,3],[14,-6],[6,-3],[20,-7],[3,-11],[-13,-16],[64,-32],[25,-7],[26,-20],[16,-7],[27,-13],[4,-19],[-27,-46],[36,-35],[-13,-18],[-3,-20],[24,-16],[73,-22],[35,-42],[35,3],[16,-15],[0,0],[40,-40],[26,-19],[13,9],[-1,-15],[9,7],[0,1],[7,27],[16,-1],[21,-49],[2,-10],[7,8],[6,4],[10,4],[0,0],[10,-9],[4,-13],[5,0],[10,-1],[-17,-23],[-12,-31],[-13,-8],[7,-10],[28,-13],[2,1],[3,1],[2,-1],[1,-2],[2,-1],[2,0],[8,0],[0,0],[3,3],[19,21],[33,-28],[0,1],[2,3],[2,3],[1,2],[0,1],[6,-4],[4,-11],[2,-11],[20,-51],[22,-54],[28,-15],[14,-5],[-24,-30],[1,-17],[-1,-1],[-26,-10],[-11,-5],[1,-1],[6,-15],[-36,-28],[0,-24],[0,-22],[-21,10],[-20,-2],[-23,-3],[-6,-14],[30,7],[9,-14],[-1,-1],[0,-1],[0,-1],[0,-1],[1,-1],[4,-3],[1,-1],[2,-3],[1,-3],[0,-3],[-1,-2],[1,-12],[-17,-18],[-21,-42],[-7,-13],[-32,11],[16,-41],[-18,-8],[-2,-15],[-7,-5],[-28,-19],[-8,-9],[17,-14],[-45,-23],[-33,13],[-7,-10],[45,-32],[-2,-13],[-83,-14],[7,-47],[-38,-1],[-42,36],[-6,0],[12,18],[-6,8],[-13,33],[-44,14],[-18,9],[1,12],[6,20],[-6,16],[-27,5],[-26,-12],[5,50],[-32,2],[-4,21],[2,36],[-77,39],[7,8],[10,20],[-26,24],[-18,26],[1,11],[1,4],[0,0],[3,18],[6,31],[-8,9],[-10,12],[-59,46],[-30,11],[-99,-24],[0,0],[32,19],[36,62],[0,7],[-5,-4],[-14,12],[2,21],[-29,-14],[-19,7],[-51,18],[-2,1],[-1,0]],[[845,632],[-1,0],[-15,-10],[-22,-12],[-7,-11],[-2,-14],[-16,0],[-30,5],[-25,-32],[-10,-13],[-11,-16],[-1,-1],[-8,23],[-23,28],[-9,10],[-10,10],[-7,-7],[-50,-39],[-3,-26],[-2,-19],[-3,-16],[0,-3],[-31,-5],[-10,16],[-30,44],[-11,-11],[-37,-31],[-56,-44],[-13,14],[-59,68],[-94,1],[-25,30],[-22,32],[-9,32],[-7,7],[-11,7],[-15,9],[-19,12],[-8,15],[-3,24],[-29,-9],[0,8],[-6,34],[-5,31],[-39,71],[48,8],[3,-36],[23,7],[-7,30],[17,-2],[11,28],[-29,7],[10,53],[63,-23],[8,36],[67,13],[-17,55],[0,47],[6,45],[-48,15],[-43,3],[-62,-10],[-65,14],[-22,44],[-14,64],[21,36],[123,84],[1,25],[42,32],[22,6],[-1,1],[-1,1],[1,3],[1,2],[1,4],[2,2],[2,3],[1,1],[1,2],[0,1],[-1,2],[1,7],[1,2],[2,6],[2,5],[1,3],[3,3],[1,0],[1,2],[3,4],[2,3],[0,2],[0,2],[-1,3],[0,1],[-2,1],[0,2],[0,1],[0,2],[0,2],[0,2],[0,0],[-1,1],[-2,1],[0,1],[0,3],[2,2],[1,2],[0,2],[1,5],[0,0],[-1,1],[-1,2],[0,4],[-1,1],[-1,0],[-4,0],[-1,0],[-2,1],[0,2],[-3,2],[0,2],[0,1],[1,1],[0,1],[-1,1],[-2,3],[-3,3],[-1,3],[0,2],[0,2],[0,0],[-1,3],[0,2],[2,9],[1,1],[1,3],[1,1],[1,0],[0,2],[0,3],[0,0],[-1,2],[-2,1],[0,0],[0,3],[1,2],[0,1],[-1,2],[-2,1],[0,2],[2,1],[0,0],[5,4],[46,32],[40,-56],[9,-13],[-9,-15],[-21,-35],[34,24],[27,-36],[20,-30],[6,-8],[17,-8],[6,14],[53,-1],[15,-60],[21,47],[1,20],[1,0],[0,0],[0,0],[1,0],[0,0],[0,0],[1,-1],[0,0],[0,0],[1,0],[1,-1],[0,0],[1,-1],[0,0],[3,0],[1,0],[1,0],[0,0],[1,0],[0,0],[1,0],[1,-1],[2,1],[1,-1],[0,0],[1,0],[0,-1],[0,1],[0,0],[1,0],[0,0],[0,0],[1,0],[1,-1],[1,1],[0,-1],[1,1],[0,-1],[0,0],[1,0],[0,-1],[1,0],[0,-1],[0,0],[1,0],[0,-1],[0,0],[1,0],[0,-1],[-1,0],[1,-1],[1,0],[0,0],[0,0],[0,-1],[0,0],[1,0],[0,0],[0,-1],[1,0],[0,-2],[0,0],[0,0],[0,-1],[1,0],[0,0],[0,1],[0,-1],[1,0],[0,0],[2,-2],[0,0],[1,0],[0,0],[1,-1],[0,0],[0,-1],[1,0],[0,-1],[2,0],[2,-2],[1,0],[1,-1],[1,0],[2,0],[0,-1],[0,-2],[1,0],[9,-9],[0,-3],[3,-18],[1,1],[18,6],[18,-4],[10,-2],[17,-5],[35,-33],[15,30],[4,8],[22,18],[26,-31],[59,18],[12,-38],[29,-1],[20,-56],[12,-5],[95,-38],[-24,-23],[-24,-22]]],"objects":{"190":{"type":"GeometryCollection","geometries":[{"arcs":[[0,1,2,3]],"type":"Polygon","properties":{"WARD":"30703001","PROVINCE":"Northern Cape","CAT_B":"NC073","MUNICNAME":"Emthanjeni Local Municipality","WARDNO":1,"VOTERS":3714,"Area":9.40308529701,"Shape_Leng":0.181218853666,"Shape_Area":0.000884617425283,"ID":448,"POPULATION":5173,"DENSITY":550.1385807533741}},{"arcs":[[4,5,6,-2]],"type":"Polygon","properties":{"WARD":"30703002","PROVINCE":"Northern Cape","CAT_B":"NC073","MUNICNAME":"Emthanjeni Local Municipality","WARDNO":2,"VOTERS":3785,"Area":1.98393854823,"Shape_Leng":0.0814011774296,"Shape_Area":0.000186705725527,"ID":449,"POPULATION":7996,"DENSITY":4030.366770751921}},{"arcs":[[7,-6,8]],"type":"Polygon","properties":{"WARD":"30703003","PROVINCE":"Northern Cape","CAT_B":"NC073","MUNICNAME":"Emthanjeni Local Municipality","WARDNO":3,"VOTERS":2576,"Area":14.5727339933,"Shape_Leng":0.178063678329,"Shape_Area":0.00137195275148,"ID":450,"POPULATION":5418,"DENSITY":371.7902215528668}},{"arcs":[[9,-9,-5,-1,10]],"type":"Polygon","properties":{"WARD":"30703004","PROVINCE":"Northern Cape","CAT_B":"NC073","MUNICNAME":"Emthanjeni Local Municipality","WARDNO":4,"VOTERS":2648,"Area":96.8450686409,"Shape_Leng":0.619617697039,"Shape_Area":0.00911660171377,"ID":451,"POPULATION":5353,"DENSITY":55.273852093066715}},{"arcs":[[-3,-7,-8,-10,11]],"type":"Polygon","properties":{"WARD":"30703005","PROVINCE":"Northern Cape","CAT_B":"NC073","MUNICNAME":"Emthanjeni Local Municipality","WARDNO":5,"VOTERS":3449,"Area":19.8177947991,"Shape_Leng":0.211594468043,"Shape_Area":0.00186533386485,"ID":452,"POPULATION":6050,"DENSITY":305.2811910371962}},{"arcs":[[12,13],[-12,-11,-4]],"type":"Polygon","properties":{"WARD":"30703006","PROVINCE":"Northern Cape","CAT_B":"NC073","MUNICNAME":"Emthanjeni Local Municipality","WARDNO":6,"VOTERS":2746,"Area":6762.67942009,"Shape_Leng":5.34101405493,"Shape_Area":0.637750876096,"ID":453,"POPULATION":6178,"DENSITY":0.91354322986935}},{"arcs":[[-13,14]],"type":"Polygon","properties":{"WARD":"30703007","PROVINCE":"Northern Cape","CAT_B":"NC073","MUNICNAME":"Emthanjeni Local Municipality","WARDNO":7,"VOTERS":3321,"Area":6566.65040374,"Shape_Leng":5.01318975213,"Shape_Area":0.616993256242,"ID":454,"POPULATION":6188,"DENSITY":0.942337359161934}}]}}}