{"type":"Topology","transform":{"scale":[0.0017725653602941164,0.0013574834481236142],"translate":[21.072910000000036,-31.216260002999945]},"arcs":[[[555,163],[29,7],[5,16]],[[589,186],[1,-1],[1,3],[0,0],[0,1],[0,0],[1,1],[1,0]],[[593,190],[1,0],[0,0],[0,-1],[0,0],[0,1],[1,-1],[0,0],[1,0],[0,1],[-1,0],[1,0],[0,-1],[0,0],[5,1],[1,1],[10,-1],[10,1],[-4,-14],[-2,-32],[-18,-17],[-43,35]],[[589,186],[0,1],[0,0],[2,6],[0,0],[1,3]],[[592,196],[2,-3],[0,-1],[-1,-1],[0,0],[0,-1]],[[555,131],[2,3],[1,2],[-3,3],[0,24]],[[592,196],[11,41],[-9,0],[2,5],[-17,31],[-5,5],[-11,29],[-5,23],[-9,23],[20,12],[21,11],[11,6],[13,8],[24,3],[1,2],[0,1],[4,9],[9,26],[0,1],[0,1],[0,0],[-2,4],[0,1],[1,0],[0,1],[0,0],[3,2],[1,1],[1,0],[0,1],[1,0],[0,1],[2,1],[0,0],[0,0],[0,1],[0,8],[0,1],[0,1],[-1,0],[0,2],[0,1],[0,6],[0,12],[0,2],[0,4],[0,1],[0,1],[0,1],[0,2],[0,6],[0,13],[0,0],[-1,1],[-1,4],[-2,3],[0,0],[0,1],[0,3],[0,5],[-1,8],[0,1],[-1,4],[0,2],[0,3],[0,5],[0,8],[0,8],[0,2],[-1,1],[0,1],[0,1],[2,11],[0,0],[-1,2],[0,1],[-8,4],[-1,0],[0,0],[-8,13],[-3,4],[-1,0],[-3,7],[-1,1],[-1,1],[-4,1],[-10,6],[-12,6],[1,8],[0,12],[1,5],[1,8],[0,6],[-2,15],[-1,9],[1,6],[46,6],[-9,36]],[[638,736],[29,32],[19,1],[6,-18],[31,2],[12,0],[15,1],[36,2],[32,23],[48,-30],[37,8],[-15,43],[57,38],[35,-4],[31,-21],[1,-43],[40,35],[34,7],[-8,-9],[6,-7],[-5,-6],[-17,-8],[0,-6],[0,-44],[15,-11],[-13,-26],[7,-38],[2,-7],[13,-32],[39,-11],[37,8],[26,-2],[29,-11],[-4,-32],[1,-34],[10,-39],[-41,-9],[-4,-26],[-17,7],[-22,9],[-6,-38],[18,-4],[-7,-21],[-10,2],[4,-22],[-14,-5],[-1,26],[-29,-5],[24,-52],[2,-22],[4,-24],[0,-6],[18,7],[1,-17],[5,-11],[-19,-26],[0,1],[-6,-8],[-5,-7],[-14,-1],[-13,0],[-13,0],[2,9],[-14,3],[-18,4],[-11,2],[-9,2],[-3,-5],[3,-12],[0,0],[0,0],[-20,-15],[-45,-35],[-24,16],[8,-19],[-17,-8],[-19,-10],[-14,16],[0,0],[0,0],[-12,-3],[-23,-5],[-12,-3],[0,0],[0,0],[0,0],[-5,-8],[0,0],[-7,0],[-17,-4],[-3,13],[-4,-2],[-2,2],[-2,0],[-7,-9],[-14,-15],[-6,-5],[5,-7],[17,-30],[-1,-6],[-1,-22],[-9,-10],[-5,-5],[0,-1],[0,1],[-17,-11],[-61,-7],[-9,-2],[-30,-17],[-8,-18],[-21,-19],[-17,17],[2,18],[-18,7],[-19,8],[-10,-6],[-10,6],[-6,10],[6,25],[-3,36],[-14,10]],[[555,131],[-30,19],[-3,-4],[-9,-11],[-18,15],[-18,-23],[-28,-10],[-13,-5],[-29,3],[-11,-1],[-21,-2],[-21,1],[2,-11],[-19,-15],[-18,11],[-28,16],[-12,-26],[-33,29],[9,40],[-24,7],[2,27],[-2,9],[11,22],[1,20],[-11,-2],[-8,11],[13,35],[-16,6],[-10,26],[15,21],[6,7],[-28,10],[-8,3],[-22,22],[-3,7],[-22,38],[-37,36],[21,34],[-25,50],[-1,9],[-6,48],[-1,3],[-1,3],[-16,42],[-14,-4],[-17,0],[-32,2],[-19,2],[-1,0],[1,22],[30,27],[9,7],[3,36],[62,3],[-27,18],[-28,-8],[-5,-1],[7,78],[44,34],[4,1],[0,0],[6,1],[33,8],[29,6],[13,9],[10,8],[0,0],[1,1],[2,1],[5,4],[26,-19],[20,-14],[38,-10],[10,24],[12,-1],[46,13],[31,-9],[2,-1],[4,-1],[41,-13],[17,11],[20,11],[9,6],[3,-6],[10,-19],[34,11],[1,0],[0,0],[8,3],[12,-38],[42,-33],[14,-8],[42,-9],[-15,-37],[12,-31]]],"objects":{"191":{"type":"GeometryCollection","geometries":[{"arcs":[[0,1,2]],"type":"Polygon","properties":{"WARD":"30704001","PROVINCE":"Northern Cape","CAT_B":"NC074","MUNICNAME":"Kareeberg Local Municipality","WARDNO":1,"VOTERS":1795,"Area":56.3147960769,"Shape_Leng":0.340370398776,"Shape_Area":0.00531844335061,"ID":455,"POPULATION":2750,"DENSITY":48.83263709673689}},{"arcs":[[3,4,-2]],"type":"Polygon","properties":{"WARD":"30704002","PROVINCE":"Northern Cape","CAT_B":"NC074","MUNICNAME":"Kareeberg Local Municipality","WARDNO":2,"VOTERS":2149,"Area":0.520298143623,"Shape_Leng":0.0367638223473,"Shape_Area":0.000049116380293,"ID":456,"POPULATION":3862,"DENSITY":7422.667267477982}},{"arcs":[[5,-3,-5,6,7]],"type":"Polygon","properties":{"WARD":"30704003","PROVINCE":"Northern Cape","CAT_B":"NC074","MUNICNAME":"Kareeberg Local Municipality","WARDNO":3,"VOTERS":1295,"Area":8367.7395642,"Shape_Leng":5.33567033644,"Shape_Area":0.787129083373,"ID":457,"POPULATION":2169,"DENSITY":0.259209788182188}},{"arcs":[[-7,-4,-1,-6,8]],"type":"Polygon","properties":{"WARD":"30704004","PROVINCE":"Northern Cape","CAT_B":"NC074","MUNICNAME":"Kareeberg Local Municipality","WARDNO":4,"VOTERS":1816,"Area":9277.39431632,"Shape_Leng":4.75144134396,"Shape_Area":0.871612850865,"ID":458,"POPULATION":2892,"DENSITY":0.311725458829818}}]}}}