{"type":"Topology","transform":{"scale":[0.0005332478383060807,0.0004717313442786145],"translate":[23.84207999800003,-30.75996000599997]},"arcs":[[[1867,1361],[7,-8],[2,-1],[3,-3],[7,-2],[11,-3],[16,-7],[3,-1],[7,-2],[3,-3],[3,-3],[2,-4],[5,-11],[3,-8],[3,-10],[2,-10],[0,0],[1,-4],[2,-7],[1,-4],[1,-8],[0,-5],[0,-8],[0,-5],[1,-2],[2,-2],[6,-6],[5,-4],[7,-4],[5,-5],[1,-7],[-1,-4],[0,-5],[1,-10],[0,-3],[5,-14],[2,-4],[3,-3],[1,-1],[3,-2],[5,-1],[4,-1],[3,0],[1,1],[4,1],[3,3],[3,4],[6,7],[3,3],[2,1],[2,1],[3,-1],[2,0],[2,-2],[2,-2],[6,-10],[1,-2],[1,-7],[1,-5],[0,-3],[1,-1],[3,-4],[6,-5],[3,-2],[5,-1],[2,-1],[4,-5],[2,-3],[2,0],[1,0],[2,1],[3,0],[-3,-2],[-41,-31],[-29,-14],[-8,-10],[26,-41],[0,-1],[-30,-6],[-47,8],[-16,-24],[0,-13],[-10,-20],[-13,-17],[-10,-46],[-5,-21],[-5,-36],[-1,-4],[-3,-4],[0,0],[-9,-12],[-2,-1],[-13,-7],[-8,-4],[-19,-10],[-26,-14],[-7,-3],[-14,-33],[-2,-9],[-3,-4],[-3,-9],[-4,-9],[0,-2],[-1,-1],[0,-2],[-1,-2],[-45,3],[-27,18],[-7,0],[-12,1],[-7,0],[-9,0],[-5,1],[1,-35],[12,-9],[12,-24],[16,-3],[2,0],[0,-1],[28,-6],[0,-1],[-14,-30],[5,-59],[-16,-45],[2,-38],[-9,0],[-37,-7],[-7,-32],[-15,-35],[-3,-4],[-1,-9],[-8,-9],[-1,-14],[-1,-1],[-18,-20],[-6,-20],[1,-22],[-33,-41],[2,-3],[0,-1],[-5,-30],[-5,-24],[-34,-91],[-6,-46],[-13,-78],[-19,17],[-1,1],[-6,-3],[-13,-6],[-6,-4],[-7,-3],[-13,-17],[-1,1],[-3,19],[-43,102],[-32,1],[-13,-56],[0,-1],[-18,-15],[1,30],[-25,-18],[-53,40],[-24,25],[-34,35],[-20,21],[-1,2],[-1,-1],[-31,30],[-71,-6],[-16,19],[-48,62],[-5,5],[-106,33],[-41,12],[-4,3],[-43,30],[5,42],[27,37]],[[843,452],[50,6],[77,-15],[43,-33],[22,50],[1,84],[2,44],[7,41],[1,1],[1,1],[12,6],[7,2],[4,0],[11,3],[5,1],[6,2],[6,0],[9,3],[32,10],[11,4],[10,3],[5,2],[-10,2],[2,2],[4,-1],[1,2],[-3,3],[1,3],[-9,3],[-8,6],[-11,18],[2,7],[-15,5],[22,9],[3,2],[13,-23],[8,-5],[4,5],[0,1],[2,3],[0,1],[1,1],[1,1],[0,2],[2,3],[-14,23],[56,44],[-1,11],[-11,37],[34,22],[-9,5],[15,30],[10,9],[-1,1],[-1,1],[-2,1],[-1,5],[-1,1],[-16,5],[-6,5],[-5,1],[-2,0],[-6,3],[-5,2],[-10,16],[-15,54],[15,17],[7,34],[2,5],[-2,2],[-6,18],[-4,13],[-3,1],[-42,2],[-15,0],[-9,10],[6,53],[4,10],[91,-18],[8,25],[18,6],[7,3],[5,23],[2,9],[2,11],[3,16],[0,1],[-1,2],[-4,2],[-1,2],[1,4],[0,0],[2,0],[0,1],[2,6],[6,25],[1,1],[3,2],[1,3],[2,4],[1,9],[0,6],[3,8],[2,7],[2,9],[0,0],[25,8],[10,5],[1,0],[21,-9],[52,-12],[6,1],[17,7],[7,2],[0,0],[1,1],[3,6],[5,26],[17,28],[2,3],[6,6],[1,1],[33,6]],[[1500,1404],[11,-31],[-31,-21],[50,-62],[83,31],[30,27],[1,0],[0,1],[11,-6],[18,9],[8,10],[20,-21],[15,4],[3,-7],[5,5],[1,3],[-10,7],[9,11],[14,-6],[10,29],[10,-22],[9,1],[15,-6],[-3,-12],[28,-4],[17,0],[17,8],[19,7],[7,2]],[[1540,1435],[0,1]],[[1540,1436],[-1,3],[1,2],[0,2],[-1,1],[0,1],[1,1],[0,2],[1,2],[4,-1],[4,-2],[-1,2],[-3,7],[0,1],[0,4],[0,1],[13,3],[28,14],[14,-16]],[[1600,1463],[-6,-7],[-9,-9],[-12,-5],[-9,0],[-1,0],[0,-2],[-2,1],[-1,-5],[-1,1],[0,-2],[-10,0],[0,0],[-9,0]],[[1500,1404],[7,1],[1,1],[12,8],[4,1],[1,-1],[1,5],[5,1],[2,2],[0,2],[2,1],[1,0],[1,1],[1,1],[1,0],[0,1],[1,6]],[[1540,1434],[0,1]],[[1600,1463],[1,-1],[17,24],[24,-61],[0,3],[-1,45],[0,57],[1,0],[5,-12],[3,22],[6,17],[2,25],[3,26],[0,3],[-3,1],[10,13],[1,4]],[[1669,1629],[12,3],[2,1],[3,0],[4,-2],[2,-1],[2,1],[7,2],[2,0],[4,-1],[2,-2],[3,-2],[2,-1],[2,-1],[3,0],[5,-1],[15,1],[8,-2],[6,-2],[11,-1],[2,-1],[2,0],[7,-2],[5,-2],[3,-1],[2,-2],[3,-4],[5,-6],[3,-4],[7,-12],[2,-5],[1,-3],[3,-6],[1,-4],[1,-4],[0,-2],[0,-3],[0,-2],[-1,-3],[-4,-4],[-9,-6],[-2,-3],[-1,-3],[-2,-5],[-3,-19],[0,-2],[1,-3],[1,-5],[2,-5],[5,-7],[2,-6],[2,-3],[2,-2],[4,-3],[5,-3],[6,-5],[4,-4],[0,-2],[0,-4],[1,-6],[1,-4],[2,-9],[3,-5],[1,-1],[2,-1],[6,-1],[2,-1],[4,-3],[4,-3],[5,-5],[4,-7],[1,0],[4,-1],[3,-2],[1,0],[2,-3],[0,-4],[0,-10],[-2,-11],[-2,-12],[0,-5],[0,-3],[2,-3]],[[1540,1436],[0,-2]],[[843,452],[-63,63],[-10,10],[55,94],[-8,39],[-55,26],[-32,15],[-53,41],[-48,15],[-101,51],[-29,14],[28,34],[-7,22],[-40,15],[-12,5],[-28,13],[-55,-5],[-53,-14],[-20,15],[-55,46],[-89,70],[-15,7],[-35,-12],[49,46],[47,47],[-191,78],[-23,10],[110,-20],[72,-12],[5,42],[-30,98],[24,47],[12,35],[1,2],[3,-2],[28,-24],[58,9],[4,12],[4,12],[15,42],[18,-3],[44,-32],[1,14],[-18,116],[0,34],[51,36],[76,-4],[31,-9],[43,20],[112,-4],[90,58],[32,-14],[20,13],[13,24],[22,-5],[-16,67],[30,80],[50,6],[99,14],[48,-60],[38,63],[57,39],[19,70],[5,20],[1,4],[0,2],[3,6],[1,11],[2,6],[14,-2],[3,0],[5,0],[7,0],[3,-1],[15,-4],[4,-2],[2,-2],[2,-2],[0,-2],[1,-2],[2,-2],[1,0],[1,-1],[1,-3],[1,-3],[0,-5],[-1,-6],[-2,-6],[0,-2],[0,-3],[1,-4],[1,0],[4,-4],[5,-4],[5,-3],[5,-2],[8,-3],[4,-1],[8,-2],[3,0],[5,0],[16,5],[2,1],[4,0],[3,0],[5,-2],[6,-3],[4,-5],[3,-4],[3,-9],[2,-7],[1,-2],[0,-3],[2,-8],[14,-28],[3,-4],[23,-25],[8,-9],[7,-5],[8,-7],[9,-7],[1,-2],[4,-2],[4,-3],[2,-1],[1,-1],[9,-5],[2,-1],[3,-2],[1,-1],[3,0],[16,-1],[3,0],[8,1],[3,0],[8,1],[4,0],[8,0],[5,0],[3,0],[2,-1],[3,0],[4,0],[3,1],[2,3],[3,5],[1,2],[0,2],[-1,6],[1,2],[2,3],[2,2],[1,0],[3,1],[2,0],[7,-1],[7,-3],[4,-3],[4,-5],[0,-2],[1,-1],[1,-4],[0,-3],[-1,-4],[0,-1],[-1,-6],[-1,-2],[0,-2],[0,-9],[-2,-20],[-1,-5],[-3,-9],[-1,-3],[0,-4],[0,-6],[1,-6],[2,-7],[3,-7],[5,-13],[2,-7],[0,-2],[2,-10],[1,-9],[1,-3],[2,-3],[2,-2],[1,-1],[2,-1],[2,-2],[5,-2],[4,-1],[7,-1],[6,-3],[3,-1],[4,-2],[2,-1],[4,-1],[1,0],[7,0],[6,-2],[8,-3],[2,-1],[4,-3],[2,-2],[2,-2],[10,-3],[3,-1],[2,-1],[6,-2],[0,0],[4,-1],[8,1],[4,1]]],"objects":{"192":{"type":"GeometryCollection","geometries":[{"arcs":[[0,1,2]],"type":"Polygon","properties":{"WARD":"30705001","PROVINCE":"Northern Cape","CAT_B":"NC075","MUNICNAME":"Renosterberg Local Municipality","WARDNO":1,"VOTERS":1412,"Area":2180.33464442,"Shape_Leng":2.7893918621,"Shape_Area":0.204670969539,"ID":459,"POPULATION":2989,"DENSITY":1.370890476675023}},{"arcs":[[3,4,5]],"type":"Polygon","properties":{"WARD":"30705002","PROVINCE":"Northern Cape","CAT_B":"NC075","MUNICNAME":"Renosterberg Local Municipality","WARDNO":2,"VOTERS":2328,"Area":3.9659019955,"Shape_Leng":0.0919030760747,"Shape_Area":0.00037106100952,"ID":460,"POPULATION":4254,"DENSITY":1072.643752878134}},{"arcs":[[-3,6,7,-6,8,9]],"type":"Polygon","properties":{"WARD":"30705003","PROVINCE":"Northern Cape","CAT_B":"NC075","MUNICNAME":"Renosterberg Local Municipality","WARDNO":3,"VOTERS":990,"Area":177.13026717,"Shape_Leng":0.75615184602,"Shape_Area":0.0165735234763,"ID":461,"POPULATION":1587,"DENSITY":8.959507741705622}},{"arcs":[[-9,-5,10,-7,-2,11]],"type":"Polygon","properties":{"WARD":"30705004","PROVINCE":"Northern Cape","CAT_B":"NC075","MUNICNAME":"Renosterberg Local Municipality","WARDNO":4,"VOTERS":1376,"Area":3165.71640024,"Shape_Leng":3.3792144504,"Shape_Area":0.29646196405,"ID":462,"POPULATION":2148,"DENSITY":0.67851940238145}}]}}}