{"type":"Topology","transform":{"scale":[0.0003778034437347963,0.0003432951110440585],"translate":[23.227802277000023,-30.210260000999938]},"arcs":[[[1303,2954],[2,-43],[1,-4],[0,-4],[-19,-80],[-9,-20],[-1,0],[-1,0],[-2,0],[-3,1],[-84,33],[-13,5],[-15,7],[-7,2],[-4,-9],[-50,-60],[-3,-2],[-9,-7],[-1,-2],[-9,-6],[-3,-1],[-2,-3],[-5,-3],[-6,-5],[0,-1],[2,-2],[2,-1],[1,-1],[2,-4],[3,-4],[1,-1],[8,-9],[1,-1],[-53,-29],[-1,-1],[-18,-67],[-3,-10],[-3,-10],[-2,-3],[-5,-4],[-7,0],[-4,0],[-1,0],[-4,-6],[-1,-1],[-5,-6],[-8,-9],[0,-3],[-2,-2],[-4,-7],[-3,-6],[-4,-5],[-3,-5],[-2,-2],[-4,-5],[-18,-30],[-2,0],[-2,-1],[0,0],[-1,0],[-1,1],[0,0],[-1,-3],[-1,-2],[-3,-2],[-13,-16],[-3,-1],[-21,-12],[-3,-1],[-3,-3],[-6,-7],[-2,-2],[-10,-6],[-2,-1],[-42,-12],[-6,-4],[-1,-2],[0,-2],[11,-5],[3,-1],[2,-2],[19,-33],[23,-33],[12,-17],[9,-18],[1,-3],[18,-18],[3,-1],[3,-2],[27,-6],[115,-14],[4,0],[7,0],[18,2],[79,5],[14,2],[3,1],[10,2],[48,15],[67,13],[7,0],[75,-6],[3,2],[17,8],[3,2],[2,2],[35,-65],[17,-109],[-68,-224],[21,-289],[-3,-7],[34,-5],[12,-8],[82,-73],[62,-123],[-87,-116],[88,-36],[67,45],[91,32],[105,48],[0,-4],[1,-5],[0,-8],[2,-12],[6,5],[2,2],[3,2],[1,0],[5,-2],[7,-2],[3,-1],[11,-3],[21,-4],[5,-1],[2,-1],[2,-2],[5,-7],[2,-4],[2,-2],[1,-1],[2,0],[8,-8],[2,-3],[2,-4],[2,-5],[3,-7],[1,-3],[0,-1],[4,-4],[1,-2],[1,-1],[3,-1],[11,0],[1,-1],[2,-1],[3,-2],[4,-1],[6,-3],[4,-4],[11,-8],[16,-14],[47,-59],[25,16],[1,-2],[1,1],[4,4],[1,1],[30,-9],[33,-12],[3,0],[13,-1],[-5,-18],[71,-4],[-14,-111],[17,-48],[49,15],[36,21],[53,-57],[7,-17],[2,-22],[95,6],[30,11],[79,28],[63,-3],[21,-94],[-100,-69],[28,-119],[71,-57]],[[2690,685],[-45,-28],[-83,-51],[-157,5],[-60,-28],[-44,13],[-107,6],[-72,-51],[-1,-46],[25,-159],[-1,-20],[-61,45],[-26,3],[-21,-57],[-6,-17],[-6,-16],[-81,-13],[-41,34],[-3,3],[-1,-3],[-17,-49],[-18,-32],[-10,-19],[-7,-12],[43,-135],[-7,-58],[-101,17],[-156,27],[-57,157],[-81,3],[-23,70],[-13,38],[-165,-50],[-74,88],[-5,-5],[-57,-47],[-11,-21],[-42,-85],[-99,94],[-50,11],[-14,3],[-14,3],[-50,12],[-52,-16],[-3,-4],[-6,50],[-1,11],[-2,1],[-25,23],[-1,1],[1,2],[-1,3],[0,1],[0,1],[-3,1],[-1,1],[-1,0],[-1,0],[-2,0],[0,0],[-1,1],[-2,2],[-1,0],[-2,0],[-2,0],[-3,2],[-2,2],[-4,1],[-2,2],[-2,1],[0,0],[0,2],[1,0],[0,1],[-2,1],[0,1],[-1,0],[-1,-1],[-2,2],[-1,-1],[-1,0],[-1,2],[-1,1],[-1,2],[-1,1],[-1,0],[-1,1],[-1,0],[-1,-2],[-1,1],[0,0],[0,1],[1,1],[-1,0],[0,3],[-1,2],[-1,0],[0,1],[-1,0],[1,1],[0,1],[-1,1],[0,0],[-2,0],[-3,1],[0,0],[0,1],[2,0],[-1,1],[-1,1],[-2,0],[-1,1],[1,0],[0,1],[0,0],[0,2],[-1,0],[-1,-1],[-1,0],[0,1],[0,3],[-1,0],[-1,-1],[-1,1],[0,1],[0,1],[0,0],[-1,0],[0,1],[0,0],[0,1],[-1,1],[-1,0],[-1,0],[0,0],[0,2],[-1,0],[0,1],[-1,0],[-1,-1],[0,1],[-1,0],[-1,-1],[-2,1],[-1,0],[-2,1],[-1,0],[-1,-1],[-1,-1],[-1,1],[0,-1],[-2,1],[-1,2],[0,0],[-1,0],[-1,0],[0,1],[-1,0],[-2,0],[-4,-2],[0,1],[-2,1],[-2,0],[-1,0],[-2,0],[-1,1],[-1,-1],[-1,1],[0,0],[-2,0],[-1,-1],[-1,1],[-1,-1],[-6,0],[-1,1],[-1,0],[-1,0],[0,1],[0,1],[-2,1],[-1,2],[-3,0],[-1,1],[-1,0],[-1,0],[-1,1],[0,1],[0,0],[0,0],[0,1],[-2,0],[-1,-1],[-1,1],[0,0],[-1,-32],[-2,-26],[-22,-48],[-39,-85],[-14,55],[-29,114],[-83,1],[-66,2],[-17,-38],[-48,22],[-16,22],[-56,86],[-4,5],[-2,4],[-72,93],[-96,-67],[60,99],[24,42],[-24,35],[-84,118],[-30,41],[0,0],[26,1],[1,-1],[28,1],[33,1],[46,2],[90,8],[56,4],[-18,52],[-36,103],[14,25],[10,19],[16,27],[-23,6],[-99,23],[-29,53],[4,5],[48,51],[24,26],[35,40],[20,23],[25,29],[-135,88],[24,144],[-55,36],[-62,40],[-16,-11],[-1,0],[-16,-11],[-27,-17],[-1,40],[-3,60],[2,96],[-3,20],[-9,79],[136,178],[66,11],[160,58],[-12,109],[7,68],[123,134],[27,120],[65,-52],[9,23],[2,-1],[0,1],[136,20],[1,1],[39,4],[-29,75],[-10,28],[-1,5],[-18,52],[-1,2],[-1,0],[-10,28],[3,5],[6,10],[6,10],[4,6],[2,4],[3,7],[1,2],[1,1],[6,3],[1,2],[1,3],[1,9],[1,5],[2,4],[2,3],[2,2],[2,2],[5,2],[6,2],[6,1],[12,0],[10,1],[17,3],[21,6],[24,5],[7,2],[4,2],[11,6],[5,3],[3,2],[7,6],[3,3],[2,2],[3,6],[5,10],[6,6],[6,5],[6,4],[5,3],[2,1],[2,2],[4,4],[7,10],[8,15],[6,10],[3,7],[2,3],[2,2],[1,3],[2,5],[6,9],[7,13],[8,10],[6,8],[6,7],[6,7],[5,7],[12,15],[18,15],[8,6],[5,9],[0,2],[0,4],[0,2],[4,4],[2,4],[6,12],[3,7],[0,8],[-1,7],[-3,7],[-2,3],[-1,1],[-2,4],[-4,13],[-5,12],[-4,15],[-3,9],[0,9],[1,2],[1,2],[1,1],[1,3],[1,2],[1,4],[2,2],[5,5],[9,7],[4,4],[3,2],[10,5],[2,1],[10,1],[5,0],[9,-3],[13,-8],[6,-4],[29,-21],[15,-11],[9,-5],[16,-8],[11,-7],[8,-6],[8,-6],[14,-10],[8,-4],[5,-2],[4,-2],[6,0],[6,2],[8,0],[2,0],[2,-1],[2,-2],[1,-2],[1,-5],[0,-7],[-6,-12],[-3,-7],[-1,-3],[-1,-1],[1,-3],[1,-6],[2,-6],[0,-4],[-1,-5],[-3,-4],[-2,-3],[-7,-9],[-8,-8],[-4,-9],[-2,-3],[-2,-8],[-3,-18],[-1,-10],[-2,-6],[0,-3],[2,-4],[3,-3],[1,-2],[2,-5],[1,-2],[2,-1],[3,-2],[6,-1],[2,-1],[3,-2],[3,-4],[5,-10],[3,-10],[7,-14],[3,-7],[5,-9],[4,-11],[0,-4],[2,-5],[6,-10],[4,-4],[3,-3],[6,-4],[2,-1],[5,-1]],[[1303,2954],[6,-1],[8,0],[6,0],[14,0],[7,2],[5,1],[21,4],[7,1],[4,1],[4,0],[7,-1],[12,-5],[11,-6],[4,-3],[6,-5],[2,-3],[3,-5],[3,-8],[5,-9],[2,-5],[3,-5],[3,-5],[7,-9],[6,-5],[4,-4],[7,-7],[2,-2],[3,-4],[1,-2],[1,-3],[0,-7],[-2,-12],[-2,-7],[-2,-4],[-3,-5],[-4,-5],[-6,-11],[-2,-12],[-6,-24],[-3,-16],[-1,-12],[0,-11],[2,-9],[4,-11],[1,-6],[3,-5],[3,-5],[0,-3],[-1,-3],[0,-1],[2,-4],[2,-2],[2,-1],[6,-4],[3,-2],[4,-1],[3,0],[5,-1],[3,0],[14,2],[5,0],[17,1],[2,0],[4,2],[8,0],[11,3],[7,0],[6,-1],[4,-1],[5,-4],[3,-2],[1,0],[5,-1],[5,1],[3,1],[4,1],[9,2],[11,3],[8,1],[20,1],[1,0],[4,-1],[5,0],[5,1],[10,1],[6,2],[2,0],[2,-1],[7,-1],[2,-1],[2,-1],[2,-3],[8,-8],[1,-3],[3,-9],[2,-2],[2,-3],[2,-1],[3,-2],[2,0],[3,-1],[5,-2],[4,-1],[4,-2],[2,-1],[2,-3],[1,-2],[1,-3],[3,-7],[0,-1],[0,-2],[3,-4],[1,-4],[2,-2],[0,-2],[2,-5],[0,-5],[1,-3],[-1,-5],[-2,-5],[-1,-7],[-5,-6],[-1,-2],[0,-4],[1,-2],[1,-2],[2,-1],[3,-1],[1,-1],[2,-1],[1,-2],[0,-3],[1,-4],[0,-3],[-2,-4],[0,-4],[1,-4],[1,-2],[3,-4],[5,-6],[5,-8],[9,-13],[3,-3],[1,-1],[1,-2],[2,-4],[1,-1],[2,-3],[2,-4],[1,-2],[1,-3],[3,-3],[3,-6],[5,-6],[8,-10],[9,-12],[1,-2],[2,-1],[2,-3],[2,-3],[7,-13],[9,-9],[1,-2],[3,-6],[3,-5],[2,-9],[2,-4],[2,-1],[1,-1],[2,-1],[3,0],[1,0],[1,-1],[1,-3],[1,-4],[0,-5],[0,-2],[5,-10],[1,-4],[-1,-3],[1,-1],[-2,-5],[0,-2],[1,-17],[2,-4],[0,-2],[1,-9],[-1,-5],[-1,-7],[-2,-4],[-1,-2],[-1,-2],[-4,-4],[-4,-7],[-6,-9],[-4,-3],[0,-1],[-3,-4],[0,-2],[-3,-4],[-2,-7],[-1,-1],[-2,-5],[-4,-6],[-1,-2],[-2,-9],[-2,-7],[0,-5],[1,-3],[1,-4],[0,-3],[0,-4],[-1,-6],[0,-5],[0,-4],[1,-2],[0,-2],[2,-3],[0,-3],[0,-2],[2,-2],[2,-3],[4,-3],[1,-1],[4,-4],[4,-5],[4,-4],[4,-3],[1,-1],[4,-8],[3,-3],[3,-4],[2,-4],[3,-6],[1,-2],[2,-2],[1,-2],[4,-5],[5,-3],[6,-2],[3,-1],[2,-2],[3,-1],[2,0],[3,2],[1,0],[8,0],[4,0],[6,1],[2,-1],[4,0],[3,1],[3,0],[1,0],[3,-1],[5,-2],[7,-1],[10,-1],[6,-2],[3,-2],[4,-2],[2,-2],[2,-1],[4,-4],[1,-2],[1,-1],[1,-7],[0,-5],[2,-7],[7,-7],[6,-4],[5,-2],[12,-4],[8,-4],[4,-3],[9,-4],[3,-2],[5,-2],[4,-1],[3,-1],[7,-2],[3,-2],[5,-3],[2,-1],[4,-4],[3,-3],[0,-1],[3,-5],[0,-1],[2,-4],[1,-3],[4,1],[82,43],[100,-35],[19,-8],[141,-59],[18,8],[7,2],[34,11],[78,26],[10,-18],[22,-40],[6,-12],[4,-7],[1,-1],[2,-2],[3,-1],[8,-4],[52,-25],[40,-17],[31,-12],[24,0],[4,-32],[-69,-79],[-19,-21],[7,-1],[2,-1],[2,0],[2,0],[5,0],[4,0],[1,-1],[1,-1],[2,-4],[6,-7],[2,-3],[0,-2],[3,-3],[2,-2],[3,-2],[1,0],[1,-2],[3,-3],[3,-2],[1,-2],[4,0],[7,-4],[7,-2],[3,-1],[2,-1],[5,-2],[2,-1],[5,-3],[7,-7],[6,-8],[14,-13],[7,-8],[5,-7],[2,-1],[1,-2],[5,-5],[3,-4],[4,-3],[1,-2],[2,-2],[0,-2],[3,-3],[5,-9],[1,-4],[1,-2],[2,-1],[3,-1],[5,-1],[3,1],[3,0],[2,0],[6,4],[6,3],[6,5],[4,3],[4,2],[4,4],[3,3],[1,1],[2,1],[2,-1],[5,-1],[3,-2],[3,-1],[5,-1],[12,-3],[4,-1],[4,-1],[1,-1],[10,-1],[11,-1],[3,0],[1,0],[6,3],[2,1],[3,0],[4,-1],[3,-2],[8,-5],[1,-1],[1,-2],[2,-5],[0,-10],[-1,-12],[-3,-25],[-1,-6],[-1,-6],[-1,-15],[-1,-7],[0,-12],[-2,-9],[-1,-4],[-2,-12],[0,-4],[3,-8],[4,-10],[2,-3],[3,-2],[1,-3],[2,-3],[7,-5],[5,-4],[1,0],[3,-1],[4,-2],[8,-4],[1,-1],[6,-4],[14,-14],[3,-1],[4,-3],[2,-2],[4,-9],[3,-8],[1,-3],[6,-14],[0,-2],[1,-2],[2,-5],[1,-4],[2,-3],[2,-5],[1,-3],[1,-2],[1,-3],[1,-3],[1,-4],[4,-8],[12,-18],[1,-4],[2,-3],[2,-3],[3,-4],[2,-2],[2,-5],