{"type":"Topology","transform":{"scale":[0.0008570144415789341,0.0007110952102366671],"translate":[21.721610000000055,-30.238129999999952]},"arcs":[[[1183,806],[-1,0],[0,0],[-1,2],[1,0],[0,1],[0,2],[-3,-2],[0,0],[0,0],[-1,-1],[0,0],[-1,-1],[0,1],[-1,2],[-2,-1]],[[1174,809],[-1,0],[0,1],[-2,-1],[0,-3],[-17,3],[1,5],[1,2],[0,-1],[1,1],[1,1],[0,1],[1,0],[1,1],[0,0],[4,1],[2,2],[1,1],[0,0],[0,-1],[1,0],[1,-1],[1,0],[1,2],[3,-3],[2,-1],[3,0],[4,-2],[0,-3],[1,-2],[0,0],[0,0],[0,0],[0,-1],[1,0],[-1,0],[1,-1],[0,-1],[0,0],[0,-1],[0,0],[-1,-1],[-1,0],[0,-1],[0,0]],[[1183,806],[1,-2],[-13,-7],[-1,2],[0,1]],[[1170,800],[0,1]],[[1170,801],[0,2]],[[1170,803],[1,1],[3,0],[0,5]],[[1266,1361],[-5,-35],[-6,-25],[23,-70],[15,4],[0,-1],[-2,-2],[-8,-17],[0,-1],[1,-3],[-1,-2],[0,-1],[-1,-5],[0,-7],[0,-1],[-4,-14],[-4,-12],[-8,-21],[-23,-42],[-23,-51],[-1,-2],[0,-1],[0,-4],[-17,-5],[32,69],[-58,-26],[-14,-45],[-50,-12],[-26,-65],[1,-2],[0,-2],[0,0],[-1,-2],[0,0],[0,-1],[-1,0],[0,-2],[-2,-3],[0,-3],[-1,-1],[1,-1],[0,0],[1,-1],[1,-1],[2,-1],[1,0],[2,0],[2,0],[2,1],[4,1],[5,2],[8,2],[10,4],[7,2],[3,0],[3,0],[2,0],[0,0],[1,-1],[1,-1],[1,-1],[1,-1],[1,-2],[0,-2],[0,-2],[0,-1],[-1,-7],[0,-4],[0,-4],[0,-2],[1,-4],[0,-3],[1,-2],[-1,-2],[-1,-1],[0,-1],[-3,-2],[0,-1],[-1,-1],[-1,-1],[0,-1],[2,-8],[2,-6],[1,-1],[0,-1],[2,-1],[2,-1],[5,-2],[3,-2],[2,-1],[2,-3],[1,-1],[3,-3],[2,-1],[3,-1],[1,-1],[0,-1],[1,-1],[0,-1],[0,-5],[0,-3],[0,-4],[0,-4],[0,-2],[0,-3],[-1,-4],[-1,-2],[0,-2],[0,-2],[1,-4],[1,-3],[1,-1],[1,-1],[3,-4],[4,-3],[4,-3],[3,-1],[7,-3],[2,-1],[2,0],[1,-1],[-3,-4],[0,-1],[1,-1],[7,-13],[1,-1],[1,-3],[1,0],[0,0],[3,-3],[7,-7],[36,-23],[3,-2],[1,0],[9,0],[7,0],[6,1],[7,1],[13,2],[-1,1],[0,1],[1,1],[1,1],[1,1],[7,5],[7,3],[5,-18],[-97,-95],[-41,23],[-14,9],[-45,27],[-23,14],[-12,-1],[-41,-2],[-9,0],[-7,8],[-52,65],[-42,53],[-23,4],[-25,4],[-49,37],[-6,-5],[-24,-9],[-36,-13],[-73,-27],[-29,8],[-77,23],[-1,-14],[-24,-28],[-49,-57],[-20,-11],[-39,-21],[-73,82],[-3,1],[-15,9],[-34,19],[-9,5],[0,0],[-53,30],[-4,0],[-85,-19],[-51,-11],[-5,-1]],[[126,865],[-31,56],[-21,37],[66,75],[24,27],[26,29],[18,21],[-17,20],[-3,3],[-16,20],[-27,31],[32,26],[44,34],[9,12],[31,42],[15,20],[25,33],[-9,14],[-14,24],[-5,9],[-21,36],[-45,75],[-12,17],[-24,32],[-15,21],[-17,22],[21,19],[24,21],[18,17],[18,14],[9,8],[39,32],[9,7],[8,21],[2,8],[27,69],[10,0],[11,-1],[91,-5],[27,-68],[8,-19],[75,-71],[28,-65],[15,14],[3,-5],[5,-8],[3,-7],[3,-3],[5,-4],[10,-6],[2,-2],[4,0],[5,0],[3,0],[3,-1],[0,0],[1,-1],[1,-1],[1,-1],[1,-3],[1,-6],[2,-9],[0,-2],[0,-4],[-1,-4],[0,-1],[-2,-5],[-2,-1],[-3,-4],[-1,-1],[-2,-1],[-2,-2],[0,-2],[-1,-3],[0,-3],[1,-5],[0,-4],[0,-4],[1,-2],[0,-10],[1,-7],[3,-7],[6,-13],[4,-8],[4,-9],[1,-2],[3,-6],[3,-3],[1,-2],[1,-2],[2,-9],[0,-2],[0,-4],[0,-3],[0,-10],[-1,-4],[-1,-3],[-1,-2],[-2,-4],[-1,-2],[-1,-2],[-1,-2],[-1,-3],[-1,-7],[0,-4],[0,-4],[0,-3],[0,-1],[1,-2],[0,-2],[1,-2],[0,-3],[-1,-9],[-1,-4],[0,-10],[1,-3],[0,-2],[0,-10],[0,-1],[-2,-4],[0,-4],[-1,-1],[1,-1],[0,-4],[1,-4],[1,-1],[3,-5],[4,-3],[3,-6],[4,-5],[2,-2],[2,-1],[3,-1],[2,0],[1,0],[2,0],[1,1],[4,1],[6,4],[4,1],[9,1],[3,1],[1,0],[2,2],[4,3],[5,5],[7,7],[4,2],[4,1],[2,12],[12,61],[1,4],[1,9],[1,9],[3,22],[11,11],[8,8],[25,23],[26,16],[31,79],[55,-3],[2,0],[3,-1],[7,-1],[9,-2],[4,-1],[62,3],[39,2],[27,-1],[17,-1],[2,-29],[10,-32],[7,-21],[22,-3],[9,-1],[2,-62],[0,-21],[24,-21],[6,-3],[25,-10],[31,6],[36,7],[22,3],[2,0],[2,1]],[[1170,803],[0,-2]],[[1170,801],[0,-1]],[[1266,1361],[29,-3],[12,-1],[13,-1],[-17,97],[-1,53],[-7,53],[50,1],[0,0],[39,-1],[-1,-40],[18,-5],[26,-7],[49,-13],[19,4],[27,7],[52,-17],[2,-1],[46,-53],[16,28],[12,19],[17,32],[17,31],[44,9],[5,1],[11,3],[4,0],[4,2],[29,-8],[24,-6],[61,-16],[12,-71],[1,-11],[21,-13],[0,-6],[-4,-15],[1,-16],[1,-16],[-6,-17],[-12,-9],[-34,2],[-25,-1],[-13,-2],[-16,-12],[-27,-17],[-16,-6],[-18,-10],[-5,-9],[-8,-32],[16,-23],[12,-16],[15,-22],[17,-23],[8,6],[9,7],[8,7],[4,4],[1,1],[2,-29],[-20,-15],[-9,-7],[-22,-17],[-19,-15],[11,-88],[0,0],[2,-12],[5,-45],[4,-34],[1,-9],[-1,-47],[1,-28],[1,-20],[12,8],[7,5],[0,0],[7,6],[27,-20],[25,-17],[-11,-69],[60,-43],[-12,-14],[-8,-11],[-16,-19],[-10,-13],[-21,-24],[-2,-3],[13,-26],[43,-11],[10,-2],[-17,-35],[15,-49],[9,-25],[-25,-3],[-40,-3],[-35,-2],[-12,0],[0,0],[-12,0],[-21,-17],[-35,-27],[-7,-5],[0,0],[0,-1],[-2,-1],[0,0],[0,-2],[0,-1],[1,-1],[1,0],[1,-3],[0,-1],[-1,-2],[0,0],[0,-3],[0,-1],[0,-1],[1,-1],[1,-1],[1,-1],[0,0],[1,-1],[0,-2],[0,-1],[0,-1],[0,-1],[0,-1],[-1,-1],[-1,-1],[0,0],[-1,-1],[-1,-3],[0,-1],[-1,-1],[-1,-5],[-2,-7],[0,-1],[0,-2],[1,-3],[1,-1],[0,-3],[-1,-2],[1,-1],[1,-2],[0,-2],[1,-1],[3,-3],[2,-3],[2,-2],[0,-1],[-1,0],[0,0],[-1,-1],[0,-1],[-1,-1],[1,-1],[0,0],[0,-1],[3,-3],[1,-1],[0,-1],[0,-1],[0,-1],[1,0],[1,-1],[1,0],[1,0],[4,1],[0,0],[2,-1],[0,0],[1,0],[0,-3],[0,-1],[0,-2],[0,-1],[1,-2],[1,-1],[0,-1],[0,-2],[-1,-4],[0,-3],[-1,-2],[-1,-2],[-1,-1],[0,-1],[-1,-3],[1,-2],[1,0],[1,-1],[1,-1],[1,-1],[0,-2],[-1,-3],[0,-3],[0,-1],[0,-1],[1,-1],[0,-1],[2,-2],[0,-1],[0,-4],[1,-1],[0,-1],[0,-3],[-1,-1],[-1,-3],[-4,-6],[-1,-2],[-2,-1],[-3,-4],[-2,-3],[-1,-3],[0,-1],[-1,-3],[-3,-8],[-1,-3],[0,-2],[0,-1],[-1,-3],[0,-4],[0,0],[0,-2],[1,-1],[0,-2],[-2,-2],[0,-1],[-3,-4],[-2,-4],[-1,-4],[-2,-3],[0,-1],[-1,-2],[0,-1],[1,-1],[0,0],[1,-1],[0,-1],[-27,-8],[-52,-44],[-1,-33],[0,-1],[0,0],[-46,-35],[-107,-80],[-32,22],[0,84],[1,11],[36,16],[10,10],[-13,15],[17,17],[-71,-14],[-82,-66],[-3,82],[-63,40],[-73,6],[-117,-71],[30,-82],[-77,-15],[-98,57],[-67,-45],[-76,-3],[-30,-1],[-24,-2],[-65,-2],[-11,33],[-40,-2],[-60,-61],[-26,59],[32,71],[-86,17],[-31,16],[-87,62],[-25,78],[-1,2],[0,1],[-3,11],[-12,36],[-6,18],[6,24],[3,8],[10,40],[-12,4],[-7,2],[-79,26],[-134,53],[-12,11],[-27,24],[-31,28],[-12,11],[-23,21],[1,2],[3,7],[11,25],[3,7],[14,32],[14,31],[8,18],[13,30],[0,1],[26,26],[14,14],[19,19],[0,1]]],"objects":{"194":{"type":"GeometryCollection","geometries":[{"arcs":[[0,1]],"type":"Polygon","properties":{"WARD":"30707001","PROVINCE":"Northern Cape","CAT_B":"NC077","MUNICNAME":"Siyathemba Local Municipality","WARDNO":1,"VOTERS":2449,"Area":2.15684073051,"Shape_Leng":0.0775694968361,"Shape_Area":0.000200981734915,"ID":1278,"POPULATION":6495,"DENSITY":3011.34891794454}},{"arcs":[[2,3,4,5,-1]],"type":"Polygon","properties":{"WARD":"30707002","PROVINCE":"Northern Cape","CAT_B":"NC077","MUNICNAME":"Siyathemba Local Municipality","WARDNO":2,"VOTERS":3521,"Area":0.64217487254,"Shape_Leng":0.0396406846519,"Shape_Area":0.000059844289447,"ID":1279,"POPULATION":3787,"DENSITY":5897.147586951269}},{"arcs":[[6,7],[-6,8,9,-3,-2]],"type":"Polygon","properties":{"WARD":"30707003","PROVINCE":"Northern Cape","CAT_B":"NC077","MUNICNAME":"Siyathemba Local Municipality","WARDNO":3,"VOTERS":2629,"Area":4979.30208235,"Shape_Leng":4.40896813999,"Shape_Area":0.46275121814,"ID":1280,"POPULATION":6380,"DENSITY":1.281304065205246}},{"arcs":[[-7,10]],"type":"Polygon","properties":{"WARD":"30707004","PROVINCE":"Northern Cape","CAT_B":"NC077","MUNICNAME":"Siyathemba Local Municipality","WARDNO":4,"VOTERS":2707,"Area":9743.22823107,"Shape_Leng":6.73461124526,"Shape_Area":0.908816832991,"ID":1281,"POPULATION":4929,"DENSITY":0.505889822459665}}]}}}