{"type":"Topology","transform":{"scale":[0.0003622074907053052,0.00032753498466092326],"translate":[22.041870001000063,-29.661580003999973]},"arcs":[[[3744,3021],[-33,-8],[-8,-6],[-12,-3],[-14,3],[-11,-3],[-7,-12],[-4,-2],[-17,13],[-40,-14],[-23,-12],[-44,-30],[-9,-7],[-3,-3],[-12,-6],[-16,-6],[-2,-1],[-12,-11],[-5,-5],[-5,-10],[-10,-17],[-15,-27],[-3,-5],[-15,-26],[-3,-7],[-5,-13],[-9,-19],[-2,-3],[-3,-9],[-4,-11],[-5,-8],[-3,-7],[-3,-12],[-7,-20],[0,-2],[0,-4],[-1,-3],[-7,-21],[-6,-24],[-6,-22],[-2,-4],[-3,-7],[-1,-6],[-1,-22],[0,-1],[0,0],[75,-31],[5,-2],[-2,-9],[-13,-55],[2,-21],[2,-13],[0,-3],[1,-5],[0,-2],[25,-46],[-11,4],[-9,5],[-59,35],[-35,-20],[-1,0],[-1,-5],[-2,-17],[4,-25],[0,-8],[-1,-5],[-3,-3],[0,-2],[-10,-41],[1,-18],[-1,-8],[-3,-24],[-5,-31],[-4,-22],[-1,-6],[-1,-6],[-1,-4],[-3,-9],[-6,-16],[-20,-42],[0,-3],[-4,-17],[-1,-5],[-2,-8],[0,-19],[1,-37],[-2,-7],[-1,-15],[-1,-5],[-1,-4],[0,-8],[-1,-7],[0,-5],[-1,-6],[0,-7],[-1,-7],[-1,-3],[-3,-5],[-3,-18],[-1,-1],[-36,-41],[-3,-5],[-37,-76],[0,-1],[1,-2],[1,-4],[1,0],[1,-1],[-1,-2],[-4,-7],[5,-5],[18,-18],[5,-11],[2,-11],[16,-20],[5,-10],[14,-15],[1,-1],[2,-2],[-1,-3],[1,-5],[0,-1],[-3,-6],[-3,-3],[0,-5],[0,-21],[0,-22],[1,-5],[1,-3],[0,-2],[0,-29]],[[3241,1619],[2,0]],[[3241,1619],[-25,-6],[-12,-2],[-103,-20],[-26,-44],[-10,-16],[-4,-7],[-41,-69],[-27,-42],[-21,-31],[-20,-28],[-86,91],[-21,23],[-6,2],[-92,28],[-30,9],[-63,-14],[-46,-10],[-116,29],[-62,15],[-42,11],[0,6],[2,81],[-45,1],[-22,0],[-24,1],[-1,-1],[-119,-3],[18,-114],[1,-114],[41,-211],[-30,2],[-28,3],[-70,5],[-42,-6],[-19,-3],[-85,-15],[-75,-13],[-58,23],[-14,6],[-56,45],[-1,47],[-4,133],[-21,2],[-53,7],[-1,3],[-14,43],[-24,69],[-5,63],[-42,2],[-64,4],[-10,-1],[-81,-4],[-147,-8],[-10,2],[-21,5],[-16,3],[-7,2],[-6,0],[-23,1],[-89,5],[-12,0],[-4,1],[-10,-23],[-9,-21],[-17,-40],[-39,-89],[-61,-35],[-58,-50],[-20,-16],[-5,-5],[-22,-19],[-6,-49],[-3,-19],[-2,-18],[-2,-10],[-29,-133],[-4,-20],[-1,-4],[-10,-4],[-4,-2],[-5,-3],[-15,-13],[-14,-12],[-9,-6],[-5,-4],[-2,-1],[-27,-4],[-11,-3],[-13,-7],[-10,-3],[-3,-2],[-6,-1],[-2,0],[-5,1],[-6,2],[-4,2],[-2,1],[-4,4],[-8,10],[-8,13],[-9,8],[-7,9],[-2,3],[-3,9],[-1,8],[0,2],[1,3],[1,7],[4,10],[0,1],[0,2],[0,14],[0,7],[0,3],[-1,6],[0,1],[0,22],[0,9],[3,20],[-1,6],[-1,3],[0,2],[0,4],[-1,4],[-1,2],[0,6],[-1,10],[0,8],[3,15],[2,7],[3,4],[3,4],[3,5],[4,9],[2,5],[1,6],[2,9],[2,20],[0,8],[0,8],[-1,4],[-5,19],[-3,6],[-2,4],[-6,7],[-8,12],[-1,4],[-11,20],[-9,18],[-15,27],[-5,17],[-3,14],[0,21],[-2,6],[-1,8],[-1,8],[-1,11],[1,7],[1,7],[1,3],[2,3],[2,2],[5,2],[3,3],[7,7],[4,4],[4,10],[1,2],[2,9],[0,10],[-1,3],[-2,11],[-2,8],[-3,13],[-2,6],[-1,2],[-1,2],[-2,2],[-2,1],[-3,1],[-5,1],[-7,0],[-4,0],[-10,1],[-5,0],[-3,1],[-27,15],[-11,9],[-7,8],[-7,14],[-13,18],[-7,11],[-3,6],[-7,13],[-5,6],[-15,14],[-6,9],[-2,4],[-1,9],[1,7],[7,12],[12,35],[1,7],[1,5],[1,13],[0,10],[-4,7],[-7,6],[-24,14],[-8,13],[-7,15],[-3,6],[-9,5],[-10,4],[-6,1],[-5,3],[-8,6],[-6,4],[-3,2],[-8,3],[-9,6],[-8,9],[-2,9],[-1,5],[-2,3],[-10,24],[0,10],[2,4],[4,4],[5,6],[6,5],[13,9],[5,5],[5,4],[4,4],[6,8],[1,4],[1,3],[0,6],[0,6],[-1,7],[-1,6],[-3,5],[-10,13],[-1,2],[-11,8],[-8,8],[-9,12],[-4,4],[-4,6],[-3,4],[-2,3],[-6,11],[-3,10],[-5,11],[-2,5],[-2,5],[-6,13],[-1,2],[-4,9],[-2,6],[0,1],[-1,3],[-2,7],[-1,4],[-5,10],[-4,6],[-3,9],[-3,4],[-2,3],[-4,4],[-4,2],[-3,2],[-9,7],[-6,3],[-5,3],[-9,2],[-11,3],[-9,5],[-13,6],[-10,6],[-6,4],[-6,5],[-12,13],[-7,5],[-6,7],[-8,10],[-2,5],[-4,7],[-9,12],[-3,4],[-1,5],[-1,5],[-1,4],[0,9],[-1,4],[-4,8],[-2,4],[-1,3],[-1,3],[0,19],[0,4],[-1,4],[-2,5],[-2,5],[-2,2],[-1,3],[-2,2],[-2,2],[-6,3],[-5,2],[-7,3],[-5,1],[-8,0],[-17,-3],[-8,-3],[-5,-2],[-5,-3],[-3,-2],[-2,-2],[-3,-5],[-1,-1],[-8,-9],[-8,13],[-4,8],[-8,15],[21,22],[57,59],[45,46],[29,30],[0,2],[38,38],[34,36],[37,38],[1,2],[0,0],[7,7],[25,26],[37,39],[53,54],[3,4],[24,25],[42,44],[50,52],[17,17],[8,9],[33,35],[12,13],[1,0],[15,15],[24,26],[59,61],[32,35],[53,55],[76,79],[44,45],[35,37],[79,83],[8,8],[17,17],[61,64],[42,45],[37,39],[13,-13],[50,-44],[44,-41],[16,-15],[20,-17],[33,-31],[162,-6],[23,-48],[26,36],[20,1],[164,0],[1,0],[45,-13],[3,0],[123,-33],[54,-40],[1,-2],[45,-31],[37,-49],[47,-60],[13,0],[8,0],[19,1],[19,1],[56,1],[79,-7],[1,-1],[9,0],[17,-2],[114,8],[73,28],[12,5],[39,15],[78,-49],[14,-8],[-1,-1],[11,0],[1,-1],[40,-2],[124,-30],[70,-17],[34,-8],[34,4],[53,4],[0,1],[17,8],[40,22],[24,13],[6,4],[25,13],[37,19],[11,31],[16,45],[85,-35],[-21,-67],[-7,-20],[-15,-48],[-14,-86],[64,-18],[22,-6],[28,33],[16,20],[1,-1],[15,18],[101,-108],[174,8],[67,33],[14,-28],[8,-18],[17,-35],[13,-28]],[[5109,977],[57,16],[148,38],[-122,155],[95,54],[42,128],[75,-38],[95,-43],[66,-47],[54,-5],[45,58],[40,17],[-18,203],[-115,-14],[22,105],[-91,-43],[-36,41],[-7,108],[-6,160],[-1,13],[2,0],[-1,6],[0,31],[1,13],[1,12],[-4,0],[-4,-2],[-5,-1],[-2,-1],[-2,-2],[-1,-4],[-1,-2],[0,-2],[1,-5],[3,-10],[0,-4],[0,-2],[0,-2],[-2,-2],[-3,-2],[-3,-1],[-4,0],[-2,0],[-10,-2],[-8,-4],[-8,-4],[-9,0],[-3,0],[-3,1],[-4,3],[-2,1],[-12,2],[-3,1],[-2,2],[-2,4],[-1,8],[0,2],[0,1],[-2,3],[-5,3],[-9,5],[-3,2],[-2,1],[-1,2],[-1,5],[-1,4],[0,12],[0,4],[1,6],[1,13],[-1,5],[-1,4],[0,4],[4,15],[0,3],[0,3],[-1,1],[-1,2],[-2,2],[-1,0],[-1,0],[-3,-1],[-7,-6],[-3,-4],[-5,-4],[-2,-3],[-1,-2],[-1,-6],[-3,-7],[0,-2],[-2,-1],[-1,-1],[-1,0],[-4,0],[-1,0],[-15,-1],[-4,-1],[-3,-1],[-4,-4],[-10,-12],[-3,-5],[-2,-1],[-2,-2],[-2,-1],[-2,0],[-3,1],[-3,2],[-1,1],[-1,1],[-2,3],[0,3],[-1,9],[0,6],[1,9],[1,4],[1,2],[1,3],[1,3],[4,8],[0,5],[0,3],[-1,5],[0,2],[0,5],[0,8],[0,3],[-1,6],[-1,2],[-1,2],[-1,2],[-3,0],[-2,-1],[-5,-4],[-2,-2],[-9,-3],[-3,-1],[-8,-1],[-5,-1],[-4,-1],[-5,-3],[-10,-4],[-3,-1],[-7,-1],[-9,-4],[-3,-2],[-3,-2],[0,-1],[-3,-5],[-4,-8],[-3,-5],[-1,-1],[-4,-2],[-5,-1],[-5,1],[-3,1],[-3,2],[-2,2],[-1,2],[-2,4],[-1,2],[-9,10],[-2,2],[-2,1],[-4,1],[-3,0],[-5,0],[-5,-2],[-1,0],[0,0],[-1,8],[0,2],[-1,7],[-1,5],[-2,5],[-1,3],[-2,7],[-4,13],[-1,3],[0,7],[-3,11],[-1,4],[-1,13],[0,12],[3,7],[2,3],[3,5],[1,2],[4,5],[3,1],[0,1],[4,5],[1,2],[5,5],[2,2],[4,2],[3,2],[4,2],[7,2],[6,0],[5,-1],[3,-2],[3,-3],[3,-6],[2,-3],[4,-4],[1,-4],[2,-4],[0,-2],[0,-4],[0,-3],[0,-3],[1,-9],[3,-11],[1,-3],[1,-3],[1,-3],[3,-4],[6,-4],[4,-2],[4,-1],[9,-1],[4,0],[0,0],[9,1],[13,4],[1,0],[1,0],[5,2],[9,4],[6,3],[7,4],[4,1],[2,2],[5,2],[8,4],[7,3],[3,1],[4,2],[3,0],[7,1],[10,0],[4,1],[6,1],[4,1],[2,0],[6,2],[7,0],[12,1],[2,1],[2,1],[1,0],[3,1],[6,2],[3,1],[3,0],[3,1],[6,2],[5,3],[3,3],[1,4],[1,2],[2,4],[3,13],[2,8],[1,4],[1,1],[0,5],[0,1],[-1,2],[-1,1],[-4,4],[-2,2],[-10,6],[-5,3],[-3,3],[-4,3],[-6,7],[-1,3],[-1,2],[-3,3],[-1,4],[-2,6],[-1,2],[-2,5],[-2,2],[-3,4],[0,1],[-2,3],[-16,16],[-2,3],[-4,8],[-1,3],[-6,12],[-3,5],[-1,4],[-3,5],[-1,4],[-5,5],[-106,-21],[-99,-12],[-34,-11],[-49,-16],[-49,-16],[-1,-1]],[[4949,2239],[0,0],[-62,8],[-97,53],[-38,48],[-51,61],[-46,67]],[[4655,2476],[107,65],[-2,108],[42,43],[-10,6],[-104,56],[-28,17],[-18,10],[-84,42]],[[4558,2823],[0,0],[-98,44],[-41,19],[-52,24],[11,21],[34,61],[58,107],[2,5],[32,46],[29,42],[63,85],[1,2],[1,-1],[131,181],[83,-51],[77,-58],[108,-100],[77,-53],[80,-82],[167,-91],[21,7],[67,21],[-25,32],[-87,97],[-30,50],[267,11],[42,53],[69,73],[86,-126],[-2,-3],[-3,-3],[-2,-1],[-2,-2],[-6,-6],[-3,-5],[-3,-4],[-3,-6],[0,-2],[2,-3],[0,-1],[0,-7],[-1,-1],[0,-2],[-2,-1],[-15,-10],[-5,-4],[-1,0],[-5,0],[-3,0],[-5,-2],[-5,-4],[-3,-3],[-2,-2],[-1,-2],[-2,-4],[-1,-4],[-2,-4],[-2,-6],[-2,-6],[-1,-4],[-2,-7],[0,-3],[-1,-3],[-1,-4],[-3,-6],[-1,-2],[-4,-4],[-3,-4],[-3,-8],[0,-4],[-2,-3],[0,-4],[-1,-2],[-1,-3],[1,-3],[1,-6],[2,-7],[0,-3],[0,-3],[-1,-2],[0,-2],[-2,-2],[-2,0],[-2,-1],[-2,0],[-5,-2],[-3,-1],[-2,-1],[-5,0],[-2,-1],[-3,0],[-5,1],[-2,-1],[-1,0],[-2,-1],[-2,0],[-1,-1],[-4,-1],[-7,-1],[-6,-1],[-3,-1],[-3,-1],[-1,-1],[0,-1],[-1,-2],[0,-8],[1,-2],[1,-3],[1,-4],[2,-1],[1,-2],[0,-2],[0,-6],[1,-1],[0,-5],[0,-2],[2,-7],[1,-5],[1,-5],[0,-6],[1,-3],[1,-3],[3,-5],[1,-2],[1,-1],[5,-8],[7,-7],[2,-2],[3,-3],[4,-4],[5,-7],[0,-1],[4,-7],[1,-3],[0,-8],[0,-2],[-1,-4],[-2,-4],[-4,-4],[10,-25],[4,-50],