{"type":"Topology","transform":{"scale":[0.0007980576518847043,0.0007653123931653491],"translate":[19.509289998000042,-29.991130001999977]},"arcs":[[[1106,2042],[4,-6],[2,-7],[1,-4],[-1,-4],[-1,-3],[-1,-2],[0,-2],[1,-4],[-1,-4],[-4,-7],[-2,-2],[-4,-1],[-3,-1],[-3,-1],[-2,-1],[-2,-1],[-4,-2],[-3,-1],[-3,0],[-3,0],[-2,-2],[-1,-2],[-2,-1],[-3,-2],[-1,-2],[-3,0],[-4,0],[-1,-5],[-1,-3],[0,-3],[-1,-1],[0,0],[-1,-1],[0,-1],[0,-4],[-1,-2],[-1,-1],[0,-3],[1,-1],[0,-1],[0,0],[0,-3],[0,-2],[-1,-2],[-1,-1],[0,-1],[0,-4],[-1,-1],[0,-2],[1,-1],[1,-2],[1,-2],[1,-1],[1,-1],[4,-3],[6,-2],[-1,-2],[-2,-1],[-1,-2],[-1,-2],[0,-1],[1,-1],[4,-4],[0,-1],[-1,-1],[-1,-1],[-1,-1],[-3,-2],[-6,-4],[-2,-2],[-2,-3],[-2,-1],[-2,-1],[-1,-2],[-2,-2],[-2,-1],[-2,-2],[-1,-1],[-1,-1],[-1,-3],[-5,-4],[-1,-1],[0,-2],[-3,0],[-4,0],[-3,-1],[-4,0],[-5,-1],[-2,0],[-2,-1],[-3,-1],[-9,1],[-2,-1],[1,-2],[1,-5],[0,-6],[0,-3],[1,-4],[-1,-2],[-1,-2],[-4,-2],[-1,0],[-1,-2],[1,-2],[2,-5],[1,-1],[2,0],[4,-1],[3,0],[10,-2],[2,-1],[2,-1],[11,2],[2,0],[1,-1],[2,-1],[4,-1],[3,-1],[2,-2],[0,-1],[1,-1],[7,-1],[1,-1],[2,1],[1,0],[2,-1],[2,-1],[1,-2],[5,-2],[1,-1],[1,-2],[1,-4],[1,-1],[0,-3],[1,-1],[2,-6],[1,-2],[1,-2],[1,-1],[1,-3],[0,-1],[1,-1],[0,-1],[3,-1],[2,0],[2,-1],[2,0],[3,-1],[3,-1],[1,-1],[3,-3],[6,-5],[5,-2],[2,-1],[7,-5],[7,-4],[2,-1],[2,0],[3,1],[6,-1],[6,0],[6,0],[3,0],[2,0],[3,-1],[3,-1],[2,-1],[3,-2],[1,-2],[2,-2],[4,-2],[1,-1],[2,-4],[2,-4],[0,-1],[3,0],[1,-1],[0,-2],[1,-1],[3,-2],[3,-1],[1,-1],[3,-1],[2,-1],[2,-1],[2,-2],[4,-9],[0,-1],[-5,-1],[-2,1],[-1,0],[0,-1],[-2,1],[-1,1],[-2,0],[-4,2],[-2,0],[-2,0],[-2,1],[-1,-1],[-1,1],[0,-2],[-4,0],[-3,0],[-1,-1],[0,-1],[-2,1],[-5,-9],[-7,4],[-19,-54],[-12,-35],[-12,-34],[-27,-73],[-35,-8]],[[1048,1512],[-12,22],[-31,61],[-74,0],[-14,0],[-68,35],[-55,29],[-52,-8],[6,38],[66,94],[27,17],[40,-2],[16,30],[-105,35],[-20,-18],[-47,-38],[-60,4],[-48,21],[-36,16],[10,36],[17,62],[4,17],[3,10],[7,27],[-5,1],[-17,15],[8,6],[1,9],[2,6],[-6,1],[2,6]],[[607,2044],[4,-1],[3,0],[0,233]],[[614,2276],[95,-21],[54,-80],[103,-8],[85,-29],[137,34],[1,-2],[2,-5],[1,-3],[-2,-8],[0,-2],[1,-3],[1,-5],[-2,-3],[-2,-6],[-1,-5],[-3,-5],[-1,-5],[-1,-5],[0,-9],[0,-2],[3,-3],[1,-5],[1,-4],[0,-14],[1,-7],[2,-4],[2,-6],[4,-8],[3,-4],[7,-7]],[[1386,1618],[-2,0],[-11,2],[-2,0],[-2,-1],[-7,-1],[-2,0],[-5,2],[-2,0],[-9,-1],[-3,0],[-4,1],[-5,0],[-4,1],[-7,-1],[-3,0],[-3,0],[-3,1],[-6,1],[-11,5],[-5,2],[-3,2],[-5,3],[-2,0],[-4,1],[-7,2],[0,-1],[0,-5],[-3,-2],[4,-4],[-7,-6],[14,-12],[-7,-2],[-4,-2],[-100,-61],[-7,-3],[-6,-2],[1,-1],[3,-1],[10,-6]],[[1167,1529],[-23,-12],[-43,-22],[-35,-18],[-11,21],[-7,14]],[[1106,2042],[19,-7],[48,-5],[43,-9],[55,-19],[45,-9],[0,0],[-2,-5],[0,-6],[-4,-39],[-1,-3],[-4,-6],[-1,-5],[4,-7],[-2,-21],[1,-4],[3,-9],[3,-62],[4,-19],[5,-30],[2,-13],[0,-6],[2,-9],[7,-15],[3,-14],[0,-2],[1,-3],[1,-2],[1,-11],[9,-20],[2,-4],[9,-25],[1,-1],[13,4],[8,-9],[7,-13],[1,-1],[0,-2],[-2,-2],[-1,-1],[-1,-5],[1,-1],[1,-1],[-1,-3]],[[1386,1618],[1,-1],[2,-1],[6,-2]],[[1395,1614],[-5,-12],[0,-1],[-2,-1],[-1,-1],[1,-1],[1,-1],[1,-1],[2,-1],[0,-1],[2,-2],[1,-1],[3,-2],[3,-2],[0,-2],[-1,0],[-1,-1],[4,-2],[1,-2],[2,-2],[2,-3],[1,-1],[-1,-1],[0,-1],[0,-1],[-6,2],[0,0],[-1,-2],[-2,0],[0,-2],[-1,0],[-2,-1],[7,-10],[11,2],[7,-32],[3,-7],[3,-5],[2,-4],[4,-13],[3,-8],[0,-1],[0,-3],[0,-1]],[[1436,1486],[-18,-2],[-1,1],[0,1],[-1,1],[-2,4],[-2,3],[-3,1],[-1,2],[-1,2],[-2,-3],[-123,-34],[4,10],[-82,39],[-37,18]],[[1550,1593],[14,-17],[78,-60],[79,-42]],[[1721,1474],[-5,-105],[-128,76],[-44,24],[-45,24],[-63,-7]],[[1395,1614],[1,4],[1,1],[2,2],[3,0],[8,1],[1,-1],[4,-1],[1,-1],[15,0],[4,0],[6,1],[11,0],[0,-1],[1,-3],[0,-1],[-1,-2],[0,-1],[0,-1],[3,-3],[-1,-1],[1,-1],[-1,-2],[-1,-1],[1,-2],[3,-3],[2,-1],[1,-1],[4,0],[4,-1],[3,-1],[6,-4],[1,0],[2,-1],[1,0],[4,-1],[1,0],[1,1],[2,1],[2,3],[4,4],[3,1],[1,1],[2,-2],[0,0],[4,1],[2,0],[0,1],[1,1],[0,1],[1,0],[6,-1],[4,-3],[2,-1],[2,0],[1,-2],[6,-4],[2,-1],[4,0],[1,0],[2,-1],[3,-1],[2,0],[1,-2],[1,0],[0,2],[2,1],[0,3],[1,1],[1,1]],[[1910,1748],[-42,-29],[-3,-3],[-12,-14],[12,-23],[1,1],[1,1],[1,-1],[1,1],[0,1],[1,1],[1,1],[2,1],[1,1],[2,0],[1,1],[1,0],[1,0],[0,-1],[-2,-1],[0,-1],[1,-2],[0,-2],[-1,-3],[1,-3],[1,-2],[0,-2],[0,-1],[-2,-3],[0,-3],[-1,-3],[0,0],[-1,-3],[-1,-1],[6,1],[2,1],[2,0],[3,0],[8,2],[1,1],[0,3],[1,0],[3,2],[1,0],[5,-1],[0,-3],[-1,0],[0,-7],[2,-1],[-2,-2],[0,-32],[33,-118],[4,-59]],[[1942,1443],[-75,-10],[-57,-7],[-89,48]],[[1550,1593],[4,0],[1,0],[1,0],[1,-2],[3,-2],[2,-1],[2,0],[6,1],[11,-2],[2,0],[3,1],[2,0],[2,0],[4,-1],[2,0],[4,1],[6,2],[4,0],[4,1],[2,1],[3,3],[3,1],[2,1],[5,0],[8,1],[5,1],[11,3],[5,2],[6,4],[4,2],[4,4],[2,1],[3,-1],[3,-1],[6,-1],[15,0],[2,-1],[2,0],[1,1],[4,3],[2,3],[2,1],[2,1],[2,2],[3,6],[2,2],[2,2],[3,1],[2,1],[2,1],[2,3],[2,2],[10,7],[3,2],[3,2],[1,1],[2,3],[4,2],[1,1],[1,0],[1,1],[3,2],[5,3],[5,0],[6,1],[3,0],[1,0],[2,0],[5,-2],[7,-4],[7,-3],[7,-3],[9,-1],[0,20],[-1,-1],[-2,0],[-4,-1],[-3,0],[-1,0],[-1,4],[0,1],[-2,6]],[[1808,1681],[1,0],[4,2],[0,1],[5,1],[-10,18]],[[1808,1703],[-81,154],[-20,5],[-20,62],[42,24],[56,-46],[20,21],[105,-175]],[[1808,1681],[0,3],[0,0],[-3,13],[-3,0],[-3,3],[3,1],[2,0],[4,2]],[[1938,1969],[-41,9],[-8,2],[-1,-5],[3,-8],[1,-4],[1,-5],[7,-15],[2,-6],[4,-11],[9,-11],[6,-16],[3,-12],[5,-6],[12,-11],[5,-6],[5,-4],[8,-5],[18,-9],[16,-31],[5,-8],[-1,-1],[-1,-3],[-1,-1],[-2,-1],[7,-5],[0,-1],[0,-1],[1,-1],[3,-4],[-4,-2],[-1,0],[-2,-2],[-1,0],[-2,-1],[-2,-3],[-3,-1],[-1,-3],[-2,-2],[-3,-3],[-3,-1],[-2,-2],[-2,-1],[-2,-2],[-1,-1],[0,-1],[0,-3],[-2,-3],[0,-2],[-1,-2],[-2,-3],[-3,-2],[-2,-3],[-1,-1],[-4,-3],[-2,-2],[-1,-2],[-1,-2],[-4,-4],[-1,-1],[0,-1],[-1,-2],[-2,-1],[-2,-3],[0,-1],[1,-4],[0,-5],[0,-1],[-2,0],[-1,-2],[-2,0],[-1,-1],[-8,-3],[-2,2],[1,1],[-1,1],[1,1],[-1,1],[1,1],[-2,1],[1,1],[0,1],[-3,4],[-1,0],[0,2],[1,3],[0,2],[-1,0],[-1,0],[0,0],[-1,0],[0,1],[1,3],[0,0],[-1,0],[-11,17],[-2,-1]],[[614,2276],[1,152],[0,195],[0,274],[192,-103],[119,81],[28,-162],[177,80],[3,1],[1,-8],[1,-8],[7,-18],[0,1],[10,-27],[2,-3],[1,-2],[2,-1],[12,-6],[29,-17],[12,-28],[10,4],[7,-2],[5,-6],[14,-6],[9,-11],[66,-1],[-51,-36],[37,-53],[-3,-2],[5,-1],[4,-7],[3,-19],[7,-16],[8,-37],[-7,-1],[17,-119],[112,-70],[11,-13],[14,-16],[15,-17],[13,-14],[32,-26],[9,-7],[8,-7],[68,-56],[32,-7],[23,12],[97,-81],[93,16],[24,23],[26,-28],[-16,-32],[-13,-19],[48,-53]],[[2043,1474],[-101,-31]],[[1938,1969],[19,-21],[1,-1],[77,-84],[6,-5],[12,-14],[16,-17],[4,0],[14,-9],[5,5],[1,-1],[1,0],[1,1],[1,-1],[1,0],[0,-1],[1,0],[0,0],[13,-5],[-3,-8],[65,-103],[17,-27],[4,-6],[-18,-14],[-47,-36],[-15,-11],[-16,-18],[-31,-34],[-27,-28],[-14,-16],[2,-5],[15,-36]],[[2043,1474],[29,-19],[100,-63],[10,-7],[-1,-4],[-1,0],[-11,-24],[-31,-62],[1,-1],[-5,-10],[3,-2],[43,-27],[11,-7],[64,-41],[-9,-114],[0,0],[-64,-56],[-11,-9],[-34,-30],[-41,-41],[25,-18],[28,-21],[15,-48],[19,-17],[6,-6],[11,-9],[11,-11],[-30,-60],[1,-5],[25,-74],[0,-2],[-25,-5],[-18,23],[-12,14],[-9,-86],[8,-21],[-14,-56],[-24,-93],[-25,-20],[-78,-58],[-96,-67],[-61,-41],[-33,-21],[-79,-71],[-52,-11],[-32,-31],[0,-2],[-35,-76],[0,0],[1,-1],[2,-1],[22,-11],[-86,-40],[-33,-10],[-3,-1],[-23,7],[-47,77],[-55,83],[5,64],[8,81],[10,45],[21,98],[-45,30],[-39,-19],[-94,-110],[-104,134],[-64,16],[-141,-52],[-146,-12],[17,-104],[6,-42],[-34,-29],[-55,-54],[0,0],[1,-1],[-36,-21],[-37,-22],[-54,-6],[-8,-1],[-2,1],[-57,42],[-2,1],[-82,74],[-81,-6],[-32,-3],[-8,0],[-33,-3],[-25,-2],[-101,-7],[-106,88],[45,58],[-1,5],[-30,88],[125,23],[96,14],[4,27],[2,28],[-34,145],[-47,7],[4,29],[-61,105],[-70,64],[-12,80],[-9,59],[-10,92],[131,134],[124,152],[-142,60],[-59,182],[-138,123],[1,1],[2,0],[2,0],[8,5],[3,1],[1,1],[3,0],[4,1],[1,1],[4,0],[4,2],[1,1],[2,3],[2,3],[2,2],[1,3],[1,5],[0,2],[1,4],[1,6],[1,4],[1,2],[2,6],[0,3],[0,1],[0,1],[-2,5],[-1,1],[0,3],[1,2],[1,1],[3,4],[5,3],[5,3],[2,3],[3,3],[1,0],[1,1],[4,3],[2,1],[2,0],[3,1],[2,0],[2,-1],[4,-2],[1,-1],[4,0],[1,0],[3,0],[2,1],[1,1],[3,4],[9,5],[4,2],[5,1],[3,0],[3,2],[2,1],[1,1],[2,2],[1,1],[1,1],[4,1],[5,1],[4,0],[3,0],[4,-1],[2,-1],