{"type":"Topology","transform":{"scale":[0.0005558094238867924,0.0005273900065181973],"translate":[20.389539719000027,-28.711480002999966]},"arcs":[[[1461,471],[0,0],[4,-7]],[[1465,464],[-6,-5],[0,-1],[1,-2],[0,0],[-2,-2],[2,-1],[1,-2]],[[1461,451],[0,-1]],[[1461,450],[0,-2],[-4,0],[-4,-1],[-4,-1],[-3,-1]],[[1446,445],[-6,11],[10,7],[-2,10],[2,0],[0,0],[1,1],[-4,7],[3,1],[-1,5],[1,5],[1,4]],[[1451,496],[1,4]],[[1452,500],[5,-1],[8,-4],[7,-6],[-1,-1],[-6,-3],[-2,-1],[2,-5],[-2,-1],[-4,0],[0,-2],[0,-2],[2,-3]],[[1497,478],[-3,-2],[-1,1],[0,0],[-19,-10],[-1,-1]],[[1473,466],[-2,-1]],[[1471,465],[-2,0],[-2,-1],[-1,0],[-1,0],[0,0]],[[1461,471],[5,3]],[[1466,474],[4,4]],[[1470,478],[10,7],[1,0],[2,1],[2,1],[1,0],[18,0]],[[1504,487],[4,0]],[[1508,487],[0,-1]],[[1508,486],[-1,-2],[-11,-5],[0,-1],[1,0]],[[1502,471],[-27,-15],[-14,-5]],[[1471,465],[2,1]],[[1497,478],[4,-6],[1,-1]],[[1525,473],[-2,-2],[-1,2],[-3,-2],[-2,-1],[-1,1],[0,0],[-4,6],[-10,-6]],[[1508,486],[1,-1],[0,0],[8,-6],[1,1],[5,-2],[0,-1],[1,-2],[1,-2]],[[1608,490],[5,-11]],[[1613,479],[-1,-1],[-3,-2],[-3,-2],[-1,-2],[-2,-3],[-1,-1],[-1,-3],[-1,-12],[-1,-2],[-1,-2],[1,0],[0,-2],[0,-1],[1,-3],[0,-1],[-1,-6],[0,-3]],[[1599,433],[5,0]],[[1604,433],[2,0],[-1,-12],[-16,1],[-5,11],[-2,1],[0,1],[1,2],[-2,1],[0,2],[0,1],[-5,1],[-1,-2],[-6,3],[2,4],[1,4],[-2,1],[-19,0],[-1,1],[-2,1],[-13,13]],[[1535,467],[12,12],[7,5],[7,2],[5,0]],[[1566,486],[18,2],[12,-1],[12,3]],[[1502,517],[-3,-4],[-2,-1],[-3,2],[-3,-3]],[[1491,511],[-6,4],[1,1],[-5,4],[-4,2],[-4,3],[-2,3],[0,0],[-5,7],[1,1],[4,5]],[[1471,541],[1,-1]],[[1472,540],[29,-23],[1,0]],[[1502,517],[1,0],[1,0],[-1,-3],[0,-2],[7,-15],[-1,-1],[0,-1],[-1,-1],[0,-7]],[[1504,487],[-1,0],[-1,1],[-40,25]],[[1462,513],[4,6],[29,-18],[2,3],[-1,1],[-1,1],[-4,3],[1,1],[-1,1]],[[1552,523],[1,-5],[2,0],[1,-5],[2,-1],[1,-1],[2,-1],[1,-2],[0,-2],[1,-2],[10,-1],[0,0],[0,-1],[0,0],[-8,-6],[-2,-2],[-1,0],[-1,-1],[1,0],[1,-1],[3,-6]],[[1535,467],[-6,-5]],[[1529,462],[-3,8],[1,0],[-2,3]],[[1472,540],[-2,2]],[[1470,542],[0,0],[1,0],[1,1],[3,0],[2,1],[1,1],[1,1],[0,1],[0,2],[1,1],[-3,3],[-6,4],[-1,2],[-1,2],[49,-7],[6,-1],[22,-1],[0,-8],[1,-1],[5,-20]],[[2341,826],[43,-31],[18,-5],[39,-11],[8,-15],[42,-84],[41,17],[36,-8],[8,-15],[29,-51],[-4,-10],[-18,-47],[-14,-36],[-12,-31],[-1,-3],[-2,-3],[-2,-7],[-9,-21],[-6,-16],[-2,-4],[-15,-39],[-3,-6],[-3,-9],[-26,0],[-18,-17],[-6,8],[-3,6],[-4,5],[-11,18],[-4,7],[-8,12],[-7,18],[-1,-2],[-14,-13],[-6,-6],[-26,-26],[-2,-1],[-2,2]],[[2376,402],[-2,2],[-8,8],[-4,10],[-1,5],[4,13],[7,11],[6,17],[1,12],[-1,2],[-6,14],[-10,13],[-13,12],[-14,6],[-14,3],[-8,0],[-15,-2],[-21,-1],[-8,1],[-9,7],[-7,9],[-14,12],[-23,16],[-8,6],[-5,2],[-19,1],[-18,0],[-18,3],[-18,7],[-15,8],[-13,10],[-15,7],[-10,2],[-12,0],[-10,-1],[-11,-6],[-20,-15],[-10,-5],[-11,-2],[-2,0],[-2,0],[-2,-1],[-3,0],[-5,1],[-9,5],[-10,11],[-8,7],[-4,3],[-5,2],[-3,-1],[-2,1],[-5,2],[-7,-2],[-3,-2],[0,-2],[-1,-1],[-1,-1],[-2,-1],[0,-3],[-2,-4],[-9,-16],[-6,-5],[-14,-15],[-8,-12],[-10,-15],[-10,-13],[-12,-11],[-12,-3],[-5,0],[-21,8],[-9,3],[-3,1],[-11,6],[-15,2],[-10,0],[-30,4],[-16,6],[-7,4],[-3,0],[-14,1]],[[1702,548],[-11,-1]],[[1691,547],[-7,-4],[-9,-6],[-13,-12],[-10,-11],[-9,-9],[-16,-9],[-19,-6]],[[1552,523],[11,4],[10,0],[4,0],[11,1],[0,-2],[0,-1],[-1,-4],[2,0],[2,-2],[2,-4],[7,3],[2,1],[3,1],[29,4],[2,0],[12,2],[2,1],[5,6]],[[1655,533],[-5,5]],[[1650,538],[0,0],[2,47],[2,24],[5,97],[4,80],[1,34],[0,3],[1,3],[0,15],[1,5],[-3,3]],[[1663,849],[3,3],[42,18],[10,4],[-1,0],[16,7],[-10,-81]],[[1723,800],[23,2]],[[1746,802],[52,6],[13,64],[37,4],[34,4],[8,4],[64,31],[1,0],[56,-13],[55,-23],[14,-7],[54,-15],[23,2],[13,8],[20,11],[33,19],[59,-26],[20,-15],[19,-15],[20,-15]],[[1470,478],[-4,-4]],[[1452,500],[-1,2],[-3,2],[0,2],[-2,4],[-1,4],[-2,2],[-5,3],[-2,2],[-2,3],[4,4],[24,-15]],[[1746,802],[-23,-2]],[[1663,849],[-31,-35],[-36,-39],[-18,-20],[-31,-32],[0,-1],[-11,-12],[-75,53],[-44,-66],[-55,59],[-30,-38],[14,-42],[1,-2],[46,-52],[8,-7],[-52,-35],[-1,0],[-110,16],[182,-200],[8,28],[1,3],[0,2],[2,2],[2,2],[11,10],[2,2]],[[1461,450],[0,1]],[[1529,462],[-9,-5],[-12,-6],[-6,-3],[-12,-6],[-18,-5],[-5,-1],[-5,1],[-5,2],[-3,-1],[-4,-3],[-4,-5],[-2,-5],[-1,0],[-5,-7],[-3,-9],[1,-8],[0,-5],[1,2],[0,1],[0,-3],[0,-5],[4,-5],[3,-5],[9,-10],[3,-8],[-2,-8],[-2,-8],[-3,-8],[2,0],[-1,0],[0,-2],[-1,-1],[-1,-1],[0,-1],[-1,0],[-1,0],[-1,1],[-1,0],[-3,-1],[-2,-2],[-2,-2],[-1,-2],[-1,-1],[-1,-1],[-1,0],[-1,0],[-1,-1],[-1,-1],[-1,0],[0,-1],[0,-3],[-1,-1],[-1,-1],[-4,-3],[-1,-1],[-1,-3],[-1,-3],[0,-1],[-1,-2],[-1,-1],[-2,-7],[-1,-4],[-1,-3],[0,-1],[1,-2],[0,-3],[1,-1],[1,-2],[3,-2],[0,-1],[0,-1],[0,-1],[-1,-2],[-2,-2],[-3,-8],[-3,-5],[-5,-11],[-1,-4],[0,-2],[-1,-2],[-2,-2],[-3,-3],[-9,-9],[-1,-1]],[[1389,225],[-2,-1],[-6,7],[-4,4],[-13,15],[-18,19],[-8,8],[-26,29],[-22,24],[-22,25],[-9,10],[-31,34],[-2,1],[-27,31],[-47,52],[-22,24],[1,2],[18,26],[14,30],[9,17],[-38,41],[-34,-34],[-9,-1],[-123,-21],[-2,0],[-26,21],[-51,44],[-38,32],[-23,20],[-22,-11],[-12,-6],[-47,9],[-24,21],[-24,20],[-49,40],[-11,11],[-13,10],[-45,37],[-11,11],[-9,10],[-21,24],[-20,23],[-16,19],[-161,102],[-24,172],[10,2],[-12,54],[-9,23],[-5,28],[-6,9],[-8,2],[5,3],[-53,77],[74,52],[-95,1],[-13,17],[-20,9],[-7,8],[-11,3],[-14,-6],[-17,42],[-42,23],[-18,9],[-2,2],[-2,2],[-2,6],[-14,38],[0,-1],[-10,26],[-2,12],[-1,11],[-5,-1],[-40,119],[210,175],[-8,55],[153,26],[-3,79],[37,69],[62,95],[22,-20],[81,59],[25,19],[27,23],[47,36],[7,3],[0,-1],[13,5],[21,8],[31,11],[86,34],[8,73],[0,5],[48,13],[24,7],[36,10],[32,9],[1,6],[16,152],[112,7],[8,29],[2,8],[5,15],[27,92],[16,57],[-49,15],[-34,10],[-30,9],[-7,2],[14,30],[9,62],[5,95],[21,82],[-24,55],[-24,4],[-88,-74],[-34,115],[2,0],[15,57],[2,11],[4,25],[1,6],[-139,13],[20,32],[19,33],[21,34],[-25,21],[-11,8],[-42,34],[0,1],[1,0],[1,2],[2,1],[7,2],[7,1],[15,-1],[13,-1],[1,0],[1,1],[5,2],[6,2],[9,7],[8,4],[8,5],[2,1],[7,5],[2,1],[9,4],[4,3],[8,4],[4,2],[1,0],[12,0],[10,1],[1,0],[10,0],[9,-2],[17,-8],[4,-1],[5,-4],[2,-1],[2,-1],[3,-1],[2,-1],[1,0],[6,-3],[2,-1],[7,-5],[9,-3],[5,-1],[2,-1],[2,0],[8,3],[2,0],[1,1],[8,5],[7,4],[1,1],[2,0],[3,0],[4,1],[2,-1],[6,-1],[2,-2],[6,-4],[2,-2],[1,-1],[6,-11],[7,-13],[1,-1],[1,-1],[8,-8],[2,-2],[8,-8],[4,-4],[1,-1],[2,-1],[11,-12],[2,-1],[1,0],[5,-3],[2,-1],[3,0],[4,-1],[6,0],[4,0],[8,0],[1,0],[2,0],[2,1],[7,1],[9,-1],[3,1],[4,0],[6,-2],[8,-2],[3,-1],[15,-4],[1,-1],[1,1],[2,0],[3,1],[5,1],[7,2],[2,2],[3,0],[4,0],[7,-1],[5,-1],[4,-1],[12,-7],[1,-1],[6,-3],[5,-2],[3,0],[11,-1],[7,-1],[2,0],[4,-1],[2,-1],[4,-1],[1,-1],[1,-1],[5,-7],[3,-3],[5,-5],[1,-2],[4,-3],[4,-2],[6,-3],[2,0],[2,0],[1,0],[7,2],[8,2],[4,2],[4,1],[1,1],[5,1],[5,2],[2,1],[3,0],[10,0],[7,-2],[2,0],[4,-1],[0,0],[4,1],[10,3],[0,0],[6,5],[3,2],[5,6],[3,3],[3,3],[3,2],[4,4],[2,1],[8,5],[3,1],[13,3],[9,2],[6,2],[5,2],[2,1],[3,1],[2,0],[5,1],[4,0],[6,0],[5,-1],[7,-2],[3,0],[4,-2],[6,0],[2,0],[6,1],[1,0],[6,4],[3,3],[3,2],[2,2],[6,2],[8,2],[8,0],[2,0],[5,-1],[4,-2],[2,-1],[2,-2],[3,-2],[5,-5],[2,-1],[5,-5],[2,-1],[3,-1],[2,-1],[4,0],[3,0],[3,-1],[3,0],[1,1],[4,0],[7,1],[4,2],[2,1],[9,5],[4,2],[6,4],[3,3],[3,2],[4,6],[1,2],[4,4],[5,7],[1,1],[3,2],[2,2],[2,1],[2,0],[5,1],[7,0],[2,-1],[4,0],[2,0],[3,-1],[2,-1],[3,0],[4,-2],[3,-1],[3,-1],[3,0],[2,-1],[6,-1],[2,0],[5,-1],[8,1],[3,0],[2,0],[5,-2],[2,0],[10,5],[6,3],[3,2],[3,1],[2,1],[2,0],[3,1],[6,2],[1,0],[5,1],[4,0],[3,0],[4,1],[4,-1],[4,0],[2,0],[3,0],[2,0],[4,-1],[3,-1],[2,-1],[5,0],[2,-1],[5,-1],[2,-1],[5,-1],[2,0],[4,-1],[4,-1],[4,0],[6,0],[10,-4],[4,-1],[3,-2],[1,-1],[2,-2],[1,-2],[3,-3],[3,-4],[1,-2],[6,-3],[4,-1],[1,-1],[5,0],[1,0],[3,0],[3,0],[7,0],[3,1],[11,0],[3,0],[7,-2],[3,-1],[5,-5],[2,-1],[5,-6],[8,-5],[4,-2],[5,-2],[5,-3],[3,-1],[7,-3],[5,-3],[6,-2],[5,-2],[3,-1],[4,-1],[2,-1],[1,0],[4,2],[1,1],[8,8],[1,1],[3,5],[5,12],[2,4],[2,2],[1,1],[0,0],[2,0],[2,0],[5,-1],[5,-1],[1,-1],[2,-1],[4,-3],[4,-3],[3,-2],[1,0],[1,-1],[1,0],[6,0],[0,0],[2,1],[3,2],[5,4],[4,3],[9,8],[1,1],[1,0],[3,-1],[9,0],[4,0],[4,0],[8,-1],[3,0],[3,-1],[2,0],[2,-1],[6,-4],[5,-2],[3,