{"type":"Topology","transform":{"scale":[0.0008981652952302355,0.0008708962269392057],"translate":[21.125769997000077,-30.04440999899998]},"arcs":[[[806,1510],[2,-1]],[[808,1509],[4,-4],[3,-3],[4,-5],[2,-4],[1,-4],[1,-3],[4,-6],[0,-2],[-1,-2],[-2,-2],[0,-3],[1,-3],[3,-4],[4,-4],[4,-6],[4,-10],[2,-7],[1,-5],[0,-4],[0,-2],[0,-2],[1,-3],[-1,-3],[-1,-3],[-1,-3],[-1,-8],[0,-3],[1,-4],[1,-3],[2,-1],[8,-3],[5,0],[-3,-10],[0,-2],[0,-1],[-4,-4],[49,-33],[2,-1],[-74,-55],[100,-103]],[[927,1181],[-8,-5],[-37,-26],[-9,-7],[-17,-12],[-17,-13],[-23,-18],[-20,-15],[16,-18],[15,-17],[22,-26],[12,-14],[43,-62],[20,-29],[5,-7],[13,-20],[8,-12],[-23,-27],[-14,-16],[-30,-34],[-9,-10],[-42,-28],[-30,-20],[25,-26],[16,-16],[2,-3],[17,-16],[-17,-17],[-25,-24],[-23,-22],[-63,-61],[20,-30],[30,-46],[0,-1],[-19,-16],[-13,-11],[-25,-21],[0,-1],[-12,-24],[-8,-15],[-13,-25],[-13,-27],[-3,-5],[-11,-21],[-3,-6],[-1,-1],[22,-17],[11,-9],[30,-23],[26,-20],[11,-9],[129,-43],[74,-21],[7,-2],[12,-3],[-10,-32],[-2,-7],[-6,-20],[6,-15],[11,-29],[3,-9],[0,0],[2,-7],[-3,0],[-4,-1],[-1,-1],[-8,-2],[0,0],[-2,-1],[-29,-7],[-34,-8],[-3,-1],[-21,30],[-6,8],[0,0],[-12,-6],[-5,-2],[-40,-18],[-34,-16],[-15,4],[-2,0],[-1,0],[-62,15],[-9,2],[-4,2],[0,0],[-61,14],[-13,-3],[-12,-2],[-32,-8],[-33,-7],[-24,2],[-19,-38],[0,0],[-76,15],[0,1],[-18,9],[-21,13],[-51,29],[-10,-6],[-4,-3],[-1,0],[0,0],[-2,-1],[-19,-12],[-25,-14],[-58,-10],[-65,-12],[-12,-2],[0,0],[-8,-1],[70,67],[-46,39],[-14,12],[-3,2],[-4,4],[-43,28],[-21,14],[-37,25],[68,82],[63,75],[4,56],[-51,37],[-38,21],[21,81],[13,49],[-8,19],[6,56],[3,19],[10,-13],[14,-17],[2,-2],[0,0],[3,1],[20,3],[0,1],[-1,1],[-22,65],[-1,4],[27,53],[-10,9],[-10,9],[-5,5],[-17,15],[-13,42],[-25,18],[-22,16],[36,36],[31,27],[9,7],[33,29],[24,21],[0,0],[8,100],[-27,17],[-30,19],[-3,2],[-6,4],[-39,24],[-3,1],[0,1],[4,9],[0,0],[27,55],[11,21],[0,0],[1,4],[-4,2],[-5,4],[-45,28],[-14,9],[-30,18],[-25,16],[-4,9],[-10,23],[-2,5],[13,13],[23,25],[28,30],[14,16],[14,9],[42,33],[16,12],[44,53],[15,12],[32,26],[113,37],[41,17],[57,25],[7,0],[80,14],[0,1],[1,1],[11,11],[17,18],[15,16],[4,5],[34,-15],[2,-11]],[[623,1741],[13,-61],[13,-53],[1,0],[5,2],[1,0],[1,0],[1,0],[4,0],[1,0],[1,1],[2,1],[1,0],[2,-1],[1,-1],[2,0],[1,0],[1,0],[1,1],[1,1],[1,0],[1,-1],[1,0],[1,0],[0,1],[0,0],[0,2],[1,1],[0,2],[1,1],[2,1],[1,1],[1,0],[1,-1],[2,-2],[1,-1],[1,0],[0,0],[2,1],[6,1],[0,0],[1,1],[0,2],[1,2],[2,5],[1,0],[1,1],[2,0],[5,-1],[1,0],[1,1],[1,1],[1,2],[1,1],[2,-8],[2,-5],[0,-5],[-1,-14],[-2,-7],[0,-2],[2,-5],[4,-4],[7,-3],[5,-3],[14,-3],[3,-3],[6,-5],[3,-5],[6,-10],[6,-14],[2,-7],[2,-4],[4,-7],[5,-7],[6,-6],[9,-11],[4,-4]],[[941,1678],[-126,-140],[-8,-28]],[[807,1510],[-1,0]],[[623,1741],[1,2],[1,2],[1,1],[0,0],[3,2],[1,1],[1,0],[0,1],[3,3],[3,4],[1,0],[2,1],[1,1],[-6,11],[10,7],[1,0],[2,-1],[4,-3],[1,0],[16,16],[13,13],[5,-11],[4,-7],[3,-5],[7,-10],[2,-3],[2,-4],[4,-5],[11,10],[16,1],[2,5],[2,3],[10,27],[4,9],[8,19],[8,20],[9,22],[11,29],[3,6],[70,-49],[17,-62],[3,-11],[3,-13],[6,-23],[13,-14],[5,-6],[6,-5],[5,-5],[6,-13],[14,-29]],[[981,1260],[-9,1],[-9,0],[-25,-56],[-3,-7],[-8,-17]],[[808,1509],[-1,1]],[[941,1678],[0,-1],[5,-6],[19,-22],[8,-14],[11,-18],[17,-25],[5,-5],[19,-22],[1,-2],[24,-23],[31,-7],[2,0],[0,0],[21,-47],[3,-6],[4,-9],[-14,-14],[-16,-14],[0,-1],[-61,-59],[0,0],[5,-8],[3,-5]],[[1028,1370],[-5,-9],[-1,-3],[-2,-4],[-1,-1],[-1,-2],[-1,-3],[0,-1],[-1,-1],[1,-1],[-1,-1],[-3,-3],[-1,-1],[-2,-4],[-1,-2],[-2,-2],[-2,-1],[-2,-2],[-3,-2],[-2,-1],[-3,-1],[-3,-1],[0,0],[-5,-11],[-3,0],[-4,0],[0,-3],[1,0],[0,0],[2,-2],[-2,-3],[-1,0],[0,0],[0,0],[-1,-1],[-1,-1],[-2,0],[1,-3],[-4,-1],[8,-39]],[[1028,1370],[3,3],[1,1],[1,1],[1,1],[1,1],[2,1],[2,1],[3,1],[7,1],[3,0],[2,-1],[3,0],[2,-1],[2,-2],[2,-1],[1,-1],[0,-1],[1,-2],[1,-2],[0,-2],[0,-8],[1,-2],[1,-2],[2,-2],[0,-2],[0,-3],[0,-2],[1,-2],[0,-2],[1,-1],[4,-5],[2,-2],[1,-2],[2,-4],[3,-3],[3,-2],[5,-4],[2,-2],[3,-2],[3,-2],[6,-2],[3,-2],[5,-1],[4,-1],[1,-1],[3,-1],[3,-3],[2,-1],[2,-1],[1,-1],[2,-2],[0,-1],[1,-3],[2,-2],[2,-4],[1,-1],[0,-3],[1,-4],[2,-3],[3,-6],[1,-2],[1,-2],[3,-7],[2,-5],[1,-1],[1,-1],[2,-3],[1,-1],[4,-5],[3,-3],[5,-3],[0,0],[4,-5],[1,-2],[1,-2],[0,-3],[0,-2],[0,-4],[-1,-1],[-2,-3],[-2,-2],[-2,-1],[-2,-2],[-5,-4],[-2,-1],[-4,-4],[-1,-2],[0,-3],[4,-9],[1,-2],[0,-1],[1,-4],[3,-3],[4,-2],[3,-2],[4,-2],[3,-2],[2,-1],[2,0],[4,-2],[4,-2],[1,-2],[3,-6],[3,-5],[10,-5],[3,-2],[1,-3],[1,-4],[-1,-5],[-1,-4],[-5,-13],[-2,-5],[-1,-2],[1,-4],[3,-5],[6,-5],[2,-2],[3,-5],[1,-2],[-15,-12],[-26,54],[-71,57],[-8,16],[-27,55],[-88,4]]],"objects":{"199":{"type":"GeometryCollection","geometries":[{"arcs":[[0,1,2,3]],"type":"Polygon","properties":{"WARD":"30804001","PROVINCE":"Northern Cape","CAT_B":"NC084","MUNICNAME":"!Kheis Local Municipality","WARDNO":1,"VOTERS":2272,"Area":9747.65232723,"Shape_Leng":5.48666073078,"Shape_Area":0.905226545821,"ID":1315,"POPULATION":4345,"DENSITY":0.445748356028484}},{"arcs":[[4,5,-4,6]],"type":"Polygon","properties":{"WARD":"30804002","PROVINCE":"Northern Cape","CAT_B":"NC084","MUNICNAME":"!Kheis Local Municipality","WARDNO":2,"VOTERS":2239,"Area":530.731196948,"Shape_Leng":1.08132100443,"Shape_Area":0.0489399722388,"ID":1316,"POPULATION":4891,"DENSITY":9.21558790613021}},{"arcs":[[7,-2,8,-5,9,10]],"type":"Polygon","properties":{"WARD":"30804003","PROVINCE":"Northern Cape","CAT_B":"NC084","MUNICNAME":"!Kheis Local Municipality","WARDNO":3,"VOTERS":2420,"Area":641.626714072,"Shape_Leng":1.18902048915,"Shape_Area":0.0592903727231,"ID":1317,"POPULATION":3821,"DENSITY":5.955175986595887}},{"arcs":[[-11,11]],"type":"Polygon","properties":{"WARD":"30804004","PROVINCE":"Northern Cape","CAT_B":"NC084","MUNICNAME":"!Kheis Local Municipality","WARDNO":4,"VOTERS":1741,"Area":187.421759016,"Shape_Leng":0.798110569748,"Shape_Area":0.0173465151491,"ID":1318,"POPULATION":3580,"DENSITY":19.10130402572083}}]}}}