{"type":"Topology","transform":{"scale":[0.0010126623398268445,0.0007413043436852873],"translate":[24.413679996000038,-33.315329995999946]},"arcs":[[[1563,302],[-4,6],[-1,5],[1,7],[2,2],[0,1],[-1,1],[3,3],[-1,6],[-3,3],[0,2],[-7,6],[-2,1],[-5,-2],[-3,1],[-1,11],[-3,5],[-2,0],[-2,-4],[0,-5],[-4,-4],[-3,-8],[-1,0],[-6,-7],[-5,0],[-7,4],[-4,1],[-1,2],[1,6],[1,1],[2,1],[1,3],[1,4],[1,3],[2,2],[0,1],[-1,0],[0,2],[1,4],[2,3],[-1,4],[-2,3],[-3,0],[-1,1],[-5,1],[-7,-1],[-3,-2],[1,-7],[-1,-3],[1,-4],[-1,-2],[0,-2],[-4,-1],[-1,-2],[-2,0],[-1,-9],[-1,-4],[-1,-1],[-3,0],[-5,4],[-1,4],[-2,1],[0,3],[-2,5],[2,3],[0,3],[4,3],[2,6],[0,4],[-4,3],[-3,4],[-3,1],[-3,0],[-3,3],[0,2],[2,11],[0,6],[-1,3],[-2,5],[-4,2],[-7,-2],[-4,-1],[-1,1],[-1,3],[0,4],[2,14],[0,12],[-3,6],[-2,3],[-9,5],[-1,7],[-2,2],[-5,3],[-2,-3],[-4,-12],[-4,-7],[-2,-5],[0,-10],[-1,-4],[-2,-2],[-3,-1],[-2,0],[-3,4],[-3,2],[-2,2],[-2,15],[-1,5],[-1,6],[-2,2],[-3,6],[-2,16],[0,2],[2,0],[8,7],[3,7],[-1,7],[1,4],[-2,7],[-1,7],[6,25],[2,5],[1,4],[-1,2],[-4,2],[-6,1],[-3,0],[-2,-3],[-11,-3],[-4,1],[-4,3],[0,4],[-2,3],[1,3],[-1,3],[2,9],[8,4],[7,10],[3,1],[4,-2],[0,3],[1,1],[-3,9],[0,4],[1,5],[0,7],[0,6],[-2,6],[-3,1],[-2,-6],[-10,-7],[-3,0],[-2,4],[2,2],[2,2],[10,12],[2,6],[2,4],[4,6],[1,5],[2,4],[1,3],[0,16],[2,9],[-1,6],[1,10],[6,4],[12,5],[1,3],[-1,3],[-6,6],[-8,3],[-3,3],[-3,0],[-3,-2],[-2,-2],[-3,-4],[-2,-9],[-4,-5],[-2,-2],[-3,1],[-1,4],[3,10],[-2,5],[4,18],[0,1],[-3,1],[2,3],[-1,1],[-4,0],[-6,-1],[2,3],[-1,1],[1,5],[0,1],[1,1],[0,1],[0,1],[1,2]],[[1370,779],[6,-3],[-3,15],[0,4],[-26,15],[-28,-5],[-18,-23],[-19,2],[2,35],[25,16],[-17,43],[-23,37],[4,8],[4,10],[-17,20],[-15,-5],[-25,7],[-18,20],[-19,-1]],[[1183,974],[-5,8],[-20,18],[-5,12],[10,12],[7,-2],[34,6],[9,45],[17,0],[-4,18]],[[1226,1091],[34,10],[9,-31],[35,-10],[51,-11],[11,82],[37,-18],[24,-2],[28,6],[47,15],[-5,-25],[10,-59],[19,-18],[17,8],[50,-1],[1,9],[52,-9],[9,-16],[6,0],[-2,-9],[17,-8],[10,-12],[6,-21],[-6,-2],[-2,-2],[-5,-9],[2,0],[-19,-16],[-3,-10],[-13,-7],[-6,-12],[-26,8],[-4,-16],[3,-13],[-9,-6],[-11,-16],[37,-21],[-32,-105],[17,-23],[17,-8],[28,30],[14,-1],[0,-6],[70,8],[25,19],[3,-27],[32,-31],[7,-24],[-2,-6],[-36,3],[-20,1],[0,-2],[-23,-42],[2,-5],[1,-4],[0,-6],[2,-1],[4,1],[1,1],[1,9],[2,5],[2,0],[3,-9],[3,-9],[0,-8],[-4,-3],[-1,-2],[2,-3],[5,2],[3,2],[2,2],[3,19],[1,2],[2,-1],[1,-1],[6,-10],[2,-4],[1,-2],[2,1],[5,4],[6,3],[2,0],[1,-4],[0,-7],[-8,-14],[1,-3],[3,0],[3,1],[4,2],[5,6],[2,0],[4,-5],[1,-2],[-1,-4],[2,-3],[5,-4],[3,-1],[2,0],[8,-7],[2,2],[0,12],[2,1],[0,2],[2,0],[4,0],[4,-4],[3,-5],[1,-4],[3,-8],[2,-4],[1,-4],[-10,-51],[-25,-9],[-53,-11],[-60,-11],[-1,-8],[-23,-13],[-15,-10],[-2,-14],[-22,-22],[-18,-28],[-28,-30],[10,-8],[-13,-31],[-1,3],[-3,4],[-2,1],[-4,-3],[-3,-13],[-1,-1],[-2,-3],[-6,1],[-3,-2]],[[1164,802],[1,-1],[1,-4],[0,-7],[-3,1],[1,-11],[2,-3],[4,4],[13,1],[7,-3],[2,-3],[3,-7],[0,-2],[-4,-4],[-5,-1],[-1,-4],[1,-4],[6,-5],[0,-6],[-5,3],[0,2],[-1,0],[0,2],[-14,8]],[[1172,758],[-1,3],[-1,-1],[0,5],[-4,2],[-4,3],[-4,0],[0,-3],[-3,1],[-4,4],[-1,6],[-1,1],[-5,0],[-1,-2],[-2,-1],[-4,1],[-4,7],[0,5],[-2,3],[-1,0],[-1,-2],[0,-4],[2,-4],[0,-1],[-1,-1],[-2,0],[0,0],[-5,1],[-2,-3],[-3,0],[-1,2],[0,4],[-3,5],[1,12],[-1,1]],[[1114,802],[35,1],[13,2],[1,0],[0,-3],[1,0]],[[1370,779],[-4,1]],[[1366,780],[-3,-2],[-2,-9],[1,-7],[-38,-20],[-23,-4],[0,-6],[-4,-10],[1,-20],[-20,-51],[-55,29],[-14,-1],[18,-55],[-14,7],[-9,-22],[-40,21],[-3,21],[1,2],[3,8],[8,13],[3,20],[0,9],[-4,23],[-2,26],[2,6]],[[1164,802],[0,1],[6,-2],[9,0],[3,1],[2,3],[0,-4],[6,10],[-9,20],[-14,9],[-17,-4],[-27,26]],[[1123,862],[5,20],[10,7],[14,16],[-2,28],[22,30],[11,11]],[[1123,862],[-11,3],[-17,-25]],[[1095,840],[-20,5],[-5,4],[5,26],[-6,5],[2,7],[-11,7],[-7,10],[-14,15],[-24,2],[-22,-6],[-14,-20],[-26,-7],[-8,-19],[-25,14],[-12,20],[-6,17],[-12,-41],[-26,19],[-43,5],[-26,-3],[-24,26],[-11,-40],[-41,-17],[-31,-20],[9,-19],[-8,-4],[-23,-3],[-11,12],[-38,15],[-20,-2],[-12,-31],[-16,8],[-5,-52],[-31,-16],[-19,-13]],[[514,744],[-22,0],[1,7],[3,1],[0,2],[-1,4],[-1,3],[-1,1],[-2,7],[0,3],[-24,0],[-5,-2],[-96,29],[-1,26],[-91,16],[-25,-21],[-60,5],[-61,-17],[-14,-25],[-19,-5],[-38,-36],[-53,32],[-4,6],[11,56],[31,74],[-16,81],[52,-33],[52,58],[20,-6],[3,30],[9,28],[-21,11],[7,50],[26,47],[35,13],[15,7],[18,9],[37,20],[-17,29],[-8,8],[9,-1],[-2,3],[16,33],[1,-28],[6,-10],[59,6],[34,-43],[15,27],[3,12],[3,-4],[6,0],[-2,7],[5,12],[-6,0],[-3,11],[-6,-5],[-1,5],[-3,4],[10,7],[-4,8],[2,2],[13,-6],[-1,10],[-4,6],[0,11],[6,1],[8,2],[7,6],[7,-1],[6,-4],[3,-3],[10,4],[4,11],[2,1],[9,-4],[2,6],[6,-1],[12,16],[16,-7],[2,15],[8,21],[-3,28],[20,29],[13,-9],[17,-15],[23,12],[15,-6],[6,-13],[21,-3],[9,-18],[23,8],[26,-13],[24,-10],[26,-32],[12,-19],[19,7],[17,-15],[10,-3],[1,-13],[3,-1],[15,12],[20,-4],[25,-6],[31,44],[25,2],[28,7],[-5,-23],[2,-23],[22,-8],[25,-37],[9,-1],[-18,-52],[21,-14],[8,7],[64,11],[1,-3],[18,19],[21,5],[8,-13],[6,-8],[26,-64],[18,-1],[12,9],[17,-7],[15,-25],[8,-6],[10,-36]],[[1114,802],[-14,19],[-5,19]],[[1366,780],[4,-1]],[[1563,302],[-6,-12],[-5,1],[-1,1],[-9,3],[-1,0],[-1,-1],[-2,-7],[-2,-2],[-1,-3],[-3,-1],[-1,-4],[-1,0],[-15,-85],[34,-9],[-13,-28],[14,-5],[-12,-39],[45,-23],[-8,-38],[-20,-38],[-19,-12],[-41,4],[0,-2],[-13,4],[-4,3],[-33,12],[-27,7],[0,-7],[-2,-3],[-8,3],[2,4],[-6,5],[-3,1],[0,1],[-42,10],[-91,-2],[-63,-29],[-26,35],[-92,10],[-63,-13],[-26,7],[-28,10],[-79,15],[-22,-1],[-78,5],[-33,-8],[-9,46],[-5,-1],[-1,7],[5,-1],[3,142],[-60,5],[0,29],[-14,72],[-21,-3],[-1,54],[-5,13],[22,3],[7,54],[-45,7],[-39,42],[20,26],[37,5],[13,28],[-31,30],[-11,20],[-43,-10],[-12,6],[4,50],[-16,19],[-5,-3],[-37,9],[0,24]]],"objects":{"2":{"type":"GeometryCollection","geometries":[{"arcs":[[0,1,2,3]],"type":"Polygon","properties":{"WARD":"21002001","PROVINCE":"Eastern Cape","CAT_B":"EC102","MUNICNAME":"Blue Crane Route Local Municipality","WARDNO":1,"VOTERS":1767,"Area":1998.01656953,"Shape_Leng":3.36372935862,"Shape_Area":0.19227398224,"ID":546,"POPULATION":4749,"DENSITY":2.376857165462408}},{"arcs":[[4,5,6]],"type":"Polygon","properties":{"WARD":"21002002","PROVINCE":"Eastern Cape","CAT_B":"EC102","MUNICNAME":"Blue Crane Route Local Municipality","WARDNO":2,"VOTERS":3347,"Area":15.0019668732,"Shape_Leng":0.275082909092,"Shape_Area":0.00144322606384,"ID":547,"POPULATION":6747,"DENSITY":449.74102776170366}},{"arcs":[[7,8,-5,9,10,-2]],"type":"Polygon","properties":{"WARD":"21002003","PROVINCE":"Eastern Cape","CAT_B":"EC102","MUNICNAME":"Blue Crane Route Local Municipality","WARDNO":3,"VOTERS":2701,"Area":337.234302931,"Shape_Leng":1.16769331882,"Shape_Area":0.0324372990282,"ID":548,"POPULATION":6979,"DENSITY":20.694810519996068}},{"arcs":[[-3,-11,11,12,13]],"type":"Polygon","properties":{"WARD":"21002004","PROVINCE":"Eastern Cape","CAT_B":"EC102","MUNICNAME":"Blue Crane Route Local Municipality","WARDNO":4,"VOTERS":2722,"Area":3858.96493627,"Shape_Leng":3.8136535716,"Shape_Area":0.370383600914,"ID":549,"POPULATION":5933,"DENSITY":1.537458903613341}},{"arcs":[[-7,14,-12,-10]],"type":"Polygon","properties":{"WARD":"21002005","PROVINCE":"Eastern Cape","CAT_B":"EC102","MUNICNAME":"Blue Crane Route Local Municipality","WARDNO":5,"VOTERS":3370,"Area":28.9780439481,"Shape_Leng":0.242087118331,"Shape_Area":0.00278674809003,"ID":550,"POPULATION":5446,"DENSITY":187.93539031667723}},{"arcs":[[-15,-6,-9,15,-1,16,-13]],"type":"Polygon","properties":{"WARD":"21002006","PROVINCE":"Eastern Cape","CAT_B":"EC102","MUNICNAME":"Blue Crane Route Local Municipality","WARDNO":6,"VOTERS":3544,"Area":4830.29791687,"Shape_Leng":4.29452052032,"Shape_Area":0.466001680482,"ID":551,"POPULATION":6148,"DENSITY":1.272799339876713}}]}}}