{"type":"Topology","transform":{"scale":[0.0024144348557806265,0.002301593834190186],"translate":[21.681259155000077,-28.766740003999928]},"arcs":[[[610,211],[-1,-1],[-2,0],[0,0],[-1,-1],[-1,0],[-1,0],[0,0],[-1,-2],[-1,0],[-1,-1],[-2,0],[0,0],[0,-1],[-1,-1],[-1,0],[-1,-1],[-1,0],[0,-2],[-2,-2],[-5,-3],[-1,-1],[-2,-2],[-4,0],[-1,-1],[-1,-1],[0,0],[-1,0],[-3,3],[0,1],[-1,0],[0,0]],[[574,195],[1,2]],[[575,197],[3,2],[1,1],[4,2],[0,2],[0,1],[6,7],[4,14],[17,-14]],[[610,212],[0,-1]],[[569,193],[2,3],[3,-1]],[[574,195],[0,-1],[1,-1],[0,0],[-1,-2],[-2,0],[-1,0],[0,0],[-2,2]],[[711,211],[-12,11],[-15,-39],[-14,-16],[-13,9],[-12,6],[-3,2],[-2,0],[-33,5],[11,15],[-5,4]],[[613,208],[-3,4]],[[575,197],[5,30],[0,40],[0,2],[-2,11],[2,1],[-4,32],[7,15],[10,21]],[[593,349],[44,4],[20,3],[15,5],[19,15],[5,-18],[14,-25],[-1,0],[12,-22],[8,-15],[14,-5],[20,1],[-15,-28],[-6,-8],[-13,-11],[-18,-34]],[[556,192],[0,9],[6,-2],[2,-3]],[[564,196],[2,-1]],[[566,195],[-1,-2],[-3,-1],[1,-1],[0,0],[0,0],[1,-1],[-2,-1],[-6,3]],[[566,195],[3,-2]],[[610,211],[3,-3]],[[711,211],[0,-1],[9,-5],[-13,-33],[24,-13],[5,-2],[3,-1],[16,-3],[16,-9],[11,-6],[-11,-30],[7,-3],[29,-13],[10,-5],[22,-9],[-10,-13],[-9,-12],[-15,-28],[28,-12],[-4,-6],[0,0],[-1,0],[-5,-7],[-15,4],[-31,3],[-6,1],[-10,7],[-16,8],[-24,8],[-5,0],[-13,26],[-10,-5],[-26,-1],[-15,15],[-9,-10],[-13,4],[2,12],[7,19],[-13,5],[-4,-11],[-23,-11],[-13,-1],[-34,8],[-8,0],[-13,8],[-19,-7],[-17,-1],[-16,2],[-17,-1],[-13,16],[-7,4],[0,0],[-8,6],[-26,7]],[[408,115],[10,15],[5,10],[5,13],[13,20],[-9,2],[-4,33],[18,0],[-2,36],[71,19],[23,-46],[-3,-18],[21,-7]],[[575,197],[-1,-2]],[[566,195],[-2,1]],[[408,115],[-27,0],[-4,-6],[-4,7],[-24,1],[-26,23],[-24,-24],[-64,-63],[-52,-51],[-10,23],[-12,3],[-10,9],[-9,10],[-6,10],[-7,12],[-9,10],[-8,17],[-10,11],[-5,18],[-6,23],[-26,19],[-9,15],[-8,2],[-10,-4],[-11,22],[-13,4],[-11,8],[25,16],[-28,12],[23,23],[8,7],[22,26],[5,13],[2,5],[3,13],[-19,18],[42,35],[41,35],[0,20],[5,0],[0,5],[-35,85],[35,13],[0,94],[0,86],[12,6],[12,0],[28,10],[7,13],[-13,17],[0,2],[0,2],[-3,0],[0,0],[0,1],[-1,2],[3,5],[17,-24],[16,-17],[4,-7],[5,-3],[8,8],[9,15],[31,-16],[6,-80],[24,-1],[-1,-6],[30,0],[4,-1],[4,0],[21,1],[2,2],[32,4],[13,12],[14,-14],[-4,-6],[-1,-9],[-9,-5],[-3,-15],[15,1],[-4,-19],[-1,-26],[21,-3],[0,-17],[-2,-23],[-1,-27],[-4,-24],[-12,-1],[11,-8],[27,-28],[15,-18],[7,-17],[-16,-6],[-17,-2],[21,-17],[3,-9],[-13,-10],[-16,1],[-35,-4],[3,-13],[-2,-8],[12,2],[31,-1],[10,1],[23,12],[15,13],[28,17],[13,-4],[12,-1],[6,9],[7,9],[9,-14],[4,4],[18,-4],[6,-32]]],"objects":{"200":{"type":"GeometryCollection","geometries":[{"arcs":[[0,1,2,3]],"type":"Polygon","properties":{"WARD":"30805001","PROVINCE":"Northern Cape","CAT_B":"NC085","MUNICNAME":"Tsantsabane Local Municipality","WARDNO":1,"VOTERS":1975,"Area":25.9709386437,"Shape_Leng":0.256912819136,"Shape_Area":0.00238886616196,"ID":1319,"POPULATION":4021,"DENSITY":154.82690306903518}},{"arcs":[[4,5]],"type":"Polygon","properties":{"WARD":"30805002","PROVINCE":"Northern Cape","CAT_B":"NC085","MUNICNAME":"Tsantsabane Local Municipality","WARDNO":2,"VOTERS":2964,"Area":1.07519855097,"Shape_Leng":0.0390218585846,"Shape_Area":0.000098929025832,"ID":1320,"POPULATION":6648,"DENSITY":6183.044047076187}},{"arcs":[[6,7,-3,8,9]],"type":"Polygon","properties":{"WARD":"30805003","PROVINCE":"Northern Cape","CAT_B":"NC085","MUNICNAME":"Tsantsabane Local Municipality","WARDNO":3,"VOTERS":2749,"Area":1419.96587012,"Shape_Leng":1.69324499614,"Shape_Area":0.130432287406,"ID":1321,"POPULATION":5715,"DENSITY":4.024744622571125}},{"arcs":[[10,11,12]],"type":"Polygon","properties":{"WARD":"30805004","PROVINCE":"Northern Cape","CAT_B":"NC085","MUNICNAME":"Tsantsabane Local Municipality","WARDNO":4,"VOTERS":2606,"Area":4.21048458422,"Shape_Leng":0.0860994866936,"Shape_Area":0.000387394524493,"ID":1322,"POPULATION":5425,"DENSITY":1288.4502701498411}},{"arcs":[[-13,13,-6,-1,14,-7,15,16]],"type":"Polygon","properties":{"WARD":"30805005","PROVINCE":"Northern Cape","CAT_B":"NC085","MUNICNAME":"Tsantsabane Local Municipality","WARDNO":5,"VOTERS":3371,"Area":3110.48889855,"Shape_Leng":3.42050989545,"Shape_Area":0.286589937462,"ID":1323,"POPULATION":7743,"DENSITY":2.489319284698142}},{"arcs":[[-9,17,-5,-14,18,-11,-17,19]],"type":"Polygon","properties":{"WARD":"30805006","PROVINCE":"Northern Cape","CAT_B":"NC085","MUNICNAME":"Tsantsabane Local Municipality","WARDNO":6,"VOTERS":2746,"Area":13771.0529,"Shape_Leng":6.98269668025,"Shape_Area":1.26256351334,"ID":1324,"POPULATION":5541,"DENSITY":0.402365747937836}}]}}}