{"type":"Topology","transform":{"scale":[0.000293505205994408,0.00024051246144887227],"translate":[23.58093000400004,-28.71369999899997]},"arcs":[[[3147,773],[1,0]],[[3148,773],[-1,-10],[1,-6],[0,-2],[-2,-2],[2,-4],[3,-15],[-21,4],[-2,1],[-3,-2],[-2,3],[-2,0],[1,11],[-6,1],[3,30],[28,-9]],[[3620,965],[-3,-2],[-2,-1],[-2,-4],[-1,-2],[-2,-5],[-2,-2],[-5,-5],[-3,-2],[-2,-2],[-4,-1],[-10,0],[-8,-3],[-2,-1],[-3,0],[-2,-1],[-8,-2],[-13,-2],[-15,-4],[-14,-6],[-7,-3],[-11,-6],[-9,-5],[-3,-3],[-1,-3],[-3,-7],[0,-2],[0,-6],[0,-10],[-1,-6],[-2,-8],[-1,-7],[-2,-18],[-1,-4],[-3,-8],[-2,-8],[-2,-6],[-1,-2],[-2,-2],[-5,-14],[-1,-5],[-1,-6],[-1,-6],[-2,-9],[-10,-35],[-1,-3],[0,-7],[0,-1],[2,-5],[1,-2],[6,-6],[2,-3],[3,-3],[8,-5],[6,-5],[4,-3],[4,-4],[1,-2],[2,-3],[1,-5],[2,-13],[0,-5],[1,-12],[0,-5],[-2,-9],[-1,-7],[-3,-7],[0,-9],[-2,-10],[1,-16],[0,-4],[3,-11],[3,-9],[2,-10],[1,-5],[1,-7],[1,-7],[2,-10],[3,-13],[1,-6],[0,-15],[-1,-4],[-4,-5],[-5,-6],[-4,-3],[-11,-3],[-12,-5],[-7,-2],[0,0]],[[3456,456],[-18,-4],[-15,-6],[-6,-1],[-6,0],[-4,1],[-7,5],[-4,1],[-26,1],[-5,1],[-5,4],[-2,4],[0,4],[2,7],[2,7],[1,8],[1,6],[-1,8],[0,9],[1,7],[2,7],[1,7],[-2,14],[0,10],[0,9],[1,9],[1,7],[4,19],[5,17],[3,8],[1,7],[1,6],[0,15],[-1,6],[-2,6],[-2,7],[-4,6],[-10,12],[-10,9],[-13,18],[-7,10],[-5,4],[-4,3],[-5,0],[-4,-2],[-3,-4],[-1,-4],[2,-4],[2,-3],[1,-3],[1,-6],[-1,-7],[-2,-6],[-3,-5],[-5,-4],[-8,-1],[-8,0],[-21,-2],[-26,-5],[-6,1],[-5,2],[-5,4],[-4,6],[-1,6],[2,13],[-1,5],[-4,4],[-6,2],[-6,1],[-1,2],[-1,6],[-6,-1],[-5,0],[0,4],[-13,6],[3,7],[-13,17],[-2,3],[-2,1],[-4,2],[-9,2],[-5,2]],[[3147,773],[2,6],[0,15],[-1,4],[-7,11],[-3,6],[0,1]],[[3138,816],[6,0],[-1,7],[5,2],[0,4],[2,3],[0,9],[10,1],[9,10],[2,4],[3,2],[3,3],[0,1],[0,4],[2,5],[0,7],[-1,6],[1,12],[2,6],[72,-26],[3,-4],[4,-10],[6,2],[-74,236],[8,17],[18,-5],[39,65],[21,31],[0,1],[16,12],[80,33],[90,-77],[53,-59],[37,-37],[59,-99],[6,-15],[1,-2]],[[3456,456],[0,-13],[-10,-148],[11,0],[-122,-195],[-38,-100],[-92,163],[-156,94],[-102,67],[-126,37],[-183,163],[-56,29],[-18,83]],[[2564,636],[52,164],[73,113]],[[2689,913],[86,-44],[-6,-6],[-9,-15],[-3,-7],[-2,-5],[-1,-4],[-1,-2],[0,-3],[-1,-3],[-3,-5],[-6,-7],[-1,-9],[0,-10],[0,-11],[6,-23],[2,-5],[6,-7],[2,-4],[2,-6],[3,-5],[6,-9],[6,-10],[4,-4],[2,-4],[4,-15],[2,-9],[6,-27],[7,-17],[10,-13],[5,-4],[5,-2],[2,-2],[6,-6],[5,-10],[8,-7],[5,-6],[4,-7],[11,-9],[8,-5],[15,-8],[11,-9],[3,-2],[7,-2],[4,-2],[3,-5],[10,-14],[10,-14],[13,-13],[8,-5],[7,-2],[7,-1],[6,1],[6,3],[6,6],[10,8],[3,5],[4,3],[5,3],[6,4],[6,3],[7,3],[9,0],[5,1],[12,4],[5,5],[4,5],[5,6],[7,12],[5,5],[6,4],[12,6],[5,5],[2,5],[0,5],[-1,9],[1,5],[0,5],[-2,5],[-3,6],[-2,5],[-2,6],[-1,6],[1,6],[2,2],[-17,15],[-44,76],[-41,92],[20,11],[8,11],[31,-32],[4,-3],[5,-2],[4,-1],[2,-1],[70,4]],[[3729,840],[15,51],[5,19],[5,31],[-19,14],[-8,4],[-33,15],[-8,4],[-27,18],[-4,2],[-4,1],[22,32],[17,25],[22,29],[4,4],[-106,192],[-70,77],[-22,19],[-13,16],[-16,13],[20,44],[0,0],[29,-29],[42,13],[112,-120],[58,57],[-108,91],[-18,17],[-99,157],[-33,49],[64,64],[34,36],[115,128]],[[3705,1913],[51,-42],[50,-59],[-4,-11],[-4,-15],[-3,-17],[0,-10],[1,-7],[1,-9],[2,-7],[0,-14],[1,-4],[5,-7],[2,-4],[4,-5],[7,-11],[7,-17],[2,-5],[5,-8],[4,-4],[3,-5],[1,-2],[4,-7],[6,-13],[5,-8],[3,-4],[3,-3],[3,-2],[6,-3],[5,-4],[4,-8],[6,-7],[7,-10],[6,-11],[5,-8],[4,-9],[9,-16],[2,-6],[2,-5],[2,-4],[1,-6],[1,-6],[1,-8],[4,-12],[5,-8],[3,-6],[0,-3],[0,-5],[-2,-6],[-4,-8],[-3,-6],[-2,-6],[0,-3],[-4,-10],[-1,-3],[-4,-8],[-3,-4],[-1,0],[-2,0],[-4,1],[-6,4],[-7,2],[-10,2],[-7,1],[-5,1],[-9,-1],[-6,-1],[-6,-2],[-6,-3],[-6,-3],[-2,-1],[-3,-3],[-3,-4],[-5,-5],[-5,-9],[-2,-7],[-6,-16],[-2,-3],[-3,-6],[0,-3],[-1,-3],[0,-5],[3,-5],[9,-7],[2,-3],[2,-1],[4,-2],[5,-1],[4,-2],[7,-7],[2,-2],[3,-3],[7,-8],[9,-10],[3,-2],[2,-3],[3,-4],[3,-4],[3,-4],[3,-8],[5,-11],[2,-7],[1,-9],[3,-12],[0,-5],[-1,-7],[-2,-9],[-1,-8],[-1,-6],[0,-3],[-2,-8],[0,-15],[0,-4],[0,-8],[2,-7],[0,-9],[1,-10],[3,-14],[2,-4],[3,-5],[5,-13],[4,-5],[0,-4],[0,-3],[-1,-6],[-3,-3],[-6,-6],[-9,-5],[-5,-1],[-6,1],[-2,1],[-6,0],[-13,-2],[-3,-1],[-4,-3],[-1,-2],[-1,-8],[-2,-6],[-2,-2],[-2,-2],[-4,-3],[-7,-7],[-4,-3],[-5,-3],[-8,-2],[-3,-1],[-7,0],[-7,-2],[-10,-4],[-5,-3],[-7,-2],[-1,0],[-2,-1],[-8,-4],[-4,-4],[-4,-7],[-2,-5],[0,-7],[3,-7],[2,-6],[1,-3],[1,-2],[1,-1],[1,-1],[3,-4],[4,-2],[2,0],[2,1],[2,3],[3,12],[1,2],[3,1],[3,1],[4,1],[3,1],[7,1],[8,-2],[5,-1],[12,-5],[3,-1],[4,-4],[3,-4],[1,-2],[2,-4],[1,-3],[1,-7],[0,-3],[-1,-6],[-1,-5],[0,-3],[1,-4],[5,-10],[14,-16],[8,-15],[1,-3],[0,-4],[-1,-2],[-8,-11],[-2,-4],[-6,-12],[-4,-9],[-5,-7],[-1,-1],[-2,-1],[-7,-2],[-5,0],[-4,0],[-10,0],[-6,0],[-8,-1],[-8,-1],[-7,-1],[-5,1],[-3,1],[-3,1],[-2,3],[-4,2],[-2,2],[-2,0],[-6,0],[-4,0],[-8,-1],[-8,1],[-4,2]],[[3255,2579],[40,-102],[34,-33],[6,-6],[41,-34],[64,-73],[14,-15],[59,-60],[9,-11],[12,-12],[76,-63],[52,-42],[2,-2],[-44,-53],[-46,-50],[95,-81],[36,-29]],[[3729,840],[-2,1],[-3,0],[-2,2],[-4,1],[-7,4],[-16,12],[-7,4],[-3,0],[-7,3],[-6,1],[-4,1],[-4,1],[-17,4],[-4,2],[-10,7],[-2,3],[-3,6],[-1,3],[0,1],[1,4],[1,1],[1,1],[3,2],[2,3],[4,5],[1,3],[0,4],[0,11],[-1,10],[-1,13],[-4,11],[0,1],[-3,2],[-1,1],[-2,0],[-4,-1],[-4,-2]],[[2689,913],[47,74],[-105,2],[4,51],[-10,4],[-7,2],[-12,5],[-17,7],[-10,2],[-3,4],[-4,2],[-8,1],[-9,3],[-10,2],[-3,2],[0,1],[-1,2],[0,3],[0,7],[-1,5],[0,7],[-1,7],[0,10],[0,4],[0,5],[0,4],[-1,4],[-3,5],[-1,3],[0,1],[-2,0],[-3,2],[-11,4],[-2,2],[-2,0],[-4,1],[-7,1],[-4,2],[9,22],[3,6],[-1,1]],[[2510,1183],[1,0],[1,0],[-1,-1],[4,-2],[-1,0],[2,-1],[1,1],[0,1],[1,3],[1,0],[1,2],[-1,0],[0,1],[7,12],[0,1],[7,14],[-7,4],[4,8],[-12,7],[2,3],[-6,3]],[[2514,1239],[6,12]],[[2520,1251],[18,-11],[51,117],[-62,59],[2,1],[4,3],[2,1],[8,7],[2,2],[3,6],[5,8],[2,2],[1,2],[4,7],[4,5],[2,0],[3,1],[2,0],[10,-4],[6,-4],[7,-8],[2,-4],[0,-2],[1,-1],[5,-2],[3,-1],[3,-1],[3,0],[2,-1],[2,-3],[2,-1],[1,-1],[1,-1],[1,-2],[0,0],[8,-1],[5,1],[4,1],[4,2],[3,6],[1,1],[2,1],[1,2],[0,1],[0,2],[-2,4],[0,5],[0,3],[0,-1],[-2,4],[0,2],[-1,3],[0,1],[2,1],[0,1],[0,2],[-1,3],[-1,2],[1,1],[2,1],[0,2],[-1,4],[-1,4],[1,2],[-1,3],[0,1],[2,6],[1,1],[3,1],[0,1],[0,2],[-2,0],[0,1],[0,1],[1,2],[2,4],[7,7],[3,1],[4,0],[9,2],[4,1],[3,0],[11,3],[8,1],[5,2],[2,0],[2,-1],[3,0],[3,1],[6,0],[14,-1],[4,0],[3,-1],[9,-1],[1,0],[2,2],[3,1],[1,3],[1,7],[-2,4],[-2,3],[0,2],[-1,0],[-5,0],[-6,1],[-5,4],[-2,2],[-3,3],[0,2],[1,1],[0,1],[-3,4],[-2,3],[-3,2],[-2,2],[-2,3],[-2,2],[-12,14],[-6,5],[-3,2],[-2,3],[-2,2],[-1,2],[-1,4],[0,4],[1,6],[5,6],[2,3],[6,3],[3,1],[5,1],[9,1],[3,2],[3,0],[6,5],[2,1],[5,6],[4,4],[1,4],[5,7],[1,3],[1,4],[0,3],[-1,11],[0,10],[1,2],[2,3],[2,3],[3,3],[2,1],[6,2],[4,3],[4,2],[3,1],[3,2],[1,2],[0,1],[2,1],[2,1],[3,-1],[1,1],[2,2],[0,3],[2,3],[5,0],[4,-1],[2,-1],[9,4],[2,2],[2,1],[3,1],[3,3],[1,2],[2,0],[9,13],[0,3],[1,1],[1,4],[0,1],[-1,5],[0,2],[1,2],[0,2],[-1,4],[-1,6],[-4,5],[-3,1],[-1,2],[0,1],[-4,1],[0,1],[0,1],[-3,3],[-1,2],[-1,1],[-1,0],[-7,-4],[-1,-2],[-3,-2],[-1,-3],[0,-1],[-1,0],[-1,2],[-1,0],[-2,-4],[0,-1],[1,0],[-1,-2],[-1,0],[-1,0],[-1,0],[-1,-2],[0,-1],[2,0],[0,-2],[-1,0],[-1,1],[0,0],[0,-1],[-1,-4],[-2,-1],[-1,-1],[-1,-1],[-2,-1],[-2,0],[-6,1],[-2,1],[-1,-1],[-1,-1],[-1,-1],[-4,0],[-1,0],[0,1],[0,1],[2,0],[0,1],[-1,1],[-1,1],[-1,-1],[-1,-2],[0,0],[-6,0],[-3,1],[-1,3],[-4,1],[0,1],[-1,3],[-1,2],[1,3],[0,0],[-1,1],[-2,0],[-2,4],[0,0],[1,3],[0,2],[-1,4],[-2,2],[0,1],[0,1],[3,3],[1,2],[1,2],[-1,5],[0,1],[1,0],[1,0],[1,3],[0,1],[0,2],[0,3],[1,3],[-1,1],[-1,-2],[-2,0],[-1,0],[0,1],[-1,1],[1,2],[5,4],[1,2],[0,2],[0,2],[0,5],[0,1],[-1,0],[0,-2],[-1,-1],[-1,0],[-1,1],[0,1],[0,1],[3,2],[0,2],[0,1],[-2,0],[-1,-1],[-1,1],[0,0],[1,4],[-1,4],[0,1],[-2,0],[0,1],[-3,0],[-1,1],[-1,1],[0,2],[-1,1],[-1,1],[-1,1],[-2,3],[-1,6],[0,3],[1,5],[2,3],[3,4],[4,3],[9,5],[1,1],[2,1],[2,0],[6,2],[3,1],[3,0],[5,-2],[2,0],[1,0],[1,2],[1,0],[4,-1],[3,-3],[1,0],[1,1],[0,-3],[1,-1],[0,0],[1,3],[0,0],[1,0],[0,0],[0,-2],[0,0],[2,1],[2,-1],[1,-1],[1,-3],[1,0],[1,1],[1,-1],[1,0],[1,0],[1,0],[3,-2],[1,0],[1,1],[1,3],[2,1],[0,-1],[0,-3],[1,0],[2,-1],[1,1],[1,2],[1,0],