{"type":"Topology","transform":{"scale":[0.00020517297172556895,0.00021831495984251547],"translate":[24.534639003000052,-28.452120002999948]},"arcs":[[[1598,1373],[-69,80]],[[1529,1453],[15,9],[-5,5],[-8,-4],[-10,11],[1,3],[6,-1],[0,-1],[6,-7],[5,3],[-4,5],[0,3],[12,7],[5,-7],[6,-6],[2,1],[-5,5],[3,10]],[[1558,1489],[17,0],[4,-7],[5,0],[0,0],[4,0],[0,2],[8,0],[2,-111]],[[1558,1489],[-2,1],[-1,0],[-7,7]],[[1548,1497],[-2,2]],[[1546,1499],[-7,8]],[[1539,1507],[8,5],[21,12],[12,9],[2,-3],[5,4],[4,-6],[2,0],[1,-9],[0,-1],[1,1],[2,5],[4,3],[-5,8],[27,20],[4,-3],[3,3],[3,-2],[9,5],[7,8],[9,6],[6,10],[4,9],[1,7],[-1,2]],[[1668,1600],[1,0]],[[1669,1600],[-2,36],[8,0],[105,-435],[-24,-8],[-96,109],[-62,71]],[[1529,1453],[-28,33]],[[1501,1486],[0,1],[4,0],[0,1],[1,0],[2,-2],[3,2],[1,-1],[12,8],[5,-6],[1,0],[4,2],[1,-1],[2,3],[3,1],[-9,11],[6,4],[2,-2]],[[1546,1499],[2,-2]],[[1501,1486],[-2,1],[-33,38],[7,2],[1,0],[12,3],[16,-13],[7,-5],[4,5],[6,8],[21,19],[8,6],[17,11],[50,30],[6,6],[6,5],[19,19],[2,-1],[-2,-3],[2,-2],[17,2],[3,-17]],[[372,2540],[3,-1],[1,-2],[5,-2],[0,-2],[-2,-4],[4,-1],[1,-3],[0,-3],[12,-9],[-2,-2],[6,-14],[176,-34],[57,-9],[163,-16],[2,29],[39,0],[-6,-34],[36,-3],[20,-7],[12,0],[3,3],[4,8],[-2,4],[1,2],[13,4],[9,7],[19,6],[-1,-2],[18,-13],[25,-86],[128,-65],[-68,-49],[-31,-19],[39,-36],[70,-69],[11,7],[1,-1],[2,0],[2,2],[1,1],[3,-2],[2,-9],[4,0],[-6,-3],[27,-15],[5,7],[5,-2],[-2,8],[2,5],[36,-7],[7,13],[20,19],[11,5],[14,1],[7,-1],[19,-30],[22,-20],[10,2],[20,19],[6,4],[13,16],[3,3],[9,4],[12,2],[3,2],[2,4],[0,3],[-5,7],[-3,12],[0,2],[2,4],[3,2],[4,0],[12,-1],[4,1],[4,4],[5,1],[5,-1],[11,6],[4,-54],[115,19],[-2,-7],[-11,-19],[-12,-36],[61,68],[2,0],[431,-611],[10,8],[22,23],[12,14],[35,49],[4,8],[9,27],[8,10],[8,7],[3,2],[7,2],[19,5],[7,0],[23,-1],[36,-3],[3,-1],[3,-2],[19,-5],[10,1],[35,18],[16,5],[16,0],[14,-3],[8,0],[12,1],[24,9],[15,8],[-128,-341],[-182,-471],[-184,18],[-104,-128],[-170,20],[97,-182],[230,-67],[-187,-484],[-6,0],[-2,1],[-3,1],[-1,3],[-6,4],[-4,1],[-8,2],[-5,0],[-10,-2],[-12,-6],[-11,-4],[-13,-2],[-1,-2],[-3,0],[-4,2],[-18,2],[-3,2],[-4,3],[-4,4],[-7,0],[-4,0],[-9,-3],[-4,-2],[-7,-4],[-5,-2],[-10,-4],[-15,-1],[-11,0],[-7,1],[-4,0],[-7,2],[-2,0],[-4,1],[-2,1],[-2,3],[-6,6],[-8,4],[-15,3],[-5,0],[-12,-1],[-7,-3],[-5,-3],[-3,-5],[-7,-7],[-8,-5],[-9,-7],[-2,-3],[-5,-5],[-12,-11],[-14,-4],[-13,-2],[-4,-2],[-5,-1],[-10,0],[-9,-3],[-8,-3],[-15,-2],[-6,-1],[-6,-1],[-7,0],[-5,2],[-5,1],[-6,0],[-7,1],[-13,-1],[-3,-1],[-7,-5],[-5,-8],[-3,-2],[-7,-9],[-5,-3],[-4,0],[-3,1],[-11,5],[-6,7],[-3,2],[-8,9],[-7,5],[-6,11],[-3,3],[-3,4],[-8,12],[-3,2],[0,1],[-5,3],[-3,1],[-11,0],[-14,0],[-3,1],[-5,4],[-6,5],[-4,10],[-2,6],[-2,3],[-2,1],[-15,12],[-5,5],[-3,1],[-5,0],[-5,3],[-6,-1],[-7,-3],[-10,-6],[-6,-5],[-3,-9],[-2,-2],[-1,-3],[-2,-2],[-2,-6],[-17,-13],[-3,-4],[1,-6],[2,-2],[3,-3],[2,-2],[0,-2],[-1,-6],[-4,-4],[-1,-12],[-2,-5],[-2,-1],[-5,-1],[-3,2],[-1,2],[-2,1],[-5,1],[-4,-1],[-4,9],[-5,1],[-3,-1],[-4,-2],[-3,-6],[-5,-6],[-6,-4],[-6,-4],[-5,-2],[-3,1],[-4,1],[-4,1],[-4,0],[-3,-2],[-4,-2],[-2,-4],[-1,-3],[-6,-7],[-7,-6],[-24,-7],[-2,0],[-2,3],[-3,6],[-3,3],[-3,0],[-5,-1],[-2,3],[-13,20],[-2,7],[-4,12],[-2,21],[-2,8],[0,11],[-1,3],[0,16],[3,8],[0,4],[3,15],[3,11],[1,7],[0,5],[-4,14],[-2,9],[-2,8],[-7,13],[-5,8],[-11,12],[-22,18],[-9,9],[-8,5],[-10,8],[-5,2],[-14,3],[-18,13],[-4,5],[0,7],[3,7],[5,8],[3,6],[7,16],[7,10],[2,3],[11,10],[4,4],[3,1],[17,7],[18,3],[12,1],[18,-2],[15,-3],[10,-2],[8,-4],[5,-2],[3,0],[2,1],[4,4],[5,7],[11,26],[10,15],[2,7],[0,8],[-4,8],[-7,8],[-5,13],[-5,22],[-4,8],[-5,9],[-13,18],[-5,10],[-16,20],[-19,20],[-6,8],[-6,4],[-13,6],[-5,3],[-4,5],[-7,9],[-9,14],[-7,10],[-9,10],[-7,9],[-14,23],[-9,12],[-16,19],[-1,4],[-1,15],[-3,8],[-3,17],[0,11],[5,20],[5,16],[6,12],[-72,65],[-123,79],[-136,89],[65,54],[63,59],[-185,118],[-116,92],[-111,96],[-59,38],[-57,43],[-57,112],[1,1],[-6,3],[-3,2],[7,7],[68,45],[12,11],[20,8],[16,9],[15,16],[4,5],[3,14],[-1,21],[-3,8],[-2,11],[0,6],[-2,6],[-16,31],[-8,20],[1,13],[2,7],[5,6],[10,8],[6,4],[18,7],[19,4],[13,0],[14,2],[6,2],[8,1],[7,3],[19,13],[12,2],[11,4],[1,0],[1,-5],[1,-1],[5,-1],[2,0],[2,-1],[0,-1],[-1,-2],[0,-2],[2,-2],[2,-1],[2,1],[2,1],[1,2],[-1,2],[2,1],[2,1],[2,4],[1,1],[3,-1],[4,2],[4,0],[6,-2],[2,-2],[3,0],[6,1],[0,3],[3,1],[2,-3],[2,-1],[9,-1],[16,5],[3,2],[3,3],[2,4],[3,-1],[-1,-3],[1,-1],[1,0],[1,3],[5,2],[0,2],[3,3],[5,-1],[2,0],[2,4],[3,3],[1,4],[4,1],[1,2],[-3,2],[2,4],[-1,3],[-2,1],[-5,0],[-3,2],[-1,4],[-5,3],[-2,3],[-4,5],[-2,4],[-2,2],[0,2],[1,1],[-5,4],[1,6],[0,2],[2,2],[5,1],[5,0],[1,3],[3,0],[4,2],[1,0],[2,-1],[1,0],[1,1],[-1,1],[0,2],[4,0],[1,1],[3,-1],[2,0],[3,4],[7,2],[1,3],[-4,2],[0,2],[1,1],[3,-1],[1,0],[3,5],[3,3],[4,7],[-1,4],[1,2],[5,0],[0,2],[1,2],[2,0],[4,-1],[2,2],[2,0],[1,-1],[-1,-2],[1,-1],[1,0],[1,3],[2,-1],[6,3],[0,1],[-3,0],[-1,1],[1,2],[2,3],[3,-1],[2,-2],[4,-1],[2,1],[3,-1],[3,2],[-1,2],[-3,4],[-1,5],[3,11],[2,1],[4,-1],[1,2],[-10,16],[-5,2],[-1,0],[-1,-2],[-2,0],[-2,0],[-1,1],[-1,7],[-2,2],[0,1],[1,3],[0,2],[-1,1],[-4,3],[-3,5],[-3,2],[-1,2],[-2,9],[2,2],[1,2],[-3,1],[-2,4],[3,1],[0,3],[-1,2],[-3,1],[-1,1],[4,8],[3,0],[4,2],[-1,2],[-4,-1],[-3,1],[-2,2],[-1,4],[2,1],[2,-1],[1,0],[4,4],[1,2],[-1,1],[-3,2],[-1,4],[1,2],[5,0],[2,3],[3,6],[-2,5],[1,2],[2,1],[3,0],[3,3],[1,2],[0,3],[2,1],[1,3],[1,10],[-1,2],[-2,1],[-4,-1],[-2,0],[-4,2],[-2,2],[-3,-1],[-3,4],[-2,5],[-2,6],[0,10],[-2,3],[-1,5],[-2,3],[-1,6],[-2,7],[1,3],[3,-1],[2,1],[1,5],[5,5],[4,0],[0,1],[2,3],[1,3],[1,3],[4,4],[2,5],[3,3],[2,4],[4,4],[1,3],[-4,9],[1,6],[1,1],[5,0],[2,2],[1,3],[-2,1],[-1,2],[1,0],[3,0],[1,3],[-5,5],[0,4],[-1,2],[1,1],[0,2],[-1,2],[-1,1],[-2,-1],[-1,1],[-1,1],[1,2],[-1,3],[-4,1],[0,2],[1,1],[-1,4],[-2,2],[-2,0],[-1,1],[-2,4],[-3,2],[-1,0],[-3,-2],[-3,1],[-2,2],[0,4],[-3,2],[-2,4],[-1,2],[0,1],[0,2],[-1,1],[-3,0],[-2,1],[-1,3],[-4,3],[0,1],[2,3],[0,2],[-1,6],[-5,8],[1,2],[-2,5],[-5,5],[-9,5],[-8,7],[-5,2],[0,5],[-1,1],[-2,0],[-2,-1],[-3,0],[-5,3],[-4,1],[-3,3],[-3,1],[-1,1],[-1,1],[1,3],[0,5],[2,10],[-4,8],[3,4],[0,1],[-1,1],[-2,-1],[-1,0],[-1,0],[1,6],[3,6],[4,4],[16,1]],[[1669,1600],[-1,0]]],"objects":{"204":{"type":"GeometryCollection","geometries":[{"arcs":[[0,1,2]],"type":"Polygon","properties":{"WARD":"30903001","PROVINCE":"Northern Cape","CAT_B":"NC093","MUNICNAME":"Magareng Local Municipality","WARDNO":1,"VOTERS":2607,"Area":2.26875463556,"Shape_Leng":0.0847429507095,"Shape_Area":0.000208394698551,"ID":1367,"POPULATION":7517,"DENSITY":3313.271467165319}},{"arcs":[[-3,3,4,5,6,7,8]],"type":"Polygon","properties":{"WARD":"30903002","PROVINCE":"Northern Cape","CAT_B":"NC093","MUNICNAME":"Magareng Local Municipality","WARDNO":2,"VOTERS":1976,"Area":19.62265901,"Shape_Leng":0.246342552681,"Shape_Area":0.00180254964201,"ID":1368,"POPULATION":4940,"DENSITY":251.74977547551035}},{"arcs":[[-2,9,10,-6,11,-4]],"type":"Polygon","properties":{"WARD":"30903003","PROVINCE":"Northern Cape","CAT_B":"NC093","MUNICNAME":"Magareng Local Municipality","WARDNO":3,"VOTERS":2049,"Area":0.568492199666,"Shape_Leng":0.0588723790026,"Shape_Area":0.000052214722964,"ID":1369,"POPULATION":2570,"DENSITY":4520.730454190795}},{"arcs":[[-7,-11,12]],"type":"Polygon","properties":{"WARD":"30903004","PROVINCE":"Northern Cape","CAT_B":"NC093","MUNICNAME":"Magareng Local Municipality","WARDNO":4,"VOTERS":3086,"Area":3.73292018524,"Shape_Leng":0.12762101955,"Shape_Area":0.000342811852412,"ID":1370,"POPULATION":6037,"DENSITY":1617.2325419306721}},{"arcs":[[13],[14,-13,-10,-1,-9]],"type":"Polygon","properties":{"WARD":"30903005","PROVINCE":"Northern Cape","CAT_B":"NC093","MUNICNAME":"Magareng Local Municipality","WARDNO":5,"VOTERS":2047,"Area":1515.47848518,"Shape_Leng":2.52254371889,"Shape_Area":0.139244438352,"ID":1371,"POPULATION":3140,"DENSITY":2.071952872116854}}]}}}