{"type":"Topology","transform":{"scale":[0.00039962107486133676,0.00033840417085863415],"translate":[24.615519995000056,-27.994820005999937]},"arcs":[[[198,617],[8,-6],[6,-3]],[[212,608],[-1,-8],[1,-5],[1,-2],[1,-2],[9,-7],[8,-8],[1,-1],[2,2],[1,-1],[1,-2],[-2,-3],[1,-4],[-2,-2],[1,-1],[-7,-10],[-2,-7],[2,-7],[3,-4],[4,-8],[4,-19],[-2,-3],[-1,-6],[-4,-4],[-3,-1],[-9,1],[-13,-6]],[[206,490],[4,2],[-102,110],[8,19],[18,-5],[10,10],[3,21]],[[147,647],[16,-8]],[[163,639],[-3,-5],[6,-3],[5,-4],[-2,-3],[12,-6],[-2,-5],[7,-4],[-7,-13],[5,-2],[13,0],[-3,3],[1,15],[3,5]],[[187,651],[6,-4],[-7,-9],[8,-6],[3,3],[2,-5],[0,-1],[-1,1],[-2,-3],[1,-5],[3,0],[0,-2],[-2,-3]],[[163,639],[1,4],[2,-2],[1,3],[5,12],[2,-1],[2,4],[7,-3],[-1,-2],[5,-3]],[[408,719],[7,-20],[-2,-2],[29,-54]],[[442,643],[-181,-38]],[[261,605],[-17,-4],[-9,0],[-7,3],[-2,5],[-2,5],[-4,-2],[-3,1],[-5,-5]],[[187,651],[3,7],[8,0],[0,-1],[5,4],[1,-2],[11,7],[13,5],[3,2],[1,1],[-10,5],[-4,5],[1,5],[5,3],[7,1],[2,2],[0,2],[10,4],[9,5],[0,4],[-2,2],[4,10],[5,27],[-1,3],[-3,4],[-13,14],[-2,4],[1,4],[-1,5],[5,2],[2,-1],[145,31],[-11,-99],[27,3]],[[449,948],[-5,-2],[-54,-11],[41,-214],[-23,-2]],[[147,647],[4,18],[-14,24],[25,66],[34,11],[4,51],[-4,5],[-5,8],[-7,6],[-3,4],[-4,3],[-13,18],[-2,7],[-13,23],[-3,9],[-3,15],[5,12],[2,1],[6,3],[7,-1],[2,1],[2,-2],[3,0],[5,4],[1,2],[1,3],[-1,3],[-3,7],[-2,2],[-5,3],[-8,10],[-1,2],[0,4],[7,10],[12,8],[2,3],[3,7],[3,1],[1,4],[2,3],[4,2],[1,2],[-2,6],[2,10],[-2,5],[2,3],[175,35],[-14,70],[69,15],[0,-14],[-4,-4],[-3,-16],[-2,-7],[3,-10],[0,-5],[-2,-8],[2,-4],[1,-16],[9,-27],[2,-3],[4,-2],[14,-6],[10,-30],[-6,-21],[0,-30],[-1,-2]],[[483,652],[-36,-8],[-5,-1]],[[449,948],[-3,-8],[3,-8],[0,-8],[-2,-5],[-5,-6],[0,-3],[12,-18],[1,-4],[-2,-3],[-1,-4],[1,-5],[12,-10]],[[465,866],[-3,-1],[-1,-2],[2,-7],[8,-15],[14,-21],[4,-11],[-1,-18],[-2,-7],[-6,-12],[1,-8],[2,-3],[4,-4],[11,-5],[-6,-1],[-5,-8],[-4,-3],[0,1],[-27,-18],[-2,-19],[11,7],[12,1],[20,-1],[2,-1],[3,-4],[4,-9],[-1,-2],[-6,-4],[-2,-4],[-9,0],[-5,1],[-12,11],[-1,1],[-2,-2],[2,-6],[17,-33],[-4,-7]],[[536,188],[4,-7],[-5,-1],[-2,1],[-11,55],[-6,-1]],[[516,235],[0,3],[3,3],[-3,2],[-4,6],[0,0]],[[512,249],[-2,3],[9,2],[-18,99],[-22,-5],[-29,55],[142,29],[0,4],[4,3],[1,3],[-6,12],[-2,18],[0,15],[-1,5],[-17,-4],[-18,32],[-2,6],[-5,7],[-62,116]],[[484,649],[-1,3]],[[465,866],[88,13],[45,5],[62,2],[16,1],[91,17],[54,6],[74,13],[66,5],[88,-36],[33,-20],[-76,-94],[-125,-158],[-61,-74],[-145,-181],[-30,-34],[-66,-84],[37,9],[-6,-9],[-6,-14],[0,-9],[7,-7],[-5,3],[-1,-15],[-14,-2],[-15,7],[-27,-12],[-13,-10]],[[516,235],[-24,-6],[3,-18],[0,0],[2,-3],[-14,-15],[-8,-1],[-8,38]],[[467,230],[6,2],[2,1],[3,-1],[0,1],[6,3],[1,-4],[2,0],[2,-1],[2,0],[0,1],[3,1],[0,2],[1,0],[0,-2],[2,1],[-2,11],[-3,-1],[0,2],[5,3],[-3,5],[4,2],[4,-9],[10,2]],[[261,605],[30,-53],[0,-4],[36,-49],[30,-53],[4,-2],[-2,0],[21,-24],[24,-62],[16,-12],[5,-7],[6,-1],[15,-27],[0,-10],[4,-8],[-16,-4],[5,-9],[-5,-2],[7,-29],[12,3],[6,-7],[0,-1],[2,-2],[4,1],[2,-13]],[[536,188],[81,-144],[-32,-44],[6,23],[5,12],[1,5],[-58,-12],[-2,35],[-6,-4],[-3,1],[-2,-1],[-4,-4],[-7,2],[-3,-2],[-1,-4],[2,-8],[2,-4],[-1,-4],[-2,-2],[-6,-1],[-4,-3],[-8,-12],[-14,-15],[-5,-1],[-12,13],[-9,19],[-4,1],[-7,-1],[-5,-3],[-11,-12],[-3,-9],[-19,5],[-1,-3],[1,-5],[-2,1],[-3,-5],[-14,10],[3,2],[-2,0],[-1,5],[-2,2],[-1,-2],[-2,0],[-5,-4],[-36,45],[-20,23],[15,12],[36,32],[-66,42],[-13,55],[-9,8],[0,2],[-9,-4],[-5,-5],[-7,-2],[0,-2],[1,-2],[-4,-7],[-6,0],[-10,4],[-19,2],[4,22],[-21,0],[0,-18],[-85,10],[-29,6],[-90,21],[-3,10],[1,1],[4,-3],[7,-2],[1,2],[2,-1],[4,0],[1,3],[2,-1],[2,2],[4,2],[3,-1],[3,0],[1,1],[1,0],[6,11],[-1,16],[2,7],[12,5],[10,6],[4,-1],[5,1],[1,5],[6,6],[2,5],[2,1],[0,2],[-1,3],[3,3],[0,4],[4,2],[-1,8],[2,6],[0,3],[1,2],[-2,2],[3,2],[3,8],[2,6],[1,2],[2,1],[1,5],[-2,10],[2,5],[-1,4],[2,5],[3,1],[0,2],[3,1],[5,0],[3,1],[1,-3],[5,0],[11,4],[1,0],[1,3],[2,0],[1,2],[4,-1],[11,1],[2,-2],[5,1],[1,3],[2,1],[3,-1],[2,-2],[4,2],[2,-1],[0,-1],[8,-1],[-1,-3],[4,-3],[2,1],[0,3],[0,2],[5,2],[3,1],[2,4],[4,0],[0,5],[-4,10],[-1,1],[-4,1],[-6,4],[-1,2],[-2,0],[-1,4],[-2,-1],[0,8],[6,11],[4,1],[1,3],[5,0],[6,3],[2,4]],[[483,652],[1,-3]]],"objects":{"205":{"type":"GeometryCollection","geometries":[{"arcs":[[0,1,2,3,4]],"type":"Polygon","properties":{"WARD":"30904001","PROVINCE":"Northern Cape","CAT_B":"NC094","MUNICNAME":"Phokwane Local Municipality","WARDNO":1,"VOTERS":3326,"Area":13.9292764796,"Shape_Leng":0.194529714222,"Shape_Area":0.00127559452642,"ID":1372,"POPULATION":8209,"DENSITY":589.3342710242287}},{"arcs":[[5,-5,6]],"type":"Polygon","properties":{"WARD":"30904002","PROVINCE":"Northern Cape","CAT_B":"NC094","MUNICNAME":"Phokwane Local Municipality","WARDNO":2,"VOTERS":3300,"Area":1.85478899305,"Shape_Leng":0.0753801465055,"Shape_Area":0.000169822948806,"ID":1373,"POPULATION":5257,"DENSITY":2834.28466510114}},{"arcs":[[7,8,9,-1,-6,10]],"type":"Polygon","properties":{"WARD":"30904003","PROVINCE":"Northern Cape","CAT_B":"NC094","MUNICNAME":"Phokwane Local Municipality","WARDNO":3,"VOTERS":2952,"Area":46.996650532,"Shape_Leng":0.335557302077,"Shape_Area":0.00430207480135,"ID":1374,"POPULATION":4571,"DENSITY":97.26225057012539}},{"arcs":[[11,-11,-7,-4,12]],"type":"Polygon","properties":{"WARD":"30904004","PROVINCE":"Northern Cape","CAT_B":"NC094","MUNICNAME":"Phokwane Local Municipality","WARDNO":4,"VOTERS":3104,"Area":122.138883457,"Shape_Leng":0.687981085285,"Shape_Area":0.011173546213,"ID":1375,"POPULATION":5867,"DENSITY":48.03548087178581}},{"arcs":[[13,-8,-12,14,15]],"type":"Polygon","properties":{"WARD":"30904005","PROVINCE":"Northern Cape","CAT_B":"NC094","MUNICNAME":"Phokwane Local Municipality","WARDNO":5,"VOTERS":3325,"Area":25.836182469,"Shape_Leng":0.324047691199,"Shape_Area":0.00236435542375,"ID":1376,"POPULATION":9371,"DENSITY":362.7083843073163}},{"arcs":[[16,17,18,19,-16,20]],"type":"Polygon","properties":{"WARD":"30904006","PROVINCE":"Northern Cape","CAT_B":"NC094","MUNICNAME":"Phokwane Local Municipality","WARDNO":6,"VOTERS":3697,"Area":327.999866768,"Shape_Leng":1.00344730409,"Shape_Area":0.0300286572688,"ID":1377,"POPULATION":3297,"DENSITY":10.051833351298356}},{"arcs":[[-18,21,22]],"type":"Polygon","properties":{"WARD":"30904007","PROVINCE":"Northern Cape","CAT_B":"NC094","MUNICNAME":"Phokwane Local Municipality","WARDNO":7,"VOTERS":3787,"Area":1.8172135822,"Shape_Leng":0.0836619897784,"Shape_Area":0.000166589203373,"ID":1378,"POPULATION":9342,"DENSITY":5140.83764919375}},{"arcs":[[23,-22,-17,24,-2,-10]],"type":"Polygon","properties":{"WARD":"30904008","PROVINCE":"Northern Cape","CAT_B":"NC094","MUNICNAME":"Phokwane Local Municipality","WARDNO":8,"VOTERS":3365,"Area":199.839958119,"Shape_Leng":0.962177275249,"Shape_Area":0.018317072854,"ID":1379,"POPULATION":9243,"DENSITY":46.25201129443798}},{"arcs":[[-23,-24,-9,-14,25,-19]],"type":"Polygon","properties":{"WARD":"30904009","PROVINCE":"Northern Cape","CAT_B":"NC094","MUNICNAME":"Phokwane Local Municipality","WARDNO":9,"VOTERS":3166,"Area":93.4633564049,"Shape_Leng":0.518289456968,"Shape_Area":0.00856114142432,"ID":1380,"POPULATION":7844,"DENSITY":83.92593955237801}}]}}}