{"type":"Topology","transform":{"scale":[0.0007485973574257372,0.0006799480532467562],"translate":[21.76920000700005,-27.55323999899997]},"arcs":[[[2263,1503],[-127,-224],[-25,14],[-81,43],[-64,40],[-61,40]],[[1905,1416],[-154,81],[3,6],[-3,6],[-6,11],[-225,107],[-17,2],[-21,-6],[-17,-3],[-29,9],[-23,12],[-13,9]],[[1400,1650],[33,56],[9,26],[43,167],[25,71],[10,100],[99,-10],[8,92],[104,-13],[31,81],[0,66],[-2,24],[312,-15],[90,-20],[-45,-122],[-63,28],[-100,26],[-22,-93],[49,3],[79,-41],[-62,-92],[-58,-99],[81,-100],[-21,-215],[263,-67]],[[2466,1122],[-69,-75],[-1,2],[0,3],[0,1],[1,3],[0,2],[0,1],[-1,0],[0,0],[-2,0],[-6,-2],[-3,0],[0,-1],[-3,-3],[-2,0],[-1,0],[-1,2],[0,2],[0,1],[-1,3],[1,1],[1,0],[1,1],[1,1],[0,1],[-2,1],[-2,4],[-2,2],[-2,1],[-2,1],[-5,1],[-1,1],[-5,-1],[-1,1],[-2,1],[-1,0],[-5,-1],[-3,0],[-1,-1],[-1,0],[0,-1],[0,-2],[-1,0],[0,-1],[-1,0],[-2,0],[0,0],[-2,-1],[-3,-1],[-2,-1],[1,-5],[-1,-3],[-8,2],[-3,0],[-10,0],[-19,-14],[-12,0],[-17,-62],[-48,7],[-39,-10],[-32,-8],[-12,13],[-44,46],[-25,27],[-24,-9],[-33,-12],[-20,-11]],[[1989,1029],[-3,3],[-10,12],[-5,9],[-2,4],[-12,26],[-1,2],[-1,4],[0,0],[-7,0],[-12,-7],[-1,-2],[-7,-6],[0,0],[-5,-4],[0,0],[0,-3],[-6,-5],[-4,-8],[-4,-3],[-26,12],[1,5],[-11,-5],[-19,50]],[[1854,1113],[10,9],[14,12],[-25,50],[0,4],[0,3],[1,3],[6,13],[6,-3],[2,4],[5,10],[1,0],[0,4],[-3,0],[-2,0],[-1,0],[1,3],[-3,0],[2,7],[14,48],[1,5],[0,3],[-1,2],[-15,47],[38,79]],[[2263,1503],[41,-34],[120,-92],[-49,-61],[-69,-102],[-11,-18],[45,-23],[64,-28],[62,-23]],[[1854,1113],[-2,4],[-20,10],[-46,-22],[-39,-19],[28,-64],[25,-89],[52,-121],[12,-28]],[[1864,784],[-11,0],[-59,-8]],[[1794,776],[-24,38],[-53,82],[-10,44],[-6,24],[-4,19],[-7,19],[-17,51],[18,8],[-3,11],[-2,3],[-1,1],[-19,1],[1,41],[0,3],[1,1],[2,2],[21,16],[10,15],[0,2],[-3,28],[6,11],[18,38],[3,7],[23,47],[-2,0],[0,0],[-1,-1],[-1,0],[-1,0],[-1,0],[-1,0],[-7,5],[-2,2],[-1,2],[-1,1],[-1,4],[-1,2],[-2,1],[-2,0],[-2,0],[-1,-1],[-2,0],[-2,-1],[-1,1],[-1,-1],[-2,1],[-3,2],[-2,1],[0,1],[-1,1],[-2,2],[0,1],[-1,2],[-3,3],[-5,2],[-4,3],[-2,3],[-1,1],[-2,2],[-1,1],[-2,0],[-2,-1],[-2,-1],[0,0],[-1,-1],[-1,0],[-1,-1],[-1,-1],[0,0],[0,0],[-1,0],[0,0],[-1,2],[-1,3],[1,2],[0,1],[0,1],[0,1],[-1,3],[-2,2],[-2,1],[-1,2],[-3,1],[-1,1],[-10,3],[-3,1],[-1,1],[-3,3],[-4,7],[-2,2],[-1,1],[-3,0],[-3,0],[-4,-1],[-3,-2],[-1,0],[-5,1],[-5,0],[-1,0],[-1,0],[-2,-1],[-2,-1],[-1,-2],[-2,-4],[-2,-1],[-1,-2],[-1,0],[-2,0],[-2,1],[-7,3],[-4,1],[-3,1],[-2,2],[-3,4],[-2,4],[-2,4],[-1,3],[0,4],[-1,1],[-1,1],[-2,1],[-4,0],[-2,0],[-4,1],[-1,0],[-2,1],[-1,2],[-1,3],[-1,4],[-1,2],[-2,4],[-1,1],[-1,1],[-1,-1],[-5,0],[-3,-1],[-2,0],[-4,-1],[-4,-4],[-1,0],[-2,0],[-1,0],[-7,6],[-6,3],[-1,1],[-1,-1],[-5,-1],[-3,-3],[-2,-1],[-1,-1],[-1,0],[-1,1],[-2,0],[-2,1],[-2,0],[-2,1],[-9,2],[-4,1],[-1,0],[-1,1],[-2,2],[0,3],[0,3],[-1,1],[-2,0],[-3,1],[-2,1],[-1,1],[0,1],[-1,5],[-1,2],[-2,2],[-3,2],[-4,4],[-1,2],[-1,0],[-4,1],[-5,-1],[-6,2],[-5,1],[-7,0],[-4,-1],[-4,-3],[-1,0],[-3,1],[-1,1],[-3,0],[-2,0],[-3,1],[-4,1],[-1,0],[-2,2],[-2,2],[-1,0],[-3,0],[-5,-2],[-2,-1],[-8,-2],[-1,0],[-4,-2],[-2,0],[-2,0],[-2,1],[-1,1],[-2,2],[-1,3],[-1,4],[0,4],[-1,1],[-1,1],[-1,1],[-3,0],[-3,0],[-2,-1],[-1,-1],[-1,-3],[0,-2],[0,-2],[1,-4],[0,-3],[-1,-2],[-2,-2],[-2,-1],[-3,0],[-1,0],[-1,0],[-3,2],[-1,2],[-2,4],[-1,3],[-1,2],[-3,2],[0,0],[-5,1],[-1,0],[-1,0],[-1,-1],[-2,-1],[-1,-2],[-1,-3],[-1,-3],[0,-1],[-2,-1],[-3,-2],[-3,-2],[-2,-2],[-3,-2],[-2,0],[-2,0],[-3,0],[-2,2],[-2,1],[-3,4],[-1,1],[-7,5],[-4,3],[-1,2],[-1,2],[-3,7],[-1,2],[-2,0],[-1,0],[-2,-1],[-1,-1],[0,0],[0,-3],[1,-2],[2,-4],[1,-2],[0,-2],[0,-2],[-1,-1],[-1,-2],[-2,12],[-2,11],[-19,111],[13,114]],[[1255,1680],[48,-20],[78,-43],[19,33]],[[1794,776],[0,0],[-58,-16],[-64,2],[-16,-155],[17,-44],[12,10],[8,-11],[23,-53],[6,-19],[77,30],[1,-2]],[[1800,518],[21,-53],[35,-26],[15,-25],[19,-31],[35,-42],[25,-30],[18,-17],[0,0],[11,-11],[50,-11],[-22,-15],[5,-29],[-61,-1],[-12,-7],[15,-19],[-22,-4],[-60,11],[-64,8],[-68,1],[-77,-2],[-25,-1],[0,-7],[-10,0],[3,8],[-65,5],[-31,3],[-108,16],[-20,-6],[11,-27],[7,-44],[-1,0],[18,-23],[-5,-42],[3,-26],[-17,-3],[13,-54],[-89,-11],[-84,3],[5,77],[2,59],[-68,9],[3,89],[14,62],[-48,-3],[10,53],[26,16],[4,30],[13,22],[-45,45],[-42,-38],[-102,-16],[-8,-4],[-67,-4],[-13,-1],[-13,3],[-96,0],[1,20],[-75,5],[-3,39],[-19,230],[-97,56],[-31,-51],[-26,-29],[-16,11],[-14,24],[-20,24],[-29,34],[-54,81],[-5,-8],[-8,-10],[4,-8],[2,0],[0,-2],[7,2],[2,-10],[0,-6],[42,-56],[-25,-46],[-87,-34],[-39,1],[-40,-20],[0,125],[-19,10],[-45,102],[-46,-15],[-13,39],[-47,106],[-55,92],[-28,35],[-22,5],[-1,1],[-4,10],[-4,8],[-3,11],[0,6],[2,12],[1,20],[0,2],[0,1],[0,1],[-5,8],[-17,17],[0,1],[-2,12],[0,1],[3,7],[1,2],[12,11],[8,8],[9,4],[2,1],[8,1],[9,2],[14,12],[6,4],[1,0],[8,0],[1,0],[6,-3],[5,-4],[1,0],[0,1],[2,-1],[4,1],[2,0],[11,-2],[5,-2],[7,-2],[7,-2],[12,-1],[8,-1],[1,0],[7,1],[3,1],[3,0],[8,0],[4,-1],[1,0],[9,2],[5,1],[6,2],[6,1],[5,2],[3,0],[4,-2],[2,-1],[3,0],[1,0],[2,-2],[3,-1],[4,-2],[1,0],[7,0],[6,2],[3,2],[20,12],[12,9],[7,4],[2,1],[5,0],[3,0],[7,3],[1,0],[3,-1],[1,0],[1,2],[4,3],[2,2],[2,2],[4,4],[4,2],[5,2],[4,1],[2,1],[11,2],[5,0],[4,0],[9,-2],[2,0],[4,0],[2,1],[2,2],[1,1],[4,5],[0,1],[3,4],[9,12],[7,14],[2,4],[2,8],[1,4],[3,15],[2,6],[1,3],[2,3],[3,3],[5,3],[2,1],[5,0],[5,2],[4,1],[2,2],[3,6],[1,1],[2,12],[1,4],[0,2],[4,5],[2,2],[6,4],[2,0],[5,0],[2,0],[5,-2],[4,0],[3,1],[2,0],[3,3],[1,1],[1,1],[0,4],[0,2],[-2,9],[-1,2],[2,9],[3,3],[2,2],[7,5],[10,5],[7,3],[6,2],[2,2],[4,4],[2,4],[0,1],[1,1],[0,2],[-1,3],[0,0],[0,1],[0,2],[-6,7],[-1,2],[-1,2],[-1,4],[0,1],[0,1],[2,6],[3,2],[7,7],[4,2],[10,4],[2,1],[1,1],[2,2],[1,1],[2,5],[2,6],[0,2],[0,2],[0,2],[-2,5],[-4,8],[0,3],[0,5],[0,3],[1,3],[1,4],[1,1],[7,4],[6,3],[4,1],[0,1],[2,2],[4,6],[0,4],[1,2],[-1,3],[-1,4],[-1,2],[-1,1],[-2,3],[-7,9],[-1,1],[0,3],[-1,3],[1,1],[3,7],[1,0],[2,2],[5,4],[20,7],[3,3],[4,4],[2,1],[4,3],[2,2],[2,1],[6,3],[6,3],[4,3],[1,2],[0,1],[0,1],[-1,3],[-1,0],[0,5],[0,7],[0,2],[1,2],[1,3],[4,5],[3,2],[4,2],[3,0],[13,1],[12,2],[1,0],[5,3],[5,2],[4,1],[7,1],[4,1],[1,-1],[3,-1],[9,-3],[5,-2],[4,0],[3,0],[6,3],[1,1],[1,1],[1,2],[4,11],[2,5],[1,3],[2,2],[2,2],[4,2],[2,0],[12,3],[5,0],[2,0],[4,-3],[11,-7],[6,-1],[4,1],[5,3],[1,0],[3,5],[1,4],[1,7],[0,7],[-1,12],[-2,5],[-2,6],[-2,6],[0,3],[1,2],[0,1],[1,0],[3,2],[3,0],[3,0],[13,-3],[2,1],[6,1],[3,2],[6,5],[4,3],[7,7],[2,1],[3,4],[2,3],[0,5],[-2,5],[-6,8],[-1,2],[-1,2],[0,2],[0,3],[0,2],[3,4],[2,2],[0,1],[10,3],[4,2],[3,3],[1,2],[3,14],[1,3],[1,1],[1,1],[2,1],[5,0],[2,-1],[9,-5],[5,-1],[2,-1],[6,-1],[13,2],[1,0],[5,5],[4,4],[1,5],[3,10],[3,9],[1,2],[2,3],[2,1],[2,1],[4,2],[6,-2],[4,-3],[4,-3],[2,-2],[6,-3],[6,-3],[0,0],[5,-1],[1,-1],[3,-1],[4,-1],[2,-1],[7,-2],[6,-4],[3,-2],[3,-4],[6,-5],[2,-1],[3,-1],[2,0],[5,-1],[2,0],[4,0],[7,1],[5,0],[3,1],[4,1],[3,3],[3,2],[1,2],[2,4],[0,3],[1,6],[3,6],[1,2],[9,9],[3,2],[3,3],[3,6],[1,2],[0,2],[1,1],[0,4],[1,5],[-1,8],[0,7],[1,3],[0,5],[1,13],[-1,3],[-2,4],[-1,5],[-1,4],[0,1],[3,7],[0,0],[4,3],[4,0],[4,-2],[1,-1],[2,-2],[3,-6],[1,-1],[3,-2],[5,-3],[1,0],[1,0],[3,2],[2,1],[1,1],[1,5],[1,2],[0,2],[-1,8],[0,3],[0,1],[1,3],[1,4],[2,2],[2,2],[2,1],[3,2],[3,1],[3,1],[10,1],[2,-1],[1,1],[3,1],[3,2],[-2,-2],[2,0],[94,4],[0,-28],[1,-9],[0,-51],[3,-74],[0,-36],[0,-64],[3,-87],[1,-79]],[[1882,614],[-32,-32],[-50,-64]],[[1864,784],[34,1],[19,1],[23,-1],[-29,-57],[3,-36],[3,0],[9,-34],[-25,-13],[5,-13],[-32,-12],[8,-6]],[[1989,1029],[3,-4],[23,-37],[2,-4],[7,-9],[4,-4],[2,-3],[17,-33],[3,-6],[4,-10],[0,-1],[-1,-17],[2,-26],[0,-5],[3,-17],[0,-2],[-1,-1],[0,-1],[18,-1],[6,-1],[11,-1],[4,0],[0,-1],[4,0],[1,-1],[4,1],[16,0],[10,-14],[39,-23],[54,-26]],[[2224,782],[-53,-56],[21,-34],[53,-102],[37,-39],[-18,-19],[-29,-32],[-38,14],[-1,1],[-37,-45],[-43,38],[-42,-51],[0,-1]],[[2074,456],[-42,40],[-150,118]],[[2546,714],[-13,-6],[-36,-11],[-18,-15],[32,-35],[9,-12],[27,-1],[8,0],[0,-33],[13,-1]],[[2568,600],[-52,-62],[-70,-89],[21,-21],[-7,-11],[-2,-3],[3,-1],[1,-2],[3,-3],[0,-1],[0,-1],[1,-1],[0,0],[1,0],[2,3],[1,0],[0,0],[4,-3],