{"type":"Topology","transform":{"scale":[0.0012055309183196942,0.0010521488435114598],"translate":[23.08548000700006,-27.96281999599995]},"arcs":[[[297,459],[-10,-3],[-3,-1],[-2,5],[-1,7],[-1,5],[-1,3],[0,5],[1,0],[0,3],[0,6],[7,0],[-6,27],[-1,3]],[[280,519],[3,2],[4,2],[1,1],[1,-3]],[[289,521],[0,0],[0,0],[34,7]],[[323,528],[-24,-35],[5,-14],[9,3],[2,-2],[1,-1],[0,-1],[0,-2],[0,-1],[3,-4],[1,-3],[-23,-9]],[[297,459],[1,-4],[9,-25]],[[307,430],[-34,13],[-33,-27],[53,-29],[-14,-35],[19,-33],[5,34],[9,16],[0,5],[4,6],[1,1],[7,4],[6,0],[10,-1],[18,-4],[8,-1],[3,-1],[3,-2],[35,-32],[1,-1],[3,-1],[35,-7],[2,-1],[23,4],[8,-1],[47,0],[0,-1],[-5,-40],[32,-2],[3,14],[25,-3],[6,-14],[-12,-75],[14,-63]],[[589,153],[-126,-30],[-73,-61],[-69,-41],[-24,-14],[-22,38],[-46,-25],[-10,38],[-37,-33],[-32,-10],[-38,-7],[-90,-8],[-11,68],[-11,44],[20,46],[42,65],[106,13],[-12,51],[-3,55],[-4,80],[35,4],[30,35],[24,13],[-25,46],[1,27],[9,10]],[[223,557],[28,-16],[26,-18],[2,-2],[1,-2]],[[356,524],[-7,-8],[-3,-6],[0,-1],[3,-4],[6,-8],[-10,-3]],[[345,494],[-13,15],[-6,20],[-3,-1]],[[323,528],[2,2],[-6,2],[-1,0],[0,1],[-2,0],[-2,1],[0,0],[-1,2],[1,0],[2,5],[-16,4]],[[300,545],[-1,0]],[[299,545],[14,5],[3,-2],[16,20],[0,1],[2,6],[1,0],[1,0],[11,-4]],[[347,571],[-8,-18],[3,-6],[-4,-2],[0,-2],[2,-1],[-2,-2],[0,0],[-2,-2],[8,-6],[0,-2],[4,-1],[5,-3],[3,-2]],[[360,597],[5,-7],[33,6],[2,-43]],[[400,553],[-31,-6],[0,-1],[-3,-8],[-7,-11],[-3,-3]],[[347,571],[5,10],[3,7],[5,9]],[[299,545],[-3,-1],[0,2],[6,17],[2,7]],[[304,570],[1,0],[0,-1],[1,0],[0,0],[2,0],[0,0],[1,0],[0,0],[1,1],[2,0],[5,5],[-2,3],[-4,7],[3,0],[10,1],[25,6],[4,2],[4,6]],[[357,600],[3,-3]],[[299,545],[1,0]],[[289,521],[0,1],[0,2],[0,0],[0,1],[0,1],[-1,2],[0,0],[-1,3],[-3,5],[-3,8],[-1,1],[-2,2],[-1,6],[0,0],[1,1],[0,1],[0,1],[2,-1],[0,0],[-4,8],[-3,3],[-2,2],[-2,0],[-1,1],[-3,2],[2,2],[5,-2],[2,0],[4,3],[4,2],[3,2],[5,3],[3,2],[3,2],[4,3],[0,0],[5,-1],[3,-3],[-4,-14]],[[98,617],[-16,20],[-12,20],[-10,16],[-21,17],[-13,34],[31,42],[20,20],[93,-76]],[[170,710],[-11,-12],[-5,-4],[-3,-4],[-3,-9],[0,-1],[0,-1],[-1,-3],[-1,-4],[-1,0],[0,0],[0,-3],[-1,-2],[0,-3],[1,-3],[-1,-2],[-1,-2],[1,-1],[1,-2],[1,-2],[3,-1],[2,-1],[1,-1],[0,-2],[-7,-4],[-4,-3],[-1,0],[0,-1],[-4,-2],[0,-1],[-1,0],[-5,-1],[-8,-4],[-3,0],[-1,-1],[-3,-3],[-3,-2],[-4,-2],[-5,-3],[-5,-3]],[[250,636],[-20,-11],[-8,-4]],[[222,621],[-1,0]],[[221,621],[0,0],[-2,3],[-1,0],[-1,0],[-2,2],[0,0],[-1,0],[-1,-1],[-13,11],[-7,-4],[-6,-5],[-9,-17],[-1,-7],[0,-1],[-1,0],[-17,-12],[6,-21],[0,0],[6,-2]],[[171,567],[-3,-2],[-31,7],[-7,7],[0,0],[-11,11],[-21,27]],[[170,710],[35,-35],[45,-39]],[[233,587],[4,-8],[1,-5],[-15,-16]],[[223,558],[-21,7],[0,1],[-1,0],[-12,15]],[[189,581],[0,1],[1,2],[0,1],[-1,0],[-1,3],[10,-4],[11,-4],[8,16],[1,2],[0,4],[1,3],[1,1],[0,0],[3,0],[0,1],[1,1],[9,-21]],[[221,621],[1,0]],[[250,636],[6,-5]],[[256,631],[5,-35],[-3,0],[-1,0],[-5,-3],[-4,-2],[-2,-1],[-13,-3]],[[189,581],[-18,-14]],[[307,430],[2,0],[20,36],[9,14],[8,12],[-1,2]],[[400,553],[0,-1],[13,1],[21,-45],[2,-42],[17,-21],[33,-20],[45,-14],[34,-22],[40,71],[40,-10],[8,18],[26,-20],[-2,-4],[16,1],[12,18],[-33,12],[-9,14],[6,12],[22,40],[15,-16],[30,-9],[1,11],[23,-11],[-8,26],[7,21],[-11,6],[23,38],[41,-28],[7,-2],[11,2],[-24,-72],[-4,-32],[3,-43],[-6,-48],[2,-42],[56,-18],[-11,-26],[0,-2],[-1,-3],[-3,-21],[-3,-16],[-3,-11],[15,-32],[-2,-1],[1,0],[-59,-13],[-36,-8],[0,0],[-33,-8],[-64,-13],[-69,-17]],[[223,557],[1,1],[-1,0]],[[256,631],[1,-1],[68,8],[32,-38]]],"objects":{"207":{"type":"GeometryCollection","geometries":[{"arcs":[[0,1,2,3]],"type":"Polygon","properties":{"WARD":"34502001","PROVINCE":"Northern Cape","CAT_B":"NC452","MUNICNAME":"Ga-Segonyana Local Municipality","WARDNO":1,"VOTERS":3354,"Area":25.0256976046,"Shape_Leng":0.271488949145,"Shape_Area":0.00228446840414,"ID":1396,"POPULATION":6121,"DENSITY":244.58858636871295}},{"arcs":[[4,5,6,7,-1]],"type":"Polygon","properties":{"WARD":"34502002","PROVINCE":"Northern Cape","CAT_B":"NC452","MUNICNAME":"Ga-Segonyana Local Municipality","WARDNO":2,"VOTERS":3920,"Area":2255.01336633,"Shape_Leng":2.69050169529,"Shape_Area":0.206389948713,"ID":1397,"POPULATION":8751,"DENSITY":3.880686531912722}},{"arcs":[[8,9,10,11,12,13]],"type":"Polygon","properties":{"WARD":"34502003","PROVINCE":"Northern Cape","CAT_B":"NC452","MUNICNAME":"Ga-Segonyana Local Municipality","WARDNO":3,"VOTERS":3784,"Area":21.9539894343,"Shape_Leng":0.295734552757,"Shape_Area":0.00200323465655,"ID":1398,"POPULATION":9996,"DENSITY":455.3158791441644}},{"arcs":[[14,15,-14,16]],"type":"Polygon","properties":{"WARD":"34502004","PROVINCE":"Northern Cape","CAT_B":"NC452","MUNICNAME":"Ga-Segonyana Local Municipality","WARDNO":4,"VOTERS":2321,"Area":38.7753463302,"Shape_Leng":0.269358605514,"Shape_Area":0.00353719013696,"ID":1399,"POPULATION":5824,"DENSITY":150.1985295090454}},{"arcs":[[-13,17,18,19,-17]],"type":"Polygon","properties":{"WARD":"34502005","PROVINCE":"Northern Cape","CAT_B":"NC452","MUNICNAME":"Ga-Segonyana Local Municipality","WARDNO":5,"VOTERS":2910,"Area":17.1186494805,"Shape_Leng":0.236299320296,"Shape_Area":0.00156149796625,"ID":1400,"POPULATION":3292,"DENSITY":192.30488969062338}},{"arcs":[[-18,20,-11,-3,21]],"type":"Polygon","properties":{"WARD":"34502006","PROVINCE":"Northern Cape","CAT_B":"NC452","MUNICNAME":"Ga-Segonyana Local Municipality","WARDNO":6,"VOTERS":3151,"Area":22.404245371,"Shape_Leng":0.269429176559,"Shape_Area":0.00204398633549,"ID":1401,"POPULATION":8819,"DENSITY":393.6307540808892}},{"arcs":[[22,23]],"type":"Polygon","properties":{"WARD":"34502007","PROVINCE":"Northern Cape","CAT_B":"NC452","MUNICNAME":"Ga-Segonyana Local Municipality","WARDNO":7,"VOTERS":3070,"Area":184.379025487,"Shape_Leng":0.531244691704,"Shape_Area":0.0167978547614,"ID":1402,"POPULATION":5819,"DENSITY":31.559988912135125}},{"arcs":[[24,25,26,27,-24,28]],"type":"Polygon","properties":{"WARD":"34502008","PROVINCE":"Northern Cape","CAT_B":"NC452","MUNICNAME":"Ga-Segonyana Local Municipality","WARDNO":8,"VOTERS":3538,"Area":118.976669736,"Shape_Leng":0.567961349586,"Shape_Area":0.0108460314445,"ID":1403,"POPULATION":5991,"DENSITY":50.354409930060775}},{"arcs":[[29,30,31]],"type":"Polygon","properties":{"WARD":"34502009","PROVINCE":"Northern Cape","CAT_B":"NC452","MUNICNAME":"Ga-Segonyana Local Municipality","WARDNO":9,"VOTERS":3543,"Area":16.366044741,"Shape_Leng":0.185848389351,"Shape_Area":0.00149274726337,"ID":1404,"POPULATION":3784,"DENSITY":231.21041521537413}},{"arcs":[[32,-25,33,34,-32,35,-27]],"type":"Polygon","properties":{"WARD":"34502010","PROVINCE":"Northern Cape","CAT_B":"NC452","MUNICNAME":"Ga-Segonyana Local Municipality","WARDNO":10,"VOTERS":3686,"Area":50.8510625834,"Shape_Leng":0.38018273832,"Shape_Area":0.00463700062627,"ID":1405,"POPULATION":11176,"DENSITY":219.77908488481287}},{"arcs":[[-6,36,-9,-16,37]],"type":"Polygon","properties":{"WARD":"34502011","PROVINCE":"Northern Cape","CAT_B":"NC452","MUNICNAME":"Ga-Segonyana Local Municipality","WARDNO":11,"VOTERS":2987,"Area":1617.04662072,"Shape_Leng":2.81739280299,"Shape_Area":0.147784145455,"ID":1406,"POPULATION":6933,"DENSITY":4.287445959296485}},{"arcs":[[-19,-22,-2,-8,38,-30,-35,39]],"type":"Polygon","properties":{"WARD":"34502012","PROVINCE":"Northern Cape","CAT_B":"NC452","MUNICNAME":"Ga-Segonyana Local Municipality","WARDNO":12,"VOTERS":4069,"Area":94.2835722426,"Shape_Leng":0.585133852199,"Shape_Area":0.00859863663837,"ID":1407,"POPULATION":10294,"DENSITY":109.18126832861853}},{"arcs":[[-5,-4,-10,-37]],"type":"Polygon","properties":{"WARD":"34502013","PROVINCE":"Northern Cape","CAT_B":"NC452","MUNICNAME":"Ga-Segonyana Local Municipality","WARDNO":13,"VOTERS":3043,"Area":29.4489540739,"Shape_Leng":0.286953506304,"Shape_Area":0.00268845751585,"ID":1408,"POPULATION":6851,"DENSITY":232.6398412251897}}]}}}