{"type":"Topology","transform":{"scale":[0.0005476074153640092,0.0005260670731707351],"translate":[18.29026699700006,-32.879119996999975]},"arcs":[[[1547,522],[10,-32],[39,-53],[14,-28],[24,-38],[36,-52],[7,-37],[-67,-12],[-2,-112],[3,-4],[22,-55],[-62,-86],[-55,-11],[-22,4],[-18,-6],[-31,24],[2,20],[-26,1],[-22,-7],[-1,5],[15,42],[-35,-17],[-17,-10],[-3,44],[13,2],[-11,73],[-20,-21],[-6,35],[22,1],[-3,11],[-22,4],[-5,26],[-17,77],[-62,87],[-14,31],[-9,40],[5,30],[-24,34],[-35,-14],[-34,42],[-12,18],[-36,37],[-38,25],[4,6],[-34,33],[-39,20]],[[981,699],[32,21],[8,15],[11,16],[-25,23],[5,4],[78,49],[3,30],[51,34],[8,-2],[34,-12],[5,1],[22,10],[8,5],[-3,8],[-3,5],[-2,6],[-1,2],[-2,6],[-2,3],[-2,1],[-2,6],[-1,6]],[[1203,936],[19,11],[14,9],[42,-8],[63,9],[22,-47],[-6,-5],[8,-11],[16,-37],[39,-33],[-12,-14],[-28,6],[-3,-24],[74,-94],[-23,-10],[26,-43],[-43,-10],[4,-12],[1,-1],[1,0],[2,-1],[1,0],[2,1],[1,0],[5,-1],[7,-2],[3,1],[3,2],[4,2],[3,2],[2,0],[3,0],[2,0],[3,2],[4,1],[4,3],[3,-6],[78,-104]],[[1311,570],[-3,-1]],[[1308,569],[-8,-2],[1,-2],[-2,0],[1,-2],[1,-3],[4,-9],[4,-7],[3,-4],[1,-2],[4,1],[2,-7],[15,0],[-3,11],[0,0],[-3,11],[-1,0],[-4,14],[5,1],[-8,12],[-2,2],[-5,3],[-5,1],[0,-8],[3,-9]],[[1308,569],[3,1]],[[1201,935],[-20,4],[-5,0],[-34,44],[-9,-3],[-18,-14],[-18,-20],[-17,25],[-23,-6],[-5,-3],[5,-38],[-1,-2],[-24,20],[-20,5],[-18,24],[-4,-2],[-2,-24],[-5,-10],[-24,23],[-10,-13],[-11,6],[-7,21],[-47,14],[-12,-4],[15,17],[13,23],[5,4],[-16,9],[27,45],[6,9],[-13,8],[-7,20],[33,33],[-44,49],[21,33],[-28,51],[22,9],[52,58]],[[958,1350],[24,2],[7,3],[5,4],[3,1],[3,0],[4,0],[7,-3],[4,-4],[1,-3],[1,-7],[1,-2],[3,-3],[3,-1],[4,-1],[6,2],[8,5],[4,0],[11,-1],[4,1],[5,3],[4,1],[3,1],[6,-1],[10,-6],[8,-4],[9,2],[3,-3],[1,-4],[1,-3],[4,-2],[4,-3],[6,-7],[3,-6],[4,-9],[2,-8],[1,-1],[3,-2],[9,-2],[3,-1],[3,-3],[6,-2],[2,-1],[1,-2],[2,-6],[8,-5],[3,-1],[3,0],[3,1],[2,-4],[-12,-13],[-6,-3],[4,-9],[-4,-2],[-3,2],[-3,0],[-2,1],[-1,0],[-3,3],[-2,1],[-2,2],[-8,3],[-4,1],[-1,1],[-1,-1],[-1,2],[-4,0],[-3,2],[1,2],[-3,1],[-2,-1],[-1,1],[-2,0],[-4,3],[-2,-6],[-17,-31],[-5,-54],[2,-26],[-1,-4],[9,-12],[9,-14],[12,-18],[12,-28],[14,-12],[8,-15],[2,-7],[-1,-9],[5,-9],[15,-23],[8,-15],[6,-26],[9,-17]],[[684,1755],[2,-2],[-20,-10],[13,-14],[-2,-7],[12,-1],[19,-7],[34,0],[28,-11],[47,-27],[4,10],[18,1],[-1,-27],[7,-9],[1,-39],[20,-16],[-14,-2],[8,-12],[7,6],[-13,-79],[39,-11],[75,-118],[-5,-24],[-5,-6]],[[1201,935],[2,1]],[[981,699],[-58,-15],[-17,-2],[-3,-4],[-3,-14],[5,-14],[3,-12],[7,-30],[23,-24],[-65,13],[-30,-2],[-49,-1],[-31,17],[-1,17],[-2,23],[-39,33],[-42,54],[19,40],[-27,16],[-27,10],[-66,-15],[-28,-1],[-30,-29],[-7,6],[1,43],[-25,3],[-31,16],[-38,-10],[-1,0],[-12,8],[-3,2],[-4,4],[-9,7],[-3,3],[-3,5],[-15,-8],[-42,-52],[-21,-21],[-95,81],[-14,16],[-117,-33],[0,7],[-1,6],[0,12],[-1,1],[0,4],[-1,5],[0,4],[-1,17],[-1,11],[-2,8],[0,7],[-2,9],[-1,10],[-2,8],[-3,19],[-1,5],[0,3],[-2,6],[-3,15],[-2,5],[-3,12],[-4,12],[0,5],[-3,7],[-2,3],[0,1],[2,3],[1,3],[-2,13],[-2,3],[1,7],[-1,6],[-1,1],[0,0],[-1,1],[1,0],[-1,1],[1,0],[0,0],[1,0],[0,2],[1,0],[-1,1],[2,0],[-1,1],[1,0],[0,0],[0,0],[1,0],[1,0],[0,-1],[1,0],[4,-3],[5,-2],[2,0],[4,3],[3,1],[7,1],[3,-2],[3,0],[1,1],[4,3],[4,6],[4,8],[0,4]],[[94,1092],[19,7],[5,1],[42,20],[14,13],[23,18],[121,-48],[70,46],[76,65],[29,57],[4,0],[-2,-23],[73,-26],[5,7],[-3,44],[-12,-1],[-28,26],[-40,65],[10,87],[-7,139],[3,1],[-3,6],[-6,-1],[-9,-3],[-23,1],[-6,2],[-18,8],[-13,10],[-16,28],[-24,-14],[-20,20],[-156,23],[-9,-26],[-100,0],[-5,28],[11,44]],[[99,1716],[92,26],[-4,16],[16,5],[19,12],[-18,63],[62,2],[0,13],[-73,58],[102,57],[15,-27],[63,-19],[-2,-9],[-6,-11],[-12,-11],[29,-9],[21,10],[63,-1],[29,10],[87,-114],[25,-33],[77,1]],[[94,1092],[1,7],[0,3],[2,6],[1,5],[1,7],[0,11],[0,4],[0,2],[-1,11],[-1,2],[-1,2],[0,5],[-1,2],[0,3],[0,4],[-3,8],[-1,5],[0,3],[-4,11],[0,5],[-7,25],[-8,19],[0,5],[-1,4],[-3,7],[-1,3],[-2,2],[-2,4],[0,3],[-1,2],[0,1],[3,1],[0,4],[-1,7],[-2,6],[-4,11],[-6,11],[-3,6],[-7,13],[-1,3],[-1,0],[0,0],[-1,0],[-1,1],[0,1],[1,0],[-1,0],[0,1],[0,1],[1,0],[-2,1],[0,0],[1,0],[-1,1],[0,2],[1,1],[-1,0],[2,1],[1,2],[-1,1],[-1,1],[-1,0],[-1,1],[-1,1],[0,0],[0,1],[1,0],[-1,1],[1,0],[1,1],[-1,0],[1,1],[0,0],[1,0],[0,0],[0,12],[-3,8],[-3,5],[-2,4],[-2,12],[0,6],[0,3],[-2,5],[0,4],[1,3],[-1,4],[-2,0],[1,0],[-1,1],[1,0],[1,4],[-2,2],[1,0],[-1,0],[0,1],[1,1],[0,1],[0,1],[-1,2],[0,0],[0,0],[0,1],[-1,1],[1,0],[0,1],[1,0],[0,1],[-1,3],[-2,2],[0,7],[-1,4],[-1,1],[-1,0],[-1,0],[0,1],[1,0],[0,1],[1,1],[3,6],[0,1],[-3,0],[0,1],[0,0],[0,0],[0,1],[0,0],[-1,1],[4,-1],[1,1],[1,1],[0,1],[-1,1],[0,0],[1,0],[0,3],[-1,0],[-1,1],[0,0],[-1,1],[0,0],[1,0],[1,1],[0,0],[0,0],[0,1],[-1,0],[-1,0],[0,2],[-1,0],[1,1],[0,0],[0,1],[0,1],[1,0],[0,2],[-1,1],[0,-1],[-1,0],[1,1],[-2,0],[1,1],[1,0],[0,1],[-2,0],[0,1],[-1,0],[-1,0],[-1,0],[0,1],[1,0],[0,1],[0,1],[-1,0],[0,0],[0,1],[4,0],[1,2],[0,1],[1,1],[3,0],[0,0],[1,0],[-1,1],[1,2],[2,-1],[2,0],[3,1],[1,2],[3,2],[2,4],[2,2],[1,2],[1,4],[1,5],[0,9],[-3,13],[-2,3],[-2,10],[-1,2],[-5,14],[-2,4],[-3,8],[-4,8],[-2,7],[-5,8],[-3,9],[-2,2],[-2,4],[-1,1],[0,4],[-1,0],[-1,1],[0,0],[0,1],[-1,1],[1,0],[-1,0],[0,0],[1,1],[0,0],[1,1],[0,0],[0,0],[1,2],[0,0],[1,0],[0,4],[-5,13],[-4,7],[39,17],[25,33],[35,8]],[[684,1755],[-17,47],[94,66],[-33,58],[22,25],[3,1],[9,-1],[6,-4],[8,-8],[3,-3],[3,-5],[1,-1],[3,-2],[3,-1],[7,-5],[10,-8],[7,-4],[4,-4],[2,-3],[5,-2],[6,1],[6,1],[11,7],[6,2],[8,0],[4,-2],[5,0],[10,-1],[11,-1],[5,0],[3,2],[2,0],[3,3],[5,10],[2,2],[2,2],[3,1],[3,2],[4,1],[9,0],[6,3],[6,-1],[4,-1],[4,1],[3,-1],[4,0],[3,-3],[5,-2],[0,-3],[1,-2],[3,-1],[4,0],[5,2],[3,2],[4,3],[4,1],[3,2],[5,1],[6,3],[11,4],[4,1],[7,0],[7,1],[4,0],[8,-2],[3,0],[3,2],[6,5],[3,1],[6,4],[9,2],[5,0],[17,-2],[8,-4],[10,-4],[6,-3],[7,1],[2,2],[3,1],[5,0],[4,-1],[13,2],[8,0],[3,1],[5,2],[4,1],[4,0],[8,-2],[19,-6],[16,-2],[2,0],[6,0],[6,1],[3,1],[2,0],[5,2],[6,1],[3,0],[2,1],[3,0],[2,1],[2,-3],[1,-5],[1,-11],[2,-7],[-1,-4],[-2,-5],[0,-3],[1,-2],[4,-4],[3,-1],[15,-1],[12,2],[5,0],[13,3],[5,0],[8,-1],[12,2],[1,-1],[13,1],[2,0],[3,-1],[10,-1],[5,-2],[15,-1],[15,-4],[14,-5],[8,-5],[5,-1],[9,-5],[4,-2],[1,-4],[1,-1],[3,-1],[7,-3],[11,-1],[10,-1],[9,-2],[6,-1],[3,-2],[4,-4],[3,-6],[2,-2],[4,-3],[5,-1],[7,1],[4,1],[7,0],[4,-2],[4,-2],[9,-4],[2,-3],[1,0],[3,1],[2,2],[4,4],[7,11],[6,4],[4,2],[5,0],[7,-7],[5,-5],[6,-3],[7,-4],[50,9],[20,-82],[61,65],[83,96],[-18,-112],[-27,-83],[23,-26],[22,27],[62,-37],[11,-53],[43,-29],[18,-28],[32,10],[23,37],[5,5],[55,-30],[31,-31],[43,-46],[2,-3],[5,1],[13,0],[4,-1],[6,-2],[4,-2],[2,-2],[1,-3],[2,-7],[-1,-12],[1,-7],[-8,-42],[9,-14],[35,66],[14,-55],[-13,-20],[-31,-8],[-29,-31],[16,-29],[-9,-12],[15,8],[26,-31],[-16,-35],[17,-13],[-14,-7],[1,-4],[4,-6],[0,-2],[-1,-5],[-1,-7],[-2,-4],[-3,-5],[-5,-4],[-4,-4],[-4,-6],[-1,-4],[0,-5],[2,-6],[1,-1],[4,-3],[1,0],[6,-1],[3,-2],[-6,-12],[0,-2],[-151,-71],[39,-144],[9,-5],[-1,-2],[-1,-2],[1,-5],[2,-5],[2,-2],[4,-7],[2,-3],[5,-12],[3,-3],[3,-4],[11,-9],[2,-2],[3,-5],[5,-10],[2,-4],[1,-4],[1,-2],[5,-4],[4,-4],[4,-12],[5,-6],[4,-6],[0,-4],[-1,-4],[0,-1],[2,-7],[4,-3],[5,-2],[3,-2],[1,-3],[5,-12],[6,-10],[3,-11],[2,-5],[1,-4],[8,-12],[4,-7],[1,-2],[3,-1],[1,0],[2,0],[8,4],[3,1],[3,-1],[2,-3],[2,-4],[2,-3],[5,-5],[1,-3],[5,-6],[-39,-25],[-15,-127],[-5,-21],[2,-6],[-17,-33],[-17,-8],[-10,-12],[-16,0],[2,-9],[0,-25],[-22,-24],[-6,23],[-35,7],[-42,30],[-45,-4],[-26,-15],[-29,64],[-38,16],[-71,-13],[-31,-14],[-76,27],[-37,-6],[-60,10],[-19,1],[-16,-22],[-4,-4],[15,-36],[-19,-1],[-16,1]]],"objects":{"211":{"type":"GeometryCollection","geometries":[{"arcs":[[0,1,2],[3,4]],"type":"Polygon","properties":{"WARD":"10102001","PROVINCE":"Western Cape","CAT_B":"WC012","MUNICNAME":"Cederberg Local Municipality","WARDNO":1,"VOTERS":3677,"Area":888.522938913,"Shape_Leng":1.75761618302,"Shape_Area":0.0853683951043,"ID":8,"POPULATION":10424,"DENSITY":11.731829920736205}},{"arcs":[[5,-5]],"type":"Polygon","properties":{"WARD":"10102002","PROVINCE":"Western Cape","CAT_B":"WC012",