{"type":"Topology","transform":{"scale":[0.0003725163041537843,0.00036069691206735494],"translate":[18.101009998000052,-33.19668000099995]},"arcs":[[[2175,97],[28,8],[73,19],[11,16],[-2,9],[19,37],[-2,7],[27,4],[29,-30],[10,165],[-1,23],[0,9],[2,9],[16,53],[10,46],[1,28],[-20,-2],[-1,3],[-3,0],[2,7],[1,0],[3,45]],[[2378,553],[1,17],[17,-3],[-2,74],[-1,4],[-1,5],[-3,0],[-127,69],[-5,0],[-32,-7],[2,25],[-4,1],[-11,6],[-25,73],[38,2],[50,-4],[-52,82],[-4,7],[-2,5],[-1,9],[-4,175],[32,-7],[12,37],[127,-17],[-8,74],[83,40]],[[2458,1220],[6,-37],[34,-7],[4,-16],[-33,-1],[8,-52],[30,32],[17,-106],[-19,-4],[4,-65],[25,16],[52,24],[-23,-60],[2,-9],[32,11],[38,-2],[-2,-29],[45,-35],[26,10],[33,-6],[80,16],[91,125],[5,-114],[-87,-321],[32,-143],[31,-68],[-11,-89],[-72,-39],[-152,-22],[-46,-38],[-44,-34],[-3,0],[-11,-6],[-31,2],[-52,-1],[-37,-10],[-16,0],[-26,-8],[-28,-10],[-65,-43],[3,-23],[-2,-34],[-35,-16],[-7,-8],[-4,1],[0,1],[-2,3],[-4,4],[-8,2],[-17,7],[-9,6],[-4,1],[-4,4],[0,9],[1,8],[-4,9],[-3,7],[-3,6],[1,4],[-4,5],[-3,5],[-3,3],[-2,1],[-6,0],[-3,3],[-1,2],[0,2],[2,2],[1,2]],[[2175,97],[2,2],[1,4],[-1,4],[-3,1],[-10,-1],[-8,0],[-5,-1],[-6,-1],[-1,-3],[-6,0],[-4,0],[-1,1],[-2,1],[-9,-1],[-3,2],[-7,-1],[-3,0],[-3,2],[-5,6],[-1,4],[-1,8],[-1,3],[-5,6],[-7,5],[-1,0],[-3,0],[-5,-3],[-11,-4],[-1,1],[-2,3],[-2,0],[-2,-1],[-3,-1],[-1,1],[-4,4],[-3,4],[-1,3],[0,3],[3,4],[0,3],[-3,4],[-7,8],[-2,4],[0,2],[1,2],[7,4],[1,3],[-1,2],[-2,1],[-7,0],[-4,-1],[-2,0],[-3,1],[-5,0],[-1,1],[-3,6],[-2,6],[4,4],[1,2],[4,4],[1,3],[-1,4],[-4,2],[-2,0],[-5,-3],[-3,-1],[-6,4],[-6,1],[-4,2],[-1,3],[-1,4],[-3,4],[-4,15],[0,4],[5,4],[2,2],[-1,2],[-3,3],[-3,4],[1,5],[0,2],[-2,3],[-5,2],[-3,0],[-1,-1],[-3,-1],[-5,5],[-1,3],[5,18],[-1,4],[-1,2],[-2,2],[-9,3],[-1,1],[-4,8],[0,3],[2,10],[3,4],[-1,5],[3,6],[-1,3],[-2,3],[-2,1],[-1,0],[-2,-1],[-3,-1],[-6,-6],[-5,0],[-4,-2],[-2,0],[-1,1],[0,3],[2,6],[2,3],[1,4],[-1,3],[-1,7],[-4,9],[-2,8],[-1,2],[-5,4],[-4,5],[-2,1],[-4,-1],[-6,-2],[-4,0],[-8,2],[-2,1],[-2,3],[0,3],[1,2],[9,5],[3,3],[2,12],[0,4],[-1,4],[0,4],[2,2],[4,2],[8,6],[1,3],[0,3],[-2,1],[-2,1],[-5,1],[-6,-1],[-5,2],[-4,0],[-3,1],[-2,2],[-3,1],[-4,10],[-3,2],[-2,1],[-4,-1],[-7,-8],[-8,-5],[-9,0],[-2,0],[-2,2],[-1,2],[1,8],[-4,6],[0,7],[-1,4],[-2,3],[-3,2],[-1,1],[0,15],[-2,6],[-2,1],[-2,3],[0,7],[1,3],[-1,2],[-1,9],[-1,1],[-2,2],[-4,3],[-7,6],[-5,3],[-1,2],[-5,4],[-1,4],[0,7],[-2,3],[-2,3],[-1,1],[-8,4],[-3,0],[-4,1],[-6,0],[-2,1],[-6,5],[-2,2],[-4,3],[-4,4],[0,2],[1,4],[-1,3],[-5,7],[-2,0],[-7,-2],[-5,0],[-4,1],[-4,3]],[[1733,623],[1,5],[69,15],[67,10],[10,20]],[[1880,673],[76,-27],[1,1],[3,1],[3,-2],[3,-2],[1,-1],[4,2],[4,2],[1,1],[0,1],[-2,2],[-4,5],[-1,2],[1,2],[3,1],[9,2],[8,3],[4,3],[2,3],[0,1],[-1,2],[-9,6],[-2,2],[-1,2],[0,3],[3,5],[6,4],[2,3],[24,-11],[134,-51],[87,-33],[10,-3],[19,-3],[9,-3],[101,-43]],[[1880,673],[-1,0],[31,67],[-107,49],[-6,-8],[6,-1],[-1,-2],[-5,0],[2,-4],[-1,-3],[1,-1],[-1,0],[-5,6],[-1,2],[0,3],[-69,5],[0,24]],[[1723,810],[0,5]],[[1723,815],[30,1],[0,-2],[9,1],[0,-4],[7,-5],[1,2],[19,4],[2,4],[5,-3],[12,4],[12,1],[22,-2],[4,1],[4,1],[2,1],[12,-1],[6,0],[21,4],[16,4],[-44,8],[-142,23]],[[1721,857],[-26,34],[0,1],[1,1],[0,2],[-2,3],[0,4],[-2,2],[-1,2],[-1,1],[1,2],[-1,2],[1,0],[-1,4],[1,3],[-1,6],[1,1],[1,1],[0,5],[2,18],[1,-2],[22,27],[14,18],[5,5],[-11,19],[29,40],[24,-4],[0,12],[-1,-1],[-21,26],[2,-1],[1,5],[-2,2],[-12,-7],[-4,4],[-18,0],[16,28],[1,1],[3,2],[1,5],[-5,11],[11,0],[11,7],[13,-2],[3,12],[-52,19],[8,12],[11,0],[36,-29],[-2,-35],[15,-3],[60,-11],[42,-21],[23,-27],[29,14],[58,-29],[0,-1],[1,-1],[7,31],[8,12],[0,3],[-3,8],[0,4],[13,60],[-3,9],[1,4],[3,6],[-1,8],[6,9],[1,7],[6,6],[2,9],[4,7],[-1,3],[-7,8],[-2,3],[-1,2],[7,33],[7,26],[2,9],[2,17],[-28,7],[-69,37],[-69,-10],[-24,76],[-30,101],[-19,44],[-2,4],[-21,25],[-10,8],[-7,5],[-20,8],[-4,1],[-13,1],[1,10],[1,0],[-1,2],[1,16],[-2,9],[-2,6],[-6,12],[-3,5],[-11,12],[-6,3],[-10,12],[-11,7],[-2,2],[-1,2],[0,2],[3,6],[-1,7]],[[1691,1748],[57,0],[44,3],[95,-19],[-34,35],[-9,45],[-5,17],[-8,20],[4,20],[5,6],[25,3],[86,22],[57,-29],[49,-48],[-5,-9],[56,-37],[52,-53],[18,-27],[50,-62],[51,22],[35,-51],[-6,-43],[13,-58],[20,-46],[92,-127],[25,-112]],[[1723,815],[0,4]],[[1723,819],[-2,38]],[[1723,819],[0,-9]],[[1733,623],[-1,1],[-6,9],[-7,3],[-4,3],[-6,9],[-2,8],[-4,4],[-2,3],[-2,4],[-2,1],[-2,1],[-4,3],[-5,3],[-4,3],[-3,4],[-2,2],[-2,0],[-4,-2],[-2,0],[-2,0],[-3,2],[-4,0],[-4,1],[-3,1],[-3,-1],[-4,-4],[-4,0],[-3,2],[-7,6],[-7,5],[-5,1],[-16,3],[-4,0],[-5,-1],[-3,0],[-3,2],[-2,2],[-3,5],[-2,7],[-2,2],[-2,0],[-1,1],[-2,-2],[-4,-4],[-6,-9],[-3,-1],[-1,1],[-5,6],[0,6],[2,7],[-1,3],[-14,18],[0,3],[0,3],[6,13],[0,3],[-1,2],[-5,1],[-4,-4],[-1,-1],[-3,0],[-2,1],[-5,0],[-9,4],[-2,2],[-3,1],[-11,-2],[-6,2],[-4,4],[-3,5],[-4,2],[-4,1],[-11,-2],[-5,0],[-2,2],[-4,0],[-6,1],[-8,3],[-8,2],[-3,-1],[-6,-3],[-4,-3],[-7,-4],[-5,-4],[-6,-1],[-5,0]],[[1402,771],[-1,4],[6,79],[18,17],[-7,7],[-6,4],[-26,22],[-51,35],[-5,3],[-132,61],[-13,4],[-17,19],[13,6],[-1,3],[19,7],[-2,63],[-64,94],[54,5],[37,21],[9,16],[-38,51],[4,42],[-88,28],[-31,-23],[-10,12],[-14,36],[4,18],[-25,-5],[-9,0],[3,31],[0,15],[-7,43],[-4,12],[-1,5],[0,5],[1,4],[3,6],[5,7],[26,31],[6,4],[16,8],[4,4],[14,24],[2,4],[0,3],[-6,39],[27,208],[-5,31],[0,2],[41,78],[10,17],[22,-11],[1,1],[4,13],[1,1],[-3,3],[-1,2],[2,3],[-16,8],[1,1],[13,8],[-11,9],[-7,8],[-12,11],[-29,34]],[[1126,2072],[55,15],[46,-24],[37,-4],[-2,-64],[11,-8],[43,42],[41,2],[97,22],[40,-14],[41,-24],[-29,-58],[62,-79],[57,-48],[4,-33],[0,-25],[46,-25],[16,1]],[[1402,771],[-4,0],[-2,1],[-7,4],[-7,7],[-4,1],[-2,0],[-2,-2],[-5,-13],[-3,-1],[-3,-1],[-5,1],[0,2],[1,4],[-4,3],[-2,2],[-2,4],[-2,8],[-13,17],[-3,8],[-3,4],[-3,1],[-2,1],[-17,0],[-22,-4],[-7,0],[-6,-1],[-3,-1],[-3,-2],[-2,-3],[-1,-7],[2,-3],[1,-5],[2,-2],[1,-3],[-1,-3],[-2,-2],[-2,0],[-3,0],[-8,3],[-6,1],[-2,0],[-3,-1],[-1,-2],[-3,-2],[-2,-3],[-2,-5],[-2,-2],[-15,-1],[-7,3],[-3,0],[-2,-2],[-5,-7],[-1,-4],[3,-7],[4,-2],[2,-3],[4,-1],[0,-1],[1,-3],[1,-6],[-1,-6],[-1,-5],[-4,-6],[-4,-8],[-2,-2],[-5,-3],[-2,-1],[-7,-2],[-8,-1],[-5,2],[-3,0],[-7,3],[-6,0],[-2,0],[-4,-2],[-6,-7],[-2,-1],[-4,-1],[-14,0],[-12,3],[-6,0],[-4,-3],[-7,-8],[-4,-4],[-4,-1],[-5,0],[-9,4],[-3,1],[-5,3],[-5,0],[-2,-1],[-3,-3],[-6,-13],[-2,-2],[-3,-2],[-3,-1],[-5,0],[-8,4],[-5,2],[-7,0],[-4,2],[-6,3],[-4,6],[-5,4],[-6,3],[-3,1],[-5,-2],[-5,-5],[-10,-5],[-2,-2],[-6,-8],[-5,-4],[-3,-2],[-3,0],[-2,1],[-1,2],[-3,5],[0,7],[2,4],[0,8],[4,9],[-2,6],[-2,2],[-2,1],[-8,-2],[-3,0],[-9,3],[-2,0],[-3,-1],[-2,-4],[0,-6],[3,-9],[0,-1],[-1,-1],[-10,-1],[-8,0],[-10,3],[-8,1],[-11,-2],[-7,3],[-1,0],[-14,-7],[-6,-6],[-2,-2],[-1,-3],[1,-6],[-2,-1],[-1,0],[-4,2],[-2,3],[0,7],[-2,11],[-1,4],[-2,2],[-3,1],[-10,-1],[-5,-2],[-1,-2],[-1,-8],[-9,-17],[0,-5],[0,-5],[0,-1],[-21,-3],[-9,0],[-5,0],[-3,2],[-5,1],[-3,0],[-5,-2],[-2,-1],[-2,1],[-2,1],[-2,2],[-2,1],[-8,-3],[-2,-2],[-7,3],[-5,0],[-1,2],[0,4],[1,12],[3,15],[-3,10],[-2,3],[0,2],[3,5],[0,1],[-1,1],[-2,0],[-4,-1],[0,-2],[-1,-4],[-3,-6],[-5,-3],[-3,-2],[-3,0],[-8,2],[-10,-1],[-13,2],[-9,0],[-9,2],[-4,-1],[-3,-1],[2,-3],[0,-2],[-4,-2],[1,0],[1,-2],[-118,-37],[-10,-6],[-55,24],[-85,58],[3,52],[-23,46]],[[354,831],[-5,48],[12,40],[-4,5],[-2,3],[-2,1],[-4,1],[-9,0],[-7,2],[-3,4],[-1,4],[1,3],[3,4],[6,4],[2,0],[3,1],[4,-1],[10,-5],[2,0],[4,0],[2,1],[2,4],[-1,5],[-3,3],[-4,4],[-2,4],[0,5],[2,4],[4,4],[0,1],[0,5],[-1,1],[-5,2],[-5,1],[-4,-1],[-3,-1],[-3,-3],[0,-5],[2,-4],[-1,-3],[-1,-3],[-6,-4],[-6,-1],[-8,0],[-5,1],[-2,2],[-14,12],[-2,5],[0,4],[8,19],[3,3],[8,4],[5,5],[1,4],[0,10],[-2,3],[-3,2],[-5,1],[-14,-2],[-4,-3],[-7,-4],[-1,9],[1,8],[-1,2],[-2,1],[-7,2],[-7,0],[-9,-1],[-6,-3],[-2,-2],[-3,-1],[-4,1],[-1,3],[-1,5],[1,3],[3,3],[5,8],[4,10],[1,5],[0,7],[-2,5],[-5,9],[2,10],[0,8],[5,3],[3,3],[2,-1],[2,1],[1,-2],[9,-1],[-1,4],[2,1],[-44,12],[0,2],[-2,0],[0,-2],[-32,4],[3,20],[-27,3],[-1,1],[0,0],[33,42],[-14,10],[3,3],[-4,-1],[-8,5],[-2,0],[-3,2]],[[181,1231],[6,6],[4,6],[2,2],[5,7],[3,4],[9,15],[6,7],[4,4],[12,12],[6,8],[7,7],[11,18],[7,9],[10,7],