{"type":"Topology","transform":{"scale":[0.001475352554487197,0.0015528802653721782],"translate":[19.057670004000045,-33.624010003999956]},"arcs":[[[191,170],[4,4],[3,0]],[[198,174],[-2,-4],[-5,0]],[[136,133],[2,-2],[3,0],[3,-1],[-1,-1],[5,-3],[0,-13],[2,-11],[25,-5]],[[175,97],[-1,-17],[-5,-14],[0,-6],[-43,-13],[-5,9],[-9,-1],[-7,6],[-8,-5],[4,-2],[3,-6],[3,0],[7,-4],[2,-3]],[[116,41],[-5,-1],[-5,2],[-10,1],[-9,-3],[-11,-23],[-20,21],[-23,15],[-5,8],[8,13],[-11,33]],[[25,107],[8,-2],[22,13],[2,2],[10,-8],[2,1],[-4,6],[6,3],[15,-4],[10,8],[-1,6],[2,1],[2,0],[0,-3],[3,-2],[5,0],[-1,-1],[3,-1],[17,1],[-1,3],[2,3],[2,-1],[0,1],[7,0]],[[171,190],[0,-7],[2,0],[9,-2],[-1,-4],[2,-1]],[[183,176],[-2,-2],[1,-5],[-2,-1],[-2,-1],[-7,8],[0,-1],[-7,-1],[2,-6],[3,-2],[2,-3],[6,-2],[1,-3],[4,0],[5,-3],[-2,-4],[14,-3],[-14,-15],[-10,-16],[0,-19]],[[136,133],[3,22],[-14,29]],[[125,184],[6,9],[3,3],[13,26],[10,-1],[8,-3],[12,-3]],[[177,215],[4,0],[0,-4],[2,0],[0,-3],[-4,-3],[-8,-15]],[[203,207],[-10,-5],[2,-3]],[[195,199],[-7,0],[-6,-3],[0,-3],[-3,0],[-2,-3],[-2,1],[0,-1],[-4,0]],[[177,215],[0,7],[5,-2],[-2,8],[13,-2],[4,-8],[5,0],[-3,-5],[4,-6]],[[198,174],[16,-3],[3,-2],[25,-8],[0,-1],[19,8],[19,-16],[4,-1],[30,-31]],[[314,120],[-32,-15],[-46,-13],[-7,-49],[-19,-7],[7,-14],[1,-19],[-12,-3],[-9,15],[-17,1],[0,-3],[0,3],[-4,1],[-4,-6],[-17,0],[-4,-4],[-3,2],[8,8],[-6,7],[-1,-2],[-17,7],[-9,13],[-7,-1]],[[183,176],[2,0]],[[185,176],[7,-1],[0,-1],[-3,-1],[2,-3]],[[195,199],[6,-1],[-10,-9],[-6,-13]],[[25,107],[-6,17],[-2,52],[3,12],[-2,8]],[[18,196],[1,1],[9,-2],[9,0],[-1,5],[-3,3],[20,5],[0,2],[7,4],[7,1],[-3,3],[-3,0],[0,3],[-2,0],[3,4],[-3,0],[-2,-1],[-1,2],[-4,0],[0,1],[8,1],[5,4],[14,5],[1,4],[27,2],[-2,9]],[[105,252],[5,-2],[1,-18],[-1,-1],[3,-3],[1,-8],[3,-5],[-5,-1],[5,-16],[8,-14]],[[359,629],[18,-35],[-14,-7],[4,-35],[18,-39],[21,-20],[-2,-22],[2,-15],[-6,-32],[-1,-51],[2,-9],[-34,17],[-5,5],[-18,4],[-12,7],[-28,12],[-4,0],[-2,-10],[-14,8],[-5,-4],[-39,-13],[-10,-2],[1,-5],[-1,-2],[5,-9],[18,-3],[6,-4],[-3,-4],[1,-5],[5,-2],[-12,-32],[-5,1],[1,1],[-13,0],[-1,2],[-1,-16],[16,5],[-1,-4],[-23,-16],[1,-1],[-2,-1],[-7,-21],[-10,-8],[1,-3]],[[206,261],[-27,-4],[-4,6],[0,12],[-14,-2],[2,15],[-3,45],[-12,27],[-28,19],[-21,17],[-13,24],[-21,-8]],[[65,412],[22,75]],[[87,487],[1,0],[13,-18],[7,-18],[9,-1],[27,-7],[3,-2],[1,-5],[-9,-5],[-1,-22],[9,-25],[26,0],[2,-2],[-6,43],[19,-1],[-1,6],[4,5],[6,3],[0,-1],[22,0],[10,6],[8,-3],[-16,31],[7,5],[-3,9],[5,4],[-5,13],[2,14],[-36,47],[30,17],[-3,45],[-13,9],[-2,15]],[[203,649],[10,5],[16,1],[16,-10],[13,-2],[2,-8],[8,8],[-1,11],[6,1],[4,3],[6,3],[7,11],[1,10],[8,-30],[20,-40],[40,17]],[[87,487],[-1,26],[-9,20],[0,38],[25,4],[-2,13],[-23,30],[-5,10],[-14,18],[-4,10],[13,1],[-5,12],[7,9],[29,-4],[14,2],[28,-9],[11,4],[27,5],[14,-6],[11,-21]],[[206,261],[8,-13],[2,2],[21,-2],[15,-10],[-19,-35],[-2,0],[-2,-3],[-26,7]],[[105,252],[-3,7],[5,8],[-1,77],[-28,-1]],[[78,343],[3,20],[-8,16],[-8,33]],[[18,196],[-3,1],[-3,2],[-4,8],[-5,4],[4,3],[-7,16],[6,0],[-2,23],[10,-4],[0,5],[-2,11],[-12,8],[13,14],[2,-1],[2,9],[-12,11],[6,11],[-1,3],[12,8],[38,5],[18,10]],[[359,629],[12,11],[5,41],[-4,14],[14,28],[-4,20],[23,20],[9,-10],[8,-6],[34,14],[-16,14],[17,7],[3,16],[19,-17],[26,11],[10,22],[22,-4],[16,-11],[43,4],[21,17],[25,13],[23,22],[10,28],[21,3],[8,-1],[9,13],[4,12],[14,12],[11,4],[19,1],[-10,-28],[51,2],[9,-55],[-26,5],[-35,-31],[4,-19],[-26,-26],[-35,15],[11,-51],[0,-17],[18,-35],[-6,-8],[16,-27],[2,-21],[28,-15],[7,-12],[-3,-43],[21,-21],[26,-9],[29,-4],[28,-34],[11,-4],[4,-14],[0,-16],[11,6],[40,-25],[-3,-20],[-4,-5],[-23,-9],[-7,-28],[-34,1],[-21,-21],[-16,3],[27,-37],[-9,-25],[-37,6],[-33,-13],[-38,-2],[-18,-12],[-22,-1],[-50,-29],[-11,-13],[-6,-18],[-11,-19],[-12,-1],[-14,-19],[-17,-10],[-23,-5],[-30,-5],[-1,-2],[-6,3],[-22,0],[-23,3],[-58,-6],[-59,11],[-10,-11],[-11,-9],[-8,-20],[-12,-7]]],"objects":{"215":{"type":"GeometryCollection","geometries":[{"arcs":[[0,1]],"type":"Polygon","properties":{"WARD":"10202001","PROVINCE":"Western Cape","CAT_B":"WC022","MUNICNAME":"Witzenberg Local Municipality","WARDNO":1,"VOTERS":3122,"Area":0.34710590984,"Shape_Leng":0.0286206540891,"Shape_Area":0.000033624295572,"ID":46,"POPULATION":7076,"DENSITY":20385.70879781826}},{"arcs":[[2,3,4,5]],"type":"Polygon","properties":{"WARD":"10202002","PROVINCE":"Western Cape","CAT_B":"WC022","MUNICNAME":"Witzenberg Local Municipality","WARDNO":2,"VOTERS":3095,"Area":242.879191849,"Shape_Leng":0.820319277985,"Shape_Area":0.0235652000484,"ID":47,"POPULATION":6214,"DENSITY":25.584735986207065}},{"arcs":[[6,7,-3,8,9,10]],"type":"Polygon","properties":{"WARD":"10202003","PROVINCE":"Western Cape","CAT_B":"WC022","MUNICNAME":"Witzenberg Local Municipality","WARDNO":3,"VOTERS":3716,"Area":116.029626447,"Shape_Leng":0.611734429955,"Shape_Area":0.0112419223246,"ID":48,"POPULATION":9206,"DENSITY":79.34180503636385}},{"arcs":[[11,12,-11,13]],"type":"Polygon","properties":{"WARD":"10202004","PROVINCE":"Western Cape","CAT_B":"WC022","MUNICNAME":"Witzenberg Local Municipality","WARDNO":4,"VOTERS":3947,"Area":13.628907847,"Shape_Leng":0.219918720051,"Shape_Area":0.00131935970041,"ID":49,"POPULATION":7356,"DENSITY":539.7351044250553}},{"arcs":[[-2,14,15,-4,-8,16,17]],"type":"Polygon","properties":{"WARD":"10202005","PROVINCE":"Western Cape","CAT_B":"WC022","MUNICNAME":"Witzenberg Local Municipality","WARDNO":5,"VOTERS":4040,"Area":337.288552189,"Shape_Leng":1.21389402845,"Shape_Area":0.0327176524005,"ID":50,"POPULATION":9047,"DENSITY":26.82273068944986}},{"arcs":[[-17,-7,-13,18]],"type":"Polygon","properties":{"WARD":"10202006","PROVINCE":"Western Cape","CAT_B":"WC022","MUNICNAME":"Witzenberg Local Municipality","WARDNO":6,"VOTERS":3855,"Area":7.44912020437,"Shape_Leng":0.143831028806,"Shape_Area":0.000721380976709,"ID":51,"POPULATION":11014,"DENSITY":1478.563870339839}},{"arcs":[[-9,-6,19,20,21]],"type":"Polygon","properties":{"WARD":"10202007","PROVINCE":"Western Cape","CAT_B":"WC022","MUNICNAME":"Witzenberg Local Municipality","WARDNO":7,"VOTERS":4025,"Area":266.128635308,"Shape_Leng":0.84380393662,"Shape_Area":0.0257807807792,"ID":52,"POPULATION":14342,"DENSITY":53.89123189769301}},{"arcs":[[22,23,24,25,26]],"type":"Polygon","properties":{"WARD":"10202008","PROVINCE":"Western Cape","CAT_B":"WC022","MUNICNAME":"Witzenberg Local Municipality","WARDNO":8,"VOTERS":3163,"Area":1391.68867561,"Shape_Leng":2.81871026397,"Shape_Area":0.134117280393,"ID":53,"POPULATION":10211,"DENSITY":7.33712947367654}},{"arcs":[[-26,27]],"type":"Polygon","properties":{"WARD":"10202009","PROVINCE":"Western Cape","CAT_B":"WC022","MUNICNAME":"Witzenberg Local Municipality","WARDNO":9,"VOTERS":3079,"Area":774.435641313,"Shape_Leng":1.45112729365,"Shape_Area":0.0745311903417,"ID":54,"POPULATION":10218,"DENSITY":13.194124153010462}},{"arcs":[[28,-14,-10,-22,29,30,-24]],"type":"Polygon","properties":{"WARD":"10202010","PROVINCE":"Western Cape","CAT_B":"WC022","MUNICNAME":"Witzenberg Local Municipality","WARDNO":10,"VOTERS":3248,"Area":343.857393611,"Shape_Leng":1.22411785507,"Shape_Area":0.0332423233146,"ID":55,"POPULATION":10110,"DENSITY":29.40172346980932}},{"arcs":[[-21,31,-30]],"type":"Polygon","properties":{"WARD":"10202011","PROVINCE":"Western Cape","CAT_B":"WC022","MUNICNAME":"Witzenberg Local Municipality","WARDNO":11,"VOTERS":3860,"Area":268.052549101,"Shape_Leng":0.820514436128,"Shape_Area":0.025919921505,"ID":56,"POPULATION":12281,"DENSITY":45.815643392268655}},{"arcs":[[-15,-1,-18,-19,-12,-29,-23,32]],"type":"Polygon","properties":{"WARD":"10202012","PROVINCE":"Western Cape","CAT_B":"WC022","MUNICNAME":"Witzenberg Local Municipality","WARDNO":12,"VOTERS":3058,"Area":6990.89094086,"Shape_Leng":5.05865251334,"Shape_Area":0.673709142431,"ID":57,"POPULATION":8870,"DENSITY":1.2687939312795}}]}}}