{"type":"Topology","transform":{"scale":[0.0003281857767584281,0.00033515611239964783],"translate":[18.78476000300003,-33.87908000199997]},"arcs":[[[388,575],[-6,4],[8,-83],[-22,-74],[7,-28],[19,-21],[12,-12],[6,-1],[13,-11],[10,19],[13,-12],[17,-10],[1,-19],[10,2],[8,-13],[5,-5],[1,-5],[27,-20]],[[517,286],[-6,-6],[4,-5],[1,-5],[-6,-17],[19,-5],[9,0],[-6,-10],[-9,-3],[-4,-6],[2,-8],[-6,-9],[5,-9],[-4,-2],[0,-2],[3,-4],[6,-4],[5,-6],[4,-2],[6,-1],[3,-1],[3,-13],[6,-4],[7,-2],[4,-2],[1,-2],[-1,-8],[13,-8],[5,-9],[5,-3],[-26,-18],[12,-9]],[[572,103],[-18,-26],[-5,-28],[-9,-7],[-31,-17],[-10,12],[-52,-37],[-9,5],[-9,1],[-7,3],[-3,0],[-3,5],[-9,5],[-2,2],[-1,4],[-7,6],[-3,0],[-2,3],[-7,1],[-5,5],[-6,9],[0,-2],[-69,51],[32,12],[-6,48],[5,23],[3,39],[3,-1],[16,6],[2,21],[-20,-5],[1,15],[-35,-7],[0,-1],[-45,-6],[-1,2],[-3,-1],[0,-2],[-19,-4],[-40,-11],[-8,-2],[0,-2],[-1,0],[1,2],[-39,-11],[-20,34],[-17,-8],[-3,-37],[-87,-23],[-6,4],[-1,-1],[-6,5],[-1,0],[-10,38],[35,16],[41,51],[-67,43],[57,17],[14,7],[-3,3],[-2,51],[72,7],[-22,21],[-16,16],[1,1],[-8,10],[9,17],[2,25]],[[113,510],[32,27],[13,-19],[28,-25],[27,-12],[5,32],[7,12],[0,13],[33,19],[-21,21],[12,6],[44,31],[12,4],[16,0],[54,4],[6,-1],[2,-2],[-11,-9],[3,-1],[9,-23],[-2,0],[4,-3],[2,-6],[0,-3]],[[740,697],[-8,-1],[-8,3],[-24,-14],[1,-1],[-10,-5],[-4,6],[5,3],[-6,5],[2,2],[-12,17]],[[676,712],[3,1]],[[679,713],[17,8],[-15,-1],[-1,1],[0,6]],[[680,727],[8,1],[5,4],[18,7],[4,4],[2,-1],[7,4],[12,-15],[-1,-13],[-8,0],[-1,-4],[11,-8],[-4,-3],[7,-6]],[[561,686],[-6,0],[0,2],[-34,14],[10,-25],[-17,-6],[-53,-24],[-6,-2],[-21,1],[-10,-3],[16,-13],[9,-15],[6,-7],[3,-2],[20,-8],[7,-4],[11,-11],[5,-10],[5,-7],[19,-11],[2,-4],[10,-33]],[[537,518],[4,-9]],[[541,509],[-1,-1],[-6,1],[0,-6]],[[534,503],[-1,-1],[-4,1],[0,6],[-21,0],[-7,8],[4,3],[-1,6],[-38,-17],[-3,25],[19,21],[9,7],[-9,5],[-9,16],[-6,-3],[0,-7],[-8,-30],[-13,0],[-19,29],[1,26],[1,7],[-2,7],[-13,-12],[10,-23],[7,-53],[-6,-2],[-18,24],[-10,-6],[-7,7],[-2,28]],[[113,510],[-9,3],[-17,2],[-2,-6],[2,-14],[-10,-1],[-2,14],[-10,-4],[-6,13],[-5,2],[-3,0],[-7,-7],[-2,-1],[-10,1],[-2,2],[5,34],[-8,48],[26,17],[36,53],[24,42],[-63,8],[-42,4],[43,52],[44,63],[7,12],[55,-27],[6,25],[0,18],[11,3],[-8,33],[51,26],[19,-19],[93,12],[9,18],[8,35],[4,8],[34,-1],[6,4],[2,-4],[75,16]],[[467,994],[2,0],[5,-3],[4,-17],[-7,-10],[-4,-13],[5,-3],[2,0],[3,2],[15,1],[7,-2],[4,-3],[2,-5],[7,-10],[1,-13],[-3,-10],[-2,-3],[-8,-5],[-1,-5],[1,-3],[-9,-10],[0,-4],[5,-5],[5,-6],[8,-3],[21,-3],[16,4],[14,0],[5,-16],[8,-4],[1,-3],[-2,-5],[4,-11],[-3,-6],[0,-7],[-5,-12],[3,-7],[2,-12],[-1,-13],[6,-7],[3,-8],[3,-4],[0,-12],[13,-12],[9,-5],[3,-9],[-2,-5],[-2,-3],[-21,5],[-6,-1],[-15,-12],[0,-5],[-2,-5]],[[544,454],[1,-12],[25,0],[4,-1],[-5,-6],[-3,-13],[17,0]],[[583,422],[0,-8]],[[583,414],[-3,0],[-5,-21],[-8,-11]],[[567,382],[-14,-13],[-13,-4],[0,8],[-19,-1],[-1,3],[-11,2],[-5,3],[6,6],[0,3],[-2,2],[4,2],[4,6],[0,6],[-1,7],[1,3],[-1,9],[-2,3],[-1,1],[-5,0],[-3,1],[-3,-2],[-2,0],[-2,3],[-3,1],[3,3],[0,4],[-5,4],[-8,1],[7,4],[0,2],[8,3],[32,4],[0,-3],[13,1]],[[623,650],[2,-26]],[[625,624],[0,-1],[-7,0],[-4,-1],[0,3],[-3,0]],[[611,625],[0,5]],[[611,630],[0,20],[12,0]],[[625,609],[6,0]],[[631,609],[0,-5]],[[631,604],[-7,0],[0,-3]],[[624,601],[-13,4]],[[611,605],[0,16]],[[611,621],[7,-2],[8,1],[0,-6],[-2,0],[0,-1],[-2,-1],[0,-3],[3,0]],[[639,618],[-6,2]],[[633,620],[-3,0],[0,5]],[[630,625],[-5,-1]],[[623,650],[0,1]],[[623,651],[2,0],[6,3],[26,17]],[[657,671],[5,3],[1,-2]],[[663,672],[1,-8],[-3,-14],[-2,0],[0,-2],[-3,1],[-20,-9],[1,-2],[2,0],[2,-12],[-2,-8]],[[633,620],[-2,-6],[-1,0],[-1,-5]],[[629,609],[-4,0]],[[611,621],[0,4]],[[625,624],[5,1]],[[630,589],[9,9],[0,2],[2,1],[-2,4],[-8,-1]],[[631,609],[-2,0]],[[639,618],[16,-3],[-2,-6],[-10,-27],[-2,0],[-3,3],[-8,4]],[[623,651],[1,6],[9,33]],[[633,690],[24,-9],[-6,-2],[6,-8]],[[641,563],[-4,0],[-3,-7],[1,-6]],[[635,550],[-6,2],[9,19],[-14,-2],[-6,2]],[[618,571],[3,10]],[[621,581],[6,1],[3,7]],[[663,672],[2,0],[6,-8],[4,3],[10,-8],[23,-12],[2,-12],[-1,0],[1,-11],[-22,-3],[-1,-3],[-10,1],[13,-21],[11,-10],[-42,-10],[-10,-6],[-4,0],[-4,-9]],[[621,581],[-4,10],[7,10]],[[657,523],[-5,-1]],[[652,522],[-12,-4],[-11,-4]],[[629,514],[-8,14],[-2,1]],[[619,529],[3,7],[7,-1],[0,1],[7,1],[1,-2],[3,1],[0,-1],[5,2],[2,4]],[[647,541],[8,-10],[-2,-1],[2,0],[2,-7]],[[689,535],[-2,-2],[-15,-6],[-15,-4]],[[647,541],[0,1],[-7,5]],[[640,547],[-5,3]],[[641,563],[29,-21],[6,4],[13,-11]],[[534,503],[4,1]],[[538,504],[1,-3],[4,1],[-1,-23],[2,-8],[0,-17]],[[567,382],[24,-28],[12,9],[3,-5],[1,-4],[-3,-34],[1,-6],[6,-8],[-7,-1],[-2,-1],[-28,4],[3,-6],[0,-3],[-2,-2],[-15,11],[-10,5],[-4,-5],[-6,3],[-7,-9],[-16,-16]],[[618,571],[-7,5],[-3,5],[3,24]],[[561,686],[-6,-11],[0,-7],[-4,-9],[1,-8],[3,-5],[7,-5],[2,-4],[3,-3],[17,0],[18,-1],[3,-4],[4,-8],[2,0]],[[635,550],[5,-3]],[[619,529],[-17,-34]],[[602,495],[-17,-2],[-15,-6],[0,5],[4,8],[1,10],[2,2],[-10,2],[-26,-5]],[[541,509],[-4,9]],[[679,713],[-5,-2]],[[674,711],[-5,-3],[-2,2],[-4,-2],[4,-5],[-7,-3],[-10,8],[-4,-1],[1,-1],[-6,-7],[-12,8],[-1,-6],[5,-11]],[[611,630],[0,-9]],[[467,994],[-5,5],[0,9],[-8,34],[-7,14],[1,4],[3,3],[14,0],[6,2],[2,2],[-1,12],[-4,11],[-2,8],[-4,8],[0,5],[1,7],[8,7],[1,3],[1,5],[-3,5],[-11,9],[-1,2],[-1,1],[-2,4],[0,6],[2,4],[5,6],[1,5],[2,2],[-2,7],[1,7],[4,5],[-1,9],[2,6],[-2,4],[0,5],[5,11],[4,2],[10,1],[4,4],[20,3],[6,3]],[[516,1244],[20,3],[17,-47],[34,-37],[7,-9],[3,-11],[0,-56],[-19,-53],[-1,-99],[1,-6],[7,-18],[45,-47],[25,-2],[-6,-14],[0,-5],[6,-16],[2,-21],[10,-49],[5,-14],[8,-6],[0,-10]],[[602,495],[-6,-15],[0,-6],[6,-12],[0,-6],[-3,-6],[-9,-7],[-5,-9],[-2,-12]],[[538,504],[-4,-1]],[[656,456],[0,-1],[8,-1],[-2,-5],[2,-1]],[[664,448],[-16,-11]],[[648,437],[-5,-2],[-17,4]],[[626,439],[6,15]],[[632,454],[14,-3],[0,6],[10,-1]],[[654,478],[-3,-11],[4,-2],[8,0],[5,-4],[-2,-3],[-9,2],[-1,-4]],[[632,454],[4,9],[0,11],[2,0],[0,3]],[[638,477],[4,0],[5,-1],[0,1],[3,0],[1,3],[3,-1]],[[654,479],[0,-1]],[[629,514],[5,-10],[1,-6]],[[635,498],[-5,-2],[-10,-1],[-1,-8],[1,-1],[-1,-2],[4,-1],[17,0],[0,-2],[4,0],[0,-2],[-6,0],[0,-2]],[[626,439],[-5,0],[0,-3],[-2,1],[0,-4],[-14,2],[0,-3],[-11,-8],[0,-2],[-11,0]],[[648,437],[7,-2],[1,2],[12,-4],[-3,-4]],[[665,429],[-4,1],[0,-1],[-2,-22]],[[659,407],[-23,-1],[2,-6],[-15,-4],[0,9],[-8,0],[0,-2],[-31,-4],[-1,4],[0,11]],[[654,480],[0,-1]],[[635,498],[0,-1],[5,-2],[16,-9],[-2,-6]],[[983,577],[126,-49]],[[1109,528],[107,-40],[7,-24],[6,-90],[79,-308]],[[1308,66],[-176,105],[-121,155],[-9,20],[-51,34],[-27,57],[-34,46],[-16,50],[10,7],[0,3],[-3,3],[-4,0],[-4,-2],[-7,0],[-2,-3],[-1,-7],[1,-6],[0,-12],[4,-5],[-1,-6],[1,-3],[0,-13],[-4,-11],[1,-2],[6,-4],[2,-7],[0,-5],[4,-4],[-70,-11],[-17,12],[-33,-7],[-1,2],[-5,-1],[-8,-5],[-4,0],[-3,-6],[-8,-10],[-17,-5],[-4,-3]],[[707,422],[-9,0],[4,7],[-8,7],[-3,6],[-3,-1],[-6,-5],[-7,5],[3,5],[-14,2]],[[654,478],[0,2]],[[652,522],[5,1]],[[689,535],[1,3],[-2,5],[1,3],[8,8],[8,0],[13,0],[1,-1],[17,-2],[4,1],[13,-4],[45,-8],[9,-5],[15,48],[43,-12],[55,-4],[11,14],[52,-4]],[[707,422],[-3,-6],[-13,-2]],[[691,414],[-3,6],[-3,-1],[-2,3],[-2,-1],[-2,5],[-14,3]],[[691,414],[-22,-7],[-10,0]],[[1308,66],[-106,-16],[-45,-18],[-56,21],[-10,-6],[-5,3],[6,6],[-149,85],[-31,-15],[-75,-51],[-11,-17],[-17,30],[-11,27],[-38,5],[-9,-15],[-13,11],[-23,-14],[2,-1],[-78,-14],[-2,2],[-7,-4],[-3,-4],[0,-7],[-10,1],[-16,3],[-8,11],[-21,14]],[[740,697],[7,1],[5,-1],[4,-2],[5,-4],[6,4],[6,0],[15,-20],[11,-8],[36,-5],[32,5],[63,-50],[35,15],[9,-4],[33,17],[26,-37],[-50,-31]],[[674,711],[2,1]],[[885,1987],[-201,-10],[-12,-9],[-39,32],[-26,18],[-13,24],[11,18],[-18,-6],[-15,0],[0,-2],[-49,14]],[[523,2066],[2,33],[-3,24],[73,46],[61,20],[19,0],[41,11],[60,1],[35,-2],[13,6],[3,0],[50,37],[4,-12],[-25,-53],[51,-47],[-8,-43],[-7,2],[-60,-63],[53,-39]],[[885,1987],[11,-48],[-3,-24],[-45,18],[9,-106],[-25,-2],[30,-73],[-18,-15],[7,-9],[15,-9],[2,-4],[3,-10],[7,-8],[3,-6],[5,-6],[14,-13],[6,-1],[5,1],[1,-2],[8,-40],[-11,-54],[1,-65],[2,-22],[2,-60],[4,-55],[1,-37],[76,