{"type":"Topology","transform":{"scale":[0.0003931497790014998,0.0003173090493536455],"translate":[18.708330001000036,-34.063389997999934]},"arcs":[[[809,135],[-12,65],[47,3],[-155,266]],[[689,469],[21,22],[26,12],[8,-2],[18,-14],[24,8],[20,0],[51,-17],[16,5],[4,-18],[-3,-9],[26,-1],[1,10],[-4,5],[8,1],[0,-5],[4,-14],[-1,-19],[7,-17],[4,-4],[7,-11],[7,0],[3,1],[5,8],[4,11],[-11,29],[12,16],[7,1],[5,5],[1,12],[-20,21],[-5,9]],[[934,514],[7,6],[-2,2],[4,4],[-2,7],[2,9],[14,-11],[8,-18],[7,-9],[17,-2],[2,3],[-1,2],[13,14],[-8,8],[-7,4],[8,11],[7,-6],[0,2],[12,18],[-7,5],[6,10]],[[1014,573],[64,87]],[[1078,660],[28,-20],[-5,-7],[4,-3],[9,7],[46,-23],[38,20],[88,16],[76,-127],[-95,-167],[-39,10],[-67,-76],[-49,49],[-49,-19],[-70,-44],[-143,-102],[-41,-39]],[[934,514],[-5,6],[0,4],[-7,15],[7,3],[-8,5],[-22,5],[12,6],[14,8],[25,-13],[16,29],[30,-9],[18,0]],[[689,469],[-44,37],[-4,-1],[-4,9],[-3,2],[0,2],[3,2],[-1,3],[3,6],[3,1],[4,7],[9,10],[-6,2],[-11,-8],[-3,2],[-2,0],[1,-3],[-2,0],[0,-1],[-7,-2],[-1,6],[-8,-3],[-2,-1],[0,-4],[-3,-3],[1,-3],[-1,-2],[1,-3],[-1,0],[-6,6],[-2,1],[-3,-1],[-1,4],[-3,2],[-3,0],[-7,-4],[-5,-1],[-3,-5],[-29,37]],[[549,563],[-24,30],[-19,38]],[[506,631],[1,1],[4,-9],[4,-4],[6,-2],[2,-3],[3,-1],[5,-5],[1,-5],[3,-4],[7,-3],[2,-6],[3,0],[6,-3],[7,-1],[8,-5],[43,39],[8,-13],[27,19],[7,6],[4,31],[15,27],[17,-15],[7,-12],[13,-3],[8,-1],[1,7],[3,5],[5,4],[2,-2],[65,15],[-1,1],[19,14],[10,-12],[8,17],[31,-5],[10,-29],[14,-32],[9,18],[63,54],[25,16],[97,-70]],[[689,469],[-25,-17],[-10,-38],[43,-54],[-14,-19],[-67,30],[-50,32],[-15,13],[0,-3],[-9,8],[-4,32],[1,2],[-2,4],[-1,47],[13,57]],[[505,632],[1,-1]],[[809,135],[-100,-46],[-6,-2],[-38,45],[-1,5],[-10,4],[-9,8],[-17,19],[-15,10],[-11,4],[-3,3],[0,3],[-10,1],[-5,0],[-4,2],[-12,1],[-8,5]],[[560,197],[32,50],[-7,10],[-16,14],[-56,38],[-15,13],[-24,15],[-26,12]],[[448,349],[0,17],[8,25]],[[456,391],[6,-3],[-3,4],[6,11],[8,8],[-4,5],[-3,1],[3,2],[13,3],[-4,7],[0,1],[-2,0],[-2,10],[-8,1],[-4,-1],[-5,1]],[[457,441],[-3,-1],[5,10],[2,-1],[2,6],[-3,4],[-9,3],[-2,-1],[-6,4],[-5,21],[-11,10],[8,11],[-4,3],[5,30],[36,28],[19,10],[2,0],[-1,7],[-8,11],[23,-5],[-10,14],[-9,16],[17,11]],[[449,684],[56,-52]],[[457,441],[0,-3],[2,-1],[-1,-5],[-27,3]],[[431,435],[-9,2],[0,2],[6,5],[-4,4],[-5,-5],[-7,-2],[-9,2],[-7,5],[-14,-4],[-2,0],[2,4],[-1,7]],[[381,455],[4,30],[-2,27],[1,11]],[[384,523],[0,8],[-2,6],[-19,16],[-8,12],[-1,6],[3,8],[-3,0],[-8,35],[7,1],[-18,23],[-1,15],[14,36],[29,37],[-2,11],[-4,-3],[-3,12]],[[368,746],[24,1],[-5,-17],[15,-9],[14,-18],[-4,-26],[37,7]],[[456,391],[-5,4],[-10,-2]],[[441,393],[-17,3],[0,3],[-4,2],[-2,10],[3,8],[-16,-2]],[[405,417],[0,5],[23,9],[3,4]],[[441,393],[0,-1],[-16,-7],[-9,-1],[-6,-3],[-3,11],[1,0],[0,1],[-10,-2],[-2,-3],[-4,-1]],[[392,387],[-1,0]],[[391,387],[-1,6],[6,1],[-1,4],[-2,1],[8,0],[-1,9],[6,1],[-1,8]],[[391,387],[-5,-3],[-8,0]],[[378,384],[-3,13],[1,1],[0,2],[8,2],[0,7],[-1,4]],[[383,413],[22,4]],[[378,456],[1,-1],[2,0]],[[383,413],[-3,9],[-12,-5]],[[368,417],[3,16],[-2,19]],[[369,452],[1,-2],[6,3],[0,1]],[[376,454],[0,1]],[[376,455],[2,2]],[[378,457],[0,-1]],[[317,485],[2,-15],[-2,-1],[1,-4],[2,-19],[12,-11],[6,-16],[15,3],[1,1],[11,-10],[-1,-5],[2,-1],[2,10]],[[378,384],[-12,0],[-1,1],[-9,-5],[-8,0],[0,-2],[-4,0],[-7,-5],[-3,-6],[-1,-7],[-8,-5],[-3,-8],[-11,-4],[-3,-4],[-4,-2],[-19,-5]],[[285,332],[-6,-6],[-3,0],[-5,-3],[-11,-12],[-14,-3],[-7,-4],[-9,1],[-12,-3],[-3,3],[8,5],[5,10],[8,3],[7,6],[13,21],[1,6],[-19,-6],[-10,22],[-14,22],[-3,10],[-2,-2],[-2,2],[-2,-1],[1,8],[-3,5],[6,10],[-18,16],[-26,4],[-8,-1]],[[157,445],[22,38],[-2,7],[28,17],[16,-7],[6,-8],[16,-9],[6,-9],[16,-13],[5,-11],[1,-10],[4,-8],[2,-2],[3,3],[1,6],[0,29],[19,20],[17,-3]],[[354,480],[1,-3],[-13,-9],[0,-9]],[[342,459],[0,-14],[4,3],[9,-5],[3,2],[-4,2],[3,5],[3,-2],[3,3],[1,1]],[[364,454],[2,2],[3,-4]],[[317,485],[35,-6],[2,1]],[[362,475],[4,-11],[5,2],[5,-11]],[[376,455],[0,-1]],[[364,454],[-1,1]],[[363,455],[-1,-1],[-5,3],[0,1],[-1,1],[-3,0]],[[353,459],[-3,8],[6,1],[1,5],[5,2]],[[353,459],[-1,-4],[-5,3],[1,2],[-1,1],[-3,-2],[-2,0]],[[354,480],[5,3]],[[359,483],[3,-8]],[[363,455],[1,-1]],[[359,483],[-16,27]],[[343,510],[6,3],[2,-7],[3,-4],[19,-19],[4,-7],[3,-9],[0,-2],[-1,-7],[-1,-1],[0,0]],[[378,456],[0,1]],[[343,510],[-2,3],[6,4],[3,1],[0,5],[3,0],[2,2],[0,1],[9,2],[0,-3],[2,-1],[0,-5],[7,4],[11,0]],[[368,746],[-20,66],[4,1],[0,2]],[[352,815],[1,0],[0,2],[7,3],[33,11],[16,4],[0,2],[3,1],[1,-2],[37,7],[0,1],[29,7],[-1,-16],[17,6],[-2,-22],[-13,-7],[-3,2],[-2,-42],[-5,-24],[6,-51],[-27,-13]],[[157,445],[-7,-12],[-35,0],[-24,-20]],[[91,413],[-12,-1],[-16,9],[-15,16],[-6,-3],[-13,6],[-23,8],[-6,-5],[18,61],[4,-7],[6,7],[-7,5],[0,6],[2,5],[15,9],[31,14],[4,-8],[23,20],[14,-20],[3,29],[-18,33],[0,43],[19,33],[-1,49],[3,1],[7,2],[30,2],[-2,20],[56,20],[-1,3],[3,4],[5,-4],[73,24],[2,40],[15,8],[17,-36],[32,11],[-1,-2]],[[285,332],[3,-4]],[[288,328],[-12,-8],[3,-3],[-2,-4],[-7,-7],[-12,-2],[-1,-14],[21,-12],[6,-23],[5,-3],[3,-6],[4,0],[9,-9],[-4,-9],[1,-9],[19,-6],[0,-1],[7,-4],[-1,19],[34,0],[3,-12],[-4,-3],[1,-1],[5,-3],[71,-81],[-19,-17],[-9,-6]],[[409,104],[-7,-5],[-28,3],[10,-8],[7,0],[1,-5],[-2,0],[0,-2],[-2,0],[0,-3],[-1,1],[0,-2],[4,-4],[-51,-28],[-16,2],[-7,11],[-6,3],[-15,-2],[-1,2],[-1,0],[-13,8],[-14,-18],[-21,-19],[26,0],[-3,-8],[4,-1],[-3,-8],[-4,1],[2,-6],[-11,-16],[-8,30],[-22,2],[-7,-2],[-4,2],[-2,0],[-2,1],[-4,0],[-1,-2],[-10,8],[-8,4],[0,1],[-1,0],[-1,-1],[-21,9],[-19,10],[2,2],[-1,2],[2,2],[0,3],[1,1],[-10,6],[-12,17],[-11,-4],[-9,20],[-7,6],[-10,5],[-6,11],[7,6],[-7,18],[13,10],[-4,13],[8,0],[7,3],[-13,22],[-22,28],[19,7],[-12,10],[-27,47],[-2,5],[11,5],[-2,4],[-2,1],[-3,5],[18,65],[-2,5],[7,7],[1,3],[-1,5],[7,-2],[3,7],[1,6]],[[560,197],[-3,3],[-12,-8],[-7,-9],[-5,-9],[0,-11],[3,-3],[9,-1],[1,-1],[-1,-2],[-28,-14],[-3,-3],[-2,-5],[-5,-2],[-4,-1],[-17,-8],[-1,-4],[-5,-2],[-11,2],[-7,-7],[-5,-8],[-7,0],[1,-8],[0,-3],[-1,-1],[-5,1],[-6,4],[-4,2],[-3,-2],[0,-4],[-15,-1],[-8,12]],[[288,328],[8,-16],[9,-3],[53,20],[-3,7],[2,3],[2,1],[10,-11],[5,10],[2,7],[9,-1],[6,-3],[2,0],[5,-3],[2,1],[5,-2],[-2,-4],[10,-5],[11,-2],[-5,14],[16,-2],[12,2],[1,8]],[[391,387],[1,0]]],"objects":{"217":{"type":"GeometryCollection","geometries":[{"arcs":[[0,1,2,3,4]],"type":"Polygon","properties":{"WARD":"10204001","PROVINCE":"Western Cape","CAT_B":"WC024","MUNICNAME":"Stellenbosch Local Municipality","WARDNO":1,"VOTERS":4344,"Area":205.461205811,"Shape_Leng":0.858204925453,"Shape_Area":0.0200328686821,"ID":89,"POPULATION":12389,"DENSITY":60.298487741751174}},{"arcs":[[5,-3]],"type":"Polygon","properties":{"WARD":"10204002","PROVINCE":"Western Cape","CAT_B":"WC024","MUNICNAME":"Stellenbosch Local Municipality","WARDNO":2,"VOTERS":3583,"Area":5.56454468801,"Shape_Leng":0.151644276886,"Shape_Area":0.00054232812385,"ID":90,"POPULATION":7520,"DENSITY":1351.413353944923}},{"arcs":[[-6,-2,6,7,8,-4]],"type":"Polygon","properties":{"WARD":"10204003","PROVINCE":"Western Cape","CAT_B":"WC024","MUNICNAME":"Stellenbosch Local Municipality","WARDNO":3,"VOTERS":3298,"Area":104.078341662,"Shape_Leng":0.721242375426,"Shape_Area":0.0101419737976,"ID":91,"POPULATION":8951,"DENSITY":86.0025232633784}},{"arcs":[[9,-7]],"type":"Polygon","properties":{"WARD":"10204004","PROVINCE":"Western Cape","CAT_B":"WC024","MUNICNAME":"Stellenbosch Local Municipality","WARDNO":4,"VOTERS":3918,"Area":25.6330688396,"Shape_Leng":0.265952870792,"Shape_Area":0.00249907136158,"ID":92,"POPULATION":8230,"DENSITY":321.06963280516936}},{"arcs":[[10,-8,-10,-1,11,12,13,14,15]],"type":"Polygon","properties":{"WARD":"10204005","PROVINCE":"Western Cape","CAT_B":"WC024","MUNICNAME":"Stellenbosch Local Municipality","WARDNO":5,"VOTERS":3151,"Area":109.590077257,"Shape_Leng":0.694509110114,"Shape_Area":0.0106895433176,"ID":93,"POPULATION":5656,"DENSITY":51.61051202415067}},{"arcs":[[16,-16,17,18,19,20,21]],"type":"Polygon","properties":{"WARD":"10204006","PROVINCE":"Western Cape","CAT_B":"WC024","MUNICNAME":"Stellenbosch Local Municipality",