{"type":"Topology","transform":{"scale":[0.000923112812674086,0.0006967002535684568],"translate":[19.101960000000076,-33.99987999999996]},"arcs":[[[729,670],[19,46],[-28,14],[3,16],[10,71],[-11,41],[-4,3],[0,4],[9,-2],[23,5],[24,0],[22,-2],[-3,11],[0,3],[1,2],[-2,2],[-1,5],[-2,0]],[[789,889],[0,2],[49,11],[36,13],[28,21],[22,43],[19,1],[18,43],[9,40],[18,29],[79,66],[36,2],[28,26],[61,5],[17,-5],[43,-21],[-10,-38],[-5,-31],[4,-14],[-13,-23],[17,-42],[-52,-16],[39,-11],[-16,-51],[-17,-49],[43,3],[29,5],[101,11],[-2,-22],[-14,-17],[-9,-1],[4,-15],[-15,-30],[59,3],[20,-15],[9,-2],[12,-19],[-8,-6],[-37,-9],[-54,-41],[-22,-20],[-52,-16],[-29,-36],[-28,-5],[-46,22],[-13,-15],[-10,-6],[-28,-22],[-22,9],[-30,-5],[-17,16],[-6,-6],[-9,-5],[-30,-4],[-30,-6],[-10,34],[-13,13],[-14,9],[-36,-22],[-9,20],[-51,-33],[-5,-40],[-29,6],[-43,40],[-26,7]],[[729,670],[-21,-5],[-6,3],[-2,6]],[[700,674],[9,22],[-47,3],[-17,-8],[-35,35],[3,12],[6,3]],[[619,741],[2,1],[-1,3],[2,1],[2,-2],[-1,-1],[9,5],[2,2],[5,16],[17,35],[0,9],[-4,1],[-2,-1],[-2,5],[2,2],[3,2],[-1,2],[-8,-1],[-5,-2],[0,-2],[-1,-1],[-2,7],[-4,-3],[-5,-5],[-4,0],[-4,2],[-2,3],[-3,0]],[[614,819],[0,68]],[[614,887],[93,13],[37,-6],[34,0],[10,-6],[1,1]],[[619,741],[-1,3],[-4,1],[0,1],[-6,-6],[-4,-1],[0,2],[4,7],[0,2],[-2,0],[-2,5],[-2,-3],[-2,3],[6,4],[4,8],[-26,19],[-1,5],[11,11],[9,1],[11,10],[0,6]],[[700,674],[-13,-10],[-49,14],[-58,-13]],[[580,665],[-9,55],[-20,-9],[-9,22],[-3,1],[3,6],[-6,10],[-4,-3],[-3,0],[-3,3],[-2,9],[-4,0],[-2,2],[-4,0],[-5,6],[-2,-2],[-35,58]],[[472,823],[13,45],[19,19],[15,25],[95,-25]],[[580,665],[-38,-36]],[[542,629],[-23,-52],[-14,11],[-10,-15],[-24,-2],[-11,-20],[18,-17],[-4,0],[-2,-2],[-5,-2],[0,-1],[-6,-1],[-11,-4],[-3,9],[-4,-3],[-1,-3],[-7,-2],[0,-1],[-2,-1]],[[433,523],[-4,4]],[[429,527],[-12,12]],[[417,539],[-6,6],[-12,-7],[-12,-2]],[[387,536],[-1,3],[3,6],[-11,3],[-3,6],[-2,-1],[-1,2],[-4,-2],[1,-1],[0,-2],[-8,-5],[-14,-14]],[[347,531],[-7,10],[-2,10],[-7,-2],[-2,-5],[-3,-3],[-2,-9],[-3,1],[-3,-4],[-1,1],[7,13],[-7,1],[0,1],[-6,-1],[-9,-3],[-7,4]],[[295,545],[5,2],[-1,41],[-12,32],[31,15],[11,110],[73,28],[52,34],[18,16]],[[387,536],[-5,-1],[1,-7],[-12,0],[-3,-1],[4,-6],[3,2],[1,-3],[-5,-2]],[[371,518],[-12,-2],[-2,0]],[[357,516],[-4,6],[-9,3],[-1,4],[5,1],[-1,1]],[[385,505],[-4,-3]],[[381,502],[-1,2],[-4,-3],[-2,3]],[[374,504],[3,2],[-6,12]],[[417,539],[-26,-12],[0,-4],[-9,-5],[11,-7],[-8,-6]],[[421,502],[-2,0],[-1,-3]],[[418,499],[-13,4],[-9,6],[-2,-2],[0,-1]],[[394,506],[-7,-5],[-2,4]],[[429,527],[-4,-8],[1,-2],[-1,-1]],[[425,516],[-7,-13],[3,-1]],[[390,495],[-3,-2]],[[387,493],[-2,4],[-2,-1],[-4,6],[2,0]],[[394,506],[1,0],[3,-6],[-8,-5]],[[418,499],[-4,-10],[-1,-8],[9,-18],[-13,-9],[-7,8]],[[402,462],[-12,16],[9,11],[-6,1],[-3,5]],[[387,493],[-10,-7],[-2,3],[-2,-1],[0,1]],[[373,489],[-2,4],[1,1],[-4,8]],[[368,502],[4,3],[1,-2],[1,1]],[[368,502],[-7,-6],[-4,-7],[3,-2]],[[360,487],[-2,-6],[2,-3],[-5,-4],[-3,1],[-3,-14],[-3,-8]],[[346,453],[-2,0],[1,6],[-3,5],[-2,5],[-18,12]],[[322,481],[33,15],[7,5],[-2,5],[2,1],[-5,9]],[[402,462],[-3,-10]],[[399,452],[-3,2],[-7,-1],[-2,2],[-4,-5],[-9,13],[3,8],[-8,4],[-7,10]],[[362,485],[4,3],[0,-2],[2,2],[1,-1],[4,2]],[[362,485],[-2,2]],[[322,481],[-14,10],[-16,7],[-8,7],[-2,-2],[-2,-1],[0,-3],[-1,-1],[-4,-1],[-3,-2],[-4,0],[-3,4],[-5,0],[-3,3],[-5,-1]],[[252,501],[-10,0],[-5,3],[-7,-1],[-16,22],[2,4],[9,35]],[[225,564],[2,0],[0,1],[1,0],[5,13],[7,-3],[-2,-5],[1,-1],[1,6],[6,-2],[-1,2],[20,-3],[2,1],[1,-2],[-1,-3],[3,-3],[12,-25],[13,5]],[[424,507],[4,7],[-3,2]],[[433,523],[-2,-2],[0,-17],[-4,0],[0,1],[-3,2]],[[424,507],[-3,-5]],[[503,216],[1,3],[0,3],[-8,8],[3,7],[0,1],[0,6],[1,12],[-2,4],[-1,0],[-3,4],[-1,4],[-4,-6],[-2,-1],[-11,2],[-8,4],[-13,2],[8,11],[-8,3],[-15,14],[-6,-9],[-4,4],[0,2],[-9,4],[-1,7],[2,6],[5,1],[12,4],[16,8],[7,2],[-1,10],[-2,1],[-2,0],[-2,1],[-19,19],[-2,-1],[-2,1],[-5,1],[-2,4],[-2,11],[-8,10],[-5,2],[-1,2],[0,7],[-2,6],[0,4],[-1,2],[-6,6],[-9,11],[-8,1],[-5,3]],[[378,427],[1,4],[3,1],[9,-3],[8,23]],[[542,629],[24,-9],[28,-37],[-6,-16],[7,-7],[17,-9],[35,-31],[45,-17],[-25,-15],[-3,-22],[-10,-1],[-12,-5],[-5,-36],[13,-20],[-12,-30],[12,-10],[-13,-9],[-8,5],[-25,-37],[3,-1],[7,-8],[2,-1],[4,-8],[1,-6],[4,-2],[3,-6],[1,-3],[-1,0],[-32,-21],[1,-30],[-27,0],[-36,-28],[3,-34],[-34,20],[-2,5],[2,4],[0,6],[1,6],[-1,0]],[[346,453],[-1,-2],[-5,-2],[-2,-5],[-8,4],[-3,7],[-6,-2],[-2,1],[-8,8],[-1,0],[-7,-4],[-4,0],[1,-15],[2,-5],[2,-2],[5,-1],[4,-7],[3,0],[1,-1],[3,-2],[1,0],[5,-3],[-13,-34],[-27,-31],[-14,-70],[32,10],[16,-2],[0,3],[3,1],[4,0],[2,-6],[5,0],[13,11],[14,14],[11,8],[5,1],[10,6],[1,-1],[9,-2],[4,4],[0,8],[-15,3],[-7,-3],[-6,-5],[-8,-4],[-6,7],[-2,5],[-1,7],[-3,5],[3,11],[11,17],[10,9],[-1,7],[-2,6],[0,3],[4,10],[-1,7],[1,0]],[[503,216],[-2,-3],[-3,-12],[1,-9],[-33,-18],[5,-11],[9,-42],[-41,-81],[-56,-40],[-31,10],[-29,11],[-42,20],[-14,23],[-14,-4],[-11,9],[-7,7],[-7,17],[-2,31],[-14,34],[-21,15],[-22,-5],[8,-25],[-23,4],[-33,58],[-28,148],[-3,48]],[[90,401],[4,0],[3,2],[2,5],[5,4],[7,16],[4,3],[11,1],[20,-7],[8,-1],[2,-2],[12,0],[30,15],[16,18],[6,-6],[4,2],[1,-1],[1,0],[3,-5],[-3,-4],[4,-2],[26,25],[1,3],[12,10],[-6,10],[-4,-8],[-3,-3],[-2,-6],[-5,-8],[-2,-4],[-4,-1],[-7,-8],[-5,10],[2,3],[0,2],[-7,6],[23,23],[2,4],[1,4]],[[90,401],[-1,7],[-38,19],[-2,66],[-22,25],[-27,46],[5,24],[-2,45],[3,21],[0,4],[35,-33],[32,-47],[17,51],[15,6],[17,-3],[8,-4],[19,5],[14,-30],[4,-4],[0,2],[23,-13],[1,4],[11,-15],[-13,-18],[4,-5],[7,10],[25,0]]],"objects":{"218":{"type":"GeometryCollection","geometries":[{"arcs":[[0,1]],"type":"Polygon","properties":{"WARD":"10205001","PROVINCE":"Western Cape","CAT_B":"WC025","MUNICNAME":"Breede Valley Local Municipality","WARDNO":1,"VOTERS":3645,"Area":1463.22646357,"Shape_Leng":2.15585910066,"Shape_Area":0.141811706206,"ID":111,"POPULATION":8751,"DENSITY":5.980619007292412}},{"arcs":[[-1,2,3,4,5,6]],"type":"Polygon","properties":{"WARD":"10205002","PROVINCE":"Western Cape","CAT_B":"WC025","MUNICNAME":"Breede Valley Local Municipality","WARDNO":2,"VOTERS":3861,"Area":151.687614862,"Shape_Leng":0.758332765378,"Shape_Area":0.0147084918182,"ID":112,"POPULATION":9413,"DENSITY":62.055165206227365}},{"arcs":[[7,-5]],"type":"Polygon","properties":{"WARD":"10205003","PROVINCE":"Western Cape","CAT_B":"WC025","MUNICNAME":"Breede Valley Local Municipality","WARDNO":3,"VOTERS":2995,"Area":21.9601141762,"Shape_Leng":0.249793428273,"Shape_Area":0.00212960438682,"ID":113,"POPULATION":9592,"DENSITY":436.791900216787}},{"arcs":[[-6,-8,-4,8,9,10]],"type":"Polygon","properties":{"WARD":"10205004","PROVINCE":"Western Cape","CAT_B":"WC025","MUNICNAME":"Breede Valley Local Municipality","WARDNO":4,"VOTERS":3612,"Area":160.254644052,"Shape_Leng":0.765260543174,"Shape_Area":0.0155397406832,"ID":114,"POPULATION":9981,"DENSITY":62.28212641851009}},{"arcs":[[-10,11,12,13,14,15,16,17,18]],"type":"Polygon","properties":{"WARD":"10205005","PROVINCE":"Western Cape","CAT_B":"WC025","MUNICNAME":"Breede Valley Local Municipality","WARDNO":5,"VOTERS":3613,"Area":353.442801255,"Shape_Leng":0.911514365374,"Shape_Area":0.0343088059881,"ID":115,"POPULATION":11442,"DENSITY":32.37298923438785}},{"arcs":[[19,20,21,-17]],"type":"Polygon","properties":{"WARD":"10205006","PROVINCE":"Western Cape","CAT_B":"WC025","MUNICNAME":"Breede Valley Local Municipality","WARDNO":6,"VOTERS":3234,"Area":5.92307865513,"Shape_Leng":0.132900805094,"Shape_Area":0.00057553660703,"ID":116,"POPULATION":5349,"DENSITY":903.0776579958484}},{"arcs":[[22,23,24,-20,-16,25]],"type":"Polygon","properties":{"WARD":"10205007","PROVINCE":"Western Cape","CAT_B":"WC025","MUNICNAME":"Breede Valley Local Municipality","WARDNO":7,"VOTERS":3004,"Area":4.21816931022,"Shape_Leng":0.151886586831,"Shape_Area":0.000409904824444,"ID":117,"POPULATION":6187,"DENSITY":1466.750038935093}},{"arcs":[[26,27,28,-26,-15,29,30]],"type":"Polygon","properties":{"WARD":"10205008","PROVINCE":"Western Cape","CAT_B":"WC025","MUNICNAME":"Breede Valley Local Municipality","WARDNO":8,