{"type":"Topology","transform":{"scale":[0.0012231314331428232,0.0007929490266990569],"translate":[19.506889998000077,-34.11726000099998]},"arcs":[[[313,403],[-1,0],[-1,1],[-2,-2],[1,-2],[2,2],[3,-7],[-5,-5],[-4,7],[-4,-5],[-2,2]],[[300,394],[-1,0],[2,5],[-6,6],[1,2],[3,1],[2,4],[3,-2],[1,3],[2,-2]],[[307,411],[3,-1],[2,1],[0,-2],[3,-4],[-2,-2]],[[313,403],[3,-2],[2,1],[1,-2]],[[319,400],[1,-5],[7,-7],[9,1],[6,-5]],[[342,384],[-2,-2]],[[340,382],[0,-7],[-2,-4],[1,-7],[-4,2],[-1,-3],[-10,8],[-12,-30]],[[312,341],[-9,5],[-2,2],[-9,25]],[[292,373],[3,3],[2,-1],[7,8],[-4,7],[0,4]],[[307,411],[3,6],[-6,3],[-1,5],[2,2],[6,3],[6,-14],[-3,-3],[5,-2],[2,3],[1,-2],[1,-3],[-5,-3],[2,-2],[2,2],[1,-1],[-4,-5]],[[452,258],[13,17],[5,3],[13,5]],[[483,283],[2,-6],[5,-13],[0,-10],[-2,-7],[-5,-3],[-1,-9],[-3,0],[1,-3],[-5,-3],[-5,1],[-1,-1],[0,-11],[-1,0],[-5,4],[-5,-1],[-7,-3],[-2,4],[-2,9],[2,5],[2,23],[1,-1]],[[312,341],[2,-1],[5,-5],[4,-1],[3,2],[4,-1],[3,2],[5,-1],[1,2],[5,1]],[[344,339],[3,-23],[5,-19],[0,-24],[1,-34],[4,0],[9,-5],[-33,-16],[-10,-11],[-17,0],[-5,-13],[-10,-53],[-8,-73]],[[283,68],[-35,10],[-45,1],[-17,17],[-16,-10],[-12,3],[-16,47],[-32,10],[-27,-7],[-15,-7],[-6,3],[-13,10],[-27,41],[-22,-2],[31,70],[-6,37],[-4,10],[25,15],[-1,9],[3,13],[2,0],[-1,-11],[-2,-3],[1,-4],[26,-18],[-2,30],[27,24],[20,1],[0,26],[25,18]],[[144,401],[-3,-7],[0,-6],[8,-3],[3,-2],[1,-13],[0,-9],[5,-3],[2,-5],[2,-2],[2,-4],[8,-7],[8,0],[4,4],[5,-1],[3,6],[2,0],[6,0],[6,-4],[2,-3],[8,1],[4,3],[3,11],[2,3],[4,2],[6,-2],[6,2],[6,7],[18,-8],[12,0],[2,3],[-2,13],[2,2],[8,11],[0,-6],[3,-4],[2,-7]],[[355,493],[19,-23],[-7,-33],[-5,-12],[-4,-5],[-11,-5],[1,-14],[-3,-11],[-3,-6]],[[144,401],[-1,3],[-5,7],[-1,5],[-3,7],[-7,8],[-2,1],[19,33],[6,-5],[10,8],[-9,9],[9,26],[-10,18],[4,31],[9,5],[7,1],[2,18],[20,14]],[[192,590],[36,-31],[10,-10],[13,-22],[56,-30],[30,-7],[18,3]],[[764,353],[1,-26],[15,-23],[6,-5],[1,-12],[0,-8],[-8,-13],[-19,-65],[-92,10],[-73,66]],[[595,277],[-16,18]],[[579,295],[-39,44],[-26,47],[6,16],[-7,13],[-1,1],[-3,-4],[-17,-4],[-2,0],[-12,15]],[[478,423],[4,1],[3,-3],[2,1],[0,3],[7,2],[1,-1],[7,9],[-5,2],[1,9],[4,-1],[2,2],[-1,2],[1,1],[6,2],[10,-7],[-2,-4],[0,-4],[1,1],[1,-2],[1,1],[4,1],[12,-6],[3,5],[7,3],[0,2],[15,-3],[22,6],[8,-21],[39,18],[4,-32],[25,-12],[25,16],[2,11],[10,-15],[36,-43],[31,-14]],[[483,283],[3,1],[10,-17],[25,-7],[9,15],[4,1],[17,23],[5,16],[23,-20]],[[595,277],[-10,-19],[4,-2],[25,-35],[21,-19],[-3,4],[4,-1],[5,-8],[5,-4],[25,-11],[-8,-26],[3,-4],[2,-6],[-2,-1],[-6,1],[-6,-5],[-2,-11],[0,-11],[2,-8],[-9,-9],[-4,-7],[-10,3],[4,-2],[2,-13],[7,1],[4,-12],[-11,-6],[0,-6],[1,-3],[-1,-9],[4,-1],[9,5],[3,-2],[-12,-17],[-17,1],[2,-20],[-19,0],[-2,-14],[-21,8],[3,11],[3,2],[1,7],[-22,8],[-4,-15],[-9,-2],[1,6],[-39,15],[1,2],[-3,2],[6,3],[3,4],[1,-2],[42,0],[3,16],[-4,16],[-6,9],[2,7],[-8,6],[-6,7],[-5,-12],[-9,-2],[-8,-4],[-7,-15],[-1,-4],[-25,-2],[-25,-5],[-39,7],[-20,-6],[2,-35],[-3,-3],[-15,11],[-2,9],[-41,3],[-25,0],[-16,12],[-27,4]],[[344,339],[11,8],[3,0],[6,-2],[2,-3],[3,-7],[11,-15],[10,-7],[8,-2],[2,-5],[6,5],[2,7],[21,-29],[20,-21],[3,-10]],[[475,365],[-6,-4],[6,-15]],[[475,346],[-2,-3],[-12,10],[-3,-8],[-7,7],[0,2],[-10,0],[-10,-3],[-1,2],[-18,-3],[-35,26],[-15,2],[-12,4],[-10,0]],[[355,493],[89,-36],[22,-36]],[[466,421],[15,-25],[-2,-1],[0,-9],[-2,-3],[0,-5],[1,-5],[-3,-8]],[[475,365],[6,-5],[-1,-2],[5,0],[4,-3],[-7,-9],[-2,-5],[-5,5]],[[466,421],[12,2]],[[192,590],[-34,14],[-27,28],[-13,8],[-5,7],[4,14],[-21,32],[-18,7],[29,32],[43,11],[38,-12],[9,9],[2,-5],[4,-3],[16,4],[19,-5],[33,-36],[22,-5],[4,35],[38,29],[7,-18],[27,20],[11,-8],[9,-12],[8,-29],[23,5],[23,3],[7,5],[4,6],[13,-14],[22,3],[17,-7],[21,19],[8,6],[10,12],[34,-19],[22,4],[21,32],[39,14],[17,18],[48,9],[84,21],[3,-44],[-21,-19],[2,-18],[57,11],[1,-12],[23,1],[-2,-13],[-58,-124],[26,-30],[-26,-27],[-28,0],[3,-60],[-21,-56],[55,-36],[-28,-26],[-10,6],[0,6],[-15,9],[-5,-5],[-14,-1],[12,-11],[-5,-8],[5,-14]]],"objects":{"219":{"type":"GeometryCollection","geometries":[{"arcs":[[0,1,2]],"type":"Polygon","properties":{"WARD":"10206001","PROVINCE":"Western Cape","CAT_B":"WC026","MUNICNAME":"Langeberg Local Municipality","WARDNO":1,"VOTERS":2879,"Area":2.51803242915,"Shape_Leng":0.0944631999538,"Shape_Area":0.000245150645264,"ID":132,"POPULATION":5738,"DENSITY":2278.7633445757288}},{"arcs":[[3,4,5,6,7,8,-1]],"type":"Polygon","properties":{"WARD":"10206002","PROVINCE":"Western Cape","CAT_B":"WC026","MUNICNAME":"Langeberg Local Municipality","WARDNO":2,"VOTERS":3990,"Area":15.1843107705,"Shape_Leng":0.218196181357,"Shape_Area":0.00147870479421,"ID":133,"POPULATION":8874,"DENSITY":584.419018691343}},{"arcs":[[-4,-3,9]],"type":"Polygon","properties":{"WARD":"10206003","PROVINCE":"Western Cape","CAT_B":"WC026","MUNICNAME":"Langeberg Local Municipality","WARDNO":3,"VOTERS":3208,"Area":2.35933174115,"Shape_Leng":0.110680137296,"Shape_Area":0.000229672100443,"ID":134,"POPULATION":8692,"DENSITY":3684.0940374765996}},{"arcs":[[10,11]],"type":"Polygon","properties":{"WARD":"10206004","PROVINCE":"Western Cape","CAT_B":"WC026","MUNICNAME":"Langeberg Local Municipality","WARDNO":4,"VOTERS":3169,"Area":17.7873714213,"Shape_Leng":0.180406879172,"Shape_Area":0.00173414448484,"ID":135,"POPULATION":7857,"DENSITY":441.71788028170414}},{"arcs":[[-8,12,13,14,15]],"type":"Polygon","properties":{"WARD":"10206005","PROVINCE":"Western Cape","CAT_B":"WC026","MUNICNAME":"Langeberg Local Municipality","WARDNO":5,"VOTERS":2886,"Area":722.462107629,"Shape_Leng":1.3830286161,"Shape_Area":0.0704450208579,"ID":136,"POPULATION":5644,"DENSITY":7.812174424652755}},{"arcs":[[16,-5,-10,-2,-9,-16,17,18]],"type":"Polygon","properties":{"WARD":"10206006","PROVINCE":"Western Cape","CAT_B":"WC026","MUNICNAME":"Langeberg Local Municipality","WARDNO":6,"VOTERS":2984,"Area":349.531284291,"Shape_Leng":1.02032900182,"Shape_Area":0.0340141071442,"ID":137,"POPULATION":9797,"DENSITY":28.02896461720883}},{"arcs":[[19,20,21,22]],"type":"Polygon","properties":{"WARD":"10206007","PROVINCE":"Western Cape","CAT_B":"WC026","MUNICNAME":"Langeberg Local Municipality","WARDNO":7,"VOTERS":3585,"Area":412.215148633,"Shape_Leng":1.02925664099,"Shape_Area":0.0401598623193,"ID":138,"POPULATION":9670,"DENSITY":23.45862356603812}},{"arcs":[[-12,23,-21,24,-14,25]],"type":"Polygon","properties":{"WARD":"10206008","PROVINCE":"Western Cape","CAT_B":"WC026","MUNICNAME":"Langeberg Local Municipality","WARDNO":8,"VOTERS":3439,"Area":744.502114495,"Shape_Leng":1.87647736628,"Shape_Area":0.0726426578092,"ID":139,"POPULATION":9714,"DENSITY":13.04764595140077}},{"arcs":[[26,27,-6,-17,28,29]],"type":"Polygon","properties":{"WARD":"10206009","PROVINCE":"Western Cape","CAT_B":"WC026","MUNICNAME":"Langeberg Local Municipality","WARDNO":9,"VOTERS":3277,"Area":119.759582055,"Shape_Leng":0.531689806281,"Shape_Area":0.0116587758262,"ID":140,"POPULATION":7609,"DENSITY":63.53562587171973}},{"arcs":[[-27,30]],"type":"Polygon","properties":{"WARD":"10206010","PROVINCE":"Western Cape","CAT_B":"WC026","MUNICNAME":"Langeberg Local Municipality","WARDNO":10,"VOTERS":2745,"Area":2.25374915063,"Shape_Leng":0.068151414405,"Shape_Area":0.00021951771832,"ID":141,"POPULATION":5598,"DENSITY":2483.86116903701}},{"arcs":[[-22,-24,-11,-26,-13,-7,-28,-31,-30,31]],"type":"Polygon","properties":{"WARD":"10206011","PROVINCE":"Western Cape","CAT_B":"WC026","MUNICNAME":"Langeberg Local Municipality","WARDNO":11,"VOTERS":2386,"Area":166.299574659,"Shape_Leng":0.95626159287,"Shape_Area":0.0162009534585,"ID":142,"POPULATION":5946,"DENSITY":35.754751701514394}},{"arcs":[[-23,-32,-29,-19,32]],"type":"Polygon","properties":{"WARD":"10206012","PROVINCE":"Western Cape","CAT_B":"WC026","MUNICNAME":"Langeberg Local Municipality","WARDNO":12,"VOTERS":3727,"Area":1963.04121817,"Shape_Leng":2.78819502135,"Shape_Area":0.19076580203,"ID":143,"POPULATION":12587,"DENSITY":6.41198966353541}}]}}}