{"type":"Topology","transform":{"scale":[0.0006331943628890492,0.0004731169372313049],"translate":[18.929130002000022,-34.42968999999994]},"arcs":[[[1146,170],[-6,1],[-13,0],[-4,2],[-1,3],[-1,6],[-4,11],[-8,6],[-5,8],[-2,16],[-2,3],[-7,5],[-9,2],[-5,5],[-9,0],[-14,7],[-4,6],[-13,5],[-6,1],[-30,3],[-8,2],[-10,7],[-4,5],[-2,5],[-4,16],[-12,26],[-2,3],[-3,1],[-22,-2],[-20,3],[-19,12],[-5,7],[-2,12],[-11,15],[-15,10],[-6,2],[-8,0],[-13,5]],[[837,389],[6,4],[13,1],[6,-4],[2,10],[1,9],[-2,11],[-11,2],[-5,29],[-31,-9]],[[816,442],[-17,-5],[31,35],[-21,-9],[-18,3],[2,3],[-14,58],[-8,64],[10,-9],[5,17],[50,30],[3,21],[35,36],[24,16],[28,9],[27,28]],[[953,739],[63,-48],[34,45],[24,-1],[17,-10],[29,72],[-15,38],[4,25],[16,45]],[[1125,905],[62,-16],[31,-79],[23,-5],[32,16],[32,-28],[87,-2],[68,-17],[50,-6],[33,-21],[47,1],[80,-5],[4,-16],[29,-17],[-24,-24],[-4,-22],[21,-27],[-5,-4],[-2,0],[-5,-2],[-7,-1],[-4,1],[-3,-2],[-3,1],[-6,-2],[3,-4],[6,-13],[2,-13],[-5,-23],[-8,-18],[-22,-21],[-43,7],[-2,-19],[-7,2],[3,20],[-5,19],[-5,-19],[-55,-7],[-3,-38],[23,-2],[-8,-45],[-18,17],[-1,-19],[-52,-38],[-9,-53],[-5,-5],[-2,-1],[-9,3],[-4,0],[-1,-1],[6,0],[7,-3],[2,0],[3,2],[3,4],[-8,-45],[-63,4],[-12,-12],[-5,-77],[-32,-25],[-22,4],[-31,38],[-10,-8],[-46,-71],[-22,3],[-17,-10],[-9,-15],[-11,7],[-6,28],[5,8],[9,0],[1,1],[-1,2],[6,3],[-12,34],[-7,4],[-16,-63]],[[953,739],[-32,77],[-5,5],[-2,3],[0,3],[4,2],[0,1],[-2,3],[1,2],[-3,1],[-2,7],[13,18],[18,11],[5,12],[28,26],[30,-6]],[[1006,904],[25,-17],[12,-5],[30,11],[52,12]],[[837,389],[-12,9],[-6,1],[4,-8],[-33,-35],[0,1],[-20,-2],[-7,3],[-6,-3],[-5,4],[0,6],[-4,2],[-1,2],[32,42],[2,-4],[1,2],[2,8],[-1,0],[0,2],[4,-1],[3,1],[-2,-12],[3,2],[0,3],[2,3],[5,1],[4,3],[0,2],[6,3],[9,-2],[-1,20]],[[1146,170],[-6,-21],[-53,14],[-3,-60],[13,2],[10,31],[4,1],[3,3],[2,1],[2,-3],[1,-1],[-1,-1],[6,-14],[-2,-5],[1,-4],[-4,-5],[-7,-1],[-2,-3],[-5,0],[-13,-29],[-5,-11],[11,-8],[4,-29],[-17,-16],[-52,-11],[0,9],[32,41],[-34,4],[13,29],[-65,-11],[11,12],[-50,-1],[-46,-20],[-77,19],[-70,30],[-16,-7],[-64,-16],[-80,26],[-12,17],[19,24],[-12,21],[14,12],[-4,24],[-50,20]],[[542,233],[-2,56],[-9,1],[-7,-2],[-7,5],[-3,7],[-3,15],[-2,2],[-8,0],[-8,17],[-2,3],[-4,0],[-7,-8],[-2,0],[-4,4],[-2,6],[2,8],[-1,6],[-2,3],[-4,4],[3,3],[11,3],[7,5],[5,13],[7,10],[9,5],[3,5],[5,5],[1,3],[12,10],[10,2],[4,7],[11,6],[-11,21],[-5,16],[-1,17],[1,18],[1,4],[8,10],[5,11],[4,6],[17,15],[10,5],[10,14],[0,5],[-6,3],[-2,3],[-1,11],[-5,15],[0,6]],[[580,617],[10,-2],[41,11],[-8,10],[41,14],[10,-18],[28,29],[14,13],[14,-8],[18,14],[2,3],[26,40],[-6,36],[0,6],[0,0],[-6,-4],[-2,1],[-2,4],[-6,2],[-6,4],[-6,-1],[-4,-1],[-9,3],[-2,-1],[-2,-3],[-31,40],[-5,23],[1,36],[-8,30],[0,8],[36,12],[26,21]],[[744,939],[42,-16],[46,-15],[80,60],[42,5],[52,-69]],[[580,617],[-1,11],[-2,-1],[-2,-3],[-12,58],[5,4],[-5,8],[-12,5],[-13,9],[-10,12],[-1,3],[3,10],[3,1],[13,5]],[[546,739],[10,3],[7,-1],[3,1],[5,4],[4,7],[0,5],[-5,5],[-2,6],[1,31],[1,0],[2,5],[-2,9],[7,-1],[0,3],[-2,0],[0,-2],[-5,1],[10,42],[1,10],[-12,4],[2,3],[-2,1],[3,8],[-4,5],[6,5],[-11,22],[5,8],[-17,18],[0,2],[-1,3],[-6,-6],[-33,41],[14,20],[-18,62],[-3,14],[-7,48]],[[497,1125],[34,-6],[-11,36],[31,8],[31,-22],[20,-50],[4,-45],[9,-26],[10,-11],[17,-13],[20,7],[21,-35],[61,-29]],[[546,739],[-4,2],[1,2],[6,4],[-4,6],[-3,2],[0,1],[2,2],[0,5],[-1,7],[-2,1],[1,6],[-2,10],[-5,-1],[-6,0],[-5,-2],[-4,-4],[-1,-4],[-4,3],[-3,1],[-7,-2],[-1,3],[3,-1],[4,3],[5,2],[1,3],[-1,3],[3,1],[5,6],[5,1],[4,3],[-5,7],[-1,5],[-1,1],[-9,1],[-4,-2],[-4,-5],[-3,-1],[0,5],[-3,6],[-5,1],[-5,6],[-2,1],[-4,-1],[-1,-3],[-2,0],[-4,0],[-5,-3],[0,-8],[-2,-6],[-3,7],[-3,3]],[[467,816],[-2,0],[-2,-1],[-5,-8],[-1,0],[1,8],[-1,6],[1,4],[-6,3],[-3,-1],[-2,-7],[-3,3],[-3,-1],[-3,-3],[-5,-2],[1,5],[5,7],[1,6],[-1,10],[-2,3],[9,5],[-3,6],[-1,8],[-6,10],[-4,5],[-4,6],[-5,4],[-6,2],[-6,6],[-3,8],[-3,21],[-8,11],[-11,20],[-8,7],[-2,7]],[[376,974],[38,46],[24,-7],[59,112]],[[542,233],[-23,7],[-1,-4],[-71,-19],[-2,1],[-3,33],[0,35],[-7,-7],[-31,36],[1,1],[-2,4],[-9,9],[-4,3],[-4,7],[-4,2],[-11,1],[-3,4],[-7,3],[-1,2],[24,19],[16,-22],[3,13],[2,4],[-33,17],[-6,13],[17,12],[13,12],[8,-3],[-1,11],[1,15],[-6,3],[-51,4],[5,21],[1,1],[-1,0],[5,6],[-3,2],[1,1],[-4,3],[-18,8],[-6,-1],[-4,2],[-4,4],[-45,19],[-2,-6],[5,-14],[-3,-1],[-4,15],[2,8],[-23,10],[-2,-7]],[[247,520],[-14,10],[-18,2],[9,6],[-10,3],[-9,20],[-9,8],[-2,10],[-8,4]],[[186,583],[24,42],[3,-2],[7,1],[26,36],[25,-24],[55,-27],[41,-34],[15,9],[19,19],[-12,68],[-31,34],[13,24],[1,1],[1,0],[2,4],[17,31],[8,0],[1,3],[3,-3],[17,1],[2,-2],[7,-1],[3,1],[1,5],[4,2],[6,-3],[6,1],[7,-3],[2,3],[-6,5],[-3,4],[16,24],[0,12],[1,2]],[[170,592],[-6,1],[-4,6],[-4,-1],[-2,1],[-2,5],[-1,5],[-2,2],[-4,1],[-4,-3],[-3,-3],[-5,3],[-2,-6],[-15,-3],[-6,0],[0,-4],[-2,-2],[-1,1],[-1,-2],[0,-1],[-5,-1],[1,-11]],[[102,580],[-8,-1],[-2,-2],[-9,-29],[-17,7]],[[66,555],[15,26],[-26,4],[3,26],[-1,1],[-34,4],[21,40],[16,36],[43,42]],[[103,734],[2,-1],[-1,-2],[3,-2],[0,-4],[3,-4],[4,0],[1,-1],[3,0],[5,-2],[2,-4],[4,-3],[1,-1],[2,-2],[0,-2],[4,-4],[-2,-3],[1,-4],[-3,0],[0,-7],[-2,-1],[-2,-2],[0,-3],[1,-2],[3,-2],[2,2],[3,-3],[4,-1],[0,-3],[4,-4],[1,-6],[1,-6],[2,-1],[0,-5],[3,-4],[-1,-3],[-2,-3],[0,-1],[3,0],[2,-2],[7,-3],[3,1],[6,-3],[1,-2],[2,-1],[1,-2],[7,2],[6,0],[-3,-2],[-1,-3],[3,-8],[-2,-10],[-5,-6],[-8,-6],[-1,-3]],[[186,583],[-11,7],[-5,2]],[[103,734],[16,16],[-31,82],[66,33],[25,26],[89,68],[43,30],[31,12],[30,-32],[4,5]],[[52,382],[4,4],[2,1],[10,-1],[4,3],[1,-2],[3,0],[1,-2],[3,0],[1,2],[1,0],[2,-2],[-1,-1],[1,-1],[2,2],[3,0],[6,5],[2,0],[3,2],[2,4],[2,1],[1,2],[5,1],[-4,4],[-1,0],[0,1],[2,2],[0,6],[-1,0],[0,7],[-3,4],[-2,12],[24,17],[0,2],[-6,5],[0,3],[2,1],[1,2],[-2,4],[-1,5],[1,4],[3,2],[2,2],[2,6],[0,14],[6,5],[15,6],[6,11],[10,13],[2,3],[1,5],[2,5],[0,5],[2,3],[-3,3]],[[168,562],[1,1],[-5,5],[-6,14],[8,2],[4,8]],[[247,520],[-1,-4],[8,-28],[10,-8],[17,-8],[-12,-36],[36,-16],[13,-12],[-1,-14],[-49,-21],[-94,-44],[-27,5],[-1,1],[-1,-2],[-2,1],[-2,0],[-11,-5],[-78,53]],[[144,562],[-1,-1],[0,-2],[3,-7],[0,-3],[-15,5],[-8,5],[2,4]],[[125,563],[-3,8],[-1,-1],[-1,-2],[-6,5],[3,4],[-1,1],[2,1],[-1,1],[3,1],[-1,3],[1,1],[2,-2],[8,1],[4,5],[1,2],[2,2],[1,-2],[-1,-5],[2,-3],[-4,-7],[14,-8],[-4,-3],[-1,-3]],[[144,562],[4,-2],[3,0],[7,4],[4,1],[3,-1],[3,-2]],[[52,382],[-3,2],[-20,7],[-2,36],[15,36],[-27,7],[-13,8],[0,4],[-2,0],[1,8],[1,2],[1,2],[5,-1],[12,16],[20,11],[0,21],[13,-8],[13,22]],[[102,580],[2,0],[1,-1],[-2,-5],[-2,-1],[-3,-8],[0,-4],[14,-5],[13,7]]],"objects":{"220":{"type":"GeometryCollection","geometries":[{"arcs":[[0,1,2,3,4]],"type":"Polygon","properties":{"WARD":"10301001","PROVINCE":"Western Cape","CAT_B":"WC031","MUNICNAME":"Theewaterskloof Local Municipality","WARDNO":1,"VOTERS":4038,"Area":1165.35918756,"Shape_Leng":1.94000204393,"Shape_Area":0.113955313888,"ID":144,"POPULATION":9256,"DENSITY":7.94261554618193}},{"arcs":[[-4,5,6]],"type":"Polygon","properties":{"WARD":"10301002","PROVINCE":"Western Cape","CAT_B":"WC031","MUNICNAME":"Theewaterskloof Local Municipality","WARDNO":2,"VOTERS":3290,"Area":94.4270741944,"Shape_Leng":0.408114499311,"Shape_Area":0.00921950537751,"ID":145,"POPULATION":8443,"DENSITY":89.41291543798263}},{"arcs":[[7,-2]],"type":"Polygon","properties":{"WARD":"10301003","PROVINCE":"Western Cape","CAT_B":"WC031","MUNICNAME":"Theewaterskloof Local Municipality","WARDNO":3,"VOTERS":4439,"Area":15.8398595737,"Shape_Leng":0.229542151503,"Shape_Area":0.00155005018226,"ID":146,"POPULATION":11174,"DENSITY":705.4355468247304}},{"arcs":[[-6,-3,-8,-1,8,9,10,11]],"type":"Polygon","properties":{"WARD":"10301004","PROVINCE":"Western Cape","CAT_B":"WC031","MUNICNAME":"Theewaterskloof Local Municipality","WARDNO":4,"VOTERS":3386,"Area":819.756455912,"Shape_Leng":2.30403365654,"Shape_Area":0.0802100558059,"ID":147,"POPULATION":7102,"DENSITY":8.663548726918952}},{"arcs":[[-11,12,13,14]],"type":"Polygon","properties":{"WARD":"10301005","PROVINCE":"Western Cape","CAT_B":"WC031","MUNICNAME":"Theewaterskloof Local Municipality",