{"type":"Topology","transform":{"scale":[0.00021881358972125454,0.0001616017442337188],"translate":[19.615400000000022,-34.83417000299994]},"arcs":[[[1452,1903],[-29,-51],[-20,-48],[-11,-16],[-34,11],[-37,-24],[-18,-36],[-22,53],[-12,4],[-105,19],[-2,-8],[-1,-21],[-63,17],[-39,24],[-19,15],[-9,2],[-21,-1],[-37,-22],[-4,-54],[-78,-59],[-119,-28],[1,-20],[-11,-10],[77,-62],[16,-68],[-185,-218],[-97,106],[4,1],[6,5],[4,16],[-9,3],[-7,4],[-8,0],[-28,12],[-9,2],[-2,2],[-16,7],[-1,1],[2,12],[-17,17],[52,64],[-35,7],[-23,2],[-43,16],[-10,4],[-14,4],[-13,7],[-25,9],[-25,2]],[[356,1605],[-23,78],[18,88],[48,61],[-73,134],[122,296],[-67,14],[-19,39],[37,102],[-31,70]],[[368,2487],[107,-5],[100,29],[8,-8],[4,0],[4,-1],[4,-7],[9,-5],[3,-3],[0,-2],[4,-1],[26,-1],[9,3],[16,10],[29,16],[12,12],[8,2],[8,0],[6,2],[13,11],[12,6],[8,7],[10,5],[2,0],[9,-13],[13,-12],[-1,-7],[3,-4],[0,-19],[20,-4],[-14,-18],[14,-27],[-4,-5],[0,-3],[9,-6],[9,-19],[1,-7],[4,-3],[2,-4],[4,-2],[13,-1],[-4,12],[1,10],[2,3],[7,5],[13,5],[6,10],[5,4],[-13,10],[-11,4],[-9,6],[-2,6],[14,23],[9,20],[6,4],[9,15],[7,19],[7,25],[40,-58],[23,-27],[13,-22],[20,-10],[13,0],[4,-1],[4,-4],[-2,-11],[9,-7],[1,-10],[-9,-6],[2,-9],[5,-9],[20,-59],[91,72],[5,8],[10,22],[2,12],[7,1],[9,-4],[4,-6],[7,-6],[4,-2],[13,5],[7,-4],[7,-1],[2,2],[1,3],[5,5],[3,12],[5,12],[2,1],[8,1],[8,-2],[12,-7],[5,2],[3,2],[3,-2],[-5,-4],[-5,-15],[2,-11],[-23,-63],[16,-4],[-13,-27],[16,-20],[5,-14],[26,32],[18,17],[17,-5],[1,2],[89,-18],[-17,-274],[-78,-164],[138,-6]],[[2057,3669],[-123,-99],[2,-21],[78,-196],[2,-73],[-68,-67],[-7,2],[-5,6],[-31,7],[-5,3],[-21,-3],[10,-104],[0,-12],[-2,-8],[-23,-60],[-30,-45],[-6,-10],[-18,-56],[-4,-27],[0,-45],[1,-23],[9,-60],[0,-15],[-6,-15],[-21,-34],[-16,-42],[-8,-35],[-8,-50],[1,-12],[3,-8],[55,-113],[3,-12],[26,-319],[8,-96],[6,13],[72,-12],[33,-79],[-26,-47],[-3,2],[-1,-2],[-5,2],[-1,-2],[-24,4],[-16,-24],[-20,11],[-10,-19],[8,-6],[-11,-20],[74,-65],[6,2],[3,5],[5,4],[2,0],[1,-3],[6,1],[7,-10],[7,5],[-4,7],[9,10],[21,15],[-23,17],[3,9],[6,-4],[9,0],[-1,10],[-7,5],[-3,-4],[-18,13],[20,32],[-5,4],[13,3],[20,-23],[7,-7],[1,1]],[[2014,1875],[10,-6],[5,-7],[23,17],[12,-21],[-1,-7],[-2,-4],[0,-4],[3,-13],[-6,-15]],[[2058,1815],[-38,-73],[-101,-8],[-43,-10],[-65,-18],[-37,47],[-23,53],[-41,-29],[-75,37],[-46,19],[-72,43],[-65,27]],[[368,2487],[-97,9],[-50,88],[-168,-2],[-13,-11],[13,11],[-11,85],[-34,24],[17,30],[36,88],[15,-1],[0,2],[5,5],[21,4],[6,7],[3,7],[2,2],[0,3],[-3,5],[-1,4],[2,6],[5,7],[-18,43],[4,0],[-2,4],[-7,8],[-6,-1],[-9,-10],[-5,-2],[-5,0],[-30,-91],[-38,-7],[9,175],[154,-40],[63,245],[20,-9],[36,-102],[-19,-9],[2,-6],[-2,-2],[-25,1],[-14,-23],[18,-82],[30,-20],[27,43],[50,28],[60,-8],[1,1],[133,207],[31,24],[90,-111],[64,-13],[90,74],[15,224],[34,37],[184,-11],[22,129],[-8,-12],[-7,-4],[-8,0],[-12,6],[-8,2],[-15,-1],[0,4],[13,1],[9,-2],[16,-7],[7,2],[5,6],[5,9],[3,1],[27,155],[111,84],[171,-112],[102,-8],[172,163],[152,-46],[46,46],[52,59],[142,-83],[9,-150]],[[2103,1930],[-26,-7],[26,-87],[6,-19],[-39,-4],[-6,0],[-6,2]],[[2014,1875],[16,38],[6,24],[-2,2],[9,10],[27,25],[11,-20],[10,9],[10,-25],[6,-7],[-4,-1]],[[2883,1163],[-56,9],[-9,-12],[-26,-53],[-10,-36],[3,-29],[-48,77],[33,72],[-1,3],[-42,16],[-4,18],[5,34],[19,63],[13,20],[50,29],[8,19],[63,7],[19,7],[19,-1],[14,6],[18,0],[51,25],[0,37],[-164,168],[-61,-26],[0,1],[-143,-28],[-21,26],[-18,12],[171,151],[-20,180],[35,31],[140,101],[-112,87],[-32,-26],[-66,-81],[-140,103],[-15,-9],[91,-173],[-28,-34],[-36,-34],[33,-81],[-134,-27],[-49,-21],[-32,-4],[-8,1],[-15,10],[-38,18],[-3,3],[-4,3],[6,31],[6,15],[-2,2],[-42,-11],[-34,-13],[-3,2],[-4,0],[-8,-5],[-14,-4],[-7,-1],[-8,-7],[-26,-1],[-10,-2],[-5,5],[-9,25],[-5,4],[-8,11],[-10,18],[-10,30],[0,7],[-24,-5],[-3,-2],[-4,1],[-6,5]],[[2057,3669],[134,-58],[75,49],[104,-47],[67,-129],[120,-51],[11,26],[158,-81],[151,-4],[78,91],[134,-13],[-39,-159],[-19,-12],[-51,-60],[65,-150],[18,5],[3,-50],[-103,-184],[36,-1],[21,-59],[59,-205],[190,118],[121,63],[159,-234],[8,4],[119,44],[-5,-51],[165,61],[245,-16],[-38,83],[-70,29],[-3,160],[-3,16],[127,10],[30,-11],[7,45],[41,8],[-4,9],[-1,11],[14,4],[7,1],[68,-11],[66,-6],[116,-57],[36,-24],[37,-21],[-7,-18],[133,-52],[134,-50],[107,64],[23,-178],[110,30],[143,-20],[90,-8],[52,-39],[3,-19],[33,15],[104,-15],[55,-14],[6,-87],[115,-26],[128,-33],[-1,-3],[-4,3],[-3,-2],[0,-5],[-5,-7],[2,-2],[-5,-8],[-2,-1],[0,-4],[-4,0],[1,-3],[-5,-2],[1,-3],[-2,0],[0,-2],[-1,-1],[1,-3],[-1,-3],[2,-1],[0,-3],[2,0],[0,-4],[4,0],[1,-3],[3,-2],[2,-6],[1,0],[3,-5],[3,-1],[1,-4],[-3,-8],[-4,-2],[-3,1],[0,3],[-2,-2],[-7,2],[-5,-1],[-3,3],[-2,-2],[-2,2],[-2,-2],[-3,0],[-5,1],[-1,3],[-3,-1],[-2,4],[-4,1],[-2,-2],[-1,2],[-3,-4],[-5,1],[-2,-4],[-8,-4],[-2,-3],[-2,0],[-1,-3],[-5,-3],[1,-11],[3,-1],[-1,-2],[1,-4],[3,0],[0,-3],[-4,-1],[-1,-3],[-3,1],[-1,3],[-2,-3],[-2,2],[-1,-2],[-2,0],[-1,-3],[-5,-3],[-2,3],[-1,-1],[1,-3],[-5,-3],[2,-1],[1,-5],[-1,-6],[-4,4],[-4,0],[-2,4],[-3,0],[-1,5],[-3,0],[0,2],[-2,3],[-3,-1],[-2,2],[-2,-1],[-2,1],[-2,4],[-3,0],[-1,2],[-4,0],[0,2],[-2,0],[-1,2],[-4,-2],[-5,0],[-5,1],[-4,3],[-3,-2],[-3,-5],[-5,0],[0,2],[-2,2],[-4,-3],[-2,0],[0,-2],[-4,-1],[0,-1],[-5,0],[-1,2],[-2,0],[-2,-2],[-2,1],[-5,-3],[-4,2],[-2,3],[-1,-1],[0,2],[-3,-1],[-1,1],[-2,-3],[-4,0],[-3,-4],[-4,0],[-6,5],[-1,-1],[-1,2],[-4,3],[-2,5],[-4,0],[-4,5],[-6,0],[-2,-2],[-2,3],[-6,-1],[-5,2],[-2,-1],[-6,3],[1,6],[-2,-2],[-4,1],[-1,-2],[-3,1],[-6,-3],[-2,3],[-2,-1],[-1,4],[-2,-1],[-1,1],[-4,-1],[-1,3],[-4,0],[-1,0],[-3,2],[-1,-2],[-3,2],[-1,-3],[-2,2],[-3,-1],[0,2],[-2,1],[-4,0],[-3,-2],[-1,2],[-6,1],[0,2],[-5,1],[-4,6],[2,4],[-3,2],[-5,-1],[-3,1],[-1,-1],[-1,2],[-1,0],[-3,2],[-3,-1],[-1,2],[-2,-1],[-2,2],[-2,-1],[-1,2],[-2,-2],[-3,2],[-2,-1],[-1,2],[-8,1],[-2,3],[-3,-2],[0,2],[-4,1],[-1,2],[-4,1],[-1,2],[-1,0],[-1,1],[-5,-2],[-2,2],[-2,-1],[-3,1],[-4,-1],[-1,2],[-1,-1],[-1,2],[-5,0],[-1,-2],[-9,-1],[0,-2],[-3,-1],[-1,2],[-2,0],[0,2],[-1,1],[-10,0],[-1,2],[-1,-1],[-3,2],[-1,2],[-2,-1],[-1,2],[-1,-1],[-1,2],[-6,2],[-4,-1],[-4,2],[-7,0],[-1,2],[-2,0],[-2,4],[-2,-1],[-1,2],[-2,0],[-1,-3],[-2,-1],[-1,0],[-2,-1],[-3,0],[0,2],[-7,3],[-2,2],[0,1],[-2,0],[-1,2],[-2,-1],[-6,0],[-1,1],[-2,0],[-1,1],[-3,0],[0,4],[-2,1],[-5,1],[-2,-2],[-1,2],[-1,-1],[-2,1],[-6,-3],[0,2],[-1,-2],[-2,2],[0,-1],[-1,2],[-3,-1],[-1,1],[-4,0],[-1,1],[-4,0],[-1,1],[-1,-1],[-3,0],[-2,1],[-1,1],[-1,-1],[-1,2],[-3,0],[0,1],[-2,1],[-6,0],[-3,-4],[-2,-1],[-5,1],[-1,-2],[-2,2],[-2,-1],[-1,2],[-3,-1],[-1,2],[-2,0],[-1,2],[-2,0],[-3,8],[-5,3],[-4,4],[-4,3],[-3,6],[-2,-1],[2,-7],[-2,-5],[-3,2],[-3,-1],[-2,-3],[-3,2],[-3,-4],[-3,1],[0,-2],[-3,-3],[0,-2],[-4,-1],[-3,3],[-3,0],[-2,2],[-2,0],[-1,-3],[-3,1],[0,5],[-2,-2],[-1,3],[-4,-2],[-6,4],[-3,1],[-1,1],[-1,-1],[-4,1],[-6,-4],[-9,0],[-1,-3],[-4,0],[0,4],[-3,2],[-9,0],[-2,2],[-6,1],[-2,2],[-3,-1],[-2,2],[-9,-1],[-2,2],[-7,-1],[-15,6],[-2,-1],[-2,-3],[-2,1],[-3,-1],[-3,5],[-2,0],[-4,3],[-2,-2],[-2,1],[-5,-2],[-5,0],[-3,3],[-2,-1],[-3,3],[-4,-3],[-1,-3],[-3,-2],[-1,-2],[-3,-1],[0,-2],[-3,1],[-6,-3],[-3,1],[-4,-3],[-3,2],[-2,-1],[-4,-2],[-5,2],[-1,2],[-13,0],[0,3],[-2,-1],[-8,10],[-5,-6],[-5,3],[-1,3],[-4,-1],[-20,3],[-18,-1],[-14,2],[-21,0],[-9,2],[-1,-2],[-4,2],[-6,-5],[-3,2],[-14,0],[-7,2],[-9,-1],[-1,1],[-7,-3],[-17,0],[-18,-3],[-3,2],[-1,-2],[-3,-1],[-8,2],[-3,-2],[-25,-3],[-9,-5],[-4,2],[-1,-1],[-2,1],[-2,-1],[-1,1],[-2,0],[-2,1],[-1,-2],[-2,1],[-4,-1],[-3,1],[-2,-2],[-4,1],[-2,-2],[-2,0],[0,1],[-2,0],[0,2],[-2,0],[-1,-2],[-3,0],[-2,-1],[-1,0],[0,-2],[-1,0],[-3,-3],[-2,1],[-1,-1],[-1,1],[-2,-2],[-3,2],[0,1],[-2,0],[0,-3],[-3,-4],[-1,0],[-1,2],[0,-2],[-2,1],[-2,-2],[-2,-1],[-2,2],[-3,-6],[-2,0],[-1,3],[-3,0],[-3,-2],[-3,3],[-4,-4],[-2,3],[-1,-2],[-2,0],[-1,-1],[-2,0],[-1,2],[-2,-3],[-5,-2],[-3,1],[0,2],[-5,-1],[0,-2],[-3,1],[-1,-2],[-2,3],[-2,0],[-1,-2],[-2,1],[-2,-2],[-1,1],[-1,-4],[-2,1],[-1,2],[-1,-2],[-1,2],[-1,-2],[-3,1],[-1,-3],[-4,2],[-1,-3],[-4,1],[-3,-4],[-2,3],[-2,-1],[-2,1],[-3,-6],[-3,2],[0,2],[-1,-3],[-5,1],[0,-1],[-2,-1],[-2,2],[0,-3],[-3,0],[0,-3],[-4,-5],[-2,0],[-3,