{"type":"Topology","transform":{"scale":[0.0006322943475097963,0.00041835263828715483],"translate":[19.880430000000047,-34.452399990999936]},"arcs":[[[879,1182],[19,-2],[102,-33]],[[1000,1147],[-41,-31],[7,-7],[18,-22],[-6,1],[-43,1],[-5,-16]],[[930,1073],[-3,2],[-1,-1],[-1,0],[-3,-1],[-5,0],[-1,2],[-2,-1],[0,0],[-2,-2],[0,-4],[0,-1],[-2,-3],[0,-1],[0,-2],[0,-1],[-13,7],[-6,0],[-2,-1],[7,-10],[0,-2],[0,-1],[1,-1],[0,-2],[-13,-6],[3,-5],[1,-3],[-3,-4],[2,-3],[9,9],[6,-7],[-3,-6],[1,-1],[2,0],[3,-2],[-8,-4],[-9,-9],[2,-3],[6,3],[2,-8],[-1,-1],[1,0],[2,-2],[1,-3],[-2,-1]],[[899,994],[-2,3],[-5,2],[-1,2],[-2,-1],[-1,2],[-1,0],[-1,2],[-2,-1],[0,1],[-3,0],[-8,-16],[-2,-10],[-5,-17],[-3,-7],[-14,-25],[-6,-8]],[[843,921],[-5,-8],[-12,-24],[-1,-3],[-5,-5],[-10,-7],[-17,-21],[-45,-29],[-4,-1],[-18,4],[-52,1],[29,-17],[-25,-39],[7,-19],[-2,-13],[-11,-39],[-16,-17],[22,-15],[-34,-76],[-19,-8],[7,-40],[-36,-9],[-1,0],[-2,1],[-1,6],[-2,-11],[-4,-19],[-3,1],[-5,0],[26,-88]],[[604,426],[-28,-35],[-52,1],[-55,32],[-3,-10],[-42,19],[-23,50],[-36,18],[-26,-19],[-46,23],[-3,58],[-50,32],[-18,-23],[-16,-18],[-52,18],[-60,-63],[-35,3],[-59,43],[14,11],[1,21],[17,-19],[3,20],[5,31],[-23,2],[3,43],[47,7],[8,0],[5,22],[2,-2],[4,-19],[-4,-23],[8,-2],[2,21],[43,-8],[12,13],[10,11],[8,21],[5,25],[-1,8],[-2,8],[-2,6],[-3,8],[-3,4],[3,2],[1,0],[2,1],[1,0],[0,-1],[1,0],[0,0],[1,0],[3,2],[1,0],[1,-1],[1,0],[1,-1],[5,2],[2,0],[5,2],[2,0],[1,1],[0,1],[4,2],[-12,19],[-9,13],[4,24],[29,33],[-3,66],[38,10],[76,-12],[49,9],[17,0],[30,4],[2,8],[14,27],[16,9],[17,2],[8,24],[13,-15],[16,-9],[-5,-15],[12,-16],[5,-18],[2,-12],[-4,-31],[-83,0],[-1,4],[-7,-7],[-8,-4],[-3,-2],[2,-3],[3,-1],[0,-2],[-1,-2],[75,-28],[-1,-11],[16,3],[9,29],[43,-16],[-2,-13],[-7,-4],[-4,-21],[39,-15],[4,21],[1,6],[36,0],[-4,38],[34,-3],[23,34],[-4,2],[-2,0],[-2,-1],[-2,-1],[-2,-1],[-2,-2],[-6,-3],[-3,0],[-1,-1],[-4,0],[-3,3],[0,11],[1,6],[-1,2],[-1,1],[0,1],[0,12],[21,11],[-7,24],[-13,-2],[0,3],[0,4],[-2,5],[-1,9],[-1,2],[-2,3],[-1,0],[-1,-1],[-1,0],[-2,1],[0,2],[6,-2],[12,-4],[8,14],[18,16],[-4,16],[-1,21],[5,20],[10,9],[12,-2],[5,2],[-4,6],[-1,7],[-5,7],[16,49],[-49,21],[-10,8],[-10,15],[-7,2],[5,-9],[-39,38],[-48,61],[-2,5],[-7,3],[19,36],[5,-7],[137,-117],[177,-20]],[[1287,1065],[-10,5],[-9,0],[-21,-2],[-6,0],[0,7],[0,2],[1,1],[0,2],[-3,5],[0,4],[0,1],[-2,2],[0,2],[-1,2],[0,1],[1,1],[1,2],[0,5],[0,3],[-2,0],[0,1],[0,4],[-1,1],[0,4],[-1,3],[0,5],[-1,5],[-2,4],[9,51],[-16,-5],[-32,-13],[-19,-4],[-51,-3],[-46,-5],[-12,-4],[-64,-5]],[[879,1182],[11,35],[27,88],[15,26],[0,14],[-2,23],[-12,9],[-29,44],[-1,50],[-10,25],[9,16],[-23,21],[27,2],[10,8],[29,-16],[0,-11],[19,-11],[54,48],[-27,18],[-79,51],[40,107],[-6,113],[55,-1],[50,51],[-51,57],[104,29],[20,7],[7,-108],[94,74],[32,34],[54,-26],[30,-19],[30,-44],[22,-29],[38,-49],[50,5],[3,-21],[-14,-39],[45,-4],[89,-2],[-8,59],[93,-17],[-8,-59],[50,-43],[24,7],[47,-41],[-12,-17],[-26,-41],[-33,-56],[-14,-5],[-31,-164],[-1,-10],[-20,-24],[45,-30],[-21,-55],[-8,-54],[4,-33],[-23,20],[-69,-27],[-16,22],[-8,-9],[-14,-11],[-13,1],[-2,-2],[-3,-1],[-1,-1],[-1,-2],[-1,-8],[-1,-3],[1,-2],[0,-6],[-1,2],[-5,2],[-1,-1],[-2,1],[-1,-1],[-1,1],[0,1],[0,4],[-1,5],[-3,3],[-2,1],[-1,1],[-2,0],[-2,-1],[0,0],[0,3],[-1,3],[1,3],[0,1],[-3,7],[-1,3],[-1,4],[-1,8],[-1,2],[-1,3],[-2,4],[-2,4],[0,7],[-1,9],[-4,0],[-15,-15],[-60,-7],[-65,-8],[-32,-5],[0,-5],[-1,-5],[-2,-1],[-3,-1],[-1,0],[-1,-2],[-1,-8],[0,-4],[1,-1],[0,-3],[-3,-5],[-1,-2],[-3,-5],[-5,-6],[0,-2],[1,-1],[1,-1],[5,1],[2,-1],[0,-4],[5,-1],[1,0],[4,-2],[1,-1],[0,-3],[-2,-3],[1,-1],[2,-3],[0,-2],[-5,-12],[5,2],[3,2],[7,1],[1,-1],[4,5],[2,0],[16,-5],[4,-24],[1,-1],[-2,-2],[-1,-7],[-3,-9],[2,-28],[-5,0],[-11,1],[-11,0],[-4,3],[3,10],[0,2],[-2,3],[-17,3],[0,1],[-4,1],[-5,3]],[[1287,1065],[9,-79],[3,0],[13,-1],[20,8],[1,-4],[0,-3],[0,-2],[3,-2],[5,-38],[30,-22],[-11,-11],[7,-14],[15,-48],[-33,9],[-20,2],[-28,11],[2,-7],[-18,-23],[-3,27],[-6,4],[-11,0],[-31,-3],[-33,7],[-1,-28],[13,-28],[2,-24],[-2,-16],[-8,-22],[22,-23],[-10,-10],[-7,-63],[14,10],[17,-41],[34,2],[16,8],[35,-27],[-18,-24],[-12,-18],[-11,25],[-63,-50],[-19,-23],[-3,-3],[-2,-20],[-61,-72],[-39,-25],[-3,1],[-6,-17],[-5,-17],[0,-5],[-1,-7],[2,-4],[3,-1],[1,2],[4,2],[3,4],[4,6],[2,5],[3,3],[4,1],[2,0],[7,-4],[3,-4],[1,-2],[0,-9],[1,-3],[1,-1],[10,-2],[7,0],[6,1],[13,7],[4,0],[2,-2],[4,-16],[3,-9],[1,-4],[-1,-4],[-1,-3],[-3,-2],[-12,-3],[-6,-3],[-3,-4],[-3,-4],[-1,-6],[1,-14],[0,-5],[-5,-13],[-6,-11],[-2,-7],[0,-4],[0,-3],[2,-3],[5,-1],[4,1],[3,3],[1,2],[2,5],[1,2],[1,1],[11,3],[12,4],[6,0],[5,-3],[4,-6],[4,-10],[2,-4],[2,-3],[2,-1],[5,-1],[7,0],[2,1],[3,3],[5,8],[2,3],[3,1],[2,1],[5,-1],[7,-2],[7,-1],[12,2],[11,6],[3,0],[3,-1],[0,-1],[0,-16],[2,-4],[1,-4],[2,-3],[9,-6],[10,-3],[7,-4],[6,-6],[11,-20],[6,-9],[3,-4],[4,-2],[7,-8],[8,-8],[11,-4],[8,-3],[4,-3],[4,-1],[12,-1],[11,-4],[4,-2],[5,-4],[8,-5],[7,-5],[16,-11],[5,-3],[5,-2],[5,0],[3,2],[7,7],[5,4],[14,3],[7,-1],[4,1],[7,-2],[10,0],[2,0],[6,0],[3,0],[5,-2],[3,-1],[-2,-7],[0,-5],[2,-2],[1,0],[0,-2],[2,-2],[1,-2],[1,0],[0,-2],[1,0],[0,-4],[0,-1],[0,-1],[1,-2],[0,0],[0,-1],[1,0],[0,-3],[0,-1],[1,-1],[1,0],[0,-1],[0,-4],[1,-1],[0,-1],[0,0],[0,-1],[0,0],[1,-3],[2,-1],[0,0],[1,0],[0,-1],[1,0],[0,0],[1,0],[0,-1],[1,0],[0,-1],[2,0],[1,-1],[1,0],[0,0],[1,0],[0,-1],[2,0],[2,0],[0,-1],[0,-2],[1,0],[1,-1],[1,-1],[0,-1],[1,-1],[-1,-1],[2,-1],[-1,-1],[0,-2],[-1,0],[0,0],[-1,0],[0,-2],[0,-1],[-1,0],[1,-1],[-1,-1],[1,0],[-1,-1],[1,0],[0,-2],[0,0],[0,-1],[0,-1],[0,-1],[1,0],[0,-2],[2,-1],[-1,-1],[1,0],[1,-1],[-1,-2],[1,0],[-1,-1],[1,-1],[0,-3],[0,0],[-1,-1],[1,-2],[-1,0],[1,-2],[1,-1],[-1,0],[1,-1],[-1,-1],[0,-1],[-1,-1],[1,-1],[-1,-1],[1,0],[0,-2],[1,0],[0,-2],[1,-2],[-1,-2],[-2,-1],[-1,0],[0,-1],[1,0],[1,-1],[1,1],[0,-2],[1,-1],[0,-2],[0,-2],[-45,13],[-40,9],[-2,34],[-19,6],[-36,5],[-11,-5],[-2,7],[-17,15],[-32,3],[-49,8],[-38,-12],[-8,69],[-37,-25],[-46,19],[-47,21],[3,7],[-13,8],[-12,9],[-40,22],[-23,3],[-24,4],[-2,-1],[-5,-1],[0,-5],[2,-3],[-14,-3],[-3,-18],[-11,5],[-43,-4],[1,-6],[1,-62],[24,-11],[13,-32],[-85,6],[-57,-24],[2,20],[-41,-17],[-3,-2],[-55,91],[-42,-24],[-66,-46],[-20,79],[-7,23],[-13,0],[36,71],[-1,20],[-6,-2],[-23,58],[18,23],[6,5],[14,61],[-46,5]],[[843,921],[2,-2],[2,-8],[-2,-7],[-2,-6],[0,-3],[-1,-6],[1,-2],[2,-3],[2,-1],[2,-2],[3,-1],[3,0],[10,9],[4,5],[3,4],[-1,17],[0,7],[3,1],[3,8],[5,13],[8,9],[1,7],[4,0],[1,4],[2,1],[4,9],[5,5],[3,0],[3,-3],[1,0]],[[914,976],[3,7]],[[917,983],[2,-1],[11,-15],[1,8],[4,8],[1,0],[-11,18],[-4,13],[-1,2],[1,3],[3,3],[1,2],[0,1],[-1,2],[-2,0],[0,4],[1,15],[1,8],[3,8],[3,11]],[[917,983],[-2,-4]],[[915,979],[-7,9],[-5,1],[-4,5]],[[915,979],[-1,-3]]],"objects":{"223":{"type":"GeometryCollection","geometries":[{"arcs":[[0,1,2,3,4,5]],"type":"Polygon","properties":{"WARD":"10304001","PROVINCE":"Western Cape","CAT_B":"WC034","MUNICNAME":"Swellendam Local Municipality","WARDNO":1,"VOTERS":3393,"Area":844.414875242,"Shape_Leng":2.63585913776,"Shape_Area":0.0825184574748,"ID":175,"POPULATION":7622,"DENSITY":9.026368700356704}},{"arcs":[[6,-1,7]],"type":"Polygon","properties":{"WARD":"10304002","PROVINCE":"Western Cape","CAT_B":"WC034","MUNICNAME":"Swellendam Local Municipality","WARDNO":2,"VOTERS":2592,"Area":1497.74133177,"Shape_Leng":2.2616919511,"Shape_Area":0.145847420763,"ID":176,"POPULATION":7911,"DENSITY":5.281953453638715}},{"arcs":[[8,-5,9,10,11,-2,-7]],"type":"Polygon","properties":{"WARD":"10304003","PROVINCE":"Western Cape","CAT_B":"WC034","MUNICNAME":"Swellendam Local Municipality","WARDNO":3,"VOTERS":3313,"Area":1476.95823537,"Shape_Leng":3.0065970239,"Shape_Area":0.144481343115,"ID":177,"POPULATION":7779,"DENSITY":5.266905870260607}},{"arcs":[[-12,12,13,-3]],"type":"Polygon","properties":{"WARD":"10304004","PROVINCE":"Western Cape","CAT_B":"WC034","MUNICNAME":"Swellendam Local Municipality","WARDNO":4,"VOTERS":1969,"Area":7.1060476655,"Shape_Leng":0.185521830761,"Shape_Area":0.000693625590513,"ID":178,"POPULATION":3518,"DENSITY":495.0712640276758}},{"arcs":[[-14,14,-10,-4]],