{"type":"Topology","transform":{"scale":[0.0011206773211567443,0.0006734136733601353],"translate":[20.503149999000073,-33.868000001999974]},"arcs":[[[822,497],[-7,4],[-10,-34],[19,2],[-1,-68],[-47,-8],[-20,-2],[5,-38],[5,-31],[-2,-32],[-10,-54],[-4,5],[-9,26],[-12,17],[-2,2],[-10,6],[-20,9],[-1,6],[0,13],[0,4],[-8,12],[-16,39],[-13,26],[0,2],[1,14],[-4,6],[-6,11],[6,6],[2,0],[0,1],[2,1],[1,1],[4,1],[2,-1],[0,-1],[1,0],[1,-1],[3,0],[3,5],[3,1],[0,9],[2,1],[1,0],[2,1],[2,0],[3,0],[38,-16],[1,59],[-6,5],[-4,25],[-4,2],[-9,3],[-1,-1],[0,-2],[-1,-3],[0,-3],[0,-2],[-2,-2],[-2,0],[-2,1],[1,2],[0,1],[-6,3],[-4,1],[-1,3],[-2,2],[8,8],[-8,6],[0,2],[2,0],[0,3],[3,-1],[1,3],[0,-1],[1,2],[1,0],[2,3],[1,-2],[3,0],[3,13],[-2,29],[-9,1],[-3,1],[2,4],[2,-1],[0,0],[1,7],[-1,3],[1,1],[0,1],[1,1],[0,2],[0,3],[-1,4],[0,2],[0,1],[-1,2],[1,6],[0,1],[-1,4],[1,5],[-1,4],[1,3],[0,8],[1,6],[-2,2],[1,2],[-1,2],[-1,2]],[[690,678],[23,6],[58,14],[27,2]],[[798,700],[2,-1],[0,-4],[-1,-3],[2,-6],[3,-1],[-1,-9],[2,0],[2,2],[1,-1],[0,-1],[-4,-2],[-1,-4],[-2,1],[-4,-2],[0,-5],[1,-1],[3,0],[1,-3],[0,-2],[2,-2],[4,-7],[-1,-1],[-1,-3],[2,-6],[-1,-3],[2,-3],[0,-3],[1,-2],[6,-10],[-8,-16],[21,-47],[0,-6],[-3,-14],[1,-1],[0,-5],[-1,-3],[1,-2],[-2,-1],[-2,-2],[2,-3],[0,-3],[-2,1],[-2,0],[1,-2],[1,-2],[-2,-2],[0,-2],[-1,-3],[2,0],[1,-3],[-1,-5]],[[1082,277],[-4,14],[-4,9],[-2,4],[-2,4],[0,5],[1,7],[2,4],[1,6],[3,4],[1,5],[9,3],[3,5],[15,-5],[35,113],[-55,18],[-22,-6],[-4,6],[-3,3],[-7,2],[-3,3],[-5,0],[-6,-2],[-3,1],[2,48],[-5,12],[-1,4],[-1,3],[-2,4],[-3,1]],[[1022,552],[0,1]],[[1022,553],[-1,0],[2,1],[0,1],[-2,1],[-2,2],[0,4],[-2,1],[-1,3],[1,4],[2,-1],[1,2],[2,2],[0,1],[0,1],[0,2],[-2,4],[0,4],[0,2],[-1,1],[0,1],[3,2],[2,-1],[2,2],[1,0],[2,0],[1,-1],[1,2],[3,0],[1,2],[3,-2],[4,4],[2,7],[-1,7],[2,4],[0,2],[1,3],[3,33],[1,35]],[[1050,688],[25,12],[35,-1],[41,11],[31,-2],[26,13],[40,26],[2,-55],[14,-89],[8,-25],[4,-56],[3,-13],[35,-82],[-43,2],[10,-63],[-17,-8],[14,-61],[-27,-17],[-22,18],[7,-31],[2,-37],[-47,-36],[-62,24],[-41,24],[0,17],[-6,18]],[[1022,553],[0,-1]],[[1022,552],[-4,0],[-3,-3],[-4,0],[-4,3],[-3,1],[-4,-3],[-1,-5],[-4,-3],[-8,-6],[-4,-1],[-3,-1],[-2,1],[-1,6],[-7,5],[-4,1],[-2,3],[-1,4],[-1,-3],[-2,0],[2,-7],[-9,-12],[-2,1],[-2,-1],[-5,-1],[-5,2],[-4,-1],[-3,1],[-1,0],[-3,1],[-3,0],[-2,2],[-3,1],[-8,1],[-2,2],[-2,-1],[-3,1],[1,-58],[-2,-25],[-23,-2],[-4,3],[-18,9],[-7,1],[-11,13],[-19,16]],[[798,700],[32,4],[49,-23],[15,-2],[15,-5],[28,5],[25,9],[27,12],[61,-12]],[[1082,277],[-3,-4],[-4,-4],[-8,-13],[-4,-11],[-1,-8],[-2,-6],[-6,-10],[-3,-2],[-3,-6],[0,-2],[3,1],[34,-23],[-3,-44],[-3,-18],[-3,-9],[-12,-4],[0,-23],[-42,-35],[-8,6],[-4,-1],[-1,1],[-1,-2],[-6,4],[-13,-1],[-7,0],[0,-8],[-49,12],[-112,-37],[-37,4],[-10,37],[-80,2],[-7,-5],[-78,-2],[-28,-13],[-42,1],[-5,7],[-15,6],[-11,-2],[-10,-8],[-7,-13],[-2,6],[-9,-30],[-44,-20],[10,30],[-19,3],[-34,-9],[12,68],[8,3],[18,34],[22,36],[-27,26],[-13,-5],[-28,27],[4,37],[-53,10],[5,-36],[-50,1],[-26,2],[8,25],[-2,13],[-28,-3],[-34,48],[-16,28],[-18,11],[-30,16],[-18,-21],[-53,-46],[-4,67],[-70,-22],[26,59],[38,87],[2,16],[-25,-1],[-1,13],[12,4],[53,10],[32,9],[60,11],[34,9],[143,89],[45,13],[33,-25],[35,8],[58,4],[22,12],[24,12],[37,-10],[41,9],[21,6]]],"objects":{"224":{"type":"GeometryCollection","geometries":[{"arcs":[[0,1,2]],"type":"Polygon","properties":{"WARD":"10401001","PROVINCE":"Western Cape","CAT_B":"WC041","MUNICNAME":"Kannaland Local Municipality","WARDNO":1,"VOTERS":3373,"Area":349.972646289,"Shape_Leng":1.15528915094,"Shape_Area":0.0339698842649,"ID":180,"POPULATION":6444,"DENSITY":18.41286760074009}},{"arcs":[[3,4,5,6]],"type":"Polygon","properties":{"WARD":"10401002","PROVINCE":"Western Cape","CAT_B":"WC041","MUNICNAME":"Kannaland Local Municipality","WARDNO":2,"VOTERS":3445,"Area":758.861950104,"Shape_Leng":1.40874250588,"Shape_Area":0.0736681320012,"ID":181,"POPULATION":7444,"DENSITY":9.809425810557268}},{"arcs":[[-6,7,8,-3,9]],"type":"Polygon","properties":{"WARD":"10401003","PROVINCE":"Western Cape","CAT_B":"WC041","MUNICNAME":"Kannaland Local Municipality","WARDNO":3,"VOTERS":2799,"Area":307.468064549,"Shape_Leng":0.93251460885,"Shape_Area":0.0298203171527,"ID":182,"POPULATION":5017,"DENSITY":16.317141773273367}},{"arcs":[[-9,-4,10,-1]],"type":"Polygon","properties":{"WARD":"10401004","PROVINCE":"Western Cape","CAT_B":"WC041","MUNICNAME":"Kannaland Local Municipality","WARDNO":4,"VOTERS":3471,"Area":3341.77678322,"Shape_Leng":4.25614974717,"Shape_Area":0.324748421201,"ID":183,"POPULATION":5862,"DENSITY":1.754156659844771}}]}}}