{"type":"Topology","transform":{"scale":[0.001011271892165892,0.0006728638556338205],"translate":[21.67719999700006,-33.888240003999954]},"arcs":[[[507,441],[-1,-1],[0,-2],[9,-19],[6,4],[1,-3],[3,0],[2,-7]],[[527,413],[-4,-2],[-1,3],[-4,-3],[1,-2],[-16,-4],[-10,16],[3,5],[-3,5],[-4,-1],[-83,-6],[-19,-6],[-15,-11],[-4,0],[-25,-42],[-8,-20],[9,-16],[13,15],[19,-1],[17,-19],[-3,-4],[-4,-1],[-4,-3],[-6,-5],[0,-7],[-2,0],[-5,-11],[-2,-6],[-1,-10],[-3,-10],[-4,-4],[-1,-4],[0,-8],[1,-6],[-1,-3],[2,-5],[-1,-3],[1,-3],[-2,-4],[3,-12],[0,-4],[-1,-2],[0,-10],[4,-4],[0,-5],[-2,-2],[-1,-9],[1,-5],[-3,-3],[0,-1],[1,-8],[-2,-9],[9,3],[4,-1],[3,1],[2,-1],[-11,-18],[-1,-6],[0,-7],[-3,-3],[-2,-8],[-3,-14],[4,-8],[-4,-8],[-1,-5],[2,-12],[2,-10],[-2,-7],[-1,-7],[-3,-3],[-3,0],[-3,-2],[2,-3],[0,-3],[4,-3],[-3,-4]],[[350,24],[-14,19],[-31,-10],[-52,1],[-68,15],[-60,0],[0,1],[-19,4],[-39,-4],[-49,3],[65,37],[-12,50],[-53,-19],[0,23],[14,4],[3,9],[3,18],[4,44],[-39,23],[-3,-1],[0,3],[4,5],[3,3],[7,9],[2,6],[1,8],[4,12],[9,13],[4,3],[4,4],[7,-18],[0,-17],[45,-24],[68,-24],[52,37],[-1,37],[-8,30],[24,-18],[30,18],[-15,60],[19,8],[-12,63],[48,-2],[-39,83],[-3,13],[-4,55],[-9,26],[-16,89],[-2,55],[60,-2],[43,16],[41,5]],[[366,797],[-1,-1],[4,0],[1,-2],[0,-1],[2,0],[0,-5],[5,1],[0,-5],[6,-4],[1,0],[0,2],[4,-1],[10,1],[2,-1],[4,2],[4,0],[1,-4],[2,0],[1,-2],[3,0],[-1,-2],[3,0],[1,2],[4,-5],[3,2],[5,-7],[2,-14],[-1,-3],[-4,-4],[-1,-6],[8,-10],[2,0],[1,1],[2,-21],[18,6],[32,-14],[14,-50],[2,-20],[-5,-56],[10,-6],[22,-30],[-11,-12],[2,-32],[-6,-11],[-5,-4],[-5,-40]],[[681,539],[-22,-21],[-8,3],[-11,-7],[-13,-6],[-3,1],[-41,-59]],[[583,450],[-36,24]],[[547,474],[-13,12],[-1,-4],[-3,-3],[-2,-22],[-2,0],[0,-3],[-2,0],[-1,-6]],[[523,448],[-4,1],[-3,-9],[-9,1]],[[366,797],[97,25],[36,20],[32,10],[74,-28]],[[605,824],[-5,-70],[-24,-45],[12,-31],[38,-7],[-1,-30],[-25,-33],[-38,-35],[28,-51],[34,22],[9,0],[3,5],[3,1],[7,-2],[6,4],[1,6],[28,-19]],[[536,427],[0,-2],[1,0],[-1,-5]],[[536,420],[0,-2]],[[536,418],[-2,0],[-7,-5]],[[523,448],[2,0],[0,-3],[5,-1],[-1,-7],[2,0],[-1,-4],[-1,1],[0,-6],[0,-4],[3,-4],[1,0],[1,7],[2,0]],[[558,432],[1,-5],[0,-2],[-2,-1],[0,3],[-3,-2],[-1,1],[-1,-2],[1,-2],[-4,-2]],[[549,420],[-2,7],[-1,0],[-2,1]],[[544,428],[1,4],[2,4],[1,0],[0,-2]],[[548,434],[1,-2],[2,1],[0,-1],[-1,-1],[1,0],[0,-2],[7,3]],[[549,420],[-3,-1],[2,-9],[2,0],[3,-7],[-1,-1],[2,-1],[-5,-6],[-4,9],[-5,1],[0,2],[-2,0]],[[538,407],[-1,1]],[[537,408],[1,1],[1,0],[2,8],[2,1],[-1,3]],[[542,421],[-1,0]],[[541,421],[0,2],[1,3],[3,0],[-1,2]],[[565,428],[1,3],[-1,3],[-7,-2]],[[548,434],[2,1],[-1,4],[-5,-1]],[[544,438],[0,5],[3,0],[0,31]],[[583,450],[-3,-4]],[[580,446],[-12,-17],[-3,-1]],[[544,438],[-5,-1],[0,-5],[1,-3],[-2,-2],[-2,2],[0,-2]],[[565,428],[-2,-1],[2,-9],[-12,-7],[-4,9]],[[756,477],[-3,-1],[-13,2],[1,-10],[2,1],[3,-5],[2,1],[-2,-3],[0,1],[-4,-2],[0,-1],[1,1],[1,-3],[-1,-3],[-2,0],[1,-2]],[[742,453],[0,-1],[-3,-3],[-3,1],[-5,-1],[6,10],[0,4],[-4,17],[-23,4],[-4,-12],[-4,-5],[-1,-26],[1,-4],[-2,1],[-7,-2],[-7,1],[-7,-4],[-2,2],[-9,-2],[-2,-2],[-2,2],[-3,-3],[-3,2],[-2,-3],[1,-2],[-3,1],[-4,-2],[-2,-2],[-2,-1],[-5,14],[2,1],[-1,5],[-3,4],[-1,0],[0,4],[-1,1],[0,1],[-1,1],[0,6],[-25,-11],[-5,3],[-26,-6]],[[681,539],[30,69],[46,-65],[2,-33],[4,4],[6,8],[7,7],[5,2],[6,1],[0,-4],[-4,-4],[-9,-14],[-13,-26],[-5,-7]],[[756,477],[8,2],[0,-23],[-13,1],[-9,-4]],[[612,263],[-9,13],[-5,10],[-7,5],[-7,3],[0,3],[7,4],[0,2],[-18,0],[-6,3],[-1,5],[-4,3],[-4,9],[-3,11],[-1,7],[-3,3],[-4,2],[-2,2],[-3,9],[-1,8],[-6,12],[0,3],[3,8],[-1,7],[-4,12],[4,1]],[[537,408],[1,-1]],[[605,824],[101,-45],[73,-60],[50,-8],[66,8],[81,-17],[50,1],[59,-7],[-20,-36],[-25,-15],[31,-114],[-44,-1],[7,-62],[7,-14],[25,-86],[-22,-3],[-24,-2],[-19,-5],[-15,5],[-15,0],[-32,32],[-38,-21],[-62,-5],[-17,-8],[-8,-6],[2,15],[-1,0],[0,1],[-45,-13],[-25,-27],[-58,9],[-6,-38],[-20,-60],[-46,21],[-3,0]],[[536,418],[0,1]],[[536,419],[3,0],[2,2]],[[541,421],[1,0]],[[612,263],[-2,1],[-9,8],[9,-37],[2,-15],[-3,-7],[-6,0],[2,-12],[27,26],[2,1],[1,4],[7,-3],[-5,-10],[47,-77],[-36,-38],[8,-7],[-20,-7],[-31,-45],[-7,4],[-6,6],[-81,0],[39,-55],[-19,0],[-15,15],[-11,2],[-17,11],[-36,0],[-10,34],[-49,-4],[-11,-50],[-21,-2],[-11,18]],[[536,419],[0,1]]],"objects":{"228":{"type":"GeometryCollection","geometries":[{"arcs":[[0,1,2,3]],"type":"Polygon","properties":{"WARD":"10405001","PROVINCE":"Western Cape","CAT_B":"WC045","MUNICNAME":"Oudtshoorn Local Municipality","WARDNO":1,"VOTERS":4684,"Area":1240.54017724,"Shape_Leng":2.55082367556,"Shape_Area":0.120531932196,"ID":276,"POPULATION":6535,"DENSITY":5.267866466476976}},{"arcs":[[4,5,6,7,-4,8,9]],"type":"Polygon","properties":{"WARD":"10405002","PROVINCE":"Western Cape","CAT_B":"WC045","MUNICNAME":"Oudtshoorn Local Municipality","WARDNO":2,"VOTERS":3547,"Area":325.333140587,"Shape_Leng":1.27006351177,"Shape_Area":0.0315419693079,"ID":277,"POPULATION":6893,"DENSITY":21.187512552711137}},{"arcs":[[10,11,12,-1,-8,13]],"type":"Polygon","properties":{"WARD":"10405003","PROVINCE":"Western Cape","CAT_B":"WC045","MUNICNAME":"Oudtshoorn Local Municipality","WARDNO":3,"VOTERS":4352,"Area":3.80758929907,"Shape_Leng":0.110642258716,"Shape_Area":0.000369851906897,"ID":278,"POPULATION":8662,"DENSITY":2274.9302300318172}},{"arcs":[[14,15,16,17]],"type":"Polygon","properties":{"WARD":"10405004","PROVINCE":"Western Cape","CAT_B":"WC045","MUNICNAME":"Oudtshoorn Local Municipality","WARDNO":4,"VOTERS":3759,"Area":0.728981827472,"Shape_Leng":0.0555148689298,"Shape_Area":0.000070811936405,"ID":279,"POPULATION":4683,"DENSITY":6424.028451079424}},{"arcs":[[18,19,20,21,22,-16]],"type":"Polygon","properties":{"WARD":"10405005","PROVINCE":"Western Cape","CAT_B":"WC045","MUNICNAME":"Oudtshoorn Local Municipality","WARDNO":5,"VOTERS":3273,"Area":1.45468530012,"Shape_Leng":0.0740763143189,"Shape_Area":0.000141323760117,"ID":280,"POPULATION":6235,"DENSITY":4286.150413072616}},{"arcs":[[23,-18,24,25,-6,26,27]],"type":"Polygon","properties":{"WARD":"10405006","PROVINCE":"Western Cape","CAT_B":"WC045","MUNICNAME":"Oudtshoorn Local Municipality","WARDNO":6,"VOTERS":4334,"Area":6.86765555159,"Shape_Leng":0.129737711381,"Shape_Area":0.000667004656656,"ID":281,"POPULATION":11108,"DENSITY":1617.4369719850429}},{"arcs":[[28,-14,-7,-26]],"type":"Polygon","properties":{"WARD":"10405007","PROVINCE":"Western Cape","CAT_B":"WC045","MUNICNAME":"Oudtshoorn Local Municipality","WARDNO":7,"VOTERS":4000,"Area":6.56797959965,"Shape_Leng":0.129059035125,"Shape_Area":0.00063786885358,"ID":282,"POPULATION":7160,"DENSITY":1090.1373689378615}},{"arcs":[[-15,-24,29]],"type":"Polygon","properties":{"WARD":"10405008","PROVINCE":"Western Cape","CAT_B":"WC045","MUNICNAME":"Oudtshoorn Local Municipality","WARDNO":8,"VOTERS":3675,"Area":1.37472396272,"Shape_Leng":0.0611846885798,"Shape_Area":0.000133544210348,"ID":283,"POPULATION":10592,"DENSITY":7704.819503577206}},{"arcs":[[30,31,-27,-5,32]],"type":"Polygon","properties":{"WARD":"10405009","PROVINCE":"Western Cape","CAT_B":"WC045","MUNICNAME":"Oudtshoorn Local Municipality","WARDNO":9,"VOTERS":3531,"Area":103.9929816,"Shape_Leng":0.651232417524,"Shape_Area":0.0100959195962,"ID":284,"POPULATION":5572,"DENSITY":53.58053893898548}},{"arcs":[[-31,33]],"type":"Polygon","properties":{"WARD":"10405010","PROVINCE":"Western Cape","CAT_B":"WC045","MUNICNAME":"Oudtshoorn Local Municipality","WARDNO":10,"VOTERS":3458,"Area":3.18757203192,"Shape_Leng":0.0975701654286,"Shape_Area":0.000309541627446,"ID":285,"POPULATION":6338,"DENSITY":1988.3472236962668}},{"arcs":[[34,35,-19,-30,-28,-32,-34,-33,-10,36]],"type":"Polygon","properties":{"WARD":"10405011","PROVINCE":"Western Cape","CAT_B":"WC045","MUNICNAME":"Oudtshoorn Local Municipality","WARDNO":11,"VOTERS":3536,"Area":1185.28086245,"Shape_Leng":2.51147724469,"Shape_Area":0.115038638539,"ID":286,"POPULATION":10597,"DENSITY":8.940497004309831}},{"arcs":[[-13,37,38,39,-21,-35,40,-2]],"type":"Polygon","properties":{"WARD":"10405012","PROVINCE":"Western Cape","CAT_B":"WC045",