{"type":"Topology","transform":{"scale":[0.00010207144244943518,0.00006856131501145775],"translate":[23.163239997000062,-34.11141999899996]},"arcs":[[[2301,1204],[-2,32],[-7,58],[11,60],[26,43],[18,38],[3,54],[-6,56],[-10,36],[-10,-7],[-7,19],[-12,-1],[-4,-2],[-24,-35],[-45,-73],[-2,12],[-9,12],[-6,0],[-13,-4],[-12,1],[-7,2],[-3,6],[-9,7],[-3,0],[-12,-6],[-11,0],[-5,3],[-9,9],[-10,4],[-16,-5],[-3,-2],[-2,-5],[1,-12],[10,-36],[-2,-7],[-4,-3],[-7,-2],[-16,5],[-6,5],[-2,6],[-7,-2],[-4,-12],[-20,10],[-19,-2]],[[2024,1466],[-18,-17]],[[2006,1449],[-142,-139],[18,-125],[131,32],[39,-59],[11,-22],[0,-10],[-25,-60],[-64,12],[-21,-45],[-34,6]],[[1919,1039],[-285,56],[-99,-39],[-29,8]],[[1506,1064],[-50,14]],[[1456,1078],[-42,12],[-428,216],[-117,215],[-9,89],[310,50],[0,119],[-3,177],[-198,6],[-207,57]],[[762,2019],[-102,306],[-95,338],[15,296],[255,132],[-98,71],[-93,237],[199,1],[139,3],[156,15],[93,164],[-49,322],[495,-187],[-88,838],[678,88],[4,7],[215,-30],[105,-64],[260,-61],[135,-62],[206,-1],[-10,234],[293,86],[9,51],[377,-165],[-33,-43],[78,-475],[452,-58],[120,-150],[813,-304],[-26,-49],[-46,0],[-16,-8],[-3,-5],[-1,-14],[-8,-16],[-5,-8],[-7,-18],[-7,-9],[-2,-9],[-5,-9],[-1,-13],[-6,-19],[-3,-10],[-11,-18],[-2,-12],[-8,-5],[-3,-19],[-11,-15],[-4,0],[-4,3],[-4,-1],[-2,-9],[-9,-11],[-5,-17],[-4,-1],[-3,7],[-5,3],[-14,-11],[-6,-1],[-3,2],[-11,2],[-2,9],[-7,2],[-10,-2],[-8,2],[-20,-10],[-16,1],[-9,5],[-2,-9],[-15,-20],[-6,1],[-3,6],[-5,4],[-11,0],[-20,-15],[-24,-10],[-11,-11],[-30,-8],[-10,1],[-4,11],[-7,0],[-6,-7],[-3,-18],[-5,-13],[-7,-5],[-11,-1],[-2,-5],[-5,-33],[-2,-3],[-10,-3],[-28,4],[-4,-2],[0,-6],[2,-4],[10,-9],[2,-6],[-2,-6],[-10,-12],[0,-14],[12,0],[5,-5],[1,-3],[-1,-17],[4,-8],[5,-5],[24,-8],[8,-8],[12,-17],[19,-7],[3,-3],[0,-9],[-2,-4],[-6,-3],[-8,-2],[-3,-4],[6,-2],[10,-2],[10,-12],[-1,-4],[-7,-5],[-3,-6],[3,-15],[-1,-3],[-3,-2],[-9,4],[-8,-3],[-3,-4],[-5,-22],[-6,-6],[-9,-3],[-17,4],[-8,1],[-3,-1],[-6,-8],[-47,0],[-27,3],[-15,-1],[-8,-11],[-16,-37],[-2,-9],[3,-9],[20,-29],[10,-24],[8,2],[6,-4],[8,-27],[6,-24],[-1,-12],[-5,-6],[-20,-12],[-4,-1],[-2,-2],[-1,-6],[2,-8],[3,-5],[27,-31],[7,-5],[7,-17],[0,-29],[-3,-9],[-7,-7],[-5,-1],[-13,0],[-5,5],[-3,8],[-7,1],[-4,-2],[-1,-10],[8,-19],[0,-3],[-2,-2],[-16,-1],[-5,-9],[-13,-9],[0,-6],[5,-10],[9,-12],[1,-9],[-5,-7],[-19,-9],[-6,-14],[-3,-11],[0,-14],[7,-16],[2,-18],[-3,-16],[-4,-14],[-4,-39],[3,-6],[1,-10],[-6,-8],[-2,-6],[1,-29],[2,-5],[4,-4],[9,-14],[2,-8],[14,-15],[5,-3],[6,-1],[14,12],[3,1],[3,-2],[3,-6],[13,-19],[6,-10],[2,-8],[1,-13],[4,-18],[20,-38],[0,-4],[-3,-7],[-10,-4],[-2,-5],[4,-8],[-1,-12],[1,-9],[5,-11],[-2,-17],[16,-37],[2,-19],[5,-16],[-1,-20],[-2,-6],[-4,-6],[-12,-8],[-1,-6],[3,-5],[8,-4],[9,-11],[0,-9],[-3,-14],[0,-7],[2,-6],[5,-6],[-7,3],[-1,-10],[-8,1],[-3,-2],[0,-6],[-3,-1],[-1,4],[-8,1],[0,5],[-3,2],[0,4],[-2,0],[-1,-6],[-2,0],[0,2],[-3,-2],[-1,-5],[-3,0],[-3,-4],[-4,0],[-3,-5],[-4,1],[0,-5],[-4,-5],[-2,2],[-5,-2],[-4,3],[-5,-7],[-6,3],[-6,-3],[-5,3],[-4,-5],[-2,2],[-3,-1],[-1,-4],[-3,2],[-5,-1],[-1,-6],[-4,-1],[-1,2],[-7,2],[-2,2],[-7,3],[-9,-1],[-4,5],[-2,0],[-2,-2],[-2,1],[-2,3],[-7,-4],[-2,1],[0,4],[-6,8],[-6,-1],[-4,2],[-1,-1],[-1,-7],[-2,-2],[-2,2],[-4,-1],[-3,6],[-4,-2],[-7,3],[-6,-3],[-2,-3],[-12,2],[-1,4],[-3,0],[1,4],[-9,3],[-1,5],[-1,1],[-3,-3],[-4,1],[-1,-2],[-6,-1],[-4,-3],[-6,2],[-11,10],[-3,0],[-2,-6],[-4,2],[-3,-4],[-8,9],[-1,13],[-5,5],[-4,-1],[-2,-3],[-2,4],[-4,-1],[-2,-3],[-7,-1],[-2,-4],[-2,4],[-2,0],[-3,-2],[-2,-4],[-5,-1],[-1,-4],[-3,2],[-8,-7],[-1,-2],[-9,-1],[-7,-3],[-8,3],[-5,-2],[-2,3],[-4,1],[-7,-2],[-1,-3],[-7,0],[-2,1],[-6,-3],[-2,3],[-8,2],[-1,4],[-8,-2],[-2,4],[-4,0],[-2,-3],[-1,3],[-4,-1],[-5,-6],[-2,-1],[-4,5],[-6,-1],[-6,3],[-3,-2],[-2,4],[-8,2],[0,-13],[-3,-3],[-7,-1],[-11,-5],[-11,1],[-4,-2],[-6,1],[-5,5],[-7,-6],[2,-6],[-4,-3],[-1,-3],[-5,-2],[0,-3],[-10,-1],[-1,-6],[-8,2],[-6,-6],[-12,3],[-1,-3],[-3,0],[0,-3],[-2,-1],[-1,1],[-1,5],[-3,1],[-1,5],[-5,-1],[0,1],[-2,1],[-4,-2],[0,-5],[-5,-5],[-2,0],[-1,2],[-4,0],[-1,-4],[-3,0],[-1,2],[-5,-5],[-4,2],[-4,-4],[-7,1],[0,-4],[-2,0],[-5,3],[-2,-5],[-3,2],[-1,5],[-7,0],[-4,-1],[2,-5],[-1,-2],[-3,3],[-3,-4],[-3,3],[-8,-1],[-2,0],[-2,-3],[-3,1],[-3,8],[-5,-3],[-8,1],[-2,6],[0,6],[3,16],[-2,5],[-12,4],[-27,-1],[-7,-2],[-6,2],[-5,-2],[-7,0],[-8,3],[-14,0],[-55,-2],[-21,-8],[-32,-5],[-22,-8],[-14,-12],[-23,-8],[-16,-11],[-10,-13],[-5,-14],[0,-23],[-6,-2],[-1,-2],[-5,2],[-3,-1],[-1,-4],[-5,0],[-1,-4],[-6,0],[-3,-3],[-6,1],[-4,-1],[0,-2],[-4,0],[-1,2],[-5,1],[-3,-5],[-6,-4],[0,-1],[-7,-2],[-2,-3],[-3,2],[-2,-1],[-2,-3],[-6,0],[-2,3],[-8,0],[-2,2],[0,4],[-2,1],[-1,3],[-4,3],[0,4],[-4,0],[-2,-3],[-2,2],[-1,-7],[-3,-2],[1,-8],[-4,-4],[-3,0],[0,-7],[-2,-3],[0,-4],[-4,0],[-2,-3],[-4,1],[-2,-3],[-5,1],[-1,-1],[1,-7],[-4,-2],[-1,-3],[3,-14],[-4,-11],[-1,-6],[-2,-2],[0,-10],[-2,-4],[-3,0],[-1,2],[-4,-4],[0,-4],[-2,-1],[-2,2],[-6,-4],[2,-13],[3,-2],[-1,-8],[-3,-1],[-2,-9],[-5,0],[-3,-7],[-6,2],[-5,-8],[-4,3],[-1,-4],[-3,-1],[-10,9],[-4,-3],[0,-3],[-2,-2],[-2,0],[-2,4],[-4,-1],[-3,-2],[-10,2],[-3,-5],[-5,-3],[-4,-10],[-6,1],[-1,3],[-6,2],[1,2],[-5,2],[-3,-4],[2,-3],[-1,-3],[-2,2],[-1,-4],[-3,-1],[-2,5],[-4,-1],[0,-4],[-2,-2],[-10,3],[-5,7],[-5,0],[-1,5],[-3,0],[-3,-3],[-3,2],[-3,-4],[2,-3],[-1,-3],[-7,-2],[-4,-5],[-3,2],[-2,4],[-3,2],[0,3],[-5,2],[-3,-3],[-3,3],[-2,-3],[1,-4],[-2,-7],[-4,-4],[-2,4],[-9,2],[-1,4],[-4,3],[-3,0],[-3,2],[-3,-3],[-2,6],[-7,-2],[-3,1],[0,4],[-12,-1],[-2,-6],[-3,-1],[-1,4],[-4,1],[0,4],[-4,2],[-11,-1],[-2,4],[-7,-2],[-3,2],[-8,-2],[-4,4],[-24,-2],[-5,-2],[-1,-3],[-7,-4],[-1,-2],[-2,4],[-3,-1],[-2,1],[-1,-1],[-1,5],[-3,0],[-17,-14],[-12,-16],[-6,-11],[-1,-5],[-2,0],[-3,-7],[4,-3],[-1,-3],[3,-5],[-1,-3],[-3,3],[-5,11],[1,6],[-5,3],[-1,2],[-1,-1],[-1,5],[-4,0],[-1,3],[-2,-1],[-2,2],[-8,-2],[-1,2],[-4,-4],[-3,5],[-7,5],[-3,0],[-4,-6],[-5,2],[-1,-2],[-5,1],[-2,-3],[2,-2],[-1,-5],[1,-2],[-1,-5],[-3,-1],[-2,4],[-1,5],[-2,1],[0,5],[-9,1],[-2,9],[-5,2],[-10,-2],[-19,1],[0,-3],[-2,1],[-1,-4],[-2,0],[-4,-5],[-2,2],[-3,0],[1,2],[-5,1],[0,2],[-3,-1],[-5,-5],[-2,-8],[-3,-2],[-1,2],[-2,0],[0,2],[-5,-5],[-2,3],[-7,0],[-4,3],[-1,-1],[0,2],[-4,0],[-1,3],[-5,-4],[-2,2],[-6,-1],[-2,2],[-3,-2],[0,2],[-5,5],[-3,-4],[-1,2],[-3,-1],[-3,4],[-3,-2],[-11,10],[-3,0],[-1,-2],[-2,-7],[-6,-4],[-4,-7],[-2,3],[-6,2],[1,3],[-8,0],[-9,-3],[-11,0],[-17,-10],[-5,1],[-3,-1],[1,-4],[-2,-3],[-13,0],[0,2],[2,3],[-1,1],[-16,-5],[-10,-5],[-3,-5],[-3,-1],[0,-2],[-5,1],[-2,-2],[-2,4],[-2,0],[0,3],[-4,1],[-2,-1],[-1,2],[-5,-3],[-2,1],[-6,-5],[-9,2],[-17,-2],[-11,-5],[-10,-8],[-23,-6],[-25,-12],[-29,-7],[-42,-15],[-44,-23],[-22,-9],[-7,-6],[-16,-8],[-27,-18],[-34,-17],[-9,-8],[-18,-10],[-8,-9],[-36,-25],[-8,-9],[-21,-14],[-10,-10],[-18,-13],[-10,-12],[-16,-12],[-19,-20],[-12,-11],[-13,-17],[-18,-15],[-12,-16],[-12,-13]],[[2301,1204],[-15,-13],[-4,-9],[-22,-25],[-5,-10],[-14,-16],[-12,-21],[-12,-17],[-11,-9],[-33,-38],[-6,-5],[0,-11],[-2,-10],[-8,-12],[-10,-29],[-15,-31],[-15,-33],[-5,-8],[-5,-11],[-4,-18],[0,-9],[5,-7],[0,-10],[3,-6],[4,-2],[5,1],[-2,5],[1,4],[4,0],[1,-6],[7,2],[5,-4],[-5,-10],[-3,-1],[-1,-4],[-2,-1],[-1,-2],[-2,0],[-3,-3],[-3,4],[-3,0],[-2,-1],[-4,-7],[0,-4],[5,-3],[-2,-5],[4,-5],[-3,-2],[2,-4],[0,-5],[-4,0],[0,-35],[-2,-12],[5,-7],[6,1],[7,12],[3,-1],[0,-3],[2,1],[4,-10],[-8,-12],[2,-8],[-9,0],[-10,-18],[-5,-18],[-14,-35],[-19,-61],[-11,-28],[-1,-7],[-6,-23],[-6,-29],[-7,-23],[1,-16],[-1,-9],[1,-14],[-2,-14],[1,-54],[10,-35],[2,-25],[9,-38],[1,-18],[18,-61],[3,-3],[18,-7],[4,2],[2,-1],[2,1],[1,-3],[9,1],[2,-3],[1,3],[2,-2],[3,1],[1,-4],[3,1],[1,-3],[8,-4],[11,-13],[13,0],[10,4],[9,0],[2,-2],[13,-1],[2,-2],[7,1],[5,-2],[6,2],[2,-1],[4,1],[16,-4],[6,2],[1,-2],[5,3],[3,-1],[8,2],[19,-5],[5,1],[3,2],[8,-3],[14,-12],[1,-3],[18,-6],[20,-13],[1,-3],[8,-4],[4,-6],[8,-6],[3,0],[12,-20],[9,-4],[1,-2],[31,-4],[2,-3],[6,0],[2,-4],[3,0],[2,-8],[-2,-2],[1,-4],[-3,-2],[0,-5],[-2,-3],[2,-3],[0,-5],[-3,1],[-4,-2],[-5,1],[-1,4],[-1,0],[-2,-2],[-4,1],[-3,-2],[-5,0],[-2,-2],[-2,0],[-1,-2],[-2,2],[-2,-4],[-7,-1],[-1,-5],[-2,-2],[-3,