{"type":"Topology","transform":{"scale":[0.00012247805604320876,0.00009422110521357473],"translate":[22.70434000000006,-34.094019996999975]},"arcs":[[[610,1770],[3,-8],[5,-10],[10,-7],[17,-9],[11,-13],[9,-17],[6,-22],[2,-27],[6,-10],[2,-5],[1,-36],[2,-7],[6,-9],[1,-24],[7,-17],[9,-15],[5,-15],[1,-13],[-1,-5],[0,-7],[4,-4],[13,0],[7,-4],[2,-5],[0,-11],[2,-11],[9,-12],[0,-6],[-2,-11],[5,-19],[0,-8],[-4,-5],[-16,-11],[-6,-6],[-7,-13],[1,-8],[10,-18],[1,-18],[2,-4],[2,-3],[3,-1],[5,3],[9,4],[17,2],[10,-1],[12,-4],[8,-6],[4,-6],[4,-18],[9,-27],[0,-16],[4,-11],[1,-9],[-3,-7],[-4,-2],[-6,2],[-9,6],[-5,1],[-4,-1],[-5,-5],[-3,-8],[-1,-21],[0,-32],[-2,-6],[-5,-9],[-2,-9],[2,-6],[19,-14],[0,-35],[2,-20],[16,-39],[3,-7],[0,-4],[8,6],[7,1],[6,-2],[5,-6],[2,-7],[-7,-9],[-43,-65],[-13,-41],[-67,19],[-6,-22],[-4,-22],[-10,-8],[0,-8],[3,-7],[19,5],[21,0],[9,-2],[8,-5],[10,1],[8,-1],[6,-3],[6,-4],[13,-22],[2,-9],[-4,-16],[0,-12],[0,-11],[9,-6],[14,1],[8,2],[12,-1],[12,-6],[4,0],[26,1],[5,-1],[4,2],[12,-1],[-1,-4],[86,-34],[65,-7],[-21,-14],[-84,-124]],[[944,569],[-13,5],[-11,7],[-15,6],[-22,11],[-24,5],[-14,6],[-16,5],[-24,12],[-16,11],[-14,5],[-4,4],[-10,4],[-5,4],[-1,8],[-5,6],[-3,0],[-4,-1],[-11,1],[-25,12],[-24,4],[-7,3],[-13,4],[-18,2],[-12,7],[-12,3],[-18,1],[-15,2],[-22,6],[-10,0],[-15,-5],[-4,10],[-2,2],[-51,-50],[-116,40],[-72,18],[-24,8],[10,82],[-174,196],[-34,-16],[-74,34],[0,34],[9,22],[28,43],[13,-3],[-11,75],[-4,37],[0,3],[5,8],[1,12],[4,11],[83,-1],[36,335],[3,53],[3,31],[6,53],[8,52],[413,-29],[14,1],[-1,2]],[[1908,600],[-1,0]],[[1907,600],[-4,7],[-3,2],[-10,2],[-38,-9],[-9,-6],[-3,-6],[-1,-9],[2,-13],[4,-17],[1,-8],[2,-8],[0,-6],[-11,-14],[-17,-8],[-4,-5],[0,-4],[8,-20],[8,-7],[6,1],[12,7],[4,4],[7,11],[4,2],[6,1],[5,-1],[3,-3],[16,-20],[10,-8],[34,-2],[8,-2],[5,-2],[1,-3],[0,-10],[-1,-6],[-2,-3],[-9,-2],[-15,0],[-11,-2],[-10,-4],[-3,-4],[-5,-12],[2,-22],[5,-23],[6,-20],[19,-30],[10,-14],[5,-5],[11,-11],[10,-5],[10,-10],[2,-4],[4,-10],[2,-11],[-1,-3],[-4,-6],[1,-13],[-3,-6],[1,-3],[4,-13],[11,-6],[7,-9],[1,-5],[-1,-1],[-3,-2]],[[1996,181],[-17,6],[-16,11],[-4,5],[-8,4],[-15,5],[-20,13],[-11,3],[-9,6],[-16,5],[-22,13],[-15,1],[-6,2],[-15,8],[-8,6],[-13,3],[-9,6],[-12,5],[-14,2],[-3,2],[-9,8],[-16,7],[-11,3],[-13,7],[-3,-3],[-3,2],[-1,-2],[-6,1],[-1,3],[-6,1],[-2,3],[0,2],[-8,2],[-3,-2],[-4,2],[-3,-2],[0,2],[-5,1],[-2,6],[-5,2],[-7,-1],[-1,1],[-2,4],[-2,-1],[-1,2],[-4,0],[-4,3],[-5,-3],[-4,0],[-1,3],[-3,0],[-1,3],[-4,1],[-7,3],[-2,-1],[-1,-3],[-4,0],[-3,3],[1,3],[-7,3],[-4,-1],[-1,2],[-3,2],[-2,-2],[-1,1],[0,1],[-2,1],[-1,2],[-5,-2],[-1,2],[-4,2],[-2,-1],[-2,0],[-2,3],[-1,-2],[-2,0],[-1,2],[2,3],[-11,4],[-1,-1],[-3,0],[-2,0],[0,3],[-7,3],[-2,0],[-2,-3],[0,3],[-2,-1],[-2,2],[-1,-1],[-2,3],[-7,4],[0,-3],[-2,0],[-1,4],[-6,-2],[-2,6],[-3,2],[-4,-1],[-2,-3],[-2,1],[-2,-2],[-2,2],[-3,-3],[-1,1],[1,2],[-1,1],[-1,-1],[-2,0],[0,3],[-2,0],[-1,-2],[-2,0],[-2,-2],[-1,2],[1,5],[-3,1],[-1,5],[-1,1],[-17,1],[-4,2],[-2,-2],[-2,2],[-2,-1],[0,-1],[-1,4],[-29,8],[-2,-1],[-4,-1],[-2,4],[-11,5],[-2,0],[-1,-2],[-2,1],[-2,-1],[-1,3],[-1,0],[-2,-2],[-1,0],[-1,2],[-3,-1],[-3,5],[-17,5],[-17,8],[-14,4],[-20,9],[-25,1],[-22,9],[-18,2],[-16,5],[-21,2],[-27,8],[-8,0],[-2,-1],[-3,0],[-1,3],[0,2],[-5,3],[-28,5],[-13,5],[-15,1],[-14,4],[-1,-2],[-2,2],[-3,-1],[-7,6],[-17,5],[-19,8],[-33,22],[-4,3],[-7,1],[-7,6],[-28,10],[-2,2],[-8,5],[-18,6]],[[610,1770],[-1,7],[-4,8],[-2,15],[-2,5],[-12,18],[-18,19],[-2,5],[2,20],[0,9],[1,4],[0,6],[2,4],[5,24],[3,7],[0,14],[5,33],[14,21],[5,6],[-4,7],[-6,0],[-13,-4],[-24,6],[-4,2],[-4,6],[-2,7],[0,4],[7,18],[5,7],[6,5],[15,4],[2,2],[1,3],[-1,3],[-9,9],[-3,9],[29,41],[185,223],[-3,336],[418,120],[205,148],[281,-17],[51,26],[102,5]],[[1840,2965],[-4,-11],[-6,-20],[-5,-36],[-2,-4],[-2,-13],[-4,-2],[-10,0],[-5,-1],[-6,-5],[-5,-21],[-1,-18],[1,-30],[0,-13],[2,-7],[-2,-7],[4,-12],[-8,-11],[-2,-10],[-7,-13],[0,-4],[1,-7],[3,0],[3,-3],[2,-17],[4,-9],[6,-2],[6,3],[3,4],[2,0],[0,-6],[-4,-11],[0,-6],[15,-22],[2,-4],[0,-6],[-4,-10],[-1,-5],[10,-43],[-2,-5],[-10,-4],[-2,-2],[-1,-6],[3,-15],[-2,-15],[3,-3],[15,0],[5,-2],[9,-8],[6,-1],[4,-3],[4,-6],[-3,-18],[4,-14],[8,-12],[14,-10],[2,-7],[2,-11],[-1,-15],[-9,-26],[4,-23],[-2,-4],[-6,-5],[-2,-4],[2,-5],[7,-7],[-4,-4],[-7,-16],[-3,-22],[1,-6],[6,-6],[1,-3],[-1,-18],[4,-24],[-1,-3],[-3,-1],[-17,6],[-12,2],[-17,-6],[-16,-7],[-28,-6],[-4,-3],[-3,-5],[1,-4],[13,-10],[2,-7],[0,-5],[-8,-23],[-3,-14],[-1,-7],[-5,-24],[-2,-34],[-4,-11],[3,-22],[2,-8],[4,-6],[8,-15],[13,-12],[5,-15],[1,-12],[4,-13],[-2,-19],[2,-15],[-3,-11],[1,-21],[-3,-17],[2,-11],[5,-13],[-1,-16],[4,-19],[6,-15],[10,-16],[2,-5],[3,-12],[0,-11],[-3,-13],[-14,-23],[-2,-6],[2,-4],[5,-3],[3,-4],[2,-6],[0,-6],[-9,-14],[-5,-26],[-7,-15],[-12,-31],[-7,-12],[-12,-15],[-19,-28],[-2,-15],[3,-20],[0,-10],[-4,-10],[-12,-27],[-5,-15],[0,-8],[3,-10],[14,-18],[4,-10],[2,-18],[3,-16],[11,-25],[3,-13],[-1,-8],[-3,-8],[-2,-9],[1,-32],[0,-11],[-3,-7],[-5,-5],[-12,-6],[-13,-5],[-13,-1],[-26,6],[-5,-1],[-2,-4],[1,-3],[12,-14],[6,-10],[4,-12],[2,-10],[0,-10],[-4,-10],[-3,-5],[-9,-10],[-4,-7],[-2,-7],[1,-6],[2,-4],[4,-2],[24,3],[7,-2],[5,-3],[6,-7],[9,-22],[8,-9],[1,-4],[0,-2],[-2,-4],[-21,-8],[-8,-6],[-3,-7],[0,-4],[1,-3],[14,-3],[19,0],[8,-3],[5,0],[25,6],[13,0],[9,-5],[5,-8],[0,-5],[-2,-2],[-4,-1],[-15,7],[-13,-3],[-11,5],[-2,-1],[-2,-2],[0,-18],[6,-7],[7,-5],[6,-7],[7,-12],[4,-13],[-1,-6],[-4,-6],[-4,-3],[-6,-1],[-4,-2],[-2,-3],[1,-6],[2,-2],[16,3],[9,4],[12,-1],[13,1],[3,-1],[13,-11],[-1,-5],[1,-2],[5,-1],[19,-1],[9,-3],[3,-4],[-1,-2],[-8,-2],[-1,-2],[0,-4],[15,-18],[3,-9],[1,-10],[3,-4],[13,-23],[1,-8],[-2,-19],[2,-12],[2,-6],[14,-26],[1,-9],[-1,-14],[-4,-23],[1,-13],[-3,-10],[-1,-22],[-3,-11],[-3,-5],[-3,-9],[-15,-10],[-2,-7],[1,-6],[10,-10],[5,-8],[2,-12],[0,-5],[-5,-12],[2,-21],[-4,-7],[-3,-1]],[[3240,157],[47,254]],[[3287,411],[22,119],[2,0],[1,13],[-6,-2],[-12,1],[-21,12],[-9,1],[-35,-4],[-13,-6],[-16,-10],[-8,-1],[10,19],[26,9],[8,5]],[[3236,567],[19,11],[11,12],[15,7],[3,-5],[-2,-1],[2,-4],[14,6],[8,7],[5,14],[1,24],[12,34],[0,5],[-5,10],[21,12],[-2,231],[-18,10],[-1,2],[-1,4],[-15,6],[-5,9],[-21,0],[-10,5],[-9,0],[-11,1],[-14,5],[-11,2],[-5,-2],[-10,-10],[-7,-3],[-4,0],[-2,1],[-1,5],[0,3],[3,3],[1,4],[-1,4],[-5,9],[-7,5],[-11,2],[-8,-1],[-7,-7],[-10,-6],[-8,-1],[-11,2],[-11,-11],[-11,-5],[-4,0],[-28,5],[-4,2],[-10,11],[-10,8],[-5,1],[-14,-4],[-7,-1],[-8,1],[-7,4],[-2,6],[-4,2],[-23,-4],[-4,3],[0,11],[-4,6],[-16,4],[-8,3],[-5,4],[-7,8],[-5,1],[-6,-1],[-8,-6],[-4,-1],[-16,11],[-1,2],[0,12],[2,8],[-6,0],[-14,-4],[-5,1],[-10,4],[-26,8],[-8,7],[-8,3],[-2,4],[-62,-84],[-99,-24],[-37,-12]],[[2622,965],[-157,83],[5,5],[0,11],[-2,4],[-14,15],[-3,2],[-5,-3],[-5,0],[-7,-5],[-6,4],[0,5],[8,13],[6,1],[5,-3],[4,-4],[2,-1],[4,5],[1,5],[0,5],[-8,7],[-13,2],[-7,5],[-1,2],[4,13],[5,6],[4,0],[5,-4],[7,1],[2,1],[5,5],[6,15],[7,22],[1,14],[-3,16],[-2,18],[-3,13],[1,15],[-5,15],[-1,12],[-2,5],[-3,6],[-6,5],[-1,3],[2,3],[4,2],[5,1],[7,-1],[6,1],[2,2],[1,3],[-3,7],[-1,4],[-2,3],[-4,4],[-1,2],[0,3],[54,18],[7,5],[7,9],[14,13],[8,5],[8,4],[15,4],[21,2],[25,-7],[9,1],[4,1],[2,2],[7,13],[1,19],[9,15],[1,7],[-1,3],[-24,19],[-8,11],[-9,8],[-3,6],[0,6],[-3,4],[-10,4],[-21,1],[-4,3],[-1,5],[1,7],[1,4],[5,10],[2,12],[-4,16],[-4,11],[-2,3],[-9,6],[-1,3],[-3,12],[0,12],[-9,37],[0,3],[5,8],[4,7],[3,18],[2,18],[-3,14],[0,6],[3,3],[3,1],[7,0],[4,4],[3,6],[4,20],[20,40],[4,10],[-2,19],[0,9],[2,6],[7,14],[8,5],[6,6],[5,9],[18,19],[4,9],[9,13],[9,7],[8,12],[-232,55],[33,95],[-6,6],[1,18],[-5,2],[-9,-1],[-16,6],[-9,1],[-16,8],[-7,0],[-35,134],[-262,52],[190,263],[-108,391]],[[2203,2968],[501,216],[-45,-136],[379,-19],[876,-568],[370,-172],[77,-173],[82,-51],[-213,-97],[-12,-215],[78,-246],[86,-223],[-248,108],[-214,-197],[-128,-263],[53,-271],[26,-148],[-124,-367],[10,-12],[1,-10],[-3,-6],[-1,-2],[-1,4],[-2,0],[-8,-8],[-6,-4],[-8,-1],[-1,-1],[-4,3],[0,1],[-4,0],[-2,2],[-2,-2],[0,-3],[-5,-4],[-5,-2],[-1,-8],[-2,1],[-2,9],[-3,1],[0,2],[-3,0],[-3,2],[-4,-3],[0,-3],[-2,-1],[-2,0],[-4,2],[-1,-4],[1,-3],[-4,