{"type":"Topology","transform":{"scale":[0.0010762635010798985,0.0006914507462887787],"translate":[20.202179999000066,-33.52778000099994]},"arcs":[[[600,490],[-5,-1]],[[595,489],[0,-3],[2,-7],[2,-4],[5,-2],[0,-2],[1,0]],[[605,471],[1,-5],[0,-3],[1,-6],[1,-3],[2,-3],[0,0],[2,1],[0,1],[0,-1],[3,-5],[4,-2],[5,-2],[4,-1],[4,0],[4,-1],[6,1],[15,-2],[3,2],[8,1],[6,2],[6,1],[-11,-13],[0,-4],[34,-2],[57,-1],[14,-92],[-33,-11],[-1,1],[-1,-3],[-2,-8],[0,-2],[1,-3],[2,-1],[1,0],[1,0],[8,-9],[2,-1],[5,-1],[2,-1],[0,-1],[-2,-3],[-1,-2],[0,-5],[0,-3],[-3,-3],[-1,-3],[-1,-2],[-4,-2],[-3,0],[-3,1],[-1,0],[-4,3],[-6,6],[-2,2],[-4,1],[-2,0],[-3,-4],[0,-1],[1,-3],[-1,-4],[-2,-3],[-3,-5],[-1,-1],[-2,-1],[-5,-1],[-2,-1],[0,-1],[1,-2],[1,-2],[0,-6],[-1,-3],[-1,-1],[-3,0],[-2,0],[-2,2],[-1,0],[-2,-2],[-1,-2],[0,-3],[0,-3],[2,-3],[3,-3],[1,-1],[0,-1],[-2,-2],[-3,0],[-1,-1],[-1,-4],[-2,-8],[0,-3],[-2,-4],[-4,0],[-5,2],[-1,0],[-1,-1],[-1,-2],[-2,-3],[-1,-3],[-2,0],[-2,0],[-7,3],[-3,0],[0,-1],[0,-2],[2,-9],[1,-4],[1,-6],[2,-4],[2,-3],[1,-2],[2,0],[5,-1],[6,2],[0,1],[2,4],[1,0],[3,1],[4,-1],[3,-3],[4,-1],[0,-1],[2,-4],[0,-2],[0,-2],[2,-1],[4,1],[1,0],[1,0],[1,-1],[1,-5],[-2,-2],[-1,-7]],[[707,150],[-38,-10],[-149,-87],[-36,-9],[-62,-10],[-34,-8],[-55,-10],[-12,-4],[-65,-12],[-2,21],[24,21],[-3,50],[-96,-24],[-54,-10],[46,41],[31,9],[7,6],[-10,19],[-8,2],[-17,15],[-50,-2],[12,30],[-3,15],[8,0],[11,18],[2,23],[-86,-12],[-25,-5],[-37,-3],[15,49],[14,52],[-34,10],[45,17],[-15,42],[11,24],[-3,13],[4,32],[9,38],[-37,21],[-15,5],[46,29],[51,-13],[11,55],[-37,83],[22,-6],[30,47],[18,0],[28,-1],[10,62],[31,20],[6,11],[4,46],[56,-2],[58,87],[28,-65],[-2,-24],[30,0],[26,13],[0,2],[76,-18],[12,46],[50,27],[15,54]],[[569,970],[1,-1],[12,-32],[-29,-91],[-2,-8],[-2,-38],[24,-44],[2,-45],[17,-10],[53,-7],[17,-35],[10,-25],[7,-68],[-39,10],[-66,-44],[0,-1],[4,-1],[3,-3],[2,-4],[-2,-9],[0,-3],[5,0],[4,-2],[0,-4],[-2,-4],[2,-4],[3,2],[3,4],[3,0],[4,-2],[1,-4],[-1,-4],[-2,0],[-1,-3]],[[829,1265],[19,0],[1,-6],[8,4],[11,-28],[24,-45],[-1,-41],[24,-69],[6,-19],[-43,-48],[21,-20],[13,-1],[-21,-63],[15,-47],[14,-33],[-22,-76],[-3,-2],[-42,-76],[-76,11],[-5,-111],[-15,0],[30,-44],[-8,-20],[-52,-22],[-58,-16],[-19,-3],[-15,-1],[-18,-3],[-1,-1],[-2,-5],[-6,-7],[-2,-1],[-1,0]],[[605,472],[1,5],[0,4],[2,5],[4,5],[-2,0]],[[610,491],[-5,-1]],[[605,490],[-5,0]],[[569,970],[17,57],[-2,48],[-23,46],[-13,26],[-2,34],[31,24],[19,46],[111,34],[69,-14],[21,-9],[32,3]],[[605,472],[0,-1]],[[595,489],[10,1]],[[605,490],[5,1]],[[829,1265],[58,35],[-16,57],[39,117],[6,8],[0,-6],[0,-1],[0,-3],[1,-2],[1,-1],[2,-3],[1,0],[2,1],[1,0],[0,-1],[2,-1],[2,1],[2,-4],[3,0],[2,-1],[1,0],[2,-2],[3,-1],[1,-1],[2,0],[5,-2],[1,-1],[2,1],[2,-2],[0,-1],[0,-3],[1,-1],[1,-1],[1,-3],[1,1],[1,-1],[1,-2],[0,-2],[1,-2],[0,-5],[3,-3],[2,-1],[1,-2],[0,-2],[5,-3],[0,-1],[1,-2],[1,-2],[4,0],[3,-1],[2,0],[2,2],[1,-1],[9,-6],[6,-2],[3,-1],[4,-2],[2,-3],[1,-3],[2,-3],[0,-4],[3,-1],[0,-1],[2,-4],[1,-2],[2,-7],[0,-5],[-1,-1],[-2,-3],[-1,-2],[-2,-4],[0,-4],[1,-4],[2,-3],[2,-1],[3,-5],[2,0],[3,-2],[2,-3],[2,-2],[1,-3],[1,-1],[0,-2],[2,-1],[1,-2],[2,-2],[1,-2],[3,-5],[1,-1],[-1,-4],[1,-2],[0,-2],[2,-1],[2,-4],[2,-3],[1,-3],[1,-4],[0,-1],[2,-5],[0,-2],[1,-4],[4,-4],[1,-3],[0,-2],[1,-2],[1,-1],[1,0],[2,-4],[2,-3],[1,-2],[0,-5],[1,-1],[69,-13],[-2,-56],[7,-74],[-4,-27],[16,-24],[-16,-36],[2,-46],[27,-50],[1,1],[4,-8],[4,-5],[2,-7],[5,-5],[2,-3],[0,-4],[1,-3],[2,-6],[-10,-4],[-13,-20],[-57,-15],[28,-47],[16,-43],[14,-16],[25,-4],[0,-1],[1,-6],[0,-2],[3,-4],[8,-9],[1,-3],[1,-8],[1,-3],[1,-1],[5,-7],[2,-2],[3,0],[3,-1],[2,0],[6,-1],[6,-4],[6,-4],[5,-3],[2,-2],[2,-2],[0,-7],[-2,-9],[-1,-3],[0,-5],[0,-2],[4,-6],[8,-9],[2,-2],[2,-1],[5,-1],[3,1],[2,2],[4,2],[2,0],[3,-2],[1,-3],[1,-4],[1,-5],[0,-3],[-6,-13],[-1,-6],[0,-8],[3,-4],[4,-5],[3,-4],[1,-3],[4,-5],[3,-5],[5,-6],[2,-3],[2,-2],[28,0],[-7,-31],[-12,-21],[4,-3],[1,-1],[3,2],[1,-1],[0,-3],[0,-4],[0,-7],[2,-4],[-6,-1],[-8,-34],[22,3],[1,-6],[2,-3],[1,-3],[2,-4],[0,-2],[-4,-13],[-1,-6],[-1,-7],[0,-2],[-12,-1],[7,-33],[5,-1],[-3,-5],[-1,-4],[0,-6],[0,-15],[1,-7],[1,-3],[2,-4],[0,-5],[-2,-3],[-2,0],[-3,1],[-73,-52],[57,9],[22,-34],[57,3],[-60,-30],[-19,-29],[-28,-11],[-27,-8],[-29,-6],[-16,5],[-15,2],[-51,22],[-61,-6],[-61,-12],[-37,-11],[-9,-2],[-43,-9],[-38,10],[-25,-11],[-23,-12],[-60,-4],[-37,-8],[-34,24],[-9,-2]]],"objects":{"231":{"type":"GeometryCollection","geometries":[{"arcs":[[0,1,2,3,4]],"type":"Polygon","properties":{"WARD":"10501001","PROVINCE":"Western Cape","CAT_B":"WC051","MUNICNAME":"Laingsburg Local Municipality","WARDNO":1,"VOTERS":1345,"Area":3456.7700297,"Shape_Leng":3.66903951857,"Shape_Area":0.334366464209,"ID":306,"POPULATION":2830,"DENSITY":0.81868333030115}},{"arcs":[[5,6,7,8,-5,9]],"type":"Polygon","properties":{"WARD":"10501002","PROVINCE":"Western Cape","CAT_B":"WC051","MUNICNAME":"Laingsburg Local Municipality","WARDNO":2,"VOTERS":1130,"Area":1636.10466466,"Shape_Leng":2.04926251979,"Shape_Area":0.15765493399,"ID":307,"POPULATION":927,"DENSITY":0.566589668756088}},{"arcs":[[10,-2,11,12,-7]],"type":"Polygon","properties":{"WARD":"10501003","PROVINCE":"Western Cape","CAT_B":"WC051","MUNICNAME":"Laingsburg Local Municipality","WARDNO":3,"VOTERS":200,"Area":1.32080102465,"Shape_Leng":0.0541160294667,"Shape_Area":0.000127712686929,"ID":308,"POPULATION":360,"DENSITY":272.5618721377027}},{"arcs":[[-3,-11,-6,13]],"type":"Polygon","properties":{"WARD":"10501004","PROVINCE":"Western Cape","CAT_B":"WC051","MUNICNAME":"Laingsburg Local Municipality","WARDNO":4,"VOTERS":1475,"Area":3690.28745848,"Shape_Leng":4.11709012984,"Shape_Area":0.356401431638,"ID":309,"POPULATION":4172,"DENSITY":1.130535235246528}}]}}}