{"type":"Topology","transform":{"scale":[0.0014082784213457055,0.0010877187718772979],"translate":[21.18757000200003,-33.03773999999993]},"arcs":[[[1523,631],[-19,29],[-7,17],[-4,21],[7,13],[9,20],[-57,100],[-8,-7],[-6,-2],[-40,7],[-36,25],[-24,24],[39,19],[-13,13],[-9,31],[-3,16],[5,18]],[[1357,975],[4,15],[10,1],[15,8],[4,7],[5,3],[14,20],[14,13],[28,26],[-4,20],[26,36],[1,34],[2,5],[26,39],[30,18],[30,-4],[14,1],[-4,13],[11,25],[4,-9],[52,-19],[20,-2],[8,12],[28,3],[14,25],[18,11],[14,-9],[15,3],[20,6],[19,3],[14,-7],[15,-38],[15,-1],[27,-16],[19,-1],[4,-13],[-28,-32],[20,-4],[-5,-11],[6,-3],[29,-46],[11,-3],[15,14],[2,24],[22,20],[2,22],[-1,0],[11,32],[-3,7],[1,1],[21,0],[38,0],[-12,-14],[-1,-8],[11,-34],[9,-8],[10,-29],[2,1],[14,9],[7,4],[35,3],[2,-5],[0,-4],[21,-13],[-3,-6],[-14,-3],[-4,0],[-1,-30],[-21,8],[-11,-36],[-3,-1],[1,-18],[9,0],[15,1],[5,3],[0,5],[13,-5],[23,-20],[-4,-3],[-2,-6],[8,-8],[4,1],[12,-13],[-28,-37],[0,-1],[4,-3],[4,-4],[-5,-3],[2,-4],[-11,0],[0,-7],[-24,7],[-4,-14],[-5,-13],[9,-9],[-4,-8],[-8,4],[-6,-4],[-3,-2],[1,-7],[-1,1],[-5,1],[-1,-2],[-3,-14],[0,-6],[0,-18],[8,25],[18,-13],[0,-23],[-3,-8],[-9,-3],[-11,-13],[7,-2],[-9,-12],[-8,0],[-14,4],[-22,2],[3,-16],[1,-6],[-9,-11],[-32,-4],[-1,2],[0,-2],[-17,-8],[-5,-9],[-6,-8],[-7,-6],[-10,-2],[-3,-3],[-17,-16],[-20,5],[-10,6],[-8,9],[-29,36],[-23,14],[-14,-20],[-14,-8],[-13,-9],[-11,-14],[-16,-3],[-6,-24],[-9,-32],[5,-5],[16,-24],[-10,-13],[-52,3],[-26,5],[-22,6],[-53,5],[-17,-30],[-11,-31],[-43,23],[-12,12]],[[1523,631],[-12,-28],[-3,-7],[-3,-6],[-14,-8],[-11,4],[-36,-23],[19,-37],[-2,-44],[31,-35],[13,-55],[-4,-37],[-23,-18],[45,-30],[15,-24],[-1,-3],[0,-28],[32,0],[-13,-56],[-52,14],[-39,19],[-35,3],[-10,17],[-27,0],[-43,-30],[20,-54],[-13,-14],[-65,1],[-2,-24],[-39,-47],[14,-40],[-24,-18],[-1,-8],[-16,6],[-27,-9],[3,-6],[-30,-6],[-25,48],[-23,6],[11,44]],[[1133,98],[7,30],[-18,8],[21,29],[-26,15],[24,31],[-24,20],[13,40],[-54,40],[-51,53],[29,35],[-27,74],[-11,19],[-7,45],[-2,1],[-21,2],[-16,-5],[-7,-7],[-10,-2],[-14,2],[-22,5],[-11,-14],[-11,-6],[-14,23],[-20,18],[31,25],[13,3],[6,4],[11,14],[-13,30],[-43,40],[5,12],[3,12],[28,-27],[7,-7],[1,-1],[5,-2],[1,-1],[1,-1],[3,-2],[2,-4],[2,-1],[4,-2],[3,-2],[2,-1],[2,-2],[-2,-2],[3,-2],[0,-2],[3,-2],[1,-1],[5,1],[1,-1],[1,9],[8,3],[6,-2],[-4,-5],[2,-3],[2,-1],[1,0],[1,-12],[-12,-13],[4,-6],[3,0]],[[958,602],[18,2],[3,0]],[[979,604],[7,-2]],[[986,602],[7,-1],[11,2],[8,0],[0,1],[0,1],[0,2],[-1,1],[-12,23],[-2,0],[0,2],[-4,-1],[0,-3],[-4,-1],[0,0],[0,-1],[0,0]],[[989,627],[-1,0]],[[988,627],[-2,-1],[0,-1],[-2,1]],[[984,626],[-3,2],[2,4],[5,2],[0,0],[-1,3],[-1,0],[-1,1],[-1,0],[-2,2],[-2,5],[9,10],[-3,5],[-1,4],[12,9],[-5,16],[37,47],[-34,7],[-2,-8],[-3,-1],[-2,1],[-1,0],[-4,2],[-6,0],[-1,-8],[4,-15],[-4,-4],[-4,5],[-20,1],[-6,7],[0,1],[0,0],[-3,3],[4,3],[2,2],[8,18],[1,2],[-1,2],[-1,1],[-3,1],[0,5],[-5,10],[-7,39],[19,-29],[46,13],[32,-20],[13,2],[8,11],[-7,5],[10,13],[-6,2],[0,0],[-20,4],[-6,-7],[-12,-6],[11,18],[-2,8],[2,5],[2,16],[11,-3],[3,1],[5,0],[3,2],[2,-1],[2,-3],[3,-1],[4,0],[2,4],[5,-1],[3,3],[4,0],[1,1],[2,3],[1,2],[2,20],[3,3],[-2,0],[-3,0],[-3,26],[32,3],[5,0],[-1,-5],[6,5],[3,2],[2,3],[3,4],[4,2],[1,0],[-1,2],[0,1],[1,2],[0,3],[1,0],[2,2],[-1,2],[2,5],[0,1],[1,0],[4,0],[0,1],[1,1],[-1,2],[1,1],[0,0],[0,0],[-3,1],[-3,2],[0,1],[1,2],[2,3],[0,2],[1,4],[-1,3],[-1,2],[-2,0],[-1,2],[0,2],[0,2],[-2,1],[-3,3],[0,0],[2,2],[2,1],[1,2],[1,1],[3,2],[1,1],[2,2],[2,1],[-1,1],[-3,1],[-1,1],[0,1],[2,1],[-4,4],[-2,1],[0,1],[0,1],[1,5],[-5,5],[11,16],[-14,12],[-28,16],[-6,19],[-19,22],[0,38],[-20,-2]],[[1057,1123],[42,15],[16,-25],[14,-27],[34,17],[24,18],[11,-40],[19,-13],[37,12],[16,2],[44,-15],[21,-12],[-11,-18],[0,-28],[5,-13],[8,1],[12,-17],[8,-5]],[[982,610],[-2,-1],[0,0],[-1,-1],[1,-2],[-1,-1],[0,-1]],[[958,602],[7,10],[11,8],[2,-1]],[[978,619],[-1,-1],[1,0],[1,-1],[6,1],[0,-5],[-1,0],[0,1],[-2,0],[0,-4],[0,0]],[[986,602],[1,2],[0,6]],[[987,610],[1,6],[3,0],[0,1],[1,0],[-2,5],[1,0],[0,1],[1,0],[0,1],[-1,1],[-1,0],[-1,2]],[[987,610],[0,0],[0,0],[-4,-1],[-1,0],[0,1]],[[978,619],[1,0],[5,2],[-1,2],[0,0],[-1,1],[2,2]],[[988,627],[1,0]],[[1133,98],[-84,2],[-105,33],[3,27],[-47,-12],[-50,5],[-45,47],[-4,35],[-12,23],[2,16],[-60,-4],[-18,-43],[-48,53],[-42,21],[-7,-4],[-31,-9],[23,48],[20,27],[-25,40],[-2,41],[-29,-19],[-33,-32],[-23,-8],[-27,-6],[-21,-10],[-61,-20],[-9,19],[-22,-4],[-24,-39],[6,-28],[-30,-12],[-51,-29],[-38,0],[-32,-25],[-33,27],[-5,47],[1,36],[-53,8],[0,1],[-1,3],[0,2],[-2,1],[-1,2],[-1,0],[-1,1],[-2,5],[-3,2],[0,4],[-2,4],[0,2],[-1,2],[-2,2],[-1,3],[-2,1],[-1,2],[1,3],[0,0],[-3,3],[-1,2],[-1,1],[-1,1],[-1,1],[-2,4],[-2,1],[-1,2],[-2,1],[-2,0],[-2,3],[-1,1],[-2,2],[-1,2],[0,3],[4,6],[0,3],[-1,5],[-1,1],[-1,3],[-1,0],[-2,1],[0,2],[-2,4],[-2,2],[-3,2],[-2,0],[-5,2],[-6,4],[-1,0],[-3,-1],[-3,0],[-2,0],[-2,4],[-3,1],[-1,2],[0,1],[-2,0],[-2,2],[0,4],[-1,1],[-1,2],[0,1],[-2,0],[0,1],[-1,2],[0,2],[-2,1],[-2,0],[-4,2],[-2,0],[-3,1],[-1,1],[-1,0],[-1,1],[-3,0],[-1,2],[-2,0],[-1,0],[0,1],[-1,0],[-3,0],[-2,2],[-1,2],[1,6],[6,3],[24,33],[27,12],[9,10],[15,34],[-1,23],[36,-13],[40,21],[15,-6],[10,19],[23,21],[30,-5],[23,10],[8,11],[-9,22],[-7,36],[-3,20],[10,1],[21,6],[11,5],[8,6],[28,1],[14,-21],[6,-11],[13,-4],[14,21],[17,19],[8,-19],[19,-1],[-2,-11],[7,-12],[10,-4],[43,-18],[14,-1],[19,5],[2,13],[2,4],[12,-9],[9,36],[24,6],[18,12],[3,-2],[2,29],[10,55],[37,30],[15,-60],[21,64],[10,12],[-29,17],[-13,26],[14,15],[-4,25],[-12,32],[20,14],[1,21],[0,1],[-1,4],[0,2],[-1,2],[-1,2],[-2,2],[-2,1],[-2,3],[0,2],[-2,1],[0,1],[-1,2],[-1,2],[1,3],[0,2],[-1,0],[0,0],[0,0],[-1,0],[0,1],[-1,3],[-1,4],[0,3],[0,1],[26,-7],[11,-20],[25,-8],[7,67],[-12,10],[33,16],[-1,26],[12,29],[11,27],[9,35],[8,2],[9,65],[25,7],[3,1],[30,-20],[56,-30],[44,-30],[49,-7],[1,-32],[37,-11],[-6,-14],[-22,-60],[26,-16],[12,-1],[-1,4],[1,3],[2,1],[4,-1],[1,0],[1,2],[1,0],[1,-1],[1,-4],[2,-2],[18,5]]],"objects":{"233":{"type":"GeometryCollection","geometries":[{"arcs":[[0,1]],"type":"Polygon","properties":{"WARD":"10503001","PROVINCE":"Western Cape","CAT_B":"WC053","MUNICNAME":"Beaufort West Local Municipality","WARDNO":1,"VOTERS":3507,"Area":5408.0487136,"Shape_Leng":4.09442961039,"Shape_Area":0.51610505101,"ID":314,"POPULATION":7454,"DENSITY":1.378315986920551}},{"arcs":[[-1,2,3,4,5,6,7,8,9,10]],"type":"Polygon","properties":{"WARD":"10503002","PROVINCE":"Western Cape","CAT_B":"WC053","MUNICNAME":"Beaufort West Local Municipality","WARDNO":2,"VOTERS":3102,"Area":6255.33922942,"Shape_Leng":5.75772091351,"Shape_Area":0.599713922908,"ID":315,"POPULATION":6519,"DENSITY":1.0421497157724}},{"arcs":[[11,-5,12,13]],"type":"Polygon","properties":{"WARD":"10503003","PROVINCE":"Western Cape","CAT_B":"WC053","MUNICNAME":"Beaufort West Local Municipality","WARDNO":3,"VOTERS":3558,"Area":3.87786675466,"Shape_Leng":0.101042377659,"Shape_Area":0.00037158871818,"ID":316,"POPULATION":7280,"DENSITY":1877.3208211065235}},{"arcs":[[14,15,-7]],"type":"Polygon","properties":{"WARD":"10503004","PROVINCE":"Western Cape","CAT_B":"WC053","MUNICNAME":"Beaufort West Local Municipality","WARDNO":4,"VOTERS":2828,"Area":8.14464516104,"Shape_Leng":0.131545224994,"Shape_Area":0.000780407133003,"ID":317,"POPULATION":5348,"DENSITY":656.6277467288836}},{"arcs":[[16,-14,17,-9,18,-16]],"type":"Polygon","properties":{"WARD":"10503005","PROVINCE":"Western Cape","CAT_B":"WC053","MUNICNAME":"Beaufort West Local Municipality","WARDNO":5,"VOTERS":3961,"Area":1.85581960315,"Shape_Leng":0.0906999375793,"Shape_Area":0.000177812263622,"ID":318,"POPULATION":7103,"DENSITY":3827.419425866409}},{"arcs":[[-15,-6,-12,-17]],"type":"Polygon","properties":{"WARD":"10503006","PROVINCE":"Western Cape","CAT_B":"WC053","MUNICNAME":"Beaufort West Local Municipality","WARDNO":6,"VOTERS":2876,"Area":0.770610345335,"Shape_Leng":0.0388680671118,"Shape_Area":0.000073845576329,"ID":319,"POPULATION":4921,"DENSITY":6385.847308941514}},{"arcs":[[-10,-18,-13,-4,19]],"type":"Polygon","properties":{"WARD":"10503007",