{"type":"Topology","transform":{"scale":[0.00036823888578902184,0.0002851562510776003],"translate":[27.41596000000004,-31.73221000299998]},"arcs":[[[1207,694],[32,48],[-29,21],[-19,46],[-7,-2],[0,14],[6,4],[2,8],[-4,9],[1,2],[3,10],[4,5],[3,2],[0,1],[-9,5],[-17,21],[-5,3],[-10,11],[-5,5],[-16,3],[-8,1],[-7,-5],[-13,3],[-9,3],[-34,2],[-21,6],[-5,3],[-6,8],[-4,17],[-11,20],[-2,2],[-10,5],[-5,6],[-16,49],[0,5],[2,8],[-8,20],[-1,0],[-10,11],[-40,19],[5,86],[20,45],[67,77],[2,6],[24,53],[33,63]],[[1080,1423],[13,-11]],[[1093,1412],[16,-14]],[[1109,1398],[18,-15],[11,11],[-5,8],[5,2],[3,2],[-3,8],[-4,3],[3,6],[-9,10],[4,6],[4,2],[-5,8],[-2,5],[-4,29],[-4,79],[-1,15],[-4,22],[32,3],[41,-24],[35,51],[58,38],[49,31]],[[1331,1698],[68,49],[156,-22],[22,-56],[53,-9],[60,-78],[34,-22],[14,-30],[23,-45],[44,-53],[56,35],[27,75],[27,-27],[69,-1],[-10,-42],[24,4],[41,4],[17,21],[67,-41],[22,4],[28,7],[16,-41],[20,-20],[29,-3],[37,-11],[-2,-41],[-3,-14],[-1,-24],[25,-48],[-217,-79],[-31,-36],[-34,4],[-112,-114],[-21,-25],[-23,8],[-25,-62],[-41,-34],[-56,10],[-16,-147],[-151,-69],[-15,-26],[-33,-8],[-9,-9],[-48,10],[-33,1],[-11,-4],[-4,1],[-1,-2],[-7,4],[-8,10],[-2,4],[2,8],[-48,-11],[-15,-26],[-37,-41],[-55,46],[-36,12]],[[1109,1398],[-16,14]],[[1080,1423],[4,2],[4,-2],[3,1],[-1,5],[3,10],[-2,0],[0,2],[2,-1],[1,8],[1,1],[-1,3],[-3,1],[0,3],[-19,7],[-7,4],[-5,7],[0,8],[-25,6],[-18,1],[-9,6],[-24,41],[-41,27],[-8,36],[0,10],[-25,20],[-17,30],[-22,84]],[[871,1743],[31,50],[13,-1],[19,62],[70,2],[61,-41],[19,25],[48,-3],[106,18],[18,-15],[24,-32],[45,-37],[6,-73]],[[1207,694],[-39,-22],[-30,14],[-239,-69],[-22,-10],[-13,-16],[-1,-2]],[[863,589],[-24,11],[-24,23],[0,7],[2,11],[3,3],[4,10],[-2,3],[-3,1],[-2,4],[-4,9],[0,9],[1,4],[-1,3],[1,1],[0,3],[-3,2],[-1,3],[-2,3],[0,1],[-7,5],[-1,2],[-3,1],[-4,4],[1,3],[-7,10],[0,5]],[[787,730],[-3,4],[0,3],[-1,5],[-2,1],[-1,3],[-4,4],[-1,4],[7,13],[2,8],[-3,3],[-19,25],[-7,12],[-5,11],[-5,6],[0,3],[2,6],[-3,2],[-3,6],[-6,-1],[0,-1]],[[735,847],[-20,0],[2,-3],[-3,-3],[-1,-6],[-1,-1],[-7,-5],[-9,-3],[-5,-4],[-5,-8],[-2,-5],[1,-3],[4,-9],[0,-2],[-2,-2],[-9,3],[-9,1],[-8,5],[-10,4],[-5,-1],[-9,10],[-4,7],[-7,1],[-4,4],[-2,4],[1,2],[-1,1],[-7,0],[0,3],[-3,0],[-2,-1],[-4,-4],[-10,-3],[-16,6],[-10,8],[-1,4],[-8,10],[-2,-1],[-4,2],[-5,-2],[-5,-4],[-2,2],[-9,11],[-5,-1],[-2,-5],[-4,-3],[0,8],[-7,-4],[-14,-2],[-8,-10],[-3,-2],[-3,0],[-6,7],[-8,-1],[-2,1],[-4,7],[-3,0],[-2,8]],[[461,868],[0,2],[-45,111]],[[416,981],[80,31],[0,27],[-25,66],[-35,0],[1,54],[2,44],[37,24],[-33,77],[0,11],[8,-3],[5,-7],[7,4],[3,1],[6,-8],[0,-3],[-1,-3],[1,-1],[8,92],[6,5],[3,1],[9,-6],[29,90],[8,28],[44,36],[-10,57],[-22,28],[1,56],[-4,57],[21,43],[17,6],[136,-19],[81,38],[-11,-46],[73,-12],[10,-6]],[[787,730],[-1,-4],[1,-1],[-1,-1],[1,-1],[-11,-18],[-4,-1],[-19,13],[-11,-22],[-3,-22],[-5,2],[-3,4],[-3,0],[-7,5],[-3,0],[-5,4],[-5,0],[0,2],[-3,-1],[0,-7],[-3,-4],[-2,1],[-9,-1],[-2,3],[-6,3],[0,3]],[[683,687],[4,0],[7,2],[3,9],[-3,11],[3,10],[-5,8],[1,2],[3,2],[0,3],[-4,6],[7,11],[2,4],[-1,4],[2,10],[-1,6],[1,1],[2,1],[5,-1],[0,1],[-5,14],[0,3],[2,3],[6,2],[2,0],[5,-3],[4,1],[7,4],[9,8],[3,5],[-4,5],[0,4],[4,4],[1,4],[-2,6],[-6,10]],[[863,589],[-4,-22],[1,-41],[-10,-29]],[[850,497],[-89,11],[-34,31],[-1,-27],[-10,8],[-6,2]],[[710,522],[-2,5],[-12,5],[-4,4],[-2,4],[0,8],[2,3],[4,-3],[6,0],[6,9],[2,8],[-6,18],[-7,1],[-6,-2],[-5,8],[1,1],[-3,5],[-1,5],[3,3],[6,3],[1,9],[-6,12],[0,3],[-3,3],[-1,-1],[-2,-3],[-2,-2],[-1,0],[-1,2],[1,9],[6,8],[0,2],[-10,0],[-6,4],[-8,0],[-6,3],[-1,2],[-2,0],[-1,2],[2,2],[18,7],[1,2],[-1,7],[2,7],[4,6],[2,0],[5,-4]],[[710,522],[-15,-1],[-5,-4],[-2,-3],[0,-14],[5,-11],[2,-7],[-5,-7],[-1,-6],[1,-4],[4,-5],[2,-7],[-41,10],[-27,15],[-24,16],[-33,14],[-40,-18],[-115,-32]],[[416,458],[2,37],[-45,81],[-18,53],[-3,64],[26,111],[15,-1],[23,9],[14,7],[11,27],[17,2],[3,20]],[[416,458],[-3,2],[0,-1]],[[413,459],[-16,5],[-39,18],[-5,2],[1,2],[-91,21],[-23,3],[-14,8],[-3,5],[-7,-3],[-7,2],[-2,2],[-4,1],[-7,-5],[-6,-2],[-3,-4],[-3,-2],[-2,0],[-1,4],[-1,-1],[0,-2],[-15,-9],[5,-4],[0,-3],[5,-2],[2,-5],[3,-3],[1,-5],[3,0],[0,-2],[-3,-1],[0,-2],[-2,0],[-1,-1],[2,-3],[2,2],[0,-2],[-3,-4],[2,-2],[2,0],[0,-1],[-1,-1],[0,-3],[-1,-1],[4,-9],[-2,-10],[2,-2],[2,1],[-2,-8],[1,-2],[0,1],[1,0],[0,-3],[-35,-6],[0,-3],[-4,-5],[-3,-1],[-4,-5],[-9,-2],[-4,-5],[-3,-3],[-4,-7],[-1,-6],[-2,2],[-8,1],[-7,-3],[-8,-1],[-10,6],[-2,-1],[-6,-2],[-15,0],[-7,1],[-7,-8]],[[48,381],[-16,19],[-15,8],[8,2],[3,2],[4,7],[14,4],[9,0],[11,-5],[3,-1],[3,2],[0,5],[-1,2],[-11,5],[-4,7],[1,1],[-7,14],[1,3],[1,5],[-3,6],[0,10],[-2,3],[-3,0],[-5,10],[-2,5],[2,5],[3,2],[1,-2],[1,8],[-3,7],[4,4],[5,1],[4,5],[3,0],[5,-4],[3,-5],[0,9],[3,5],[3,4],[-7,6],[-2,4],[-5,2],[-3,8],[-1,9],[-3,4],[-5,-2],[-7,2],[-4,-1],[-5,6],[-2,9],[4,11],[-9,16],[-3,-2],[-4,1],[-3,3],[0,3],[2,5],[3,1],[2,-3],[1,1],[1,4],[-1,6],[-3,2],[0,5],[-12,7],[0,2],[1,1],[0,3],[-2,3],[-2,8],[-1,2],[-1,2],[5,6],[4,-1],[0,3],[-4,2],[-4,-1],[-1,4],[2,3],[5,3],[3,5],[4,0],[2,1],[6,11],[0,2],[4,-2],[5,0],[6,0],[10,3],[8,-18],[0,-2],[4,-5],[5,-2],[11,-22],[4,-19],[5,-3],[10,-9],[4,3],[19,1],[6,-3],[2,6],[0,19],[-6,4],[4,6],[1,7],[-12,13],[-1,14],[4,8],[-1,10],[-3,10],[-4,4],[-13,1],[-4,-3],[-5,0],[-5,-5],[-9,-6],[-6,7],[0,7],[-5,3],[-6,10],[0,6],[-9,10],[-3,8],[3,6],[1,11],[-2,13],[4,5],[3,6],[5,25],[8,3],[8,-1],[12,-10],[11,-4],[9,3],[18,19],[3,4],[3,8],[2,0],[5,5],[3,0],[11,-2],[5,4],[4,8],[1,16],[2,3],[14,5],[10,1],[7,-7],[-1,-9],[1,-7],[4,-5],[5,-1],[3,9],[3,4],[5,10],[7,7],[12,6],[5,1],[26,-3],[1,3],[-1,17],[2,5],[9,17],[22,19],[121,26]],[[413,459],[-1,-6],[2,-1],[8,0],[6,3],[9,-2],[7,1],[11,-1],[16,-4],[11,-2],[4,-4],[12,0],[11,-11],[3,-1],[6,-5],[0,-2],[3,-6],[1,-2],[3,-1],[-8,-7],[-5,0],[-5,-3],[-3,0],[-9,-6],[-4,3],[-6,-2],[-1,1],[-9,5],[0,-8],[-10,-10],[0,-4],[0,-4],[3,-4],[0,-3],[1,-4],[-1,-7],[-2,-7],[1,-3],[15,-4],[3,-4],[4,-1],[6,-3],[1,-6],[13,-18],[1,-2],[-3,-2],[-2,-5],[0,-5],[1,-4],[1,-1],[1,-6],[-1,-2],[-2,-1],[-4,-9],[-4,-4],[-4,-4],[18,-19],[5,1],[10,5],[6,1],[5,-3],[2,-4],[1,-5],[-2,-6],[3,-4],[1,-3],[10,1],[7,-3],[6,-7],[-1,-1],[1,-4],[-1,-2],[3,-1],[2,-2],[3,-5],[3,-1],[-1,-3],[-16,-15],[-3,0],[-5,-1],[-16,-11],[-21,-25],[8,-14],[-11,-6],[12,-28],[0,-27],[11,-6]],[[533,73],[-11,-13],[-107,-17],[-22,28],[-3,1],[-2,-2],[-2,4],[-3,-1],[-5,1],[-1,-1],[-1,2],[-2,-1],[-1,2],[-4,2],[-5,-5],[-1,-3],[-3,-1],[-1,-6],[4,-4],[-2,-6],[-4,-2],[-7,2],[-4,-3],[-6,-11],[-1,-4],[-2,-3],[-1,-2],[-6,-6],[-5,1],[3,5],[-1,2],[-12,-8],[-11,-5],[-4,-1],[0,2],[-3,5],[-2,0],[-4,4],[-2,1],[-3,-1],[0,2],[-5,3],[-2,-1],[-1,3],[-4,3],[-5,0],[-9,5],[-11,1],[-7,0],[-2,-2],[-2,0],[-6,-3],[-10,-11],[-3,-2],[-9,0],[-3,-3],[-1,-5],[-11,-8],[-7,-1],[-2,-1],[-6,1],[-3,-2],[-5,-7],[-7,-1],[52,110],[-28,13],[-13,9],[-81,16],[9,41],[-46,6],[-2,5],[-4,3],[0,2],[1,2],[2,1],[5,-1],[0,2],[-3,3],[-1,1],[4,14],[-1,5],[-6,3],[0,7],[7,6],[-2,7],[1,1],[4,2],[1,5],[3,3],[5,-3],[2,0],[6,8],[2,3],[-3,2],[-2,5],[0,7],[-3,2],[1,6],[-1,1],[-18,0],[-2,1],[0,5],[-7,1],[-9,0],[-3,2],[-2,0],[-4,3],[1,3],[-3,5],[7,12],[5,7],[-2,5],[11,1],[4,34],[-4,5]],[[850,497],[-9,-61],[17,-16],[12,-29],[27,-51],[0,-16],[23,-33],[5,-10],[5,-15],[-11,-12],[-10,-13],[-19,-14],[-8,-15],[2,-18],[-14,-30],[-2,-14],[-8,-11],[-2,-10],[-20,-33],[-5,-6],[-21,17],[-17,0],[0,-10],[-34,-28],[-5,-3],[-3,0],[-1,2],[-4,0],[-4,2],[-6,-1],[-1,1],[-2,-2],[-9,0],[-1,-1],[-21,-4],[-6,15],[-2,2],[-6,0],[1,-8],[-16,-24],[-8,-40],[-21,4],[-12,22],[-43,33],[-43,-18],[-15,24]]],"objects":{"24":{"type":"GeometryCollection","geometries":[{"arcs":[[0,1,2,3,4]],"type":"Polygon","properties":{"WARD":"21308001","PROVINCE":"Eastern Cape","CAT_B":"EC138","MUNICNAME":"Sakhisizwe Local Municipality","WARDNO":1,"VOTERS":3675,"Area":915.482876939,"Shape_Leng":1.47652816132,"Shape_Area":0.0868064222479,"ID":843,"POPULATION":8255,"DENSITY":9.017099290378146}},{"arcs":[[-4,5,-2,6,7]],"type":"Polygon","properties":{"WARD":"21308002","PROVINCE":"Eastern Cape","CAT_B":"EC138","MUNICNAME":"Sakhisizwe Local Municipality","WARDNO":2,