{"type":"Topology","transform":{"scale":[0.00040982694200186786,0.0003456546176706921],"translate":[26.421340000000043,-31.455249996999953]},"arcs":[[[570,1453],[46,-2],[60,-7],[64,17],[41,-44],[65,33],[37,52],[40,36],[7,13],[31,51],[42,73],[47,3],[22,0],[73,2],[18,19],[87,90],[-1,3],[-3,4],[-2,1],[-7,2],[-8,3],[-6,3],[-5,5],[-1,3],[1,2],[2,2],[0,6],[1,2],[0,7],[0,3],[-6,9],[-3,3],[-2,1],[-5,2],[-7,-1],[-8,-4],[-2,1],[17,67],[27,39],[22,11],[0,54],[-98,93],[33,64],[30,-37],[7,3],[5,1],[23,58],[-49,8],[-70,29],[5,62]],[[1140,2298],[4,-3],[1,-2],[3,-4],[11,-9],[8,-4],[4,-1],[4,0],[12,2],[7,5],[3,1],[15,3],[5,1],[5,-1],[16,-3],[6,1],[6,2],[2,0],[4,1],[17,7],[9,6],[5,5],[2,2],[1,4],[0,4],[-2,6],[-4,7],[-3,3],[-3,8],[-6,9],[-1,3],[-2,3],[-3,5],[-5,6],[-5,9],[-4,8],[-6,6],[-5,6],[-1,7],[0,4],[1,4],[4,6],[3,4],[12,1],[3,2],[2,2],[8,12],[4,6],[7,9],[5,4],[6,2],[7,2],[8,2],[7,3],[14,6],[10,4],[10,2],[5,3],[13,3],[13,1],[7,3],[19,3],[7,1],[6,-1],[3,-1],[2,-2],[3,-6],[4,-11],[4,-7],[4,-4],[5,-2],[4,0],[9,3],[21,2],[4,2],[2,2],[7,6],[3,4],[1,0],[1,-2],[1,-1],[-1,-2],[1,-1],[2,0],[2,2],[2,0],[2,1],[4,0],[2,-3],[1,-3],[2,-3],[0,-2],[-2,-1],[-5,-1],[-7,-5],[-3,-3],[0,-2],[2,-1],[5,0],[2,-1],[2,-4],[3,-2],[4,-5],[3,-1],[0,-6],[1,-1],[3,-4],[1,0],[2,-7],[1,-1],[5,-3],[1,0],[2,-2],[2,0],[5,2],[1,2],[2,4],[3,3],[1,3],[4,3],[1,2],[3,2],[7,-3],[2,0],[4,-1],[4,-4],[5,-1],[1,-1],[1,-1],[-1,-2],[-4,-5],[0,-3],[1,-2],[2,-2],[4,1],[4,1],[1,0],[1,-1],[-1,-4],[1,-2],[3,-3],[1,-4],[3,-2],[4,-1],[1,-2],[2,-4],[3,-3],[5,2],[3,-1],[5,1],[5,-2],[1,-3],[3,-1],[2,1],[2,2],[2,4],[0,2],[1,0],[2,-1],[4,0],[1,-1],[1,0],[1,1],[2,-1],[1,-1],[-1,-1],[1,-4],[-1,-1],[1,-1],[1,0],[1,0],[2,1],[1,3],[1,0],[1,-1],[2,-1],[2,1],[1,1],[2,-1],[1,1],[1,0],[1,1],[3,-1],[1,1],[2,-2],[3,2],[0,-1],[0,-2],[1,-2],[0,-2],[1,-1],[1,-2],[2,0],[2,-3],[1,0],[1,-1],[1,-4],[-1,-2],[0,-2],[1,-2],[0,-3],[2,-3],[2,-5],[3,0],[-1,-1],[-1,0],[0,-1],[0,-1],[4,-2],[-1,-1],[1,-2],[-1,-1],[1,-2],[-3,-1],[-1,-3],[1,-1],[0,-1],[-1,-2],[0,-3],[0,-1],[-1,-2],[-3,-2],[-2,-5],[-1,1],[-2,-1],[0,-1],[-2,-2],[-1,-2],[1,-1],[-2,-2],[0,-1],[3,-2],[1,-1],[1,-1],[2,-2],[0,-2],[-2,-2],[0,-3],[41,5],[6,-15],[-61,-64],[8,-14],[4,-27],[17,-19],[-2,-64],[54,-15],[6,-38],[-14,-25],[-38,-74],[1,1],[6,-2],[0,-1],[142,-54],[-22,-92],[-7,-7],[-47,-44],[-43,-154],[3,0],[1,-2],[0,-1],[3,-2],[1,-3],[6,-2],[5,-1],[4,-6],[4,-3],[2,-3],[2,-1],[4,-3],[5,-3],[4,-1],[2,-1],[0,-2],[1,-2],[0,-1],[-2,-2],[-1,-5],[-1,-1],[-5,-4],[-9,-4],[-2,-2],[-2,-3],[-1,-2],[-4,-7],[1,-4],[3,-4],[4,-4],[3,-3],[9,-13],[1,-10],[-2,-5],[-1,-13],[1,-1],[2,-6],[1,-2],[1,-1],[4,-2],[3,0],[3,1],[5,5],[6,4],[2,2],[4,0],[3,-1],[1,-2],[2,-8],[-1,-10],[-1,-1],[0,-3],[2,-2],[2,-4],[1,-1],[3,0],[3,1],[3,3],[3,2],[1,1],[1,6],[1,12],[3,7],[3,-1],[3,-3],[3,-5],[-3,-71],[-12,-28],[-36,-13],[-17,-14],[-9,-14],[-5,-7],[43,-145],[-70,-30],[84,-74],[20,15],[41,-60],[30,12],[39,-135],[-81,-24],[-24,12],[-6,-16],[-2,-1],[-6,-12],[1,-20],[-4,-5],[7,-22],[-14,-19],[21,-98],[-15,-4],[-5,-48],[-1,-22],[1,-50],[74,-69],[114,68],[9,-6],[24,-13],[41,6],[59,-78],[1,-68],[1,-42],[-2,-31],[-51,1],[-48,-14],[-61,-20],[-137,-47],[-19,-32],[-89,-138],[-34,16],[-42,79],[-32,-11],[-35,52],[-12,16],[-9,4],[10,32],[-49,49],[-74,-47],[-14,14],[-82,44],[-41,-59],[-65,50],[-127,-99],[5,-58],[-70,-40],[-22,-69],[-101,8],[-60,25],[-58,12],[-34,9],[-31,-84],[-76,-16],[-47,38],[-64,-27],[-50,-21],[-1,21],[-2,1],[2,4],[-8,118],[-41,97],[26,0],[28,-2],[70,0],[19,56],[-12,39],[1,53],[77,85],[25,43],[1,73],[-5,42],[-7,73],[-36,44],[0,15],[108,62],[5,35],[10,127],[65,-7],[21,39],[-27,61],[-58,9],[-53,-28],[-74,-4],[-8,40],[3,38],[72,50],[-19,52],[-109,24],[-27,62],[-18,16],[-19,42],[44,73]],[[598,2256],[22,-50]],[[620,2206],[8,-18],[4,-11]],[[632,2177],[1,-2],[2,-1],[2,-2],[4,-9],[3,-2],[1,0],[5,3],[4,8],[3,3],[3,2],[7,0],[1,4],[-2,5],[1,9],[1,0],[5,0],[3,0],[3,-2],[3,-1],[3,2],[1,-4],[3,-3],[2,2],[2,3],[1,0],[2,-44],[-14,8],[-36,-27],[31,-115],[17,-15],[29,10],[4,3],[16,4],[51,21],[24,7],[7,3],[40,-3],[1,3],[-8,20],[0,2],[1,3],[4,2],[3,1],[12,-1],[4,1],[6,7],[-17,50]],[[871,2132],[-2,4],[-1,3],[0,2],[1,7],[1,4],[0,12],[-1,9],[-1,6],[-2,2],[-2,0],[-5,-3],[-1,-6],[-1,-2],[-9,-6],[-5,-2],[-6,0],[-11,11],[-6,8],[-10,10],[-7,4],[-3,1],[-8,5],[-10,5],[-2,2],[0,3],[2,1],[1,1],[2,3],[3,7],[1,2],[4,4],[3,1],[4,1],[3,1],[7,6],[2,5],[1,16],[-3,15],[-4,9]],[[806,2283],[3,1],[4,4],[12,11],[6,8],[2,1],[7,2],[8,4],[11,14],[4,5],[3,1],[23,10],[6,2],[5,2],[5,2],[16,7],[10,3],[6,0],[9,-1],[5,-3],[6,-4],[1,-1],[7,-9],[8,-9],[8,-11],[4,-6],[8,-14],[3,-4],[14,-18],[2,-2],[5,-3],[2,-2],[2,-3],[2,-6],[1,-3],[4,-18],[2,-5],[2,-3],[2,-1],[6,-2],[6,-1],[10,-2],[6,0],[17,2],[11,3],[7,3],[6,3],[5,6],[2,2],[1,4],[1,5],[1,4],[-1,3],[-2,9],[-1,8],[0,8],[2,7],[1,2],[3,3],[3,1],[5,1],[5,0],[3,0],[3,-1],[4,-2],[2,-2]],[[570,1453],[4,41],[-25,17],[-67,-36],[-30,19],[-4,46],[12,11],[9,3],[-12,16],[-6,-4],[-3,-8],[-2,-2],[-6,39],[-11,56],[-40,12],[-23,7],[-14,3],[-2,13],[-2,46],[-3,71],[-11,15],[74,32],[-56,54],[-66,-4],[-67,-1],[-21,-1],[-83,-8],[-17,52],[-98,21],[3,9],[3,2],[4,6],[1,1],[2,6],[2,4],[3,4],[10,12],[0,1],[0,4],[0,3],[-1,3],[-2,3],[2,17],[0,1],[1,2],[1,2],[2,0],[7,0],[3,1],[3,2],[9,14],[2,2],[1,6],[1,2],[3,2],[1,2],[2,3],[0,3],[4,8],[0,4],[2,5],[5,5],[1,4],[0,3],[-1,1],[-10,9],[-7,9],[-3,3],[-2,3],[-2,13],[-2,4],[-1,2],[-5,3],[-3,0],[-6,0],[-5,0],[-3,1],[-2,4],[0,1],[0,3],[3,3],[4,2],[5,-1],[13,-5],[7,-1],[10,-1],[5,1],[4,2],[2,2],[1,3],[0,2],[-1,3],[-1,2],[-2,1],[-7,2],[-5,0],[-4,2],[-4,2],[-4,4],[-3,4],[-1,5],[-1,6],[-1,2],[-4,3],[-5,7],[-1,5],[2,13],[4,10],[3,3],[7,5],[1,1],[7,0],[5,0],[7,2],[1,1],[0,4],[2,2],[11,6],[5,7],[1,0],[3,1],[14,1],[8,0],[6,2],[7,0],[1,1],[0,2],[-2,3],[0,9],[0,7],[-1,3],[-5,5],[-4,4],[-10,13],[0,2],[0,2],[4,6],[1,5],[2,3],[0,1],[3,7],[2,3],[3,3],[2,2],[2,8],[3,7],[1,0],[13,2],[9,-3],[7,-1],[2,2],[0,3],[0,3],[-4,6],[3,0],[10,2],[8,0],[10,-1],[3,-1],[4,-1],[8,-3],[12,-9],[4,-3],[6,-3],[9,-3],[12,-6],[10,-9],[6,-6],[23,-16],[7,-6],[18,-16],[8,-10],[16,-6],[27,-6],[9,-1],[6,-1],[9,1],[9,2],[17,7],[4,2],[12,0],[3,-2],[9,-2],[17,0],[28,3],[14,3],[3,2],[7,-1],[4,-4],[2,-3],[4,-6],[3,-9],[4,-8],[1,-2],[0,-2],[-1,-2],[-3,-3],[-5,-3],[-10,-4],[-2,-2],[-3,-4],[-4,-10],[0,-11],[0,-9],[1,-3],[3,-5],[7,-3],[9,-1],[12,1],[14,2],[17,5],[2,1],[4,3],[9,7],[7,4],[2,2],[2,3],[1,4],[6,14],[5,8]],[[667,2206],[-2,-2],[-2,-4],[1,-2],[0,-1],[-18,-13],[-14,-7]],[[620,2206],[10,2],[1,2],[1,-3]],[[632,2207],[2,-6],[-1,-3],[3,0],[1,-1],[-1,-3],[2,0],[5,2],[1,4],[7,0],[0,7],[16,-1]],[[667,2206],[2,1],[2,3],[4,0],[0,-2],[3,0],[7,5],[30,1],[1,-3],[6,2],[0,-1],[0,-1],[-1,-3],[2,0],[0,-2],[4,-4],[-1,-3],[16,-15],[35,-35],[13,-7],[3,-1],[21,-9],[38,-15],[19,15]],[[632,2207],[14,0],[1,6],[5,-1],[1,-1],[8,-1],[0,4],[3,0],[0,4],[3,0],[0,-1],[6,0],[-1,3]],[[672,2220],[7,0],[2,1],[6,2],[9,3],[6,5],[12,15],[7,8],[5,6],[4,7],[6,10],[1,2],[6,3],[7,3],[10,1],[9,1],[8,0],[11,-1],[6,-2],[8,-2],[4,1]],[[598,2256],[7,12],[3,4],[3,3],[5,2],[4,2],[2,0],[3,-2],[8,-30],[4,-10],[5,-8],[4,-4],[7,-3],[10,-2],[9,0]]],"objects":{"27":{"type":"GeometryCollection","geometries":[{"arcs":[[0,1]],"type":"Polygon","properties":{"WARD":"21403001","PROVINCE":"Eastern Cape","CAT_B":"EC143","MUNICNAME":"Maletswai Local Municipality","WARDNO":1,"VOTERS":2868,"Area":3233.65982767,"Shape_Leng":3.84516282502,"Shape_Area":0.305658538128,"ID":888,"POPULATION":7435,"DENSITY":2.299252363028321}},{"arcs":[[2,3,4,5,6,-1,7]],"type":"Polygon","properties":{"WARD":"21403002","PROVINCE":"Eastern Cape","CAT_B":"EC143","MUNICNAME":"Maletswai Local Municipality","WARDNO":2,"VOTERS":3597,"Area":1055.50064665,"Shape_Leng":2.14939638006,"Shape_Area":0.0994674761025,"ID":889,"POPULATION":9000,"DENSITY":8.526759342653786}},{"arcs":[[8,-4,9,10]],"type":"Polygon","properties":{"WARD":"21403003","PROVINCE":"Eastern Cape","CAT_B":"EC143","MUNICNAME":"Maletswai Local Municipality","WARDNO":3,"VOTERS":3129,"Area":1.0275177718,"Shape_Leng":0.0582495455918,"Shape_Area":0.000096740648975,"ID":890,