{"type":"Topology","transform":{"scale":[0.0005264318018085868,0.00041816778005008566],"translate":[25.377820002000078,-31.485310001999945]},"arcs":[[[1069,2192],[6,0],[35,-2],[44,-79],[8,-24],[-27,-48],[48,-85],[34,-12],[8,-54],[-9,-58],[7,-39],[3,-9],[-32,-38],[0,-7],[5,0],[4,-1],[5,1],[20,-4],[4,-1],[1,0],[4,3],[4,0],[3,-1],[5,-4],[2,-3],[6,-8],[28,-3],[114,-22],[3,-36],[-3,-24],[3,-29],[-1,-9],[-41,-5],[-52,-58],[-2,-9],[-23,-60],[2,-3],[0,-2],[2,-2],[0,-3],[-46,-32],[-19,-18],[-7,-49],[-83,-72],[-7,-20],[-8,-63],[-69,25],[-4,-4],[-2,-7],[-3,-3],[0,-6],[2,-6],[-1,-2],[1,-2],[-4,-5],[0,-3],[0,-2],[-2,-2],[-2,-7],[-2,-3],[-6,-3],[-3,0],[-5,0],[-4,0],[-2,-1],[-3,-4],[-3,-1],[-3,2],[-2,8],[-4,6],[-4,0],[-5,-3],[-3,1],[-1,0],[-1,2],[-2,0],[-1,-1],[0,-6],[-3,-2],[1,-4],[-1,-4],[-2,-2],[-1,-1],[1,-3],[-1,-2],[-20,12],[-21,18],[-19,9],[-46,-2],[-25,-5],[17,-22],[-2,-10],[-17,-4],[-7,-13],[-13,-32],[-27,-6],[-9,-3],[-1,0],[-30,-3],[-13,-10],[-40,15],[-21,16],[-12,64],[-11,9],[3,17],[-8,34],[-2,30],[-6,12],[-16,0],[-9,12],[-13,-12],[-7,-17],[-1,-7],[-10,-16],[-7,-5],[-10,-15],[-9,-87],[-1,-6],[-61,-61],[-29,22],[-11,6],[-12,8],[-10,2],[-11,-3],[-25,-18],[-7,-3],[-12,7],[6,17],[5,0],[9,8],[-2,30],[-7,0],[-9,-12],[-20,-12],[-15,13],[3,2],[1,3],[-2,4],[-1,4],[-3,4],[1,2],[3,5],[0,2],[2,2],[-4,8],[-1,5],[2,3],[2,1],[2,2],[6,1],[3,2],[0,2],[-5,4],[-2,1],[-4,6],[0,0],[-1,-2],[-1,1],[0,3],[-50,1],[-36,-52],[-29,-3]],[[235,1143],[-32,2],[-17,37],[-1,17],[13,12],[5,10],[16,17],[34,28],[-9,13],[4,20],[-7,22],[11,11],[7,16],[2,24],[5,20],[0,4],[-3,-3],[-8,5],[-7,6],[-15,24],[-55,44],[26,48],[69,39],[53,101],[-3,3],[-44,-16],[-31,19],[-6,12],[-36,-2],[-12,13],[0,25],[0,21],[-12,38],[7,13],[-2,25],[-4,12],[-22,2],[0,16],[8,14],[-4,19],[0,12],[-2,17],[-5,10],[-1,5],[5,13],[17,12],[-4,10],[3,5],[-21,14],[-4,8],[-4,49],[12,21],[9,8],[0,1],[0,-4],[-1,-8],[1,-5],[2,-3],[2,-2],[3,-2],[5,-1],[3,-1],[3,1],[14,7],[7,6],[19,6],[11,4],[10,7],[5,6],[10,6],[7,5],[10,3],[8,2],[8,0],[14,-2],[28,-7],[6,0],[6,1],[5,2],[5,4],[7,5],[4,5],[23,32],[5,9],[3,3],[2,1],[5,2],[6,-1],[8,-5],[4,-4],[6,-15],[5,-16],[8,-15],[7,-13],[4,-5],[10,-6],[1,-2],[0,-6],[-1,-8],[-2,-5],[-11,-19],[-4,-6],[-7,-8],[-3,-5],[-1,-5],[0,-3],[3,-6],[2,-2],[6,-5],[5,-2],[12,-3],[13,-1],[20,4],[11,5],[13,8],[4,4],[9,9],[20,14],[3,2],[4,0],[4,-1],[7,-6],[6,-5],[2,-3],[0,-2],[0,-8],[-3,-9],[-7,-13],[-1,-11],[1,-4],[4,-7],[7,-6],[14,-11],[9,-6],[5,-2],[12,-4],[19,-3],[26,-2],[24,4],[13,-2],[3,-3],[7,-7],[3,-2],[4,-2],[5,-1],[3,0],[7,2],[7,3],[7,6],[5,6],[2,4],[2,10],[0,17],[0,29],[1,9],[2,9],[3,6],[2,3],[16,17],[3,2],[7,4],[7,2],[22,1],[13,-2],[13,4],[15,3],[7,-1],[6,-2],[4,-1],[4,0],[4,1],[4,3],[4,7],[6,14],[4,14],[3,7],[3,2],[2,2],[7,3],[6,2],[9,1],[13,-1],[16,-3],[3,1],[4,4],[2,4],[2,9],[0,8],[-2,11],[-3,7],[-2,4],[-4,5],[-7,8],[-3,4],[-4,10],[-10,19],[-1,3],[1,7],[-6,16],[1,5],[2,6],[11,20],[5,6],[4,4],[7,5],[5,2],[4,2],[6,1],[4,0],[4,-1],[4,-2],[3,-3],[4,-5],[9,-14],[8,-9],[5,-8],[10,-9],[6,-12],[3,-8],[0,-4],[-3,-7],[-5,-9],[0,-3],[1,-3],[1,-2],[5,-4],[7,-3],[7,0],[5,2],[6,5],[3,6],[1,5],[-2,21]],[[845,487],[2,-5],[11,11],[18,-12],[-2,-11],[-14,-2],[-8,-4],[-1,2],[-2,-2],[-1,4],[-2,0],[0,-5],[-3,0],[-1,0],[0,1],[-1,0],[-1,-4],[-4,1],[-8,6],[0,-1],[-3,1],[-17,-3],[-6,-3],[1,46],[38,-3],[4,-17]],[[1069,2192],[0,6],[0,6],[1,6],[2,5],[3,5],[11,14],[5,5],[6,5],[17,8],[12,8],[12,5],[8,1],[24,2],[10,0],[3,1],[35,8],[21,3],[5,1],[8,4],[17,10],[7,5],[3,1],[4,1],[5,1],[4,0],[11,-3],[11,0],[14,3],[11,4],[9,2],[8,3],[6,4],[3,1],[3,0],[5,-2],[4,-1],[6,-4],[5,-5],[2,-2],[9,-19],[4,-7],[2,-4],[2,-2],[24,-10],[6,-2],[4,-1],[5,1],[12,3],[4,4],[2,2],[2,4],[0,8],[-2,13],[0,6],[2,8],[-2,7],[-4,10],[-2,4],[-3,3],[-3,1],[-10,1],[-6,2],[-4,4],[-2,3],[-1,3],[0,11],[5,10],[6,8],[8,9],[10,8],[6,3],[6,2],[4,0],[17,0],[4,-2],[15,-7],[13,-10],[8,-8],[14,-14],[6,-8],[1,-4],[2,-9],[1,-9],[-1,-14],[-3,-14],[-1,-8],[3,-4],[4,-4],[5,-3],[4,-2],[7,0],[7,1],[11,3],[6,1],[11,-4],[10,-5],[5,-1],[11,-1],[11,-2],[11,-2],[13,-4],[8,-4],[5,-5],[3,-6],[0,-9],[1,-7],[-2,-9],[0,-9],[0,-9],[2,-6],[3,-7],[5,-6],[12,-9],[7,-4],[2,-3],[1,-4],[-1,-3],[-6,-6],[-1,-2],[0,-4],[0,-2],[1,-2],[2,-2],[4,-2],[14,-5],[2,0],[4,0],[6,2],[6,2],[12,9],[10,5],[9,4],[5,0],[3,0],[5,-2],[19,-12],[25,-13],[10,-3],[8,-1],[6,1],[5,2],[5,3],[12,19],[4,5],[3,3],[5,1],[6,1],[15,-3],[4,0],[4,1],[5,3],[2,2],[6,6],[5,8],[3,3],[5,4],[8,4],[8,2],[12,5],[7,2],[8,0],[7,0],[11,-3],[13,-5],[9,0],[6,-2],[7,-6],[6,-6],[7,-9],[19,-13],[16,-13],[5,-3],[4,-1],[3,0],[4,-2],[3,-3],[2,-5],[0,-5],[0,-7],[-6,-15],[-2,-8],[-1,-8],[0,-2],[-4,-5],[-3,-7],[-2,-6],[0,-4],[0,-10],[4,-5],[5,-3],[3,-5],[0,-5],[-1,0],[-2,-1],[-6,1],[-6,1],[-9,0],[-1,-1],[-2,-5],[-2,-7],[-4,-4],[-2,-3],[-1,-6],[-2,-3],[-1,-4],[-3,-6],[0,-2],[7,-11],[3,-4],[4,-3],[2,-3],[-1,-5],[1,-8],[1,-3],[0,-2],[-1,0],[-5,0],[-5,-2],[-7,0],[-12,-1],[-1,-1],[-4,-5],[-10,-7],[0,-3],[-1,-1],[-5,-1],[-5,0],[-5,-1],[-6,-4],[-3,-3],[-2,-8],[-2,-11],[1,-4],[7,-10],[1,-5],[1,-4],[3,-4],[2,-3],[4,-2],[3,-1],[4,0],[5,-2],[2,-2],[1,-3],[0,-1],[-1,-3],[-1,-2],[-3,-1],[-4,-1],[-8,1],[-5,1],[-11,4],[-3,0],[-3,-1],[-3,-2],[0,-3],[0,-1],[2,-3],[2,-1],[4,0],[5,0],[2,0],[4,-2],[1,-2],[1,-3],[2,-11],[1,-3],[3,-2],[5,-7],[8,-8],[0,-1],[1,-3],[-1,-2],[-4,-5],[-1,-4],[-1,-3],[-2,-6],[-1,-3],[-1,-3],[-1,-1],[-2,-2],[-2,-7],[-2,-2],[-6,-11],[-3,-2],[-2,0],[-6,0],[-1,-1],[-1,-1],[-2,-16],[2,-6],[0,-5],[-10,-14],[-2,-4],[-1,-4],[-1,-2],[-3,-4],[-3,-2],[-2,-8],[76,-16],[14,-44],[64,7],[17,0],[52,1],[52,4],[43,-45],[-58,-26],[9,-13],[2,-59],[2,-38],[1,-10],[29,-8],[31,-11],[9,-46],[4,-32],[2,2],[3,6],[4,4],[10,-14],[-8,-2],[-9,-9],[3,-38],[23,-16],[53,29],[19,-13],[-3,-34],[-34,-61],[14,-34],[15,-13],[21,-51],[85,-20],[14,-43],[-56,-42],[-2,-31],[6,-33],[58,3],[41,23],[45,-7],[21,-50],[-16,-33],[-51,6],[-8,-105],[-4,-29],[-87,-53],[-83,-57],[-29,-31],[-51,7],[-47,16],[-36,-45],[-8,14],[-48,15],[6,45],[-20,1],[-179,-38],[-7,10],[-6,14],[-6,8],[-8,8],[26,52],[-64,-4],[-26,-5],[-15,11],[-4,-2],[-1,-3],[-1,-7],[0,-8],[-3,-2],[-5,-2],[-2,-1],[-3,-1],[-2,-2],[-3,-1],[0,-1],[0,-7],[-1,-5],[0,-3],[-2,-5],[-1,-5],[-1,-3],[1,-4],[0,-2],[2,-3],[2,-1],[5,-1],[1,-2],[1,-3],[0,-4],[-4,-6],[-3,-2],[-1,-6],[-19,14],[-16,-38],[2,-25],[-6,-9],[-3,-7],[-36,12],[-31,22],[4,6],[-10,-1],[3,39],[-118,-18],[-64,-126],[-79,26],[-51,35],[-25,-101],[-168,-92],[-36,13],[-29,-19],[10,-86],[2,-27],[-7,-68],[-26,-32],[6,-28],[-35,-70],[-13,-29],[-81,23],[-5,-12],[-64,21],[-24,13],[-34,11],[-26,-17],[-37,-13],[-15,8],[-5,-10],[2,11],[-84,43],[-1,0],[0,-5],[-45,-13],[-23,-8],[-19,-43],[-32,-5],[-16,23],[-12,18],[-49,-7],[-25,28],[-2,1],[0,-4],[-1,-4],[0,-4],[-4,-7],[-1,-4],[0,-4],[2,-5],[-1,-1],[-2,-2],[-1,-2],[0,-1],[1,1],[1,-1],[-3,-5],[-5,-1],[-2,-2],[-5,-6],[-3,-1],[-6,-5],[-1,-1],[-3,1],[-2,-2],[-1,-3],[0,-6],[5,-5],[-3,0],[-31,14],[-24,-12],[-28,-15],[-3,19],[-11,87],[6,21],[7,22],[5,10],[-1,18],[-4,50],[-11,109],[-29,-26],[-6,-7],[-100,30],[-92,-14],[-12,14],[-26,28],[59,50],[43,-16],[20,5],[14,3],[38,49],[42,44],[-25,8],[-45,15],[-40,50],[-10,10],[6,21],[-34,-7],[-16,-18],[7,-10],[-19,-18],[-31,1],[-15,23],[-4,0],[1,12],[-12,13],[7,7],[5,1],[3,3],[-1,2],[-5,2],[-2,0],[-5,2],[-66,43],[-17,-4],[-7,-11],[0,-1],[-7,32],[-9,13],[13,115],[14,29],[12,19],[33,-9],[58,82],[15,50],[-29,43],[27,17],[20,-1],[23,20],[21,22],[28,71]],[[1786,1130],[-7,-15],[-17,-18],[38,2],[-4,-9],[2,-1],[4,0],[1,-1],[-3,-2],[-1,-3],[0,-2],[-2,-2],[-3,-5],[-3,-7],[-2,-8],[-1,-9],[-1,-3],[0,-1],[2,-2],[4,-1],[5,1],[2,-2],[1,-1],[2,1],[4,-7],[4,-3],[3,-1],[10,-1],[8,0],[-1,11],[-12,22],[19,17],[-12,11],[6,44],[-2,-2],[-1,9],[-5,-1],[-1,0],[-2,3],[-1,2]],[[1820,1146],[0,3]],[[1820,1149],[-3,6],[0,5],[-2,0],[-4,-3],[-6,-13],[0,-6],[-1,-5],[-3,1],[-2,12],[-4,-4],[-5,7],[-8,2],[-9,-1],[-6,-1],[-1,-13],[20,-6]],[[1820,1149],[0,-3]],[[1820,1146],[-2,0],[-2,0],[0,-4],[0,-3],[-1,-4],[3,-2],[1,-1],[1,-1],[1,-1],[-2,-7],[-1,-2],[-3,1],[-3,-4],[-1,2],[-3,3],[-22,7]]],"objects":{"28":{"type":"GeometryCollection",