{"type":"Topology","transform":{"scale":[0.0005237045214994622,0.00049442892291922],"translate":[24.34662000000003,-30.03417014699994]},"arcs":[[[970,1188],[21,-24],[32,7],[54,7],[71,12],[-28,32],[96,65],[4,-2],[6,-8],[3,1],[2,0],[3,1],[1,3],[2,1],[2,1],[2,0],[1,-2],[2,-1],[2,-2],[1,-1]],[[1247,1278],[-3,-3],[1,-2],[-1,-1],[-1,-3],[-1,-1],[0,-1],[1,0],[-4,-3],[3,-5],[3,-2],[0,-3],[-2,-4],[5,-5],[-1,-1],[11,-10],[13,-4],[8,13],[-6,3],[2,0],[2,2],[-2,2],[4,4],[2,3],[5,0],[4,0],[7,2],[3,2],[5,-1],[1,0],[1,-1],[2,-2],[3,-7],[3,-4],[3,-2],[7,-2],[7,0],[4,-1],[4,-1],[7,-4],[2,-2],[5,-5],[2,-2],[2,-2],[5,-2],[4,0],[3,0],[4,2],[6,1],[2,0],[4,-4],[2,-4],[1,-8],[1,-2],[0,-4],[-1,-2],[0,-3],[1,-1],[2,-1],[4,-1],[2,0],[5,2],[2,-1],[2,-1],[1,-2],[-52,-100],[35,-29],[8,-8],[-20,-2],[-3,-44],[-5,-5],[16,-20]],[[1387,986],[-12,0],[-21,-90],[-6,-20],[-38,-28],[-13,-3],[4,-18],[-28,-21],[-19,12],[-16,11],[-42,-2],[-37,-45],[2,-132],[2,0],[-2,-51],[-4,-22],[3,-45],[3,-34],[8,0],[47,-30],[-1,-30],[-37,14],[9,-42],[55,-25],[0,-5],[-59,-2],[11,-53],[5,-84],[-8,1],[-33,-6],[-27,3],[-3,-12],[-52,2],[-24,-4],[7,-32],[-44,1],[5,-4],[13,-25],[1,-16],[1,-1],[2,0],[1,-2],[1,-4],[3,-9],[11,-8],[3,-4],[3,-4],[-22,-42],[-18,-30],[-21,-20],[-2,-8],[-21,-8],[-3,5],[-8,-1],[-4,-4],[-28,-9],[-71,0],[1,3],[2,3],[10,6],[4,4],[1,3],[0,4],[-3,10],[-6,13],[-9,15],[-6,6],[-3,4],[-3,2],[-7,3],[-5,1],[-6,1],[-11,2],[-6,2],[-9,1],[-15,0],[-8,0],[-5,2],[-5,4],[-3,1],[-2,0],[-9,-2],[-3,0],[-4,2],[-2,0],[-19,-5],[-12,0],[-1,1],[-7,2],[-13,4],[-3,2],[-2,2],[-4,2],[-8,4],[-8,2],[-8,0],[-20,8],[-7,1],[-4,1],[-5,2],[-5,4],[-4,5],[-1,2],[-1,9],[-2,12],[-2,6],[-9,19],[-1,7],[-1,6],[-1,5],[1,4],[3,11],[1,6],[3,18],[0,9],[2,10],[0,1],[0,4],[0,5],[-1,3],[-4,5],[-2,2],[-4,2],[-6,2],[-8,1],[-4,0],[-3,-3],[-2,-3],[-1,-2],[1,-5],[-1,-4],[-5,-7],[-3,-1],[-7,-1],[-2,1],[-9,1],[-11,0],[-8,-1],[-11,-2],[-4,0],[-17,1],[-2,1],[-5,2],[-1,1],[-9,5],[-8,5],[-22,17],[-7,5],[-8,8],[-24,24],[-3,4],[-14,27],[-2,7],[-1,6],[-5,14],[-3,5],[-4,4],[-6,3],[-6,2],[-3,0],[-6,-1],[-16,-5],[-5,0],[-16,3],[-7,3],[-5,2],[-5,2],[-6,4],[-4,4],[-2,4],[0,4],[2,6],[1,6],[0,5],[0,2],[-2,4],[-3,2],[-1,1],[-1,3],[-3,3],[-5,4],[-16,3],[-11,1],[-4,0],[-21,2],[-5,1],[-12,1],[-8,0],[-3,-1],[-8,-4],[-1,-1],[-1,-2],[-2,-1],[-6,-1],[-6,0],[-2,1],[-3,2],[0,6],[-3,4],[-2,5],[-1,2],[-7,2],[-3,1],[-10,6],[-5,5],[-2,1],[-11,9],[-2,3],[-5,3],[-2,3],[-4,8],[-1,3],[-2,5],[-9,15],[-16,23],[-3,5],[-8,13],[-3,5],[-2,7],[-4,9],[-3,6],[0,3],[-7,18],[-3,6],[-2,1],[-4,3],[-11,9],[-5,4],[-6,3],[-5,2],[-6,4],[-5,4],[-1,2],[-2,3],[-2,3],[-3,8],[-1,5],[4,18],[0,8],[1,15],[2,8],[2,18],[0,8],[0,7],[-1,4],[-1,1],[-6,4],[-5,2],[128,246]],[[128,1011],[28,-1],[51,46],[74,-9],[56,0],[6,-10],[-107,-81],[13,-56],[16,8],[97,100],[27,-42],[43,4],[43,-12],[89,19],[56,-52],[20,-12],[63,68],[11,9],[36,43],[-1,13],[-7,61],[-16,15],[-69,-15],[-66,1],[-56,-1],[-52,3],[51,132],[43,107],[34,84],[-9,-37],[-9,-42],[76,-3],[131,7],[33,0],[2,2],[1,4],[1,3],[0,7],[0,2],[11,45],[2,-2],[4,-5],[2,-1],[3,-4],[2,-2],[3,-2],[7,-1],[8,0],[-4,-64],[-9,-2],[-24,-1],[-17,-11],[5,-11],[50,-108],[90,-19]],[[804,1891],[9,-41],[0,0],[0,-3],[-5,0],[0,-4],[0,0],[-10,2],[-4,2],[-1,-2],[0,-6],[2,-3],[2,-1],[-1,-10],[-4,-2],[-4,0],[-4,1],[-5,4],[-6,3],[-3,1],[0,0],[-4,-2],[-3,0],[-4,-1],[-3,1],[2,2],[-8,4],[-5,5],[7,6],[13,8],[5,-7],[34,43]],[[2122,1515],[-1,0],[-2,2],[-1,0],[-14,2],[10,13],[-10,20],[-29,7],[6,5],[1,16],[-15,3],[2,35],[-1,45],[-26,3],[-4,22],[13,4],[27,3],[-7,26],[-13,-6],[-20,35],[-22,38]],[[2016,1788],[52,15],[-1,6],[2,17],[-2,0],[-5,3],[-2,0],[0,-1],[-1,-1],[0,1],[0,1],[-1,6],[-4,0],[1,1],[-1,0],[0,5],[-1,4],[11,-1],[3,17],[8,7],[-6,5],[-17,0],[-1,0],[-2,9],[-13,-6],[-7,2],[-1,-3],[3,-2],[-49,-24],[23,-41]],[[2005,1808],[-8,-9],[-10,19],[-43,-4],[5,-28],[-76,-43],[-22,-14],[5,-17],[-9,-10],[-11,18],[-12,24],[-23,-38],[-35,-57],[-74,46],[-38,-22],[29,-15],[2,-62],[-74,-60],[-37,-1],[-12,-3],[-20,-8],[-24,16],[-23,-17],[-22,-36],[29,-30],[-53,-14],[4,27],[-12,3],[-7,-10],[-98,-66],[-30,-27],[-8,0]],[[1298,1370],[4,25],[7,30],[2,3],[-19,19],[-88,70],[-1,0],[-25,-8],[-4,-11],[-4,0],[-3,-2],[-6,-7],[-3,-2],[-3,-1],[-5,-1],[-2,2],[-3,-1],[-9,-1],[-11,-2],[-18,0],[-3,0],[-5,-11],[2,-23],[2,-6],[-5,-1],[-29,-67],[-16,1],[-36,-80],[-15,1],[-14,-52],[-18,-57]],[[128,1011],[114,221],[118,228],[116,227],[126,245],[137,260],[130,247],[-8,-52],[26,-120],[111,38],[172,-102],[29,-7],[16,8],[18,83],[26,-9],[156,3],[-4,-2],[55,-117],[1,1],[2,1],[4,0],[3,-1],[5,0],[3,0],[5,2],[4,-1],[1,0],[4,2],[6,5],[3,5],[3,4],[5,6],[6,4],[5,5],[1,1],[0,3],[1,1],[4,6],[2,0],[2,0],[11,-7],[3,-1],[4,-1],[4,-1],[7,1],[6,1],[2,0],[12,8],[3,4],[3,9],[3,2],[3,1],[3,-1],[4,-4],[3,-1],[5,0],[1,0],[3,2],[0,0],[2,3],[5,10],[2,4],[4,5],[1,3],[3,2],[2,1],[4,1],[2,1],[0,1],[-2,5],[1,5],[0,4],[0,7],[-2,3],[-4,3],[0,2],[0,1],[5,5],[3,4],[8,2],[5,4],[3,2],[8,4],[5,4],[3,2],[2,0],[1,-1],[6,-9],[4,-4],[6,-2],[5,-4],[4,-3],[5,-4],[1,0],[2,0],[3,0],[2,2],[2,3],[4,2],[5,2],[3,0],[4,-1],[11,-1],[8,3],[3,2],[1,3],[2,12],[3,2],[3,1],[3,0],[2,-1],[2,-3],[11,-13],[3,-2],[1,0],[3,0],[2,1],[5,5],[1,2],[5,4],[3,4],[3,1],[2,0],[2,-2],[1,-5],[0,-5],[1,-4],[2,-1],[4,0],[4,2],[3,2],[3,8],[2,3],[1,1],[2,1],[5,2],[3,0],[1,-1],[4,-5],[2,-3],[1,-2],[7,-2],[5,0],[7,1],[8,0],[2,1],[5,6],[2,1],[2,0],[8,-4],[3,-1],[4,0],[1,-1],[4,-6],[1,-1],[2,0],[4,2],[3,0],[1,-1],[5,-7],[3,-2],[1,-4],[2,0],[3,-2],[3,-1],[3,-1],[5,1],[6,3],[2,0],[2,-1],[1,-1],[8,-9],[4,-2],[3,-1],[4,1],[2,0],[6,-4],[4,-2],[4,0],[1,-1],[2,0],[7,-1],[7,0],[6,2],[7,-2],[3,0],[4,1],[4,4],[3,0],[1,2],[5,3],[2,3],[0,3],[0,6],[0,5],[0,8],[0,3],[2,3],[2,1],[4,0],[7,1],[5,-1],[1,-1],[7,-1],[5,1],[11,-1],[5,1],[6,-2],[2,-2],[1,-2],[2,-1],[2,0],[3,1],[3,2],[11,5],[9,8],[9,5],[6,3],[3,4],[4,5],[2,2],[2,2],[1,1],[2,0],[5,-1],[2,-2],[2,0],[3,-1],[3,1],[4,2],[4,3],[4,2],[2,4],[3,3],[5,2],[4,1],[4,2],[8,2],[1,1],[5,4],[5,2],[1,2],[0,3],[0,1],[3,2],[1,2],[0,11],[1,3],[1,2],[3,2],[10,0],[8,2],[1,1],[3,2],[1,1],[4,-1],[8,-4],[7,-7],[2,-2],[2,-6],[1,-5],[0,-4],[-2,-3],[-2,-3],[1,-2],[1,-1],[1,-1],[6,0],[5,-1],[1,-1],[4,-8],[2,-6],[0,-1],[3,-3],[3,-1],[5,0],[2,0],[0,1],[1,2],[2,3],[3,2],[1,0],[3,0],[7,-5],[2,0],[2,1],[4,8],[3,2],[1,1],[5,-1],[6,-2],[4,-4],[3,-4],[1,-1],[2,-1],[7,-2],[2,-1],[2,-1],[4,3],[1,2],[1,6],[1,3],[-1,3],[0,2],[1,6],[2,0],[3,-1],[2,0],[6,-7],[1,-3],[0,-7],[2,-1],[4,-2],[6,-2],[2,-1],[4,0],[2,1],[1,0],[6,-2],[1,-2],[2,-7],[0,-5],[1,-3],[1,-2],[5,-4],[2,-3],[3,-1],[2,0],[3,2],[1,2],[2,1],[1,2],[1,4],[2,4],[1,2],[1,2],[3,1],[3,0],[7,1],[3,0],[2,-2],[1,-2],[1,-4],[3,-3],[2,0],[6,5],[5,2],[3,1],[2,0],[2,-1],[4,-5],[1,-2],[5,-1],[5,0],[2,-1],[0,0],[1,1],[0,2],[0,1],[-1,2],[0,1],[1,1],[4,-1],[4,-3],[4,-4],[2,-3],[1,-6],[1,-2],[2,-3],[3,-2],[2,0],[3,1],[3,2],[5,6],[1,1],[2,-1],[3,-1],[2,-1],[12,-6],[5,-8],[7,-4],[5,-2],[4,-1],[5,1],[1,1],[0,2],[2,0],[1,-2],[0,-5],[1,-1],[2,1],[3,2],[4,4],[2,0],[2,0],[3,0],[3,-1],[5,-1],[5,-2],[3,-1],[2,-1],[9,3],[11,3],[4,2],[3,3],[1,0],[3,0],[2,-1],[5,0],[1,-1],[3,-4],[-15,-110],[18,-35],[-53,-57],[80,-40],[-57,-103],[16,-8],[-11,-25],[-3,-18],[4,-15],[0,-9],[53,-5],[-13,-36],[-40,-14],[71,-56],[-52,-16],[-1,-3],[-8,-20],[3,-3],[0,-1],[3,1],[1,1],[1,0],[-1,-3],[0,-3],[-2,0],[-2,-3],[0,-82],[-37,-6],[-3,0],[-21,-4],[-5,0],[-40,25],[-74,2],[-68,4],[-93,36],[-44,-101],[66,-32],[-43,-25],[-65,-24],[-20,22],[-19,-30],[-31,-15],[-7,51],[-37,-6]],[[1298,1370],[-44,-6],[0,-4],[0,-3],[-3,-5],[-2,-5],[-2,-2],[-1,-1],[-2,-1],[-4,0],[-4,1],[-3,0],[-2,-1],[-2,-2],[0,-2],[0,-3],[2,-3],[1,-1],[3,-2],[3,-1],[5,-1],[2,-1],[1,0],[1,-3],[1,-4],[2,-4],[3,-8],[0,-2],[-8,-4],[1,-6],[-3,0],[-4,-1],[-1,1],[0,1],[-1,0],[-1,-1],[-1,-2],[1,-1],[0,-1],[12,-11],[-1,-1],[0,-3],[0,1]],[[2005,1808],[11,-20]],[[2122,1515],[1,-14],[16,-19],[-11,-10],[-19,-1],[9,-37],[5,-20],[9,4],[-4,-15],[37,-41],[88,38],[-23,-110],[49,-32],[11,-35],[-107,-10],[13,-44],[27,6],[7,-44],[-23,-18],[-70,23],[59,-95],[35,-34],[-4,-1],[-5,-3],[-7,-6],[-2,-1],[-5,0],[-9,1],[-1,0],[-2,-1],[-1,-1],[0,-1],[-1,-8],[-2,-1],[-2,