{"type":"Topology","transform":{"scale":[0.00034174935760308974,0.000260916495315684],"translate":[25.948189998000032,-33.572679998999945]},"arcs":[[[2604,1530],[-6,2],[-7,5],[-5,0],[-13,39],[-37,-29],[-22,-13],[-14,-18],[-4,-4],[-25,-13],[-28,0],[-5,-2],[-6,-7],[-31,-43],[-8,-7],[-21,-14],[-30,-29],[-46,-22],[-7,-5],[-6,-2],[-16,0],[-18,-1],[-14,-18],[-3,-1],[-2,-6],[-7,-5],[-7,1],[-2,-1],[-1,-2],[3,-8],[-13,-9],[-1,-9],[-3,-1],[-1,-6],[-19,-6],[-10,13]],[[2169,1309],[-51,147],[-65,41],[-62,8],[-34,-2],[-8,-9],[-42,-94],[-27,10],[-17,-41],[-6,-11],[7,-2],[-58,-70],[-6,-22],[20,-101]],[[1820,1163],[-74,-13],[12,-50]],[[1758,1100],[-58,-5],[-4,-12],[-10,3]],[[1686,1086],[-8,2],[4,52],[-55,14],[-41,5],[-6,-18],[-66,48],[-17,-38],[-65,-14],[8,-39],[-44,5],[-57,10],[-74,9],[-68,24],[-3,-41],[-67,32],[-17,26],[-3,-3],[-8,-10],[-6,-5],[-7,4],[-3,4],[-3,5],[-2,8],[-5,3],[-4,0],[-2,-3],[1,-6],[-1,-3],[-4,-2],[-5,1],[-2,1],[1,2],[4,8],[1,9],[7,7],[5,11],[-1,4],[-4,3],[-6,0],[-5,-1],[-2,-3],[-1,-12],[-1,-4],[-2,-1],[-3,0],[-3,2],[-2,1],[-1,5],[-2,2],[-2,0],[-4,-2],[-4,-10],[-2,-15],[-2,-4],[-2,-1],[-2,0],[-1,3],[-1,15],[-1,3],[-6,4],[-4,1],[-4,-1],[-3,-4],[-4,-11],[-3,-2],[-2,1],[-1,2],[1,7],[-1,3],[-6,1],[0,35],[9,34],[-163,20],[-16,4],[-16,2],[-42,5],[-76,14],[-94,20]],[[589,1314],[-47,11],[-40,-3],[0,3],[-143,41],[0,-8],[-5,0],[-55,11],[1,-11],[-163,60],[-26,17],[-7,-24],[-1,0]],[[103,1411],[-43,16],[39,79],[-99,27],[42,240],[3,0],[5,11],[1,1],[5,0],[1,2],[4,9],[5,5],[5,12],[1,9],[3,2],[5,0],[10,-4],[14,-3],[3,-3],[12,-3],[5,0],[4,4],[2,8],[3,3],[0,4],[2,3],[1,2],[3,7],[5,4],[7,3],[12,1],[5,-2],[6,8],[4,3],[4,11],[1,13],[3,5],[1,6],[2,4],[6,6],[4,1],[6,-4],[3,-7],[4,-5],[3,-8],[40,89],[-32,23],[85,84],[52,81],[65,61],[8,41],[43,27],[31,18],[37,20],[5,23],[176,30],[99,21],[59,11],[73,26],[70,19],[67,-12],[108,3],[12,-111],[74,-38],[140,98],[8,12],[3,1],[8,-2],[7,-4],[5,-8],[7,-21],[3,-16],[6,-19],[2,-4],[7,-3],[10,2],[2,0],[6,3],[3,4],[3,8],[-2,12],[1,17],[6,9],[4,1],[6,-6],[3,-10],[4,-6],[-1,-5],[1,-12],[-2,-7],[0,-13],[1,-5],[-1,-4],[2,-3],[1,-6],[3,-10],[5,-5],[4,-9],[2,0],[2,-3],[2,2],[5,-7],[0,-3],[5,-2],[13,-8],[4,1],[14,1],[6,4],[4,6],[3,7],[0,6],[2,3],[0,11],[-4,18],[-3,5],[-1,3],[0,11],[2,7],[-1,14],[1,9],[4,9],[3,4],[1,5],[3,4],[5,2],[7,5],[12,13],[4,1],[3,-1],[11,2],[10,-8],[4,-6],[4,-2],[5,-23],[0,-15],[2,-6],[2,-7],[5,-3],[1,-4],[-1,-8],[1,-4],[-2,-16],[1,-6],[-6,-11],[0,-3],[-3,-3],[-2,-1],[-2,-5],[0,-3],[-3,-7],[-2,-2],[-1,-8],[-2,-6],[-1,-9],[1,-10],[4,-3],[2,-7],[4,-3],[3,-1],[3,1],[9,2],[8,4],[4,4],[4,7],[3,7],[6,4],[8,13],[9,5],[2,-1],[1,0],[4,4],[2,1],[3,-2],[13,1],[13,-7],[5,-6],[1,-3],[7,-8],[2,-4],[2,-3],[18,-15],[10,-1],[6,5],[5,2],[3,0],[3,1],[2,2],[4,9],[6,8],[4,17],[1,15],[-1,15],[0,11],[-1,4],[2,17],[3,6],[4,7],[7,7],[5,2],[9,-1],[7,-10],[2,-5],[1,-8],[0,-22],[1,-10],[4,-9],[3,-14],[1,-14],[0,-17],[2,-3],[-1,-5],[1,-6],[-1,-11],[-2,-5],[-2,-9],[-4,-10],[-6,-10],[-10,-10],[-9,-13],[-3,-6],[-1,-6],[1,-5],[3,-9],[4,-7],[6,-3],[8,3],[5,0],[18,10],[6,6],[6,1],[11,7],[6,5],[4,5],[18,38],[2,1],[12,1],[7,1],[3,-1],[9,-6],[5,-7],[4,-14],[1,-10],[-3,-22],[-2,-9],[-4,-7],[0,-6],[-1,-2],[0,-7],[1,-7],[2,-4],[7,-9],[10,-7],[15,-7],[4,-4],[2,-5],[0,-5],[-5,-11],[-1,-7],[-3,-5],[-8,-25],[0,-4],[4,-7],[8,-5],[8,-1],[25,6],[6,2],[2,4],[5,2],[3,3],[7,10],[1,5],[-2,5],[3,3],[4,27],[2,7],[2,4],[3,2],[12,-1],[5,-2],[7,-6],[9,-11],[9,-16],[1,-6],[2,-10],[3,-7],[3,-3],[0,-7],[13,-20],[12,-12],[5,-2],[3,0],[4,2],[9,2],[12,6],[11,15],[15,27],[3,3],[5,1],[2,2],[6,3],[6,-1],[4,-2],[8,-13],[8,-22],[1,-10],[9,-6],[3,-4],[12,-4],[2,-1],[12,5],[15,17],[7,13],[2,7],[2,10],[0,8],[5,12],[0,17],[2,8],[1,2],[7,5],[9,1],[13,-3],[2,-2],[7,-2],[12,-6],[3,-3],[17,-10],[10,0],[8,4],[9,10],[3,7],[5,16],[1,8],[-1,10],[0,15],[-4,9],[0,2],[2,13],[1,4],[1,6],[0,24],[2,24],[-3,2],[1,3],[5,9],[11,8],[5,2],[6,1],[5,-1],[10,-3],[3,-3],[5,-9],[2,-8],[2,-18],[-2,-20],[-1,-4],[1,-5],[-3,-6],[-2,-12],[-3,-6],[1,-1],[-2,-5],[1,-4],[-1,-4],[-12,-30],[2,-25],[4,-24],[0,-4],[-3,-25],[-2,-8],[-7,-13],[0,-2],[2,-1],[0,-2],[-3,-7],[-3,-3],[-4,-7],[-3,-5],[-2,-1],[-1,-4],[-6,-10],[-17,-22],[-14,-21],[-2,1],[-7,-13],[-1,-3],[1,-5],[-1,-3],[0,-2],[0,-14],[8,-10],[1,-4],[5,-3],[7,0],[12,8],[5,5],[8,15],[11,34],[10,21],[8,17],[20,36],[2,4],[0,3],[5,8],[2,6],[7,29],[6,13],[4,4],[10,1],[12,-3],[9,-8],[2,-1],[3,-3],[3,-7],[-2,-5],[0,-11],[2,-4],[-3,-18],[1,-2],[1,-3],[0,-3],[-2,-5],[2,-5],[0,-8],[2,-6],[0,-6],[4,-4],[-1,-8],[-1,-3],[1,-3],[2,-1],[-1,-6],[2,-7],[5,-2],[1,-6],[4,-8],[3,-2],[13,-25],[5,-1],[4,1],[6,-1],[6,0],[12,5],[9,5],[8,9],[5,13],[1,10],[-1,14],[-4,9],[2,10],[-2,10],[2,4],[-1,3],[1,3],[2,25],[4,11],[10,9],[2,1],[7,-2],[7,-5],[9,-10],[5,-11],[6,-7],[4,-14],[0,-4],[2,-16],[3,-11],[0,-5],[1,-5],[-1,-2],[1,-1],[-1,-3],[1,-1],[-1,-3],[2,-18],[-3,-16],[-6,-13],[-1,-3],[-2,-1],[-3,-7],[-5,-5],[0,-2],[-7,-9],[-2,-1],[-4,0],[0,-3],[-8,-9],[0,-3],[-5,-7],[-5,-12],[-4,-7],[-2,-5],[-3,-28],[-1,-10],[0,-7],[-3,-14],[-4,-7],[-2,-3],[-2,-5],[-1,-7],[1,-5],[0,-7],[-4,-2],[-3,-4],[-6,-13],[-4,-3],[-10,1],[-6,3],[-5,8],[1,3],[3,2],[-1,5],[-8,15],[-1,1],[-6,1],[-3,2],[-6,-7],[-2,-1],[-9,2],[-13,-4],[-1,-1],[-1,-5],[0,-2],[-1,-3],[-9,-10],[1,-6],[1,0],[8,-16],[-1,-11],[10,-21],[0,-6],[4,-14],[10,-18],[1,-6],[5,-3],[2,0],[3,2],[5,2],[2,-1],[3,-32],[2,-11],[0,-16],[-4,-12]],[[1798,1092],[-4,-13],[1,-2],[-11,-8],[-6,-1]],[[1778,1068],[-5,0],[4,5],[-5,1]],[[1772,1074],[0,4],[-2,4],[-10,-2],[-2,9],[-2,3],[3,6],[17,1]],[[1776,1099],[6,1],[8,0],[0,-5],[8,-3]],[[1772,1074],[-5,1],[-13,-1],[-4,-2],[-9,-2],[-6,-3],[1,-1],[-2,-1],[0,-4],[-1,-1],[0,-2],[-1,-1]],[[1732,1057],[-8,4],[-18,-12],[-3,-21],[-6,-4],[-10,0],[-5,7],[-10,10],[1,12],[-8,7],[2,4],[7,1],[4,3],[4,1],[3,3],[1,5],[0,9]],[[1758,1100],[18,1],[0,-2]],[[1732,1057],[2,-12],[-1,-11],[-2,-2],[-5,-7],[0,-5],[1,0],[5,2],[3,-4],[-6,-4]],[[1729,1014],[-24,-16],[-7,11],[-5,-4],[-7,13],[-1,-1],[-5,8],[-12,-8],[4,-8]],[[1672,1009],[-14,-8],[-7,-5],[4,-8],[-5,-1],[-5,-4],[-3,-5],[3,-1],[-10,-1],[1,-3],[-4,-16],[-23,4],[-8,0],[-18,-7],[-4,-4],[-5,-8]],[[1574,942],[-11,16],[-74,-45],[-160,-47],[-58,0],[1,3],[-103,6],[-120,32],[-4,-37],[-67,7],[-16,9],[-11,3],[-11,0],[-16,-5],[-13,3],[-26,-2],[-12,2],[-4,4],[-6,0],[-3,1],[-4,3],[-6,1],[-6,3],[-6,-2],[-2,-3],[-3,0],[-3,1],[-6,4],[-5,2],[-7,-1],[-3,2],[-7,2],[-3,0],[-4,-2],[-7,2],[-4,-3],[-2,1],[-6,2],[-1,1],[2,3],[-1,0],[-5,0],[-4,0],[-4,-2],[-7,1],[-2,2],[-8,-4],[-2,2],[0,6],[-3,2],[-4,-1],[-4,-6],[-3,-1],[-4,4],[-4,8],[-13,12],[-1,2],[3,7],[0,2],[-10,4],[33,102],[2,170],[-79,31],[-27,45],[-41,20]],[[1798,1095],[0,-3]],[[1820,1163],[1,-6],[5,-6],[-2,-14],[1,-4],[-8,-9]],[[1817,1124],[-16,-17],[-3,-12]],[[1860,1117],[-4,-8],[1,-2],[-15,-10],[-17,-13],[-7,12],[-9,-8],[-4,6],[-7,1]],[[1817,1124],[3,-7],[8,-10],[2,2],[7,-9],[9,9],[8,5],[2,5],[4,-2]],[[1753,1030],[-3,6],[2,1],[-4,7],[-1,-1],[-2,1],[-4,7],[11,5],[1,-3],[18,9],[3,3],[5,1]],[[1779,1066],[0,-2],[-5,-1],[-2,-3],[8,-6],[-4,-1],[-6,-6],[-6,-4],[-3,-1],[-6,-2],[5,-10],[-7,0]],[[1729,1014],[6,-10],[6,-1],[6,-3],[-4,3],[-3,4],[16,10]],[[1756,1017],[6,-11],[4,3]],[[1766,1009],[2,-5],[-2,-4],[2,-4],[-2,-1],[5,-4],[18,-3],[2,-3],[0,-11],[-4,-4],[-1,-4],[-4,-4],[-1,-3],[0,-2],[-11,-6]],[[1770,951],[-8,-2],[-11,0],[-44,13],[-6,1],[-5,-1],[-24,-7],[1,3],[7,6],[3,4],[0,4],[-2,5],[4,8],[-13,24]],[[1756,1017],[3,2],[-6,11]],[[1779,1066],[-1,2]],[[1860,1117],[15,32],[72,23]],[[1947,1172],[-26,-31],[-13,-9],[-7,-7],[-6,-7],[3,-5],[-1,-7],[1,-5],[18,-22],[23,-41],[-2,-5],[-31,30],[-6,12],[-14,-10],[9,-29],[-7,-19],[-51,11],[-20,13],[-7,-19],[-4,4],[-3,-2],[-4,-6],[-9,-3],[0,4],[-7,4],[-2,10],[-4,-13],[-4,-7],[-1,1],[-6,-5]],[[2169,1309],[-54,-22],[-12,47],[-111,39],[-5,-8],[0,-6],[2,-3],[8,-5],[2,-3],[1,-10],[8,-10],[1,-3],[-2,-5],[-31,-23],[-14,-25],[-2,-10],[-1,-2],[-12,-88]],[[1770,951],[0,-11],[2,-3],[-5,-14],[-17,2],[-1,-4],[-7,-142]],[[1742,779],[-118,86],[-50,77]],[[2604,1530],[-2,-4],[6,-6],[9,-3],[3,-3],[4,-2],[13,-2],[6,3],[5,0],[5,-3],[5,0],[3,-2],[13,6],[5,