{"type":"Topology","transform":{"scale":[0.0005045367214130866,0.0004392711111111196],"translate":[24.796169999000032,-30.688639999999964]},"arcs":[[[2774,1933],[-14,41],[-9,32],[-23,40],[15,18],[10,13],[0,1],[-2,1],[-4,2],[-5,1],[-2,1],[-3,2],[-5,4],[-5,2],[-2,0],[-7,-4],[-1,-2],[0,-2],[-2,-1],[-2,-1],[-2,0],[-4,-4],[-5,-1],[-8,-9],[-6,-3],[-5,2],[-1,-2],[-2,-5],[0,-1],[-3,0],[-1,-1],[-1,-2],[-2,-3],[-3,0],[-1,-1],[-3,1],[-1,-1],[-1,-2],[-5,-4],[-6,-1],[-3,3],[-4,6],[-2,1],[-4,0],[-2,-1],[-1,0],[-3,0],[-1,0],[-4,-1],[-2,1],[0,1],[0,1],[3,3],[1,0],[0,2],[-1,4],[0,3],[-2,2],[-4,-2],[-2,1],[-5,3],[-1,3],[-3,1],[-2,0],[-4,-1],[-1,-1],[-1,-1],[1,-3],[0,-2],[-3,1],[-3,2],[-7,2],[-1,1],[0,1],[0,3],[2,1],[1,1],[-1,1],[-2,1],[-2,-2],[-3,0],[-1,1],[-1,3],[-3,3],[-6,4],[-5,1],[-23,-83],[65,-24],[-7,-30],[-14,-44],[-55,28],[-83,12],[-13,-33],[-47,79],[-2,28],[-25,17],[-1,-1],[-17,-9]],[[2349,2031],[-8,45],[-21,-2],[-6,34],[10,64],[-23,15],[0,1],[3,7],[2,3],[1,5],[0,2],[1,2],[0,1],[-2,2],[0,2],[1,1],[-1,1],[1,2],[-1,2],[-1,1],[-2,3],[-2,0],[1,3],[-1,1],[-1,0],[-1,2],[0,1],[0,1],[0,1],[16,7],[-13,46],[-2,0],[-1,-1],[0,-4],[-4,-3],[-14,-1],[-2,-1],[-1,-1],[0,-2],[-1,0],[-33,-18],[-32,-5],[-13,18],[-70,-27],[-21,6],[-6,13],[-2,22],[-31,-25]],[[2069,2255],[-31,48],[-1,4],[-67,44],[18,10],[49,10],[8,-1],[1,17],[6,10],[5,11],[-9,12],[20,8],[-4,2],[-5,1],[-3,2],[-1,3],[-10,4],[-13,7],[-15,9],[-27,40],[-20,-40],[-4,22],[-13,24],[8,58],[-7,2],[-6,2],[-8,2],[-6,0],[-3,1],[0,3],[-1,2],[-40,42],[-45,-13],[-29,2],[0,-5],[-71,-7]],[[1745,2591],[22,87],[35,15],[41,-7],[15,-6],[3,23],[57,42],[48,30],[8,-65],[14,-30],[13,-9],[-1,-2],[2,1],[2,1],[5,-2],[7,-4],[2,2],[4,7],[2,1],[6,0],[5,3],[1,0],[2,-1],[9,-8],[13,-2],[2,1],[3,2],[1,6],[1,2],[0,1],[2,1],[7,1],[1,0],[4,1],[4,-2],[2,1],[3,2],[5,2],[1,0],[5,0],[7,1],[6,-1],[2,1],[2,3],[2,0],[1,0],[1,-3],[2,-2],[3,0],[2,1],[2,0],[3,-1],[1,-1],[0,-3],[2,-3],[1,0],[2,1],[4,7],[3,1],[5,-1],[3,-3],[4,-1],[2,0],[3,2],[2,1],[4,0],[4,-3],[2,0],[4,2],[3,1],[2,-1],[2,-2],[1,-1],[3,0],[3,0],[7,4],[1,2],[1,0],[10,0],[1,1],[3,3],[1,0],[1,-2],[0,-2],[0,-7],[2,-2],[1,-3],[3,-3],[2,0],[1,1],[4,1],[6,-2],[1,0],[2,1],[1,2],[2,1],[3,-1],[2,-1],[5,-1],[2,-1],[8,1],[2,1],[3,4],[1,7],[4,9],[0,3],[0,2],[1,0],[2,-2],[1,0],[4,2],[2,3],[3,2],[2,3],[2,1],[4,0],[2,2],[4,2],[3,2],[0,4],[0,2],[2,2],[3,2],[7,3],[2,1],[3,6],[1,2],[2,1],[1,-2],[1,1],[3,1],[0,2],[1,5],[2,2],[3,0],[4,4],[1,1],[-4,7],[1,1],[0,0],[1,0],[4,3],[3,5],[1,1],[3,0],[2,2],[125,-67],[78,-39],[17,9],[-31,80]],[[2540,2752],[26,7],[5,-4],[-3,32],[30,-14],[1,-11],[45,3],[10,-7],[14,47],[42,-26],[120,-27],[47,-29],[5,-3],[-13,-18],[30,-16],[-7,-11],[40,-21],[17,-5],[-23,-36],[20,5],[4,-76],[1,-60],[104,-26],[5,2],[39,-12],[9,4],[36,-8],[-3,-11],[61,-67],[25,-25],[-1,-74],[-28,1],[-22,-18],[-13,-49],[4,0],[-14,-41],[-2,-2],[-6,-1],[-3,1],[-12,-11],[-10,-2],[-2,-4],[-5,-2],[-5,-13],[-8,-2],[-5,-4],[-17,-5],[-22,-35],[-18,1],[-36,-7],[0,-3],[0,-2],[-4,-4],[-1,-2],[-3,-2],[-1,-3],[2,-3],[1,-3],[2,-1],[1,-4],[2,-1],[2,-1],[4,1],[0,0],[6,-6],[-1,-17],[-46,-37],[-84,-39],[-17,27],[-24,2],[-5,4],[-62,-45]],[[2069,2255],[-18,-20],[-4,0],[-41,-68],[5,-20],[10,-7],[0,-4],[3,-3],[1,-9],[8,-77],[20,-22],[195,10],[1,-1],[-6,-4],[-3,-2],[-1,-2],[0,-4],[2,-3],[10,-8],[2,-2],[4,3],[3,4],[5,7],[4,8],[3,1],[3,-1],[2,-1],[10,-14],[21,-37],[6,-7],[4,6],[0,39],[11,3],[20,11]],[[2774,1933],[1,-5],[0,-12],[-21,-14],[2,-3],[0,-5],[2,-4],[-1,-3],[21,5],[52,-20],[56,-30],[-6,-4],[-4,-10],[5,-4],[-10,-2],[-4,-2],[-1,-3],[0,-3],[-7,-5],[0,-2],[0,-12],[-3,-18],[-2,0],[-2,1],[-2,-3],[-8,-13],[-15,-8],[-14,-4],[-5,-8],[-2,-2],[-5,-1],[-3,-1],[-3,-2],[-4,0],[-2,-2],[1,-3],[-4,-3],[-6,4],[-15,-25],[24,-26],[11,-11],[-1,-12],[4,-1],[1,-1],[6,-9],[2,-2],[5,-8],[4,-4],[21,0],[12,-28],[15,-43],[18,-31],[3,-22],[12,-23],[-10,-20],[8,0],[-9,-29],[4,-2],[-21,-37],[-8,-3],[0,-6],[-9,-8],[-9,-2],[-8,-8],[-8,14],[-15,-16],[-9,-6],[-19,8],[-2,-2],[-1,-3],[-2,-4],[-7,-3],[-2,-2],[0,-3],[-1,-2],[-3,-1],[-1,-1],[-13,-12],[-2,-17],[-15,-14],[-27,-28],[-12,-16],[-1,1],[-6,-7],[-5,-5],[-4,-7],[-3,-6],[0,-8],[-1,-1],[-3,0],[-2,0],[-2,-3],[-1,-1],[26,-8],[-11,-15],[-15,-14],[-7,-20],[13,-9],[23,-75],[13,-75],[2,-62],[-26,-8],[8,-8],[-8,-19],[-4,-20],[-8,-6],[0,-1],[-7,-5],[-1,-2],[0,-1],[0,-4],[1,-4],[0,-1],[-3,-2],[21,-28],[23,-14],[36,-8],[-3,-9],[41,-3]],[[2787,805],[-11,-12],[-18,-27],[-18,-11],[-25,-19],[-19,-9],[-10,-2],[-9,-1],[-8,-6],[-10,-18],[-10,-24],[-5,-9],[-10,-25],[-5,-17],[-9,-12],[-5,-15],[-11,-3],[1,4],[0,3],[-1,2],[-3,3],[-1,3],[-1,2],[0,3],[2,1],[2,1],[4,1],[6,2],[5,6],[0,2],[-2,7],[0,3],[4,10],[4,4],[1,3],[0,7],[1,8],[-4,5],[-4,3],[-2,0],[-1,1],[0,2],[3,5],[0,2],[-1,2],[-5,5],[-2,4],[1,3],[-70,-38],[-3,-7],[-92,-31],[-1,-3],[1,-4],[-112,20],[-30,2],[-31,44],[-27,-6],[-2,2],[-24,-8],[-30,-6],[-1,-3]],[[2189,664],[-44,19],[-9,-12],[-19,29],[5,2],[-1,2],[-51,26],[-24,-36],[-21,38],[15,48],[-54,1],[-27,7],[10,62],[-16,-2],[-48,6],[-3,-1],[0,1],[19,148],[42,28],[-25,71],[-14,43],[-28,51],[-74,49],[-34,-40],[-44,66],[4,9],[-2,4],[21,24],[42,59],[67,64],[7,-9],[12,25],[1,3],[3,16],[3,5],[6,9],[14,23],[13,31],[4,6],[-53,3],[-3,2],[6,19],[11,16],[-51,4],[9,49],[-27,-7],[-1,0],[-2,-4],[-2,-3],[-4,-3],[-1,-2],[-3,3],[-1,0],[-11,-13],[-5,-1],[-3,-1],[-3,1],[-8,-2],[-9,0],[-23,-5],[-23,-9],[-16,-16],[-4,-1],[-4,-1],[-8,-12],[-5,-5],[-5,-3],[-10,-3],[-9,-7],[-35,-18],[-6,-2],[-5,-1],[-2,0],[-3,1],[-13,10],[-2,1],[-24,13],[-27,24],[-69,55],[-13,77],[-6,29],[67,-34],[0,-1],[47,-22],[10,2],[-14,54],[-31,74],[1,0],[5,5],[37,52],[11,24],[52,-17],[6,2],[10,16],[-12,35],[-8,3],[-9,26],[14,9],[-2,2],[0,2],[1,2],[2,1],[3,3],[1,2],[0,4],[-2,4],[-3,4],[-4,5],[-2,3],[0,3],[0,5],[0,2],[0,3],[-3,10],[0,4],[-6,4],[-1,3],[-2,4],[-2,5],[-1,5],[-1,2],[1,6],[1,4],[3,8],[0,3],[-5,6],[-6,5],[-2,2],[-1,4],[0,7],[-4,10],[0,6],[-2,6],[-2,11],[-1,3],[-1,3],[-5,6],[-1,2],[-3,1],[-2,4],[-2,5],[-1,3],[1,1],[-1,3],[0,2],[2,10],[1,1],[0,3],[0,2],[-2,1],[-3,5],[0,4]],[[1595,2174],[58,13],[101,27],[7,-1],[-29,69],[45,198],[-26,13],[-6,68],[-7,-1],[7,31]],[[2311,329],[-58,61],[-28,-2],[7,68],[0,13],[2,22],[-12,31],[-10,32],[-75,50],[27,35],[9,12],[16,13]],[[2787,805],[24,-19],[17,-50],[35,-13],[28,-37],[8,-76],[0,-13],[3,-5],[6,-5],[7,-8],[9,-6],[7,-1],[4,0],[0,-5],[4,-10],[0,-3],[0,-6],[-2,-8],[-1,-1],[-1,0],[4,-4],[6,1],[6,-2],[4,-5],[15,-43],[31,-32],[26,-30],[-46,-85],[-29,-24],[-2,-4],[-8,-60],[-2,3],[-7,4],[-13,9],[-5,5],[-3,5],[-2,7],[0,9],[0,9],[2,8],[-1,7],[-1,8],[-3,6],[-4,5],[-9,4],[-13,3],[-11,2],[-12,2],[-12,1],[-4,1],[-12,5],[-11,3],[-3,1],[-3,-1],[-11,-3],[-8,-1],[-7,0],[-5,2],[-5,3],[-4,4],[-3,4],[1,7],[3,13],[1,14],[-1,8],[-2,8],[-1,5],[-7,8],[-14,12],[-8,8],[-14,9],[-15,8],[-5,1],[-17,0],[-4,0],[-7,-1],[-6,-3],[-10,-8],[-9,-8],[-6,-8],[-5,-10],[0,-11],[1,-2],[2,-3],[5,-3],[5,-3],[11,0],[3,-1],[3,-4],[2,-3],[5,-9],[1,-8],[-1,-7],[-1,-5],[2,-8],[1,-5],[-1,-7],[-1,-4],[-1,-2],[-3,-2],[-3,-2],[-12,-3],[-5,-1],[-5,1],[-6,2],[-25,9],[-2,2],[-3,4],[-4,7],[-9,17],[-2,3],[-5,4],[-7,4],[-5,2],[-7,1],[-5,-1],[-5,-3],[-8,-3],[-9,-3],[-12,-3],[-14,-3],[-11,0],[-12,2],[-4,1],[-8,-1],[-5,-2],[-7,-5],[-18,-9],[-8,-4],[-7,-2],[-20,-2],[-37,-8],[-3,-1],[-3,1],[-20,-1],[-13,-1],[-8,-1],[-12,-5],[-17,-9]],[[1496,166],[-18,4],[-15,2],[-9,0],[-10,-2],[-8,-3],[-8,-4],[-10,-7],[-5,-5],[-12,-7],[-10,-4],[-20,-5],[-3,-2],[-4,-3],[-15,-7],[-4,-1],[-4,0],[-5,2],[-4,4],[-1,3],[-1,2],[0,4],[0,7],[0,3],[-2,2],[-2,4],[-4,3],[-6,7],[-6,10],[-4,6],[-4,3],[-4,3],[-14,11],[-10,7],[-7,4],[-25,22],[-5,4],[-2,4],[0,4],[1,4],[0,2],[0,2],[-2,2],[-4,3],[-6,2],[-9,6],[-7,3],[-2,0],[-8,-2],[-3,0],[-3,3],[-7,4],[-6,5],[-27,17],[-5,3],[-5,1],[-6,2],[-8,0],[-3,-1],[-2,-1],[-2,-1],[-6,-8],[-3,-2],[-5,-2],[-9,0],[-2,0],[-1,2],[-11,9],[-6,3],[-7,2],[-6,-1],[-4,-1],[-3,-2],[-3,-4],[-2,-5],[-3,-15],[-4,-6],[-17,-8],[-8,-3],[-3,-1],[-5,1],[-4,1],[-4,3],[-6,9],[-19,15],[-14,13],[-1,2],[-2,5],[-1,10],[-2,10],[-3,7],[-3,3],[-7,4],[-7,5],[-3,5],[-4,8],[-4,5],[-1,3],[-5,8],[-14,16],[-6,4],[-6,1],[-4,2],[-2,1],[-5,