{"type":"Topology","transform":{"scale":[0.000417319633673151,0.0003670352260273933],"translate":[26.141250988000024,-30.694080001999964]},"arcs":[[[2348,1102],[-21,0],[-3,1],[1,-16],[-2,-2],[-4,-2],[-2,5],[0,1],[0,1],[1,1],[0,0],[-5,1],[0,1],[0,1],[-2,0],[-1,-2],[-6,-2],[-1,4],[-5,-2],[-1,3]],[[2297,1095],[0,1],[-2,-2],[-2,4],[8,5],[-10,13],[12,8],[0,4],[38,13],[7,-39]],[[919,1268],[-19,-6],[-5,-2],[-13,-13],[-8,-5],[-5,-2],[-14,-4],[-4,-15],[-1,-12],[-6,-6],[-1,-2],[-10,-33],[12,-22],[12,-29],[0,-4],[2,-5],[0,-6],[1,-6],[10,-11],[3,-16],[-1,-7],[2,-7],[3,1],[10,1],[6,-3],[17,-11],[4,0],[5,2],[9,0],[2,0],[5,-4],[6,2],[3,1],[4,3],[4,4],[1,1],[0,5],[2,1],[2,1],[7,-2],[7,-8],[8,-7],[6,-3],[5,2],[11,10],[7,9],[6,4],[3,3],[9,6],[13,9],[10,11],[2,1],[7,1],[17,-6],[5,-6],[4,-1],[5,-2],[1,-1],[2,-1],[8,-7],[3,-1],[4,-4],[2,-3],[9,-6],[4,-1],[7,1],[2,-1],[11,-8],[2,-4],[7,-1],[9,5],[4,5],[2,0],[1,1],[5,7],[2,6],[6,10],[13,6],[2,3],[2,0],[5,5],[3,5],[6,5],[3,0],[9,-7],[2,0],[4,-3],[5,-1],[3,2],[4,0],[2,6],[-1,2],[-5,11],[-7,9],[-1,9],[1,4],[2,8],[2,5],[3,9],[-1,9],[1,2],[2,1],[13,7],[8,4],[6,-2],[6,1],[9,-1],[5,-3],[5,-2],[11,0],[4,-2],[4,-4],[4,-6],[0,-6],[-2,-5],[-1,-10],[2,-4],[3,-3],[6,2],[2,3],[6,3],[1,3],[4,1],[3,4],[1,0],[2,-2],[4,1],[2,-1],[5,3],[3,2],[2,7],[5,5],[12,8],[4,1],[5,0],[3,-2],[3,0],[11,-1],[12,1],[13,-3],[4,2],[5,-2],[17,0],[3,1],[4,5],[2,1],[2,0],[5,-2],[2,0],[2,2],[2,9],[81,-9],[-22,-50],[-9,-56],[43,51],[21,1],[10,7],[-3,-8],[47,-62],[-5,-55],[-10,-31],[-6,-2],[6,-2],[20,-18],[30,-24],[35,-13],[-22,-33],[26,-5],[-25,-38],[-15,-1],[-13,-6],[-5,-15],[0,-2],[5,-10],[-1,-1],[2,-3],[0,-7],[-1,1],[-1,-6],[-6,1],[0,-1],[-3,0],[-1,-4],[-2,1],[-4,-1],[2,-5],[0,-3],[4,0],[1,3],[1,0],[-1,-5],[1,0],[0,1],[4,-2],[1,1],[1,4],[8,-3],[42,22],[-1,27],[49,-20],[24,-124],[0,-9],[30,2]],[[1811,670],[83,-22],[65,-9],[11,-78],[-1,-45],[4,-7],[15,-58],[-1,-4],[-16,-15],[15,-13],[-8,-12],[-27,3],[-20,5],[-1,-1],[-14,22],[-40,-45],[-12,39],[-16,-16],[-19,-43],[-26,-40],[-2,-1],[-27,14],[-15,-31],[0,-4],[2,-11],[1,-10],[-4,-18],[1,-4],[0,-3],[-1,-5],[-5,1],[8,-41],[-14,-15],[-24,17],[-23,17],[-45,-57],[-35,-49]],[[1620,131],[-8,9],[-2,2],[-10,5],[-9,2],[-6,-1],[-9,-2],[-16,-7],[-16,-5],[-19,-8],[-6,-3],[-6,-7],[-9,-11],[-7,-4],[-10,-3],[-8,-9],[-13,-11],[-3,-2],[-4,-1],[-14,4],[-11,1],[-7,0],[-20,-2],[-7,-3],[-6,-4],[-10,-16],[-23,-27],[-6,-5],[-17,-6],[-16,0],[-9,2],[-8,3],[-6,6],[-6,15],[-8,27],[-3,2],[-3,0],[-8,-4],[-5,-4],[-11,-19],[-10,-21],[-18,-13],[-6,-4],[-27,-6],[-15,-1],[-8,0],[-8,4],[-3,4],[-1,12],[0,10],[4,10],[3,3],[17,9],[3,3],[1,3],[-1,2],[-5,7],[-3,9],[-3,6],[-2,2],[-4,4],[-7,1],[-16,-5],[-28,-2],[-16,0],[-13,3],[-11,1],[-21,-8],[-9,-3],[-7,-1],[-16,2],[-27,6],[-16,6],[-8,9],[-17,15],[-30,21],[-15,14],[-12,6],[-15,5],[-15,12],[-8,2],[-17,3],[-8,0],[-10,-2],[-4,1],[-3,2],[-6,7],[-1,7],[0,8],[2,7],[10,16],[2,9],[1,9],[8,17],[0,10],[-2,7],[-2,4],[-3,2],[-4,2],[-10,1],[-6,4],[-19,15],[-25,15],[-8,9],[-11,10],[-8,5],[-6,1],[-10,1],[-14,5],[-18,3],[-10,1],[-7,-1],[-10,-2],[-15,-6],[-16,-4],[-8,-4],[-6,-6],[-8,-11],[-7,-6],[-8,-4],[-5,-1],[-6,0],[-18,2],[-7,0],[-6,-2],[-4,-3],[-6,-6],[-15,-21],[-6,-4],[-7,-2],[-8,-1],[-9,1],[-12,4],[-32,14],[-24,13],[-6,2],[-4,1],[-7,0],[-11,-4],[-12,-6],[-16,-10],[-7,-3],[-8,-2],[-7,0],[-19,6],[-7,4],[-1,4],[0,3],[2,5],[6,6],[2,4],[-1,4],[9,73],[3,4],[35,29],[56,101],[-32,36],[-37,38],[-19,52],[-4,6],[-7,2],[-8,-1],[-4,5],[1,0],[1,2],[2,8],[0,8],[0,3],[-4,12],[-1,7],[-5,0],[-8,1],[-11,7],[-9,9],[-7,7],[-3,5],[-1,15],[-9,92]],[[272,836],[43,50],[7,4],[4,2],[3,0],[10,1],[16,8],[24,24],[4,17],[18,22],[15,9],[10,96],[21,34],[-10,37],[1,2],[3,3],[0,1],[-1,5],[0,8],[10,18],[4,4],[131,61],[-55,134],[96,34],[59,-26],[4,-1],[0,7],[-5,5],[-2,4],[1,2],[4,5],[0,4],[-1,2],[-5,2],[-2,6],[49,9],[49,12],[15,-11],[23,-4],[24,-10],[19,-14],[-23,-14],[21,-101],[63,-19]],[[1811,670],[48,40],[-16,68],[1,3],[3,1],[1,2],[4,3],[1,-3],[2,2],[8,1],[11,5],[16,-2],[1,-18],[-19,-9],[-10,-12],[24,-19],[59,52],[13,9],[7,28],[72,42],[0,12],[18,8],[35,8],[74,86],[47,15]],[[2211,992],[2,-1],[2,-3],[2,-2],[2,-4],[1,-8],[1,-1],[7,-2],[7,-27],[-3,-4],[0,-5],[-4,-5],[-2,-5],[-1,-3],[2,-6],[8,-6],[31,-34],[6,-10],[1,-4],[1,-9],[4,-4],[2,-3],[15,-9],[-19,-9],[5,-38],[15,-4],[19,-14],[42,27],[36,0],[66,14],[-3,124],[-56,96],[-26,-32],[-16,14],[-3,-11],[-13,0],[-16,15],[48,41],[-1,19],[-20,-8],[-5,31]],[[2297,1095],[-5,-4],[3,-7],[-2,0],[1,-6],[-7,-4],[1,-1],[-3,-1],[0,1],[-1,0],[0,1],[-8,-5],[-12,24],[1,0],[-2,2],[1,1],[-5,6],[-3,5],[-2,3],[-70,-24]],[[2184,1086],[2,17],[-82,65],[28,66],[4,38],[84,-10],[-20,94],[10,75],[-2,50],[2,30],[24,13],[-53,44],[-14,26],[-9,-7],[-25,-3],[-96,2]],[[2037,1586],[18,114],[58,-30],[104,-4],[-3,19],[59,60],[77,46],[-72,27],[92,48],[41,-44],[11,-2],[23,51],[3,6],[1,8],[69,11],[58,41],[16,-37],[0,-9],[2,-4],[1,-12],[-3,-3],[-9,-5],[-1,-3],[38,5],[46,-49],[38,0],[-10,-19],[7,-27],[3,-3],[4,-2],[5,0],[11,-5],[5,0],[7,-1],[10,-6],[9,-3],[13,-16],[64,-228],[9,-23],[22,1],[5,2],[7,3],[16,0],[25,2],[17,3],[5,0],[31,3],[10,-2],[13,1],[15,5],[13,5],[1,2],[8,-10],[5,-5],[0,-3],[-6,-8],[-1,-3],[1,-2],[8,-2],[4,-2],[1,-3],[-3,-7],[-4,-2],[-4,-2],[-8,-2],[-2,-2],[-1,-1],[2,-9],[0,-2],[-1,-2],[-11,-3],[-9,-4],[-2,-2],[-1,-2],[-1,-4],[1,-9],[-1,-10],[-5,-5],[-2,-1],[-3,-1],[-12,5],[-2,0],[-1,-1],[-1,-6],[1,-4],[4,-1],[5,-1],[2,-1],[1,-2],[0,-5],[1,-17],[-1,-7],[-5,-3],[-4,-1],[-5,2],[-20,11],[-4,1],[-3,-2],[-1,-2],[-1,-4],[0,-3],[7,-11],[2,-1],[7,0],[1,0],[-1,-7],[0,-7],[-3,-10],[-2,-5],[-3,-4],[-9,-8],[-4,-8],[-2,-5],[1,-3],[4,-4],[6,-12],[1,-6],[-1,-4],[-2,-9],[-3,-8],[-3,-3],[0,-3],[5,-7],[1,-8],[3,-13],[1,-3],[-1,-7],[-6,-6],[-5,-13],[0,-3],[1,-4],[3,-7],[2,-3],[5,-4],[1,-4],[-1,-8],[-7,-6],[-1,-2],[0,-2],[6,-14],[11,-5],[4,1],[2,2],[1,3],[0,5],[1,2],[3,5],[3,0],[5,-10],[1,-8],[1,-4],[4,0],[7,1],[5,-4],[1,-3],[-1,-3],[-5,-5],[-5,-4],[-1,-2],[2,-3],[3,-2],[5,-2],[0,-3],[-9,-9],[-5,-1],[-3,-2],[-4,-4],[-1,-3],[1,-1],[3,-2],[5,-8],[10,2],[9,1],[4,-1],[4,-6],[1,-11],[-3,-2],[-4,1],[-5,3],[-5,2],[-3,0],[-3,-4],[-1,-4],[1,-3],[7,-7],[7,-9],[1,-3],[0,-3],[-2,-5],[-7,-4],[-2,-1],[-2,1],[-3,9],[-1,1],[-2,1],[-3,-3],[-5,-4],[-8,-7],[0,-6],[-9,3],[-5,0],[-21,6],[-6,-1],[-5,-4],[-1,-1],[-6,-4],[-10,-4],[-5,-5],[0,-5],[8,-7],[3,-2],[3,-1],[2,1],[6,0],[20,-8],[1,-5],[-1,-2],[0,-7],[1,-3],[-5,-17],[-5,-8],[0,-3],[1,-4],[4,-7],[3,-10],[2,-3],[3,-18],[2,-2],[4,-3],[3,-5],[6,-2],[10,2],[1,2],[0,5],[2,10],[-1,12],[1,5],[5,7],[3,3],[11,2],[9,0],[4,-3],[5,-5],[3,-2],[1,-5],[-3,-20],[4,-7],[3,-5],[4,-4],[6,-11],[0,-5],[-1,-3],[-1,-5],[2,-8],[3,-7],[-1,-3],[-2,-4],[-9,-6],[-6,-1],[-23,-12],[-7,-2],[-2,-1],[-4,-7],[0,-5],[-2,-2],[-4,-5],[-5,-2],[-3,2],[-2,3],[-2,3],[-2,2],[-2,1],[-8,0],[-4,3],[-3,2],[-18,4],[-11,0],[-4,1],[-8,4],[-4,3],[-7,4],[-11,-2],[-2,-1],[-1,-3],[0,-4],[1,-4],[0,-3],[-2,-5],[-2,-3],[-2,-3],[-1,-3],[-3,-10],[-5,-8],[-2,-1],[-14,-3],[-6,-3],[-1,-3],[0,-4],[3,-8],[2,-3],[10,-5],[1,-2],[10,-7],[4,-2],[12,-2],[6,0],[7,1],[14,6],[10,3],[11,5],[2,0],[6,-4],[5,-13],[6,-5],[1,-4],[-1,-6],[-1,-3],[-4,0],[-13,-5],[-13,-8],[-11,-9],[-3,-5],[-5,-3],[-9,-1],[-10,-3],[-8,1],[-8,5],[-9,3],[-14,2],[-9,5],[-16,9],[-5,1],[-7,-1],[-8,1],[-5,-2],[-5,-5],[-13,-23],[-4,-8],[1,-8],[5,-10],[2,-2],[5,-4],[17,-7],[13,-3],[5,-2],[3,-2],[8,-8],[3,-5],[4,-5],[6,-2],[6,-5],[3,-4],[0,-3],[3,-3],[0,-4],[-2,-4],[-3,-2],[-5,-6],[-3,-1],[-2,1],[-3,0],[-7,-4],[-7,-1],[-21,-3],[-11,-5],[-5,-3],[-3,-3],[-1,-1],[0,-2],[3,-6],[3,-5],[1,-5],[-1,-19],[-3,-6],[-4,-3],[-3,-1],[-3,2],[-4,1],[-8,3],[-4,4],[-5,10],[-5,5],[-2,0],[-6,1],[-8,2],[-7,0],[-2,-3],[-8,-6],[-5,-2],[-5,0],[-5,1],[-5,6],[-11,2],[-2,1],[-5,-2],[-4,0],[-4,2],[-2,3],[-1,7],[-3,5],[-1,4],[-1,24],[-5,9],[-1,4],[-2,3],[-6,1],[-6,0],[-10,-5],[-4,-4],[-2,-3],[-1,-5],[0,-3],[2,-7],[0,-8],[-1,-4],[-5,-5],[-3,-7],[-1,-9],[2,-10],[0,-7],[-1,-2],[-3,-3],[-17,0],[-4,5],[-3,9],[0,5],[3,23],[-1,8],[-3,7],[-6,6],[-4,1],[-2,0],[-6,-3],[-1,-2],[-2,-4],[1,-9],[-6,-11],[0,-2],[-3,-6],[1,-6],[-1,-2],[1,-8],[-1,-2],[-10,-10],[-7,