{"type":"Topology","transform":{"scale":[0.00044997319705092614,0.0003712650835941021],"translate":[26.20931998900005,-30.111849993999954]},"arcs":[[[1888,1112],[-10,-9],[8,-12],[1,-6],[-4,0],[-2,-1],[-2,-5],[-3,-1],[-3,1],[-11,0],[-2,1],[-2,-1],[-2,0],[0,1],[-2,0],[-1,-1],[-1,0],[0,-1],[-4,-1],[-2,1],[-8,0],[-4,0],[-3,-6],[-1,-2],[-2,0]],[[1828,1070],[-2,-2],[-1,1],[-1,-1],[-6,0],[0,-2],[-1,-1],[0,-1],[-2,-1],[-2,1],[0,1],[-5,0],[0,-2],[-2,0],[0,1],[-23,0],[0,1],[-1,0],[-1,-1],[2,-10]],[[1783,1054],[-17,6],[-8,3],[-3,3],[-4,1],[-7,7],[-4,3],[-7,5],[-5,1],[-4,-12],[-4,-3],[-3,-5],[-2,-5],[-2,-4],[-4,-3],[-4,-2],[-11,1],[-6,-1],[-15,-6],[4,-6],[3,-2],[17,-3],[3,0],[22,4],[7,0],[21,-5],[5,-19],[-25,-11],[-39,2],[-7,-28],[4,-1],[20,0],[13,3],[3,-3],[1,-2],[-3,-9],[-7,-9],[-2,-5],[-2,-2],[-3,-2],[-2,1],[-1,2],[-4,2],[-8,-1],[-5,-2],[-3,-2],[-3,-7],[-14,-16],[-4,-5],[-4,-4],[-1,0],[-1,2],[-5,0],[-3,4],[-8,14],[-15,10],[-6,1],[-12,-3],[-9,-10],[-2,-4],[0,-4],[-1,-4],[-4,-5],[-2,-1],[-21,-7],[-8,-4],[-3,-6],[-3,-7],[4,-4],[15,-11],[12,-21],[7,-7],[6,-3],[12,0],[6,-4],[2,-6],[-1,-8],[-3,-7],[-8,-12],[-5,-3],[-16,-7],[-118,55],[-63,27],[-11,-11],[-1,10],[-56,28],[-15,11],[-77,49]],[[1246,965],[15,32],[8,7],[-59,57],[-10,50],[-25,-5],[1,-3],[-1,-1],[-1,-1],[-1,-5],[0,-4],[2,-3],[0,-2],[-7,6],[-14,1],[-22,-17],[-7,2],[-14,72],[-7,-3],[-1,-14],[-51,-30],[1,-5],[-51,-62],[-4,31],[-31,-8],[-5,8],[-9,4],[-4,36],[-37,-4],[31,123],[6,-2],[40,45],[13,28]],[[1002,1298],[5,13],[10,18],[1,4],[-1,8],[-5,-7],[-55,53],[33,69],[25,-15],[2,1],[6,-11],[5,3],[2,-4],[8,-4],[0,-7],[1,-11],[3,2],[1,-3],[1,1],[2,-3],[1,2],[3,1],[0,2],[-1,0],[1,4],[-5,17],[2,-1],[10,-15],[8,-5],[5,-4],[31,21],[-1,1],[-1,0],[0,0],[3,3],[-1,1],[0,2],[-3,1],[-1,3],[2,4],[2,0],[-1,4],[-1,0],[-1,-1],[-1,1],[2,3],[-1,3],[0,2],[-1,1],[1,1],[0,2],[1,1],[-1,3],[1,2],[-1,2],[-1,-1],[-3,1],[-1,0],[-1,1],[0,3],[0,2],[1,1],[1,3],[-4,2],[-1,1],[2,1],[0,1],[-72,25],[9,15],[1,8],[1,3],[2,1],[5,1],[7,12],[15,12],[-19,6],[-6,25],[-7,1],[-6,14],[6,19],[8,-3],[11,13],[13,25],[43,-17],[-1,-3],[-1,-1],[-3,-5],[43,-35],[4,-9],[17,17],[-1,1],[20,26],[-42,53],[42,24],[29,-37],[34,45],[-36,34],[-11,19],[10,19],[-2,1],[4,3],[17,15]],[[1225,1808],[30,-33],[19,47],[37,-46],[78,-9],[10,44],[102,-18],[53,-57],[8,-50],[43,-12],[75,-20],[-26,-97],[41,13],[80,33],[18,-29],[50,4],[49,9],[18,-56],[28,-42],[67,16],[26,-16],[9,-42],[-5,-5],[-3,-1],[-5,0],[-4,-2],[-1,-1],[-1,-4],[-9,-16],[-15,-6],[-6,-4],[-3,-3],[0,-3],[0,-5],[4,-10],[2,-10],[-1,-6],[-1,-2],[-8,-1],[-9,0],[-6,-1],[-11,-9],[-2,-2],[-4,-8],[-4,-9],[-3,-1],[-4,0],[-3,2],[-7,10],[-2,6],[0,9],[-4,8],[-10,9],[-6,4],[-3,0],[-3,-2],[-1,-2],[0,-3],[3,-10],[0,-7],[-1,-3],[-4,-7],[-1,-6],[4,-8],[1,-10],[-4,-14],[-7,-16],[-4,-14],[-2,-3],[-3,-2],[-2,0],[-17,7],[-5,5],[-7,8],[-14,22],[-2,8],[-1,7],[-1,4],[-3,3],[-2,0],[-3,-1],[-1,-1],[-3,-4],[-3,-1],[-6,0],[-13,0],[-3,-3],[-2,-3],[0,-3],[2,-4],[10,-13],[5,-7],[2,-14],[4,-10],[1,-5],[-2,-5],[-3,-3],[-9,-3],[-9,-5],[-10,-6],[-4,-4],[-1,-6],[3,-6],[2,-9],[-1,-8],[1,-5],[2,-2],[5,-4],[7,-2],[1,-4],[-1,-3],[2,0],[3,0],[3,2],[2,0],[4,-6],[1,-2],[3,-3],[1,-3],[1,-1],[2,0],[2,-1],[2,-3],[16,-11],[45,-59]],[[1002,1298],[-11,19],[-63,-31],[-144,-36],[-10,-25],[-23,18],[-4,5],[0,4],[20,16],[-27,29],[18,8],[6,52],[1,6],[-1,1],[0,2],[-2,0],[-1,1],[1,2],[-5,4],[-1,0],[-1,1],[-1,0],[15,66],[-9,15],[-8,-2],[-38,2],[-13,-3],[-32,11],[-23,-63],[-19,-14],[-15,43],[-21,-1],[-2,16],[-13,-2],[1,-12],[-33,-10],[-76,32],[-43,-33],[-27,-87],[-54,13],[-9,-4],[-44,14],[-6,-2],[-116,31],[-2,70],[-4,90],[-23,-6],[26,42],[-19,7],[-45,24],[8,13],[-34,20],[15,21],[-6,3],[-52,35],[-33,8],[8,56],[2,4],[0,3],[-5,2],[0,2],[1,2],[-3,5],[0,4],[3,1],[1,2],[-2,4],[0,7],[-3,3],[0,2],[-1,3],[2,4],[-2,3],[0,5],[63,15],[17,-10],[6,22],[5,1],[2,-7],[6,-6],[4,-5],[5,-3],[4,1],[2,0],[2,0],[5,1],[4,5],[3,0],[3,-2],[11,4],[3,-1],[4,-3],[2,0],[4,3],[5,2],[4,0],[5,2],[3,0],[4,3],[2,0],[3,1],[4,-1],[1,0],[2,2],[0,4],[3,4],[2,2],[6,1],[5,5],[2,-1],[3,-6],[7,-5],[1,-5],[-1,-4],[4,-6],[-1,-5],[1,-1],[3,-1],[9,1],[6,-3],[4,0],[1,-1],[1,-2],[12,-5],[1,1],[-1,4],[1,1],[6,-6],[3,-4],[1,-3],[6,-5],[7,-7],[2,0],[5,1],[3,-1],[2,0],[1,1],[1,3],[0,10],[1,2],[1,0],[2,-2],[1,-1],[7,3],[5,0],[2,2],[2,4],[2,1],[4,0],[4,-2],[6,1],[3,-4],[5,-2],[3,-6],[6,0],[4,1],[2,0],[2,-5],[5,0],[4,-2],[1,-5],[-1,-2],[75,15],[-1,-44],[47,7],[58,12],[-6,15],[1,95],[1,22],[11,5],[20,2],[17,18],[20,-6],[10,-9],[22,-8],[15,30],[20,108],[13,3],[36,-9],[8,14],[17,11],[38,46],[5,12],[54,14],[2,43],[6,19],[25,3],[6,-12],[17,7],[1,-2],[2,-4],[3,0],[6,2],[4,-1],[1,-3],[0,-3],[0,-1],[41,27],[28,12],[29,-12],[-32,-58],[38,-24],[-63,-64],[3,-3],[1,-2],[-1,-9],[1,-2],[0,-5],[2,-2],[1,0],[4,2],[2,0],[1,-5],[1,-8],[3,-4],[2,-2],[2,-1],[1,1],[1,4],[0,6],[-3,6],[1,2],[3,-1],[14,-13],[0,-1],[-2,-2],[-1,-3],[0,-2],[2,-2],[2,-1],[1,-2],[2,-5],[2,-5],[0,-7],[1,-4],[0,-8],[4,-10],[-1,-5],[1,-1],[2,3],[1,0],[1,0],[1,-2],[0,-3],[-2,-3],[-1,-3],[3,-7],[2,-3],[-1,-6],[4,-2],[6,1],[6,0],[2,-1],[1,-2],[4,-1],[3,-5],[0,-7],[0,-2],[3,-3],[1,-3],[4,-6],[4,-1],[7,-1],[5,-7],[3,0],[2,-2],[7,0],[3,-1],[2,-4],[5,-4],[1,-8],[-3,-3],[1,-3],[0,-3],[2,-3],[6,-6],[0,-3],[0,-3],[-4,-7],[2,-6],[-5,-12],[2,-6],[0,-3],[-1,-2],[-2,-3],[0,-5],[3,-5],[3,-4],[0,-6],[1,-3],[2,-2],[1,4],[1,0],[3,0],[4,-4],[1,0],[-1,1],[3,2],[1,-1],[0,-2],[5,0],[74,8],[23,16],[0,-16],[13,-14]],[[1783,1054],[0,-2],[-11,3],[-1,-4],[5,-5],[3,-2],[1,-1],[8,3],[0,2],[8,-2],[1,1],[0,3],[7,-1],[8,-6],[0,6],[4,-5],[7,-2],[2,1],[1,0],[0,2],[-1,0],[0,1],[-2,1],[0,-1],[-1,0],[-3,3],[-3,0],[-1,-1],[-3,1],[4,6],[5,-6],[1,0],[3,-1],[0,1],[2,0],[1,0],[0,2],[0,0],[1,4],[-3,1],[1,2],[-2,1],[-2,-1],[0,-1],[-2,0],[-1,1],[1,1],[2,0],[1,1],[4,0],[0,1],[3,-1],[4,0],[0,2],[-7,3],[2,4],[-2,1]],[[1888,1112],[12,-16],[31,-26],[22,-13],[-11,-10],[30,-18],[84,-216],[133,-343],[49,-123],[-54,-41],[-64,-11],[-1,-8],[-3,-6],[-21,-50],[-10,2],[-38,43],[-85,-47],[66,-27],[-71,-45],[-55,-60],[3,-18],[-96,3],[-54,31],[-17,-113],[-61,12],[-38,-3],[-107,80],[-101,75],[-34,23],[-51,32],[5,8],[1,10],[1,2],[2,1],[5,-1],[8,-5],[2,1],[3,2],[4,2],[15,2],[15,-2],[2,1],[1,-1],[0,-1],[4,2],[3,1],[8,-1],[5,-2],[5,-1],[5,3],[2,0],[1,-1],[1,-3],[3,0],[2,1],[3,4],[5,12],[9,12],[4,8],[1,4],[0,4],[-1,10],[-4,6],[-2,0],[-4,-3],[-2,-5],[-4,-4],[-15,-1],[-3,3],[0,3],[-2,3],[-1,3],[12,11],[5,0],[7,2],[2,1],[7,8],[0,14],[-18,-1],[-32,18],[1,8],[-51,39],[-50,-51],[-2,4],[-1,0],[1,3],[5,2],[0,6],[4,3],[1,2],[0,4],[1,5],[-2,3],[0,3],[0,1],[2,-2],[1,3],[1,0],[-1,5],[1,0],[2,2],[-3,4],[3,13],[-2,7],[18,23],[6,12],[-10,32],[-36,39],[16,12],[4,24],[-23,26],[10,8],[3,12],[-37,18],[-30,-7],[-13,0],[-19,34],[-47,69],[-5,11],[52,98],[30,141]]],"objects":{"42":{"type":"GeometryCollection","geometries":[{"arcs":[[0,1,2,3,4,5]],"type":"Polygon","properties":{"WARD":"41604001","PROVINCE":"Free State","CAT_B":"FS164","MUNICNAME":"Naledi Local Municipality(FS)","WARDNO":1,"VOTERS":3749,"Area":1140.94845731,"Shape_Leng":2.29637583585,"Shape_Area":0.106274453999,"ID":1434,"POPULATION":8447,"DENSITY":7.403489566842823}},{"arcs":[[-5,6]],"type":"Polygon","properties":{"WARD":"41604002","PROVINCE":"Free State","CAT_B":"FS164","MUNICNAME":"Naledi Local Municipality(FS)","WARDNO":2,"VOTERS":3078,"Area":1055.24286749,"Shape_Leng":2.31444332894,"Shape_Area":0.0981646751938,"ID":1435,"POPULATION":5325,"DENSITY":5.046231691350866}},{"arcs":[[-3,7,-1,8]],"type":"Polygon","properties":{"WARD":"41604003","PROVINCE":"Free State","CAT_B":"FS164","MUNICNAME":"Naledi Local Municipality(FS)","WARDNO":3,"VOTERS":3078,"Area":1226.19327912,"Shape_Leng":2.04951577869,"Shape_Area":0.114539774529,"ID":1436,"POPULATION":5471,"DENSITY":4.461776208662931}},{"arcs":[[-2,-8]],"type":"Polygon","properties":{"WARD":"41604004","PROVINCE":"Free State","CAT_B":"FS164","MUNICNAME":"Naledi Local Municipality(FS)","WARDNO":4,"VOTERS":3149,"Area":1.67563871986,"Shape_Leng":0.109148146906,"Shape_Area":0.000156234094611,"ID":1437,"POPULATION":5070,"DENSITY":3025.7118911787857}}]}}}