{"type":"Topology","transform":{"scale":[0.0004981122266815423,0.0004602982102385867],"translate":[25.878529998000033,-29.09023999699997]},"arcs":[[[1181,841],[-2,1],[-3,-4],[-2,-2],[-3,-1],[-4,1],[-1,-1],[3,-2],[0,-1],[-3,-1],[-5,-5],[-1,-1],[-2,3],[-1,1],[-6,24],[31,7],[6,3],[3,2],[2,3],[3,5],[-14,1],[0,1]],[[1182,875],[-2,2],[-4,1],[0,-4],[-5,0],[0,1],[-6,0],[0,3],[1,1],[0,4],[-3,0],[0,3],[-1,0],[0,3],[1,0],[0,3]],[[1163,892],[2,0],[1,-2],[5,0],[4,11],[8,3],[2,10],[66,10]],[[1251,924],[-25,-80],[5,-3],[1,-2],[0,-2],[1,0],[1,1],[1,0],[1,-2],[0,-2],[4,-2],[31,-33],[-2,-12],[-75,48],[1,4],[-1,1],[-1,1],[-6,1],[-1,2],[-2,-1],[-3,-2]],[[1163,892],[0,0],[-1,0],[-16,-5],[7,-17],[-1,-6],[3,-1],[4,2],[6,0],[1,0],[2,0],[2,-1],[3,0],[0,3],[3,1],[6,7]],[[1181,841],[-8,-9],[-13,-17],[-11,-25],[-79,-148],[11,-7],[-58,-98],[30,-30],[-38,-34],[-71,-83]],[[944,390],[-28,21],[-63,-89],[-5,-1],[-7,1],[-7,5],[-4,6],[-5,-4],[-2,0],[-3,0],[-7,-4],[-6,1],[-2,1],[-9,6],[-9,5],[-6,5],[-4,1],[-7,6],[-1,3],[0,3],[4,5],[3,6],[4,9],[1,6],[-4,2],[-4,-1],[-4,4],[-4,7],[-3,3],[-7,2],[-1,1],[0,3],[3,4],[0,2],[-11,7],[-1,4],[-5,7],[-3,3],[-9,11],[-13,14],[-3,-1],[-4,-3],[-1,0],[-10,5],[-1,2],[0,2],[1,9],[0,3],[0,2],[-6,1],[-9,-3],[-3,0],[-6,5],[-8,2],[-5,4],[-1,2],[0,3],[3,5],[-2,2],[-3,1],[-7,-1],[-6,0],[-1,3],[3,4],[3,2],[0,4],[-14,5],[-5,4],[-1,2],[1,4],[4,5],[2,2],[1,4],[-2,3],[-1,0],[-2,0],[-11,-7],[-2,-3],[0,-7],[-2,-3],[-3,-1],[-5,1],[-4,-2],[-4,-1],[0,6],[-1,5],[-2,7],[-3,2],[-1,0],[-1,-2],[-2,-16],[-1,-2],[-10,-2],[-4,0],[-4,4],[0,4],[1,7],[-4,4],[-2,1],[-3,0],[-1,-1],[0,-1],[-1,-3],[-1,-3],[-2,-2],[-2,-1],[-1,0],[-1,4],[0,19],[-4,14],[1,7],[-1,3],[-2,2],[-9,8],[-3,0],[-9,0],[-2,1],[0,2],[6,5],[4,2],[2,4],[6,3],[1,2],[-1,9],[-3,2],[-4,2],[-1,0],[-2,-2],[-2,-1],[-6,1],[-2,0],[-3,-2],[-9,-7],[-7,-2],[-5,-1],[-1,1],[0,2],[2,5],[0,3],[-4,9],[-2,3],[-2,0],[-27,-4],[-7,1],[-1,3],[-4,1],[-3,2],[-6,1],[-8,-3],[-1,-1],[-1,-1],[1,-8],[-3,-7],[-2,-2],[-2,-7],[-2,-4],[-4,-2],[-2,1],[-2,5],[-2,2],[-1,5],[-3,3],[-7,6],[-3,1],[-2,0],[-2,-4],[-7,-5],[-1,-7],[-5,-8],[-3,-6],[-3,-2],[-2,0],[-4,2],[-6,1],[-3,1],[-1,2],[1,2],[1,1],[3,2],[0,3],[-2,3],[-3,1],[-4,2],[-2,0],[-1,-2],[-1,-5],[-1,-1],[-4,-2],[-5,-1],[-3,-2],[-1,-3],[1,-7],[-1,-2],[-1,-2],[-7,-2],[-4,0],[-2,0],[-4,3],[-3,1],[-2,-1],[-2,-4],[-2,-1],[-5,-2],[1,-3],[4,-9],[2,-10],[-4,-4],[-5,-2],[-2,-3],[-1,-9],[-2,-6],[-3,-6],[-2,-1],[-4,-2],[-3,1],[-7,3],[-3,0],[-6,-2],[-3,-3],[-1,-4],[1,-10],[-1,-2],[-4,-8],[-5,-4],[-3,-3],[-2,0],[-13,2],[-6,0],[-5,-2],[-3,-3],[-4,-5],[-9,-6],[-12,48],[-7,107],[-102,-47],[-11,36],[51,104],[-7,4],[-24,-24],[-38,21],[-8,-27],[-59,30],[67,109],[39,58],[37,70],[13,17],[42,61],[2,23],[60,44],[51,-4],[72,11],[24,-17],[12,22],[122,46],[10,39],[27,-15],[34,51],[36,-17],[35,51],[-14,3],[15,81],[53,-45],[19,7],[66,39],[65,106],[69,31],[62,23],[74,-70],[14,-19],[13,0]],[[1119,1422],[51,-1],[1,-13],[-25,-30],[0,-15],[2,-9],[1,-1],[26,-15],[8,-21],[0,-2],[-4,-2],[13,-19],[5,-16],[6,-3],[2,-8],[6,3],[3,0],[16,3],[19,7],[5,-6],[5,-1],[6,-2],[2,-1],[3,-4],[11,-1],[0,-5],[31,-17],[17,8],[12,1],[1,1],[-2,-24],[17,-36],[-16,-17],[1,-1],[11,-2],[12,-12],[4,-1],[2,-3],[8,-6],[-48,-62],[40,5],[6,-1],[22,4],[9,3],[2,1],[4,3],[1,0],[14,-68],[-27,-16],[28,-28],[-39,-19],[-2,3],[-47,-4],[-4,5],[-7,5],[-68,-37],[-12,-21]],[[1527,1591],[-55,12],[-17,-53],[30,-2],[1,-7],[37,3],[22,-27],[12,30],[16,-8],[15,-9],[5,8],[13,30],[2,11],[8,-7],[15,0],[21,-49],[-4,-2],[-3,-4]],[[1645,1517],[-4,1],[-3,-4],[4,-2],[-7,-6],[-6,-4],[4,-2],[-9,-15],[-9,-10],[6,-2],[-5,-9],[12,-6]],[[1628,1458],[-5,-11],[17,-25],[6,-7],[2,-1],[1,6],[2,2],[4,2],[2,2],[5,10],[-13,9],[2,15],[0,4]],[[1651,1464],[6,0],[2,-5],[8,-10],[-1,0],[27,-35],[42,-51],[-9,-7],[-6,-48],[-10,-101],[19,-43],[-4,-41],[22,-126],[-14,-22],[5,-20],[247,32],[45,3],[11,4],[11,10]],[[2052,1004],[5,-3],[1,-5],[13,10],[-2,2],[1,1],[54,28],[-17,16],[5,18],[27,77],[1,-4],[2,0],[3,-3],[0,-5],[2,-1],[2,1],[4,1],[5,8]],[[2158,1145],[1,-1],[6,-2],[5,-5],[10,-14],[1,-9],[4,-7],[1,-3],[2,-2],[-1,-4],[0,-6],[4,-3],[4,1],[1,-3],[-1,-2],[-4,-1],[-1,-3],[2,-3],[5,-4],[2,-4],[8,0],[4,-2],[4,0],[3,1],[3,-2],[0,-6],[2,-4],[2,-4],[0,-3],[3,-7],[-1,-5],[1,-2],[5,-4],[4,0],[6,-2],[6,-2],[2,3],[2,1],[3,0],[2,3],[4,0],[3,4],[3,1],[5,-6],[2,-6],[2,-2],[3,0],[8,-7],[4,-4],[5,-8],[2,0],[6,5],[2,2],[6,0],[4,-1],[2,-2],[1,-4],[3,-2],[6,-2],[4,-1],[4,-9],[2,-3],[4,2],[3,4],[3,-1],[1,-5],[3,-4],[8,-5],[-2,-4],[2,-7],[2,-5],[7,-8],[-2,-7],[0,-5],[6,-8],[11,-2],[-1,5],[6,1],[4,-1],[2,-2],[2,-6],[38,-10],[3,-2],[2,-1],[13,-14],[18,-13],[7,-7],[9,-17],[3,-19],[1,-3],[2,-3],[3,-2],[9,-2],[20,-7],[30,-7],[11,-9],[3,-3],[-18,-20]],[[2552,793],[-85,-94],[-15,26],[-45,-24],[-32,13],[-31,-18],[-8,16],[-18,4],[-6,10],[-1,26],[-41,-4],[-68,-13],[-5,13],[-16,-1],[-1,-3],[-35,-5],[0,4],[-33,-18],[-14,-6],[-17,-4],[-9,-2],[1,-14],[-29,-65],[-33,-65],[-53,-126],[-72,-89],[-131,-165],[8,-6],[42,-16],[3,-5],[-56,-50],[0,-32],[-17,-4],[-11,-7],[4,-7],[-24,-26],[1,-11],[-5,-5],[-7,-2],[-8,-18],[-20,7],[17,32],[-46,14],[-54,-51],[-1,4],[-11,23],[-36,18],[-11,22],[-6,-3],[-33,116],[-26,-3],[-34,40],[-7,2],[-3,4],[-6,5],[-5,-1],[-5,-2],[-6,-1],[-6,2],[-3,-1],[-5,1],[4,37],[-38,-16],[-2,-15],[-44,-41],[-16,40],[-5,3],[-1,6],[-3,-1],[-3,-2],[-1,-1],[-4,3],[-4,-1],[-2,0],[-2,2],[-3,5],[-3,2],[-3,0],[-3,-2],[0,0],[-1,4],[2,1],[0,1],[-2,1],[-3,1],[-1,1],[-20,23],[-29,30],[-75,-33],[-7,-60],[-56,4],[-1,4],[-2,3],[-1,0],[-2,-1],[-2,0],[-2,0],[-3,3],[-1,3],[2,5],[-2,3],[-7,1],[-6,3],[-5,-1],[-8,2],[-1,1],[0,2],[-3,2],[-4,4],[-3,8],[-2,2],[-5,2],[-3,3],[-5,4],[-5,2],[-2,2],[-2,1],[-3,0],[-2,-3],[-3,0],[-9,7],[-2,1],[-6,1],[25,38],[-7,2],[0,47],[-27,19]],[[1119,1422],[-4,17],[-8,53],[-13,-2],[-42,37],[48,20],[13,3],[-46,6],[6,28],[17,-4],[10,-1],[17,-12],[15,68],[-48,8],[-3,-17],[-23,12],[5,24],[24,-4],[6,31],[50,0],[90,23],[34,10],[57,14],[22,2],[3,-24],[-2,-21],[71,10],[-1,12],[35,5],[16,-15],[-14,-54],[49,-2],[24,-58]],[[2551,1210],[3,-31],[8,3],[4,-26],[32,-9],[50,-31],[30,-3],[-7,-41],[20,-5],[-10,-36],[-42,-20],[39,-4],[-45,-89],[25,-19],[-20,-46],[32,-17],[-24,-61],[4,-2],[-57,-55],[13,-13],[-3,-3],[6,-14],[5,-4],[8,0],[3,0],[11,-9],[15,0],[3,-5],[19,22],[9,-5],[-57,-68],[0,2],[0,6],[-1,1],[-4,0],[-1,4],[-5,3],[-2,0],[1,6],[-3,1],[0,1],[0,4],[-1,3],[0,0],[-4,0],[-2,0],[-2,8],[-4,1],[-1,1],[-2,5],[0,3],[-1,1],[0,1],[-4,0],[-3,1],[-2,4],[-2,1],[-5,1],[-1,0],[-2,-2],[-2,1],[0,4],[-2,5],[0,4],[-3,3],[0,2],[2,3],[0,0],[-5,5],[0,2],[1,2],[0,2],[-2,1],[-5,1],[-2,7],[1,8],[2,4],[-1,4],[5,1],[0,2],[-3,8],[5,2],[1,2],[-1,3],[2,2],[-4,2],[-1,2],[1,3],[0,5],[2,3],[1,6],[2,2],[0,1],[-1,1],[-1,0],[-1,-3],[-1,0],[-3,3],[-6,2],[0,3],[-1,2],[-1,2],[2,3],[0,2],[-3,1]],[[2158,1145],[8,16],[4,5],[29,25],[25,11],[5,0],[3,-1],[-2,3],[1,1],[14,6],[5,-12],[3,-1],[-2,-1],[1,-4],[3,1],[2,5],[8,3],[2,2],[0,1],[-7,3],[3,6],[-5,-2],[-4,4],[7,5],[-3,4],[-9,-7],[-2,-1],[-3,3],[2,5],[-4,1],[2,10],[-5,-3],[-1,0],[-1,3],[-6,-1],[-1,0],[17,53],[5,27],[2,4],[8,8],[33,16],[5,2],[13,2],[1,-1],[5,5],[0,0],[52,40],[36,-19],[-43,-48],[-30,-94],[13,-7],[4,3],[7,9],[3,0],[4,-2],[2,-4],[3,-10],[2,-2],[8,-5],[17,3],[20,-1],[12,2],[7,0],[3,-1],[3,-4],[4,-3],[10,-4],[12,-2],[9,-1],[5,1],[12,9],[8,0],[3,-2],[1,-4],[7,-5],[7,0],[7,0],[24,10]],[[2052,1004],[-3,3],[2,4],[0,1],[-3,3],[-1,3],[-1,3],[-2,1],[-2,-1],[-4,4],[-3,0],[-1,-1],[3,-3],[0,-2],[1,-2],[0,-2],[1,-2],[-1,-3],[-1,3],[-2,1],[1,3],[-1,-2],[-2,0],[1,6],[-1,2],[1,2],[-2,0],[0,-1],[-1,0],[1,1],[-2,8],[-5,1],[-1,-2],[-2,0],[-1,1],[0,2],[-1,0],[0,4],[4,4],[0,3],[-2,2],[-1,0],[0,-2],[-1,0],[-4,1],[0,-4],[-2,-1],[-1,-3],[0,0],[1,-3],[-3,0],[-1,1],[1,1],[0,1],[-2,0],[0,-1],[-2,0],[0,-2],[1,-3],[0,-2],[-3,3],[-5,4],[0,3],[-2,3],[-2,7],[-2,5],[-8,3],[-2,3],[-2,1],[-2,0],[-5,-1],[-5,2],[-2,-1],[-1,-3],[-5,-2],[1,-1],[-1,-1],[-2,-1],[-2,-1],[0,0],[0,2],[-2,0],[-2,-5],[3,0],[-2,-3],[-3,0],[0,2],[0,-2],[1,0],[2,1],[-2,1],[-2,0],[-1,-2],[-3,-1],[3,2],[1,1],[1,1],[-1,1],[1,1],[0,0],[4,5],[3,1],[-1,1],[2,3],[-1,8],[0,3],[8,4],[1,2],[-6,6],