{"type":"Topology","transform":{"scale":[0.0007320416356275272,0.0006360227878459152],"translate":[24.797700002000056,-28.965369996999982]},"arcs":[[[1132,116],[5,104],[-46,13],[16,35],[16,48],[-35,35],[-1,4],[29,-5],[34,-4],[4,14],[-85,46],[16,35],[-82,26],[-12,49],[-58,26],[-41,-8],[-30,-3],[-94,-39],[7,55],[-42,34],[-60,4],[-38,18]],[[635,603],[12,40],[17,32]],[[664,675],[35,0],[54,49],[2,19],[36,-8],[82,1],[6,37],[4,37],[13,11],[28,-1],[75,-8],[9,0],[8,27],[23,125],[12,-4],[27,47],[-29,17],[9,40],[-6,0],[20,54],[1,7],[-22,27],[-90,40],[3,13],[11,6]],[[975,1211],[65,34],[20,14],[34,0],[46,35],[20,0]],[[1160,1294],[82,23],[37,-79],[-63,-57],[50,-32],[23,-14],[15,5],[16,-20],[-30,-58],[-48,19],[18,-81],[-16,-6],[20,-18],[4,-2],[-4,-24],[3,-14],[8,-1],[24,-39],[22,-30],[57,-55],[24,-7],[26,-41],[31,-13],[33,-6],[15,-9],[-3,-5],[63,-41],[13,28],[56,19],[6,-14],[46,1],[3,-39],[33,32],[5,-49],[-35,-12],[-6,-59],[-35,3],[-40,-32],[-2,-17],[-29,-44],[-8,-12],[-25,-50],[-27,-42],[-51,-89],[-6,-28],[-8,5],[-14,-55],[3,-81],[-16,5],[-6,2],[-43,15],[-6,-64],[-2,1],[-1,1],[-3,4],[0,2],[-2,2],[-3,2],[-1,0],[-7,-6],[-6,-6],[-2,-1],[-6,-1],[-3,0],[-8,3],[-2,-1],[-2,0],[-1,-1],[-1,-1],[0,-4],[-2,-6],[0,-2],[-2,-2],[-1,0],[-1,0],[-4,4],[-5,4],[-1,1],[-2,0],[-3,-1],[-2,-2],[0,-2],[0,-1],[1,-4],[0,-2],[-1,-1],[-3,-1],[-2,0],[-2,1],[-3,4],[-5,2],[-2,0],[-1,-1],[-3,-2],[-2,-1],[-8,-3],[-7,-2],[0,0],[-3,2],[-3,1],[-9,2],[-2,-1],[-3,-3],[-3,-1],[-1,-1],[-1,1],[1,4],[-1,1],[-1,0],[-2,-2],[-3,-1],[-3,1],[-3,1],[-5,4],[-4,6],[-8,4],[-2,2],[-2,0],[-1,1],[-1,-1],[-4,-4],[-2,-2],[-2,-1],[-2,0],[-1,2],[-2,2],[0,2],[-1,4],[-2,2],[-3,4],[-3,2],[-2,0],[-1,0],[0,-1],[0,-1],[1,-2],[-1,-1],[-1,0],[-1,0],[-3,0],[-4,1],[-1,1],[-3,5],[-2,0],[-2,-1],[-4,-1],[-4,-4],[-2,0],[-2,2],[-1,4],[0,1],[-2,1],[-2,1],[-5,-1],[-2,0],[-2,-1],[-1,-1],[-1,-2],[-2,-4]],[[635,603],[-84,-22],[-27,49],[-15,96],[9,0],[22,1],[0,2],[6,17],[29,5],[32,-29],[51,-28],[10,-12],[-4,-7]],[[1132,116],[0,-2],[-1,-2],[-1,-1],[-2,-2],[-1,-1],[-3,1],[-1,3],[-4,3],[-1,2],[-1,2],[0,4],[-1,5],[-1,1],[-4,2],[-2,-1],[-4,0],[-1,1],[-4,1],[-3,2],[-1,1],[0,5],[-1,3],[-4,5],[-2,0],[-2,1],[-1,-1],[-1,-4],[0,-2],[1,-2],[-1,-2],[-1,-5],[-1,-1],[-2,-2],[-2,0],[-1,1],[-5,1],[-2,1],[-1,1],[-1,3],[-3,3],[-4,2],[-4,0],[-1,0],[-2,-2],[-3,-6],[-1,-1],[-2,0],[-5,4],[-2,0],[-1,0],[-2,-2],[-1,-2],[-1,-2],[-5,0],[-1,0],[-2,1],[-1,2],[-2,6],[-3,6],[-1,1],[-3,1],[-4,-1],[-2,1],[0,2],[2,3],[0,2],[1,3],[-1,4],[-2,6],[-6,6],[-6,3],[-2,0],[-2,0],[-2,-2],[-6,-2],[-7,0],[-2,-2],[-1,-1],[-1,-2],[0,-9],[-2,-3],[0,-4],[-1,-1],[-3,-2],[-5,-3],[-6,-2],[-2,-1],[-3,-1],[-4,-2],[-2,-2],[-2,-3],[-3,-1],[-3,-3],[-2,-2],[-2,0],[-2,0],[-4,2],[-3,0],[-1,0],[-1,0],[-1,-2],[-7,-8],[-4,-3],[-7,-3],[-6,-7],[-8,-4],[-2,-2],[-2,0],[-1,0],[-2,1],[-1,2],[-1,1],[-5,2],[-3,-1],[-8,0],[-4,0],[-4,1],[-1,0],[-4,1],[-5,-1],[-3,0],[-1,0],[-1,-2],[-1,-3],[0,-7],[0,-4],[1,-4],[-1,-2],[-1,-2],[-3,-3],[-1,-1],[-3,-1],[-3,-2],[-2,-1],[-2,0],[-6,1],[-4,-1],[-5,0],[-5,0],[-1,0],[-1,1],[-3,0],[-3,1],[-4,4],[-1,0],[-3,-1],[-3,1],[-2,1],[-6,8],[-1,0],[-1,1],[-2,0],[-4,-2],[-3,-1],[-3,1],[-2,0],[-2,2],[-1,0],[-1,3],[-2,1],[-4,6],[-1,1],[-2,0],[-2,-2],[-2,0],[-1,1],[-2,5],[-1,0],[-3,0],[-2,1],[-6,3],[-1,0],[-2,-1],[-4,-4],[-1,-1],[-5,0],[-5,0],[-4,0],[-5,1],[-1,1],[-1,3],[-3,4],[-1,1],[-2,-1],[-3,-1],[-3,-2],[-1,-2],[-2,-6],[-2,-2],[-3,-1],[-3,0],[-2,1],[0,3],[0,4],[-1,3],[-1,2],[-2,0],[-2,-1],[-10,-11],[-2,-1],[-1,0],[-1,0],[-3,1],[-7,11],[-2,2],[-1,0],[-2,1],[-2,-1],[-2,-2],[-2,-9],[-1,-2],[-2,-2],[-5,-2],[-8,0],[-3,1],[-2,0],[-4,-2],[-3,-1],[-3,-4],[-2,0],[-2,1],[-3,2],[-4,3],[-3,2],[-4,2],[-3,3],[-4,7],[-1,1],[-1,0],[-3,-1],[-3,-3],[-6,-3],[-6,-5],[-6,-2],[-2,-3],[-3,-4],[0,-1],[0,-1],[3,-3],[1,-2],[0,-5],[0,-3],[-1,-4],[2,-4],[0,-1],[-2,-1],[-3,0],[-1,-1],[-2,-2],[-1,-2],[-3,-4],[-1,-3],[-4,-8],[-1,-3],[-3,-1],[-4,1],[-2,0],[-3,3],[-2,1],[-2,-1],[-2,-2],[-2,-7],[-3,-2],[-8,-6],[-1,-1],[-5,-1],[-5,0],[-3,0],[-3,1],[-2,1],[-7,5],[-3,0],[-3,-4],[-2,-4],[-3,-4],[-4,-3],[-4,-5],[-2,-3],[-3,-4],[-3,-3],[-3,-2],[-4,0],[-3,-1],[-3,0],[-3,0],[-2,1],[-3,0],[-2,-1],[-1,-1],[-39,91],[3,2],[-112,-3],[-18,8],[-13,-65],[-11,-7],[-21,6],[-123,79],[-80,-29],[-18,93],[6,41],[136,283],[-101,33],[55,173],[-29,21],[35,45],[12,19],[8,-3],[25,79]],[[147,866],[17,-3],[29,-11],[-1,6],[66,58],[4,-24],[43,-4],[36,34],[20,-8],[45,-12],[46,-18],[19,-2],[3,24],[110,6],[5,4],[37,18],[0,10],[-10,142],[68,-25],[-1,20],[31,-8],[17,-8],[0,2],[1,7],[-3,4],[-6,7],[-12,11],[-2,3],[-2,6],[-7,9],[-7,13],[-10,16],[-2,6],[-1,9],[1,5],[-2,4],[-2,7],[-11,15],[-19,19],[-14,13],[-5,5],[-10,9],[58,13],[0,-4],[35,-42],[-2,-14],[5,0],[12,-15],[16,6],[40,27],[18,-6],[-5,21],[65,26],[14,24],[-4,11],[47,32],[20,14],[0,0],[4,-1],[-1,-1],[8,-3],[1,5],[3,-1],[1,3],[-4,1],[0,1],[-2,0],[0,1],[-12,3],[-7,24],[25,7],[9,-32],[15,-2],[3,-1],[5,-3],[-1,-15],[-9,-103]],[[147,866],[44,141],[-64,23],[-28,63],[48,-7],[29,44],[52,-6],[51,161],[36,117],[6,4],[6,4],[2,1],[9,0],[7,-2],[7,-2],[5,0],[3,0],[12,3],[3,2],[2,2],[1,3],[1,2],[0,16],[1,2],[1,5],[4,5],[6,8],[6,5],[5,9],[4,7],[14,16],[3,7],[0,4],[-1,4],[-6,9],[-2,3],[-8,12],[-2,2],[-3,1],[-1,2],[-1,1],[0,3],[1,3],[2,4],[3,4],[4,3],[19,11],[3,3],[3,7],[3,5],[7,8],[2,2],[8,4],[1,2],[2,5],[1,6],[0,11],[-3,9],[0,2],[2,4],[2,2],[2,2],[1,1],[4,0],[4,-1],[7,-5],[2,-1],[3,-1],[4,0],[4,1],[6,2],[1,1],[3,5],[3,2],[4,3],[5,2],[8,8],[5,4],[2,1],[2,2],[3,5],[2,2],[0,3],[2,3],[4,12],[1,0],[3,5],[2,2],[5,3],[8,4],[4,2],[17,4],[8,3],[14,9],[6,2],[9,4],[4,3],[3,3],[3,4],[1,4],[1,4],[-1,4],[-1,2],[-12,8],[-6,5],[-2,3],[-3,4],[-2,5],[0,3],[0,2],[1,3],[1,1],[3,3],[3,1],[13,5],[8,5],[1,2],[2,2],[1,3],[1,3],[2,4],[1,4],[3,7],[1,5],[2,5],[1,2],[4,3],[3,2],[2,2],[6,1],[8,0],[3,0],[2,0],[4,0],[10,2],[4,-1],[5,-1],[7,-2],[3,0],[7,2],[4,1],[35,-89],[67,-72],[50,-24],[-21,-12],[70,-52],[-2,-13],[52,1],[14,-42],[149,-82],[3,-23],[-58,-82],[71,-23],[30,-24],[-1,-1],[-17,-10]]],"objects":{"44":{"type":"GeometryCollection","geometries":[{"arcs":[[0,1,2,3,4]],"type":"Polygon","properties":{"WARD":"41802001","PROVINCE":"Free State","CAT_B":"FS182","MUNICNAME":"Tokologo Local Municipality","WARDNO":1,"VOTERS":3184,"Area":2635.36068492,"Shape_Leng":3.32162276493,"Shape_Area":0.243005406467,"ID":1448,"POPULATION":7082,"DENSITY":2.68729819053781}},{"arcs":[[-2,5]],"type":"Polygon","properties":{"WARD":"41802002","PROVINCE":"Free State","CAT_B":"FS182","MUNICNAME":"Tokologo Local Municipality","WARDNO":2,"VOTERS":3526,"Area":89.0011453474,"Shape_Leng":0.358245849351,"Shape_Area":0.00820573493778,"ID":1449,"POPULATION":8509,"DENSITY":95.60551121883483}},{"arcs":[[-3,-6,-1,6,7]],"type":"Polygon","properties":{"WARD":"41802003","PROVINCE":"Free State","CAT_B":"FS182","MUNICNAME":"Tokologo Local Municipality","WARDNO":3,"VOTERS":2982,"Area":4225.04450558,"Shape_Leng":4.71000932636,"Shape_Area":0.389805566315,"ID":1450,"POPULATION":8600,"DENSITY":2.03548151709219}},{"arcs":[[-4,-8,8]],"type":"Polygon","properties":{"WARD":"41802004","PROVINCE":"Free State","CAT_B":"FS182","MUNICNAME":"Tokologo Local Municipality","WARDNO":4,"VOTERS":2713,"Area":2376.45398654,"Shape_Leng":3.02721740714,"Shape_Area":0.218263229052,"ID":1451,"POPULATION":4795,"DENSITY":2.017712115260133}}]}}}