{"type":"Topology","transform":{"scale":[0.000680939916716233,0.0005804199744608621],"translate":[25.323529997000037,-28.58895000299998]},"arcs":[[[1204,489],[0,0],[2,-1],[0,-2],[1,0],[0,-5],[-2,0],[-1,-1],[-1,-2],[0,1],[-2,-3],[1,0],[-1,-2]],[[1201,474],[-16,11],[3,1],[4,4]],[[1192,490],[7,-3],[1,0],[0,2],[1,2],[3,-2]],[[1217,497],[-3,-2],[0,-2],[-2,0],[-5,1],[-1,-4],[-1,1],[-1,-2]],[[1192,490],[16,16],[1,0],[3,-4],[1,0],[0,-2],[3,0],[1,-3]],[[1224,481],[-6,0],[0,-2],[-5,1],[-1,0],[-9,-8]],[[1203,472],[-2,2]],[[1217,497],[5,-12],[2,-4],[0,0]],[[1203,472],[7,-5],[5,-2],[-33,-44],[42,-65],[22,-63],[33,-53],[36,-33]],[[1315,207],[-10,-65],[9,-2],[-25,-40],[-26,13],[-25,-40],[-20,12],[-7,-32],[-89,-35],[-9,-18],[-18,13],[-52,-8],[6,64],[38,14],[-6,53],[-35,-35],[-4,42],[-49,0],[-7,15],[-60,-21],[-14,-30],[-68,44],[4,6],[-16,10],[-35,6],[-34,15],[-28,45],[-26,8],[-61,59],[-24,34],[-25,42],[-9,2],[-3,14],[4,27],[-4,2],[-22,19],[18,7],[-20,90],[52,-22],[32,64],[-18,21]],[[629,600],[55,15],[65,-17],[12,-51],[36,13],[5,-15],[81,25],[12,-41],[32,3],[1,5],[34,2],[11,29],[26,-5],[86,-12],[-24,-66],[41,19],[72,-12],[6,112],[98,-35],[34,-14],[-67,-48],[-20,-28],[-1,2]],[[629,600],[-16,-5],[-24,16],[-54,35],[67,62],[-39,86],[-88,-25],[19,12],[-32,27],[-76,25],[62,90],[-4,25],[-159,90],[-16,46],[-56,-2],[3,15],[-75,57],[22,13],[-54,27],[-71,79],[-38,97],[14,6],[2,-2],[3,-3],[1,0],[4,0],[1,1],[3,4],[3,9],[3,10],[1,8],[2,5],[4,7],[8,10],[10,19],[1,1],[5,4],[10,4],[7,5],[8,8],[9,12],[5,4],[9,5],[8,2],[10,4],[5,3],[7,6],[5,3],[7,0],[11,-3],[6,0],[6,2],[11,6],[4,1],[15,4],[6,-2],[2,1],[1,2]],[[217,1516],[1,-3],[4,-119],[4,-19],[86,2],[4,-24],[5,-52],[60,32],[57,-24],[-11,-52],[106,-28],[63,-7],[47,-2],[48,-91],[-84,-4],[-16,-57],[-13,-50],[57,-87],[67,104],[28,-51],[48,23],[-12,20],[13,9],[-19,31],[92,39],[-5,8],[-2,9],[-21,26],[9,53],[16,51],[4,-1],[5,-3],[2,-2],[-3,-8],[5,-2],[2,10],[0,0],[1,4],[8,19],[1,-3],[-1,-5],[1,-2],[0,-1],[2,-2],[6,-1],[6,0],[2,0],[4,1],[5,0],[3,-2],[2,-3],[4,-5],[0,-6],[0,-2],[6,-9],[4,-5],[5,-9],[2,1],[1,2],[2,2],[3,7],[2,2],[7,2],[4,-1],[2,-3],[1,-2],[1,-5],[2,-2],[2,1],[8,4],[2,0],[5,-1],[6,3],[1,-1],[1,-2],[0,-2],[0,-5],[1,-2],[5,-7],[4,0],[3,-1],[1,0],[0,2],[1,3],[-2,6],[-3,2],[0,3],[2,1],[2,0],[3,-1],[2,-2],[7,35],[6,-4],[6,32],[-6,0],[-66,29],[7,75],[-45,54],[-76,-2],[12,70],[-26,20],[-62,53],[36,-17],[-20,121]],[[767,1686],[1,-2],[5,-7],[4,-10],[8,-4],[4,-2],[15,-5],[7,-1],[22,4],[6,3],[5,3],[0,3],[-5,11],[0,5],[1,2],[1,1],[4,1],[2,0],[14,-2],[2,1],[3,4],[4,3],[9,4],[5,0],[3,-1],[7,-5],[5,-5],[7,-9],[3,-6],[2,-5],[3,-11],[0,-6],[2,-3],[2,0],[4,1],[6,4],[15,6],[4,3],[19,-4],[1,-1],[0,-3],[-3,-6],[0,-4],[0,-2],[3,-4],[1,-1],[4,-1],[6,0],[5,-3],[14,-12],[3,-5],[1,-2],[4,-13],[1,-5],[0,-7],[-1,-9],[0,-8],[3,-10],[1,-12],[-3,-8],[-3,-5],[-4,-5],[-1,-3],[-1,-5],[0,-3],[1,-3],[6,-11],[8,-13],[11,-10],[2,-2],[4,-6],[3,-3],[10,-4],[3,1],[2,1],[10,12],[6,6],[12,4],[6,2],[4,2],[5,3],[8,7],[7,7],[21,-30],[14,-34],[11,-25],[-1,-2],[28,-95],[29,-38],[-21,-29],[-12,-30],[26,-20],[33,45],[80,-39],[6,-8],[-22,-25],[8,-10],[-43,-58],[26,-31],[-18,-72],[3,-5],[7,-5],[1,0],[1,2],[1,4],[2,0],[2,-2],[4,-6],[2,-2],[3,-4],[3,-1],[7,2],[4,0],[2,-2],[1,-2],[3,-3],[1,0],[3,2],[5,-2],[1,-5],[4,-4],[6,1],[6,-1],[3,2],[1,0],[0,-9],[22,5],[2,-2],[2,-2],[8,-3],[5,0],[1,-2],[1,-3],[1,-1],[2,0],[1,1],[1,3],[3,5],[1,0],[4,-1],[-1,-5],[12,-9],[22,4],[-3,-14],[-1,-1],[-1,-2],[-1,-4],[1,-2],[3,-1],[12,0],[3,-1],[5,-2],[11,-6],[1,-1],[0,-5],[6,-4],[2,0],[0,1],[0,7],[0,2],[0,1],[6,-1],[4,-3],[3,-1],[3,-3],[0,-2],[0,-4],[1,-5],[1,-1],[4,-1],[2,-2],[2,0],[1,1],[-14,-58],[20,35],[17,-6],[-7,-13],[6,-1],[6,14],[4,-1],[-1,-4],[-6,-13],[9,0],[-2,-4],[1,0],[3,8],[8,-3],[4,-3],[8,6],[4,16],[31,4],[0,2],[4,-1],[1,-1],[2,-7],[0,-9],[0,-2],[-2,-1],[-3,-2],[-1,-6],[1,0],[2,-1],[3,-2],[1,1],[1,2],[2,-1],[2,0],[0,-4],[0,-1],[-1,0],[-1,1],[-1,0],[-3,-2],[0,-2],[1,-2],[1,-1],[3,0],[2,3],[2,-1],[1,-1],[0,-6],[-1,-1],[-4,0],[-3,-5],[-2,-1],[-1,0],[0,-2],[2,-2],[1,-1],[3,0],[1,0],[2,1],[1,0],[2,-2],[2,-1],[1,-2],[-1,-2],[-3,-2],[-1,-2],[1,-2],[1,-3],[0,-2],[-14,-11],[21,-4],[0,-1],[-2,-1],[-4,-1],[-4,0],[-2,-3],[-3,-1],[-1,-2],[4,-7],[1,-5],[3,-8],[3,-5],[4,-5],[0,-1],[0,-5],[1,-2],[3,-3],[8,-3],[1,0],[-1,-1],[24,-15],[-10,-5],[5,-3],[2,-2],[1,-2],[1,-4],[-1,-7],[-1,-2],[-2,-1],[-1,-3],[0,-1],[2,-2],[8,-4],[1,-2],[0,-6],[1,-1],[3,-1],[2,2],[1,0],[2,-3],[1,-2],[0,-7],[0,-1],[-2,-3],[1,-3],[2,-4],[7,-3],[1,-2],[1,-2],[-1,-1],[-2,-3],[0,-1],[2,-1],[2,0],[0,2],[2,0],[2,-1],[2,-2],[0,-3],[-3,-2],[-1,-4],[-13,-9],[0,7],[-1,2],[-18,-10],[-1,-10],[1,-2],[-11,-7],[-28,10],[-9,-27],[14,-4],[4,-14],[27,9],[6,-20],[-27,-9],[-3,10],[-25,4],[-3,-25],[-15,-31],[14,0],[2,-36],[24,0],[-5,-24],[-17,2],[-4,-18],[16,-10],[3,13],[35,-6],[-11,-54],[-12,10],[-7,1],[-13,2],[-5,-22],[34,-5],[-9,-1],[-35,-17],[30,-29],[10,2],[6,-42],[2,-14],[-9,0],[-10,15],[-54,56],[-46,-18],[-50,-25],[-48,-85],[-48,-30],[-14,-6],[-39,36]],[[887,1288],[-1,-3]],[[886,1285],[-1,0],[-1,2],[0,2],[-4,1]],[[880,1290],[2,6]],[[882,1296],[6,-2]],[[888,1294],[13,-4],[-1,0],[-3,-11],[-5,2],[0,2],[-2,0],[1,4],[-4,1]],[[880,1290],[-1,-1]],[[879,1289],[-1,-4],[-13,-1],[-3,10],[0,1],[-1,0],[2,3],[3,0],[10,-3],[1,3],[5,-2]],[[217,1516],[2,2],[1,3],[1,11],[3,4],[3,3],[1,3],[3,2],[5,1],[5,0],[11,-3],[10,0],[7,-1],[10,0],[6,1],[5,1],[15,3],[4,1],[5,0],[9,4],[6,1],[9,1],[4,2],[11,7],[12,8],[4,7],[4,9],[8,12],[3,5],[1,2],[6,3],[4,1],[5,0],[3,-1],[1,-1],[3,-3],[4,-3],[6,0],[4,-1],[2,-1],[4,-8],[4,-5],[2,-2],[2,0],[6,3],[5,1],[3,0],[2,-1],[2,-2],[1,-1],[-1,-8],[2,-3],[5,-10],[7,-8],[10,-8],[13,-6],[5,-1],[5,2],[7,5],[4,4],[7,11],[3,9],[1,4],[-1,8],[-2,12],[0,7],[1,5],[3,7],[0,6],[-1,6],[-1,8],[-1,3],[-3,7],[1,5],[4,4],[7,5],[2,1],[9,1],[6,1],[14,-1],[7,2],[5,3],[7,8],[7,6],[4,6],[4,3],[3,1],[1,-1],[6,-1],[4,2],[6,4],[7,7],[5,4],[4,2],[10,2],[7,3],[9,7],[10,10],[6,3],[4,2],[6,0],[9,-1],[7,-1],[9,2],[4,5],[3,6],[7,7],[3,2],[8,2],[5,4],[5,3],[4,0],[2,-1],[0,-2],[3,-18],[9,-10],[4,-6],[2,-4],[2,-4],[0,-5],[0,-2],[-4,-7],[0,-6],[3,-11]],[[879,1289],[1,1]],[[886,1285],[1,3]],[[888,1294],[-6,2]]],"objects":{"45":{"type":"GeometryCollection","geometries":[{"arcs":[[0,1,2]],"type":"Polygon","properties":{"WARD":"41803001","PROVINCE":"Free State","CAT_B":"FS183","MUNICNAME":"Tswelopele Local Municipality","WARDNO":1,"VOTERS":3093,"Area":0.82819531155,"Shape_Leng":0.0441915983703,"Shape_Area":0.000076192983001,"ID":1452,"POPULATION":4974,"DENSITY":6005.829700594373}},{"arcs":[[3,-3,4]],"type":"Polygon","properties":{"WARD":"41803002","PROVINCE":"Free State","CAT_B":"FS183","MUNICNAME":"Tswelopele Local Municipality","WARDNO":2,"VOTERS":3316,"Area":0.889955575883,"Shape_Leng":0.047469248213,"Shape_Area":0.000081869275703,"ID":1453,"POPULATION":4700,"DENSITY":5281.162484247299}},{"arcs":[[5,6,-1,-4,7]],"type":"Polygon","properties":{"WARD":"41803003","PROVINCE":"Free State","CAT_B":"FS183","MUNICNAME":"Tswelopele Local Municipality","WARDNO":3,"VOTERS":3337,"Area":1.07226735034,"Shape_Leng":0.0577421867612,"Shape_Area":0.00009864625651,"ID":1454,"POPULATION":6321,"DENSITY":5894.985050132977}},{"arcs":[[-8,-5,-2,-7,8,9,10]],"type":"Polygon","properties":{"WARD":"41803004","PROVINCE":"Free State","CAT_B":"FS183","MUNICNAME":"Tswelopele Local Municipality","WARDNO":4,"VOTERS":3110,"Area":1167.74767617,"Shape_Leng":2.01944431482,"Shape_Area":0.107514953165,"ID":1455,"POPULATION":7453,"DENSITY":6.382371938811717}},{"arcs":[[-9,-6,-11,11,12,13]],"type":"Polygon","properties":{"WARD":"41803005","PROVINCE":"Free State","CAT_B":"FS183","MUNICNAME":"Tswelopele Local Municipality","WARDNO":5,"VOTERS":2862,"Area":4121.02210508,"Shape_Leng":5.9677492266,"Shape_Area":0.378257883068,"ID":1456,"POPULATION":7287,"DENSITY":1.768250646124244}},{"arcs":[[14,15,16,17,18]],"type":"Polygon","properties":{"WARD":"41803006","PROVINCE":"Free State","CAT_B":"FS183","MUNICNAME":"Tswelopele Local Municipality","WARDNO":6,"VOTERS":3326,"Area":0.728532633724,"Shape_Leng":0.0436523785867,