{"type":"Topology","transform":{"scale":[0.0004658120655452469,0.00042117796440678274],"translate":[26.054650001000027,-28.09836999599997]},"arcs":[[[690,655],[1,-1]],[[691,654],[-5,-2],[1,-8],[-4,0],[-2,-2],[2,0],[4,-5],[2,-2]],[[689,635],[-12,-6],[-8,5]],[[669,634],[2,4],[-3,3],[-3,7],[23,9],[1,0],[1,0],[0,-2]],[[1068,630],[12,-3],[-19,-94],[-121,23],[48,-74],[-38,-19],[-13,-22]],[[937,441],[-2,-2],[-5,-9],[-2,-1],[-1,-7],[-2,-2],[-6,-12],[-5,-8],[-18,-10],[-7,1],[-3,-1],[2,-2],[0,-4],[3,-4],[-6,-6],[7,-12],[-34,-59],[-99,9],[-115,133],[-25,5],[7,35],[4,5],[17,19],[30,-21],[-3,54],[-6,1],[-56,85],[27,10]],[[639,638],[18,7],[5,-7],[7,-4]],[[689,635],[2,1],[3,-4],[3,2],[2,-1],[6,4],[1,1],[1,-1],[3,1]],[[710,638],[2,-3],[-1,0],[4,1],[64,39],[5,3],[6,7],[7,8],[5,10],[24,59]],[[826,762],[18,-87],[72,-15],[-8,24],[27,-6],[9,-4],[40,-5],[-2,-23],[86,-16]],[[691,654],[3,2],[3,1],[3,-5]],[[700,652],[1,0]],[[701,652],[9,-14]],[[701,652],[-1,0]],[[691,654],[-1,1]],[[639,638],[-31,51],[12,19],[-89,58],[0,9],[40,70],[22,52],[-31,20],[18,26],[24,-21],[119,-31],[11,28],[40,-57],[85,-37],[-1,-12],[-22,-6],[-5,-34],[-3,-5],[-2,-1],[0,-5]],[[1273,1702],[0,-1],[1,-1],[0,-3],[3,0],[0,-2],[9,-2],[-3,-12],[2,0],[1,5],[3,0],[0,-1],[1,0],[0,2],[2,1],[-1,1],[1,1],[2,-1]],[[1294,1689],[0,-3],[-2,-7],[1,-6],[4,0],[2,-3],[-2,-4]],[[1297,1666],[-43,22],[0,2]],[[1254,1690],[3,1]],[[1257,1691],[1,5],[4,10],[6,-1],[0,-5],[3,0],[1,2],[1,0]],[[1296,1712],[-3,-14],[1,-1],[0,-3],[2,-3],[-2,-2]],[[1273,1702],[1,-1],[1,1],[1,0],[1,3],[1,3],[2,0],[2,7]],[[1282,1715],[14,-3]],[[1308,1682],[0,0],[-2,0],[-7,-17],[-2,1]],[[1296,1712],[6,-2],[-1,-3],[-2,-1],[-1,-4],[3,1],[0,0],[0,-2],[3,-1],[-1,-2],[-3,-3],[3,-3],[4,-2],[-3,-5],[2,-2],[2,-1]],[[1383,1656],[-21,20],[-10,-45],[-47,-33]],[[1305,1598],[-1,5],[7,9],[2,4],[1,4],[0,7],[0,1],[-4,3],[-3,7],[-3,1],[-2,4],[-2,5],[-3,4],[13,29],[-2,1]],[[1296,1712],[4,15],[3,2],[4,-6],[1,-10],[-2,-8],[4,-2],[1,-1],[6,-3],[6,13],[-10,10],[13,14],[-41,39],[-5,-4],[-6,5],[-1,-2],[-34,2],[-19,-47],[0,-3]],[[1220,1726],[-2,0],[-17,-26],[-6,-3],[0,3],[-1,2],[-3,0],[0,2],[-13,0],[0,3],[1,0],[-1,7],[-23,-3],[17,-56],[-4,0],[-4,0],[-6,7],[-9,7],[-6,8],[-2,1],[-4,-3],[-5,1],[-7,6],[-3,4],[-2,1],[-3,-2],[-12,-5],[-10,-7],[-12,-7],[-19,-6],[-5,-2],[-2,-2],[-1,-7],[-3,-6],[-2,-2],[-3,0],[-2,2],[-1,4],[-2,4],[-2,2],[-4,4],[-3,2],[-5,4],[-22,10],[-6,3],[-10,8],[-5,1]],[[986,1685],[1,4],[-1,2],[-2,3],[-5,3],[-9,4],[-14,4],[-1,1],[-5,1],[-9,0],[-15,-2],[-3,1],[-3,3],[-7,8],[-8,8],[-8,4],[-9,2],[-13,9],[-6,5],[-14,16],[-7,7],[-7,9],[-1,3],[0,4],[3,7],[4,4],[3,1],[5,4],[6,7],[1,5],[0,7],[1,7],[3,7],[6,7],[6,4],[13,16],[9,6],[2,5],[1,5],[6,3],[3,1],[4,0],[4,-1],[4,-5],[1,-6],[-1,-5],[-13,-12],[0,-6],[4,-4],[4,-2],[5,0],[8,4],[8,5],[2,2],[1,3],[0,8],[0,15],[-1,5],[-11,23],[1,19],[-1,5],[1,7],[1,2],[2,1],[5,6],[8,14],[2,6],[0,8],[-1,7],[-5,14],[-2,5],[-10,15],[-2,0],[-6,4],[-12,6],[-6,4],[-13,14],[-10,17],[-10,9],[-14,12],[-6,4],[-6,1],[-7,4],[-5,4],[-2,2],[-8,11],[-1,4],[-2,0],[0,3],[-4,9],[-2,11],[0,13],[-5,13],[-4,4],[-7,6],[-7,18],[-7,10],[-2,3],[0,4],[0,3],[2,7],[7,16],[3,13],[3,7],[4,2],[12,2],[14,-1],[6,-2],[16,-8],[6,-3],[8,-5],[4,-1],[9,1],[8,3],[7,3],[5,2],[2,2],[3,4],[2,7],[2,22],[2,5],[2,3],[8,10],[3,3],[2,1],[5,0],[12,-3],[7,-3],[4,-1],[3,1],[7,4],[9,9],[6,8],[9,12],[7,14],[2,7],[5,6],[2,7],[88,-132],[-13,1],[41,-56],[128,27],[22,-45],[38,2],[43,-1],[43,-68],[74,13],[0,-25],[-21,-16],[-10,-79],[-28,-10],[13,-29],[39,14],[12,-33],[36,12],[10,-36],[-39,-12],[15,-25],[-14,-8],[16,-34],[7,4],[7,-43],[-42,8],[-90,-12],[6,-121]],[[1282,1715],[1,5],[-1,6],[-8,1],[0,1],[-3,4],[-8,-7],[-8,-4]],[[1255,1721],[0,2],[-8,0],[0,3],[-27,0]],[[960,1664],[-4,-11],[1,0],[-55,-129],[132,-24],[36,-21],[151,-69],[2,-4],[70,42],[2,3],[0,4],[-3,8],[2,5],[2,3],[0,9],[4,3],[6,3],[13,2],[3,2],[0,3],[-2,6],[1,3],[0,4],[5,18],[0,6],[-3,4],[-5,7],[-4,3],[-3,0],[-1,0],[-1,4],[0,2],[0,2],[2,0],[1,1],[-1,8],[-1,4],[-2,3],[-1,1],[-6,2],[-2,2],[-2,2],[-1,5],[0,2],[9,6],[4,4],[0,3],[-4,3]],[[1383,1656],[102,13],[22,-95],[71,-29],[-35,-21],[42,-139],[-1,1],[-2,7],[-2,2],[-2,0],[-5,0],[-2,-2],[-9,0],[-17,-9],[-12,-1],[-1,2],[2,2],[3,3],[1,1],[0,5],[-8,3],[-3,0],[-2,-1],[2,-8],[1,-10],[-1,-2],[-1,-1],[-4,1],[-9,3],[-10,6],[-2,0],[3,-25],[17,-94],[27,-26],[92,-24],[5,-2],[44,4],[35,-3],[-18,-81],[-6,-9],[-21,2],[-38,-37],[-43,-32],[-20,-32],[-103,-67],[-107,39],[-16,-13],[-103,56],[-83,-97],[-79,-57],[-82,-21],[47,-32],[-63,-97],[87,-8],[8,-16],[-16,-85]],[[937,441],[54,-12],[10,-1],[15,-4],[68,-46],[-116,-31],[2,-9],[1,-14],[6,-74],[-40,-103],[33,-12],[-17,-27],[-6,1],[-10,-109],[-9,1],[-9,5],[-1,2],[-2,10],[0,11],[-11,10],[-4,5],[-4,4],[-4,1],[-4,-3],[-5,-1],[1,-1],[2,-3],[0,-2],[-6,-3],[-4,0],[-4,0],[-1,1],[1,2],[3,2],[0,1],[-3,2],[-8,2],[-1,1],[-2,78],[-23,15],[-3,-90],[-1,-3],[0,-2],[3,-3],[0,-2],[-5,-3],[-4,-1],[0,1],[0,5],[0,2],[-4,2],[-2,-2],[1,-5],[-2,-2],[-2,-1],[-3,1],[-2,-2],[-4,-1],[-3,2],[-2,0],[-1,-3],[0,-7],[-2,-1],[-3,-4],[-5,-3],[-2,-3],[-4,-2],[-2,-3],[-2,-1],[-3,2],[-2,4],[-7,0],[-1,1],[-2,0],[-3,2],[-1,0],[-1,-4],[-2,0],[-4,3],[-3,0],[-2,1],[2,8],[5,2],[2,2],[1,5],[-1,10],[-2,9],[-2,2],[-5,2],[-1,-4],[-44,-5],[-7,-21],[-12,-9],[-5,5],[-12,3],[-5,-10],[-1,0],[3,5],[-12,0],[8,17],[1,6],[-6,1],[-9,-18],[-8,1],[9,17],[-24,9],[-29,-49],[20,81],[-1,-1],[-3,0],[-4,2],[-5,1],[-1,1],[-2,7],[0,6],[0,3],[-3,3],[-6,2],[-6,4],[-8,2],[-1,-1],[1,-4],[0,-9],[-1,-1],[-3,0],[-7,6],[-1,6],[-1,1],[-16,9],[-8,3],[-4,0],[-18,0],[-5,3],[0,2],[1,6],[1,3],[1,1],[5,19],[-32,-5],[-17,12],[1,7],[-6,2],[-2,0],[-4,-8],[-1,-4],[-2,-2],[-2,0],[-2,2],[-2,5],[-2,1],[-6,1],[-12,4],[-4,2],[-1,3],[-32,-6],[-1,13],[-2,-1],[-3,-2],[-10,1],[-6,-1],[-2,0],[-6,5],[-1,7],[-6,2],[-1,1],[-5,-3],[-2,0],[-4,4],[-2,4],[-2,2],[-2,0],[-4,0],[-10,-3],[-4,1],[-3,1],[-1,3],[-5,5],[-5,7],[-3,3],[-1,1],[-3,-1],[0,-5],[-2,-2],[-1,-1],[-10,7],[-3,4],[-2,3],[27,99],[-38,43],[62,79],[-11,15],[31,34],[-9,11],[-117,54],[-47,-62],[-39,27],[18,42],[31,39],[-43,53],[-40,131],[2,2],[-17,36],[-21,46],[-31,42],[22,22],[14,11],[5,12],[1,11],[-1,5],[-1,3],[-3,3],[-4,1],[-7,-1],[-13,0],[-25,2],[-5,1],[-3,2],[-9,8],[-9,10],[-6,6],[-1,3],[1,3],[3,4],[15,13],[7,4],[12,6],[16,7],[6,4],[6,5],[2,3],[0,6],[-1,7],[-10,24],[-13,26],[0,3],[0,3],[1,6],[14,31],[3,11],[1,6],[1,3],[3,2],[5,1],[19,-2],[7,-2],[13,0],[8,2],[7,3],[6,5],[3,3],[5,7],[4,7],[4,4],[2,4],[0,5],[-5,10],[0,5],[2,9],[1,4],[4,5],[8,6],[10,9],[8,2],[6,0],[3,-2],[5,-8],[2,-2],[12,-4],[3,0],[3,1],[4,3],[7,13],[10,13],[5,14],[5,18],[5,5],[3,2],[9,3],[14,3],[8,3],[5,4],[7,8],[7,8],[9,11],[6,4],[9,3],[16,-1],[19,3],[9,2],[5,4],[2,4],[1,23],[2,13],[-2,4],[-20,24],[-2,18],[0,5],[1,2],[7,8],[16,27],[6,9],[6,19],[6,24],[4,10],[3,3],[5,2],[5,1],[5,-1],[7,1],[3,3],[12,20],[7,7],[5,1],[4,0],[5,-1],[13,-10],[15,-1],[7,-2],[2,2],[5,5],[3,7],[4,1],[8,0],[18,-5],[9,1],[2,-1],[3,-3],[5,-7],[3,-10],[1,-7],[3,-5],[1,-1],[8,-3],[3,0],[3,1],[2,2],[4,7],[3,22],[-1,8],[-2,11],[0,7],[0,4],[1,3],[3,4],[13,11],[2,3],[1,3],[3,10],[5,8],[9,8],[3,2],[3,0],[8,-1],[9,-5],[8,-3],[7,0],[7,3],[8,8],[8,2],[9,-8],[8,-3],[14,-2],[3,-1],[13,-11],[28,-14],[20,-6],[5,-4],[4,-3],[5,-3],[2,0],[4,2],[19,17],[12,12],[10,13],[7,4],[8,2],[7,0],[8,-2],[16,-10],[4,-1],[13,-3],[23,-3],[23,-4],[8,-2],[5,-3]],[[1257,1691],[-3,-1]],[[1254,1690],[0,1],[1,6],[1,10],[0,6],[6,-2],[1,4],[-10,3],[2,3]],[[960,1664],[10,-2],[4,1],[4,4],[5,7],[3,7],[0,4]]],"objects":{"47":{"type":"GeometryCollection","geometries":[{"arcs":[[0,1,2,3]],"type":"Polygon","properties":{"WARD":"41805001","PROVINCE":"Free State","CAT_B":"FS185","MUNICNAME":"Nala Local Municipality","WARDNO":1,"VOTERS":4072,"Area":0.841411763233,"Shape_Leng":0.0454228734884,"Shape_Area":0.00007707048069,"ID":1496,"POPULATION":7136,"DENSITY":8480.984354890616}},{"arcs":[[4,5,6,-3,7,8,9]],"type":"Polygon","properties":{"WARD":"41805002","PROVINCE":"Free State","CAT_B":"FS185","MUNICNAME":"Nala Local Municipality","WARDNO":2,"VOTERS":2971,"Area":233.579679402,"Shape_Leng":0.805745306811,