{"type":"Topology","transform":{"scale":[0.00038553060268017815,0.00035398951785128765],"translate":[27.037209995000072,-29.10998000099994]},"arcs":[[[1032,1207],[-4,6],[-8,0],[0,-1],[-4,3],[-2,-1],[-1,1],[-5,-2],[-2,3],[1,4],[-5,2],[1,3],[-1,2],[-4,1],[-2,-1],[-8,3],[-5,-10],[-4,2],[-1,-2],[4,-3],[-4,-6],[-3,2],[-1,-1],[2,-1],[-5,-8]],[[971,1203],[-14,26],[10,8],[0,1],[81,49]],[[1048,1287],[9,-60],[-25,-20]],[[1032,1207],[-14,-34]],[[1018,1173],[-26,10],[2,7],[-3,1],[0,11],[-15,-9],[-5,10]],[[2066,1580],[-101,-105],[-4,1],[-6,-3],[-7,1],[-8,-2],[-38,-42],[-77,-44],[-12,9],[3,-65],[-23,-67],[-46,-67],[-23,8]],[[1724,1204],[-26,9],[-4,0],[-4,4],[-1,5],[-7,11],[2,13],[7,5],[6,0],[2,7],[-2,2],[-6,1],[-12,-4],[2,11],[-2,6],[0,6],[-3,1],[0,2],[-27,10],[16,4],[3,2],[2,4],[0,5],[-4,19],[-5,9],[-54,28],[-100,-8],[-7,49],[1,13],[-15,5],[-3,3],[-83,-25],[33,60],[10,23],[-6,-8],[0,-5],[-34,25],[-30,-48],[19,-4],[11,-14],[-22,-9],[-10,-15],[-15,11],[-15,8],[-5,-7],[-9,4],[-6,84],[17,5],[-13,36],[-18,0],[-23,-49],[-13,-2],[-5,98],[-10,0],[-13,15],[-43,19],[5,48],[-1,-1],[-2,1],[-3,-6],[-10,1],[-4,4],[-16,-55],[-84,-28],[40,-35],[29,4],[2,-8],[15,-52],[35,1],[-1,-6],[2,-3],[-21,-9],[2,-4],[-18,-8],[2,-6],[-5,-1],[-21,-10],[-8,-19],[1,-8],[-35,-13],[-68,-35],[12,-93]],[[1018,1173],[30,-11],[3,-4],[1,-7],[-50,16],[-3,-74],[3,-25],[-19,9],[0,-3],[5,-7],[1,-6],[-3,-8],[9,-6],[4,-9],[62,-5],[-19,-71],[0,-22],[-4,-48],[9,-61],[84,11],[-2,1],[31,4],[2,-98],[-91,-12],[-26,-9]],[[1045,728],[-64,-20],[-18,-23],[-17,-9],[-108,62],[6,25],[-44,26],[-23,-35],[-50,12],[10,22],[-6,1],[-8,12],[19,23],[-59,30],[-84,-88],[-10,3],[-1,5],[-5,-2],[-6,7],[-19,-3],[-3,1],[-4,4],[-8,5],[-7,-1],[-1,1],[1,7],[-2,3],[-2,1],[-6,-4],[-1,1],[-1,4],[-5,1],[-4,-5],[-3,0],[109,92],[-98,14],[-77,-79],[-1,3],[-5,-2],[-1,-3],[5,-4],[-6,-2],[-2,-6],[-5,3],[-3,7],[-6,2],[2,7],[-1,1],[-2,1],[-6,0],[-6,2],[-3,2],[-2,4],[-2,0],[-2,-4],[-2,0],[-1,1],[0,2],[4,3],[1,3],[-3,5],[-5,2],[3,4],[1,5],[-2,1],[-6,-2],[-3,5],[73,87],[-12,7],[-24,-28],[-4,7],[-19,-1],[-14,12],[-15,1],[-6,4],[-9,18],[5,4],[-17,17],[73,73],[-4,1],[31,79],[-42,23],[26,60],[-32,25],[58,116],[-51,5],[55,25],[12,47],[-26,6],[9,54],[-38,4],[-65,40],[-41,11],[-5,34],[-11,-3],[-6,77],[42,-6],[4,-5],[25,44],[-5,1],[28,54],[8,19],[-69,9],[-61,7],[-62,57],[10,32],[-49,16],[31,32],[0,46],[-4,4],[-5,7],[-4,0],[3,18],[-82,-17],[-11,-22],[-87,47],[75,161],[-2,128],[66,8],[0,39],[-4,25],[31,-20],[9,1],[36,49],[0,4],[13,9],[15,-1],[1,-2],[0,-2],[-10,-13],[-3,-2],[-8,1],[-1,-19],[-25,-23],[7,1],[42,-20],[4,22],[16,-15],[40,50],[16,-5],[18,-9],[69,32],[60,12],[34,36],[51,-61],[-6,-18],[78,-40],[75,56],[36,-16],[17,119],[45,-1],[115,36],[7,-72],[141,2],[12,-25],[17,-1],[14,-35],[-2,-12],[22,3],[4,-9],[-2,-18],[29,4],[5,65],[51,-1],[5,-61],[15,-10],[43,20],[35,-14],[9,-7],[0,4],[66,-27],[0,-4],[68,70],[24,-20],[31,43],[-15,28],[-15,101],[-24,83],[35,8],[47,6],[46,-59],[37,23],[5,-6],[-14,69],[5,2],[6,-1],[-1,-2],[5,-2],[-2,42],[-20,60],[103,7],[-11,79],[-89,102],[79,39],[135,48],[12,-33],[47,-59],[151,-5],[-8,-3],[-11,-3],[-6,-3],[-3,-3],[-20,-38],[-6,-36],[-30,1],[-30,-6],[-21,-9],[12,-73],[-29,-8],[-1,-10],[7,-56],[4,1],[2,-1],[5,2],[6,-1],[6,1],[4,-2],[1,4],[3,2],[1,-10],[68,-12],[-10,-120],[32,-12],[-12,-30],[-32,-7],[-5,2],[-18,-16],[-1,-3],[-4,-1],[0,-2],[5,-7],[-2,-6],[2,-6],[3,1],[4,-2],[-1,-4],[1,-2],[-1,-3],[1,-2],[-2,-1],[1,-2],[-2,-2],[2,-2],[-2,-3],[0,-3],[-1,-3],[2,-1],[3,1],[4,-4],[-1,-5],[-2,-3],[0,-5],[1,-4],[5,-1],[0,-4],[2,-1],[-3,-3],[3,-4],[1,-4],[2,-1],[1,-3],[3,-1],[1,-4],[2,-3],[4,-1],[1,-2],[91,-68],[-9,-114],[100,25],[-3,-8],[-2,2],[-1,-1],[-1,-11],[3,-3],[-3,0],[-1,-4],[4,-2],[-2,-4],[3,-3],[0,-5],[3,-2],[1,-2],[-2,-1],[0,-2],[-28,-14],[-28,-28],[43,-44],[-63,-151],[-19,-1],[-52,-122],[97,-51],[-24,-136],[-8,-74]],[[1481,2247],[0,-1]],[[1481,2246],[-10,0],[-7,-5],[-6,4],[-4,1],[-5,-7],[2,-14],[-14,-61],[-17,-18],[9,-18],[108,-9],[0,3],[3,1],[5,5],[5,0],[1,4],[7,2],[2,3],[-1,2]],[[1559,2139],[2,2],[-1,6],[6,1],[0,-1],[-3,-2],[3,-1],[4,7],[0,4],[5,2],[7,0],[11,-5],[2,1],[6,-1],[2,2],[42,-6],[-14,71],[22,22],[-164,41],[-5,-4],[-3,-4],[-8,-6],[-1,-1],[-1,-7],[2,-3],[7,-6],[1,-4]],[[1481,2247],[8,-3],[6,-5],[8,-2],[7,2],[1,-8],[5,2],[5,-19],[5,0],[4,-11]],[[1530,2203],[11,-25]],[[1541,2178],[-9,-2],[2,-3]],[[1534,2173],[-1,0]],[[1533,2173],[-1,-3],[-1,0]],[[1531,2170],[-3,0]],[[1528,2170],[-1,0],[0,-4]],[[1527,2166],[0,-4]],[[1527,2162],[-2,-5],[3,-1],[-2,-4],[-3,1],[-1,-2],[7,-3],[0,-2],[3,0],[0,-5],[9,-1],[14,6]],[[1555,2146],[4,-7]],[[1481,2246],[0,1]],[[1570,2172],[0,-1]],[[1570,2171],[-5,-2],[-2,4],[-4,-2]],[[1559,2171],[-3,6],[0,3],[3,0],[12,3],[-3,7],[7,2],[4,-14],[-10,-3],[1,-3]],[[1555,2146],[-4,11],[6,4],[1,-2],[9,7],[2,-2],[3,3]],[[1572,2167],[-2,5]],[[1559,2171],[-13,-4],[-5,11]],[[1570,2171],[2,-4]],[[1527,2162],[0,4]],[[1528,2170],[3,0]],[[1533,2173],[1,0]],[[1392,573],[6,-12]],[[1398,561],[-5,0],[-22,16],[2,3],[-12,8],[-16,0],[0,8],[2,6],[-3,4],[2,4],[6,3],[19,3],[5,-6],[16,-37]],[[1724,1204],[-25,-22],[-20,-43],[-69,-18],[11,-88],[-1,-40],[3,0],[5,-2],[0,-10],[-1,-2],[-9,-3],[-9,-16],[-1,0],[-4,5],[-9,-4],[-2,-3],[-7,0],[-9,-2],[-15,4],[-3,-2],[-6,5],[-2,0],[-8,-5],[-21,-74],[-20,-90],[-11,-37],[26,12],[10,-28],[53,17],[37,-94],[28,13],[11,7],[18,4],[6,4],[2,4],[3,1],[165,62],[-1,19],[-8,7],[-8,5],[-1,10],[2,6],[-7,0],[-4,-1],[-6,-1],[-1,1],[5,9],[-10,19],[145,23],[-31,-36],[1,-2],[11,0],[19,-8],[-3,-2],[0,-2],[-2,-1],[-1,-4],[-5,-6],[2,-5],[1,-9],[3,-3],[6,-2],[-1,-6],[-5,-7],[-2,-20],[4,-5],[1,-6],[2,-4],[5,0],[3,-2],[9,-8],[6,-1],[-2,6],[59,-28],[-3,-4],[-8,-3],[-2,-7],[7,-5],[5,-1],[-1,-6],[-5,-5],[0,-3],[5,-8],[11,-8],[3,0],[2,-2],[0,-4],[-5,1],[-1,-2],[-6,0],[-1,-1],[-2,1],[-1,-2],[-3,-1],[-7,-5],[-6,-17],[23,-64]],[[2041,549],[-14,-13],[-5,-2],[-9,2],[-11,8],[-3,1],[-5,0],[-7,-4],[-13,0],[-17,11],[1,3],[4,8],[0,4],[-7,1],[-11,-2],[-5,4],[-11,1],[-10,3],[-5,3],[-3,5],[-3,3],[-6,2],[-4,4],[-9,5],[-6,4],[-19,2],[-4,-2],[0,-15],[2,-16],[4,-4],[2,-7],[2,-2],[7,3],[5,-1],[7,-6],[4,-7],[-3,-20],[-5,-8],[-5,-9],[-12,-11],[1,-3],[11,-6],[1,-2],[-5,-10],[-7,-1],[-24,0],[-2,3],[0,6],[-7,7],[-3,1],[-2,-2],[0,-3],[9,-8],[-1,-4],[-2,-1],[-6,0],[-9,13],[-4,-4],[-7,-15],[-11,-4],[-3,-3],[-2,-9],[-2,-2],[-4,0],[-7,5],[-2,-1],[-1,-4],[1,-3],[7,-3],[-1,-10],[-2,-2],[-7,0],[-2,-2],[-3,-15],[3,-4],[9,-5],[1,-3],[-4,-7],[1,-9],[-3,-7],[-4,-7],[-7,-6],[-4,-7],[-7,-1],[-10,4],[-5,0],[-3,-3],[6,-23],[6,-2],[9,2],[2,-1],[0,-2],[0,-5],[-4,-8],[0,-3],[6,-6],[0,-2],[-4,-19],[-5,-9],[-2,-3],[-4,-2],[-14,1],[-9,4],[-3,4],[-14,4],[-9,7],[-11,4],[-7,-1],[-4,-2],[-3,-6],[-4,-28],[6,-6],[11,-8],[1,-5],[-2,-3],[-3,-2],[-8,3],[-4,0],[-1,-3],[3,-7],[-3,-3],[-8,1],[-8,6],[-8,-1],[-4,-2],[-2,-4],[1,-3],[10,-4],[2,-3],[1,-3],[2,-16],[-7,-15],[-3,-2],[-27,-5],[-7,-6],[-5,1],[-4,4],[-4,6],[-4,8],[-2,1],[-8,-2],[-1,-4],[-2,-1],[-13,-3],[-2,-2],[7,-19],[1,-10],[4,-1],[11,3],[6,-2],[1,-3],[-3,-10],[1,-2],[7,0],[8,13],[3,3],[2,0],[5,-3],[11,-16],[4,-3],[15,-1],[8,-8],[-3,-4],[-2,-4],[1,-3],[6,-8],[-5,-12],[-5,-4],[-4,-1],[-7,2],[-6,4],[-2,-1],[-7,-11],[-3,-10],[-2,-3],[-5,0],[-5,3],[-6,10],[-14,10],[-9,-1],[-6,-3],[-6,-3],[-3,-3],[-3,-5],[1,-6],[11,1],[8,-1],[7,-9],[4,-6],[-1,-2],[-5,-5],[-2,-5],[3,-6],[8,-9],[-1,-3],[-5,-10],[2,-10],[-2,-4],[-11,4],[-34,16],[0,1],[-35,2],[-16,-3],[-26,5],[26,35],[-36,46],[-19,1],[31,50],[-5,9],[2,0],[0,1],[-6,10],[2,18],[-7,8],[0,9],[-2,9],[-3,5],[-11,-4],[0,-2],[-44,13],[-19,-20],[-23,-11],[-56,54],[-26,18],[5,7],[48,52],[-53,21],[-57,37],[13,44],[9,22],[-16,5],[0,28],[8,8],[-18,-6],[-17,69],[-8,0],[-42,108],[-91,-18],[-5,55],[-3,22]],[[1398,561],[-6,12]],[[1333,551],[3,-1]],[[1336,550],[7,10],[-2,0],[0,2],[5,1],[6,8],[2,0],[1,5],[6,-3],[7,9],[-9,5],[-1,-3],[-3,2],[-1,-1],[-3,0],[-1,-1],[-1,0],[-1,3],[-8,0],[1,-6],[-5,-5],[4,-1],[-4,-3],[-3,1],[-1,-1],[-6,3],[-1,-2],[2,-6],[2,-2],[-1,-2],[1,-1],[-1,-3],[-3,2],[-3,-6],[10,-5],[1,1]],[[2183,630],[0,-1]],[[2183,629],[-4,2],[-17,1],[-4,-1]],[[2158,631],[-1,1]],[[2157,632],