{"type":"Topology","transform":{"scale":[0.00020327516337886238,0.00015098129653481042],"translate":[26.331850004000046,-33.756590003999975]},"arcs":[[[510,708],[13,-12],[-26,-94],[-23,7],[-1,-52],[-44,-1],[0,15],[-10,14],[-4,28],[-15,37],[23,5],[13,12],[20,-2],[1,22],[11,16],[1,-4],[17,30],[24,-21]],[[844,1242],[-43,0],[-13,-384],[-9,-89],[4,-43],[-8,-30],[-4,-12],[164,-78],[105,-2],[1,-12],[26,-60],[-48,-48],[16,-17],[85,-42],[-15,-11],[-16,-15],[53,-41],[2,-7],[89,61],[24,-41],[55,57],[95,-177]],[[1407,251],[-6,0],[-14,-4],[-14,0],[-7,-5],[-13,0],[-34,-6],[-42,-19],[-12,-10],[-19,-23],[-21,-19],[-13,-10],[-6,-12],[-6,-6],[-15,-23],[-13,-10],[-14,-12],[-17,-10],[-20,-13],[-6,-14],[-2,1],[-3,-3],[-3,1],[0,-2],[-7,1],[-6,-3],[-2,1],[-2,-3],[-3,1],[-1,-2],[-5,0],[-3,-3],[-6,-1],[-1,-3],[-5,2],[-2,3],[-2,-3],[-1,-4],[-2,-3],[-3,1],[0,-3],[-5,-1],[-7,-3],[-2,0],[0,-1],[-2,-2],[-3,1],[-3,-2],[-1,2],[-2,-3],[-3,-1],[-1,1],[-2,-1],[-3,4],[-5,-2],[-5,1],[-17,-6],[-20,-4],[-10,25],[-93,-10],[-90,-14],[-137,-17],[0,15],[9,1],[4,65],[-10,3],[2,82],[-23,106],[11,68],[-105,41],[-1,-6],[-10,-2],[-245,-45],[-199,114],[12,40],[-21,-6],[68,275],[-20,-5],[-10,1],[-12,5],[-6,1],[-9,-1],[-9,-5],[-6,-1],[-7,5],[-5,7],[-3,6],[-4,9],[-9,8],[0,14],[-4,4],[-10,5],[-3,9],[-2,1],[-4,1],[-7,-1],[-5,1],[-2,3],[99,146],[-39,5],[22,42],[6,-7],[127,18],[6,69],[15,147],[7,75],[66,3],[98,2],[4,111],[109,53],[4,0],[19,-11],[11,0],[12,2],[5,1],[6,4],[9,8],[11,7],[6,7],[7,1],[7,-2],[21,-20],[14,-8],[4,-8],[2,-5],[-2,-14],[-13,-17],[-6,-11],[-1,-5],[0,-6],[5,-6],[47,-6],[12,1],[4,2],[12,7],[2,4],[0,12],[-10,8],[-1,2],[2,6],[2,3],[3,1],[4,1],[5,-1],[3,-2],[5,-5],[0,-8],[2,-7],[-2,-9],[6,-15],[4,-6],[5,-4],[11,-6],[11,-4],[7,-1],[7,3],[11,1],[12,-5],[5,0],[7,1],[4,3],[3,5],[1,6],[-3,10],[-5,9],[-1,6],[2,7],[3,1],[21,3],[26,-5],[25,-10],[-2,-17],[-24,-42],[11,2],[31,18],[30,-20],[9,-42],[-12,-25],[-22,0],[-14,11],[-20,8],[-18,-11],[-13,-20],[-7,-22],[2,-5]],[[1517,1824],[4,0],[4,-3],[5,-6],[-2,-6],[0,-6],[-1,-2],[-2,-2],[-9,-3],[-3,-3],[3,-10],[-1,-11],[2,-11],[1,-3],[4,-5],[9,-2],[5,-4],[-1,-3],[-3,-1],[-8,4],[-2,-1],[-7,-11],[-6,-23],[-4,-4],[-5,-11],[-7,0],[-8,5],[-8,1],[-10,-4],[-9,-5],[-7,-9],[-1,-3],[3,-5],[14,-12],[3,-1],[6,4],[7,0],[5,-3],[1,-3],[-1,-3],[-5,1],[-5,-2],[-7,-9],[-11,-8],[-6,-2],[-6,0],[-8,7],[-5,6],[-7,16],[-5,5],[-3,1],[-1,-2],[2,-9],[0,-4],[-1,-6],[-3,-5],[-22,-13],[-21,-9],[-11,-13],[-6,-9],[0,-5],[4,-6],[17,-14],[13,-5],[7,-9],[1,-4],[1,-11],[-2,-3],[-6,-4],[-6,-3],[-16,1],[-4,5],[-4,22],[-2,3],[-3,0],[-9,-9],[-4,-6],[-3,-10],[0,-3],[3,-7],[6,-9],[7,-4],[16,-2],[13,-4],[2,-2],[4,-7],[1,-11],[-5,-23],[0,-32],[-2,-5],[-5,-4],[-5,1],[-12,5],[-5,-1],[-5,-4],[-15,-19],[-7,-17],[-4,-15],[-1,-8],[-3,-10],[0,-4],[11,-20],[3,-1],[20,7],[15,10],[15,7],[7,2],[8,-1],[6,-4],[4,-6],[1,-2],[-10,-5],[-6,-5],[0,-3],[3,-2],[6,-3],[10,-2],[4,1],[7,9],[13,23],[8,3],[8,0],[7,-4],[9,-9],[4,-8],[-1,-9],[-9,-17],[-3,-12],[7,-7],[7,1],[19,8],[4,-2],[2,-3],[2,-6],[1,-7],[-1,-3],[-2,-9],[-11,-18],[-9,-8],[-3,-6],[1,-3],[2,-3],[4,-4],[4,-2],[8,-1],[2,0],[3,8],[7,3],[11,-1],[3,-2],[1,-3],[-7,-14],[-3,-10],[-2,-27],[2,-16],[-1,-7],[-4,-3],[-10,1],[-7,4],[-4,-1],[-1,-2],[-6,-23],[-1,-6],[1,-9],[6,-30],[0,-14],[-6,-23],[-14,-38],[-5,-23],[0,-3],[1,-1],[7,-5],[11,-4],[25,6],[2,4],[1,7],[-1,8],[-2,7],[0,4],[3,10],[2,1],[8,-4],[6,-4],[2,-4],[3,-7],[3,-4],[3,-1],[8,1],[6,-5],[1,-3],[3,-2],[2,1],[3,5],[-2,8],[2,2],[3,2],[3,-2],[12,-15],[-1,-1],[-2,0],[-1,-3],[3,-5],[4,-2],[6,-17],[5,-19],[0,-5],[-5,-13],[-3,-5],[-4,-5],[-8,-1],[-8,4],[-31,18],[-14,9],[-11,0],[-20,4],[-5,-2],[-2,-2],[-2,-5],[1,-4],[20,-38],[2,-7],[-2,-9],[1,-6],[5,-6],[12,-8],[2,-4],[-4,-5],[-16,0],[-6,-2],[-2,-2],[0,-7],[5,-9],[7,-5],[3,0],[9,8],[2,1],[13,-7],[4,-11],[8,-15],[1,-13],[-2,-5],[-5,-1],[-4,2],[-4,8],[0,6],[4,8],[0,5],[-5,6],[-7,3],[-6,-2],[-4,-5],[0,-5],[12,-19],[12,-27],[6,-9],[2,-5],[2,-13],[-2,-18],[1,-6],[3,-11],[4,-8],[3,-8],[5,-9],[6,-3],[4,-1],[6,-4],[5,-11],[0,-5],[-3,-16],[-3,-3],[-19,-6],[-6,-2],[-3,-8],[2,-2],[15,-10],[27,-14],[16,-3],[17,1],[7,-2],[9,-7],[-2,-2]],[[1638,593],[-16,-10],[-28,-34],[-16,-12],[7,-9],[6,-11],[5,-7],[1,-3],[9,-7],[7,-12],[6,-6],[6,-5],[5,-6],[12,-24],[7,-8],[3,-10],[3,-2],[-3,-4],[-9,-4],[-3,-6],[-2,-2],[0,-11]],[[1638,400],[-4,4],[0,4],[-7,3],[-5,-6],[-8,-5],[-9,-4],[-8,1],[-7,-2],[-29,-15],[-15,-13],[-12,-13],[-5,-2],[-7,-11],[-3,-9],[-2,-3],[-1,-2],[0,-3],[-2,-3],[-2,2],[0,-3],[-11,-7],[-4,-1],[-3,1],[0,1],[-1,-1],[-3,1],[-13,-5],[-4,-4],[-10,-16],[-2,-7],[3,-6],[-1,-2],[-2,-7],[-3,-3],[-9,-3],[-4,-3],[0,-4],[2,-4],[0,-2],[-8,0],[-1,-2],[-2,1],[0,-2],[-9,-2],[-2,5],[0,2],[2,2],[0,1],[-6,1],[-14,-3]],[[844,1242],[6,-16],[153,-8],[57,140],[110,150],[14,35],[19,39],[39,74],[29,72],[18,29],[162,41],[-2,-5],[-1,-12],[1,-11],[4,-8],[8,-2],[8,-2],[7,2],[8,6],[5,4],[7,17],[12,16],[3,14],[6,7]],[[2055,700],[-15,-7],[-6,0],[-9,-5],[-6,-1],[-7,-7],[-11,-4],[-15,-9],[-7,-9],[-8,-14],[1,-3],[-2,-2],[0,-2],[-3,-2],[-1,-2],[-2,0],[0,-3],[-3,0],[-2,-3],[-1,1],[-2,-2],[-2,-2],[-3,-1],[-2,-2],[-2,0],[-1,-2],[-2,-2],[-2,0],[-3,-4],[-2,0],[-1,-2],[-3,-1],[-1,-3],[-3,-1],[-2,-3],[-2,0],[-1,-2],[-2,0],[-1,-1],[-5,-1],[-3,-2],[-15,-4],[-7,-4],[-24,-8],[-12,-6],[-12,-9],[-9,-5],[-5,-6],[-4,-12],[-3,-2],[1,-3],[-11,-8],[-1,-5],[-1,-11],[2,-3],[-1,-2],[-7,-6],[-1,-2],[-2,-1],[0,-1],[-3,-1],[-2,-3],[-8,-3],[-2,1],[-1,4],[-1,1],[-3,2],[-3,0],[-15,-9],[-2,1],[-4,-1],[-2,0],[-8,-4],[-14,0],[-8,-8],[-1,-7],[-3,0],[-5,-8],[-6,-4],[-14,-17],[-13,-13],[-5,-8],[-2,-1],[-2,1],[-1,-3],[-2,0],[0,-3],[-2,0],[0,-2],[-2,0],[-2,-3],[-2,0],[-2,-5],[-3,0],[-1,-3],[-4,0],[0,-2],[-3,0],[-3,-4],[-7,1],[-2,2]],[[1638,593],[4,-4],[0,-4],[5,-11],[1,-5],[1,-1],[10,-1],[2,-2],[3,0],[8,-4],[5,-5],[12,-17],[1,1],[0,-2],[11,8],[58,74],[11,15],[19,37],[5,6],[63,65],[15,9],[9,7],[9,-7],[13,-15],[10,-13],[4,-10],[9,-4],[5,1],[3,2],[1,3],[1,11],[2,3],[4,0],[57,24],[56,-54]],[[2395,1902],[17,0],[9,-6],[2,-3],[18,-37],[21,-18],[47,16],[0,4],[4,7],[17,10],[4,1],[3,-1],[5,4],[3,-1],[7,7],[9,-39],[-10,-3],[-36,-104],[39,-48],[86,11],[74,12],[55,-15],[31,-8],[-20,-106],[-98,14],[7,-14],[7,-14],[-35,-11],[-16,-32],[-11,-42],[-15,-26],[-29,18],[-52,-55],[-7,-5],[-1,2],[-5,1],[-1,3],[5,7],[1,3],[-7,3],[-37,-19],[-12,31],[4,26],[-7,23],[-33,-2],[-31,-104],[-5,2],[-9,0],[-17,-34],[-8,-23],[-3,-4],[-3,-2],[-3,2],[-2,3],[-4,13],[-2,5],[-8,9],[-5,10],[-1,4],[-1,12],[-3,16],[-13,31],[-7,10],[-3,3],[-5,2],[-7,-1],[-2,-4],[6,-18],[5,-11],[10,-9],[1,-4],[-2,-4],[-7,-4],[-7,-2],[-8,7],[-3,6],[-4,3],[-9,4],[-7,1],[-15,-1],[-2,-3],[0,-5],[1,-7],[-7,-5],[-1,0],[-2,8],[-3,0],[-6,-5],[-3,-2],[-3,-1],[-5,1],[-10,5],[-11,14],[-7,4],[-5,5],[-29,5],[-4,-1],[-3,-8],[-8,-5],[-10,-3],[-3,2],[-2,-4],[-4,-2],[-13,-2],[-4,4],[-1,2],[0,17],[-3,11],[1,5],[0,8],[-5,20],[-5,12],[-5,7],[-5,2],[-5,0],[-4,-3],[-2,-3],[3,-5],[2,-2],[9,-4],[1,-2],[-1,-8],[-4,-7],[-4,-3],[-3,1],[-6,8],[-11,28],[-10,14],[-12,13],[-3,6],[-1,6],[3,2],[2,0],[17,-19],[6,-4],[8,1],[4,3],[4,6],[4,12],[0,7],[0,5],[-8,14],[-2,9],[1,12],[3,8],[0,7],[-4,2],[-13,1],[-2,2],[0,7],[1,7],[2,24],[-1,4],[1,5],[-5,2],[-12,-4],[-5,0],[-7,3],[-4,6],[-1,3],[-1,9],[5,9],[6,19],[-3,7],[3,1],[5,4],[7,-4],[8,6],[9,0],[5,1],[4,4],[6,9],[5,7],[6,6],[3,-1],[7,-4],[5,1],[5,8],[0,4],[-1,1],[-4,3],[-18,3],[-6,4],[-1,6],[5,10],[8,9],[8,6],[4,4],[2,10],[0,13],[2,3],[4,5],[7,4],[11,4],[16,0],[6,-4],[13,-15],[15,-10],[3,-1],[2,1],[0,2],[-4,8],[-6,10],[0,7],[6,30],[5,11],[3,1],[2,1],[3,-2],[2,-3],[-2,-4],[-5,-6],[1,-5],[2,-2],[4,-2],[4,0],[2,-5],[4,-4],[19,-3],[5,2],[18,17],[3,13],[2,2],[2,-1],[13,-22],[-2,-3],[-11,-7],[-4,-5],[0,-3],[4,-12],[3,-2],[4,-1],[3,1],[6,7],[1,4],[1,24],[9,28],[4,3],[2,-1],[2,-2],[1,-10],[4,-8],[6,-3],[3,3],[1,7],[-11,20],[-2,9],[2,4],[8,-1],[14,-16],[10,-6],[7,-2],[3,1],[8,7],[9,4],[6,4],[2,5],[0,7],[16,7],[6,-4],[6,-1]],[[2918,1104],[-109,43],[-10,12],[-8,-7],[-7,-3],[-8,-9],[-1,-1],[0,1],[-10,-6],[-5,-7],[-10,-5],[-7,-7],[-4,-7],[-5,-4],[3,-7],[-4,-1],[-10,19],[-4,5],[-6,3],[-6,0],[-3,-2],[-13,-17],