{"type":"Topology","transform":{"scale":[0.000553934259960165,0.0004815845323695464],"translate":[27.69537000400004,-28.24798099399993]},"arcs":[[[1063,1414],[1,0],[-5,-23],[-3,-24],[2,-65],[-20,-109],[34,19],[-2,-2],[1,-2],[3,-1],[4,1],[2,0],[3,0],[4,-4],[2,-4],[2,-1],[1,-2],[2,1],[0,2],[1,1],[1,-1],[1,1],[2,0],[-69,-52],[11,-34],[39,-25],[-5,-13],[2,0],[0,0],[-1,-4],[0,-1],[6,0],[-2,-2],[0,0],[2,0],[-1,-2],[2,-1],[-2,-1],[1,-4],[-1,-1],[0,-5],[-2,-1],[1,-2],[-2,-1],[5,-10],[2,-16],[1,-1]],[[1086,1025],[-47,1],[-18,-11],[-1,-21],[-32,-10],[4,-10],[-51,-5],[-8,-8],[-6,-12],[-3,-3],[-27,-16],[32,-107]],[[929,823],[-54,-56],[-32,-40],[-141,51],[-106,20],[-51,44],[-4,1],[-3,-1],[-2,0],[-1,-1],[-1,1],[-7,0],[-1,0],[0,1],[-2,3],[-1,0],[-4,2],[-1,-1],[-2,0],[-3,2],[-2,-1],[-2,0],[-4,3],[-4,1],[-3,-2],[-1,1],[-3,1],[-1,-1],[-3,-1],[-1,1],[-3,-1],[-1,0],[-4,0],[14,33],[-9,2]],[[486,885],[4,3],[4,8],[9,8],[9,10],[2,2],[4,1],[4,3],[1,3],[-4,26],[1,4],[4,3],[2,2],[16,6],[4,6],[10,16],[0,4],[-1,3],[-13,12],[-1,5],[1,5],[3,3],[5,1],[18,14],[5,6],[5,6],[0,3],[-3,4],[0,2],[0,8],[2,5],[5,4],[48,26],[5,0],[6,-1],[23,3],[2,5],[7,15],[1,6],[0,8],[0,2],[-92,33],[-31,-30],[2,-3],[0,-25],[-20,6],[-42,58],[-33,93]],[[458,1267],[31,6],[40,6],[5,21],[-16,20],[6,5],[2,12],[14,13],[9,10],[11,25],[13,-5],[3,2],[-12,39],[89,-1],[8,-23],[78,87],[49,27],[-2,3],[13,-4],[31,45],[19,-1],[42,37],[10,-28],[23,-3],[5,-3],[11,16],[12,-14],[8,-1],[2,16],[41,-16],[0,-23],[10,-68],[3,-64],[47,11]],[[782,1231],[-9,-3],[-1,2],[0,0],[-15,-18],[6,-19],[14,4],[-9,15],[3,2],[-1,1],[4,3],[1,-1],[4,1],[2,-6],[0,-4],[6,0],[1,-1],[3,-1],[0,-3],[-2,0],[0,-3],[15,5],[1,6],[7,33],[-9,2],[-4,7],[-22,-9],[5,-13]],[[486,885],[-50,8],[-5,7],[-10,-8],[-6,-11],[-14,-1],[-14,-94],[-3,0],[-3,-2],[1,-4],[2,1],[3,0],[0,-1],[3,-2],[-1,-4],[-1,0],[-1,-9],[-1,0],[-1,2],[-1,1],[0,-3],[-5,0],[-4,-11],[6,-2],[-2,-3],[2,-8],[-4,0],[0,-1],[-5,-4],[-20,2],[-1,-1],[-6,1],[-11,-3],[-23,-7]],[[311,728],[-1,15],[-5,77],[-3,132],[-38,143],[-6,100],[8,7],[14,-2],[21,14],[37,13],[-1,39],[68,-9],[51,15],[2,-5]],[[929,823],[59,-37],[-14,-38]],[[974,748],[-41,-104],[-20,-46],[-16,-24],[-100,-87],[-116,-3],[-38,-126],[-93,55],[49,82],[-102,-62],[-45,89],[-20,27],[-1,55],[-82,-54],[-27,62],[-2,40]],[[320,652],[-9,76]],[[1128,391],[-14,-1],[-23,-40],[6,-1],[-1,-11],[-4,-10],[-5,3],[-4,-4],[-4,2],[-3,-2],[-2,0],[-4,-5],[-19,-55],[-15,-5],[-6,-3],[-1,11],[-49,7],[-30,-29],[-31,21],[-41,21],[-67,-25],[-1,-21],[-22,-20],[-33,21],[-103,-66],[-52,-31],[14,-11],[7,-66],[-23,-23],[2,-36],[-63,21],[-50,-5],[-4,21],[-28,-11],[-93,1],[0,1],[-16,-30],[-89,29],[-89,-39],[-2,1],[-1,1],[0,3],[0,2],[1,2],[1,4],[-3,3],[-1,0],[-1,0],[-1,0],[1,3],[-1,1],[2,2],[-2,2],[1,1],[1,0],[-1,2],[1,1],[0,2],[1,2],[-1,1],[1,3],[-3,2],[-1,-1],[-1,0],[-2,4],[1,3],[1,2],[-3,3],[-1,2],[2,2],[1,2],[13,12],[4,-2],[22,5],[8,22],[-22,9],[7,88],[-47,10],[-1,7],[-2,-2],[-1,-3],[-3,2],[-4,-1],[-4,1],[-3,-2],[-2,1],[-3,0],[-5,43],[1,5],[21,5],[-9,55],[14,6],[21,4],[22,0],[0,3],[3,21],[0,2],[14,28],[2,3],[4,2],[8,1],[6,3],[-105,3],[-33,44],[-8,24],[-61,-23],[-10,52],[-5,26],[42,37],[1,4],[-26,-1],[24,57],[17,-6],[18,64],[24,17],[6,4],[-1,2],[1,2],[-1,3],[1,1],[-2,1],[0,2],[2,3],[2,6],[6,8],[1,0],[2,-5],[2,-1],[5,-2],[2,-1],[0,-2],[-2,0],[-1,-1],[3,-2],[0,-2],[0,-1],[0,-2],[0,-2],[2,0],[6,2],[0,1],[4,3],[2,2],[2,-1],[6,2],[2,0],[1,-2],[3,0],[0,0],[0,-1],[0,0],[7,-1],[3,-2],[2,-5],[8,-7],[-1,-1],[-1,-5],[-1,-1],[-1,-2],[-2,-1],[-1,-1],[0,-1],[2,-2],[1,-2],[0,-1],[-2,-1],[0,-1],[2,0],[2,-2],[-4,-2],[0,-1],[4,-4],[3,0],[1,1],[0,0],[2,-2],[-1,-2],[1,-1],[4,2],[4,-2],[1,-3],[-2,-2],[0,-2],[3,-1],[3,-4],[-2,-3],[1,-4],[-1,-1],[3,-1],[1,1],[1,-1],[2,1],[1,-1],[0,-3],[2,-1],[2,0],[0,-2],[3,-1],[1,-1],[0,-2],[2,0],[1,-2],[1,0],[21,35],[90,-1]],[[974,748],[46,-53],[71,-99],[106,-54],[3,-17],[-31,12],[-47,-8],[-2,-5],[-5,2],[-1,-3],[-2,-9],[-1,-3],[-29,-5],[-26,-8],[-4,1],[-64,-9],[1,-14],[9,1],[3,-1],[1,-1],[4,5],[32,-34],[0,2],[87,-12],[31,-14],[-1,-1],[5,-1],[-32,-29]],[[1370,521],[2,0],[1,1],[1,8],[3,8],[6,3],[14,11],[3,5],[3,4],[1,3],[0,3],[-2,12],[-4,10],[1,3],[7,11],[-19,12],[13,45],[-3,6],[-1,8],[-2,5],[-13,18],[-16,11],[-10,2],[-3,2],[1,4],[-19,14],[9,30],[-7,57],[20,-6]],[[1356,811],[70,-21],[-13,38],[-4,38],[56,19],[-11,17],[-22,18],[7,5],[-21,26],[-21,-18],[-8,-10],[-2,3],[-13,18],[-2,-1],[-8,-1],[-1,-2]],[[1363,940],[-8,-5],[-1,-1],[1,-2],[-1,-1],[1,-1],[-5,-4],[-6,1],[-1,-3]],[[1343,924],[-1,1],[0,1],[-12,2],[-1,-10],[-11,2],[-3,-3],[-10,2],[-1,0],[0,7],[17,21],[-11,14],[-7,2],[-45,49],[3,2],[-22,25],[-29,-34],[-6,3],[0,-3],[-66,7],[2,5],[-54,8]],[[1063,1414],[1,22],[17,15],[0,14],[0,-1],[0,1],[24,-24],[21,10],[24,13],[26,13],[8,15],[24,0],[18,29],[15,-5],[4,-6],[9,-4],[0,-4],[4,2],[13,1],[24,27],[26,8],[37,-14],[49,-41],[-13,-17],[4,-34],[-5,-5],[0,-6],[34,-19],[0,-1],[46,-51],[24,30],[4,-6],[26,8],[19,4],[-4,51],[11,24],[20,12],[20,-56],[25,-16],[11,21],[40,-57],[-31,-27],[26,-10],[5,3],[10,-11],[91,63],[-2,-20],[124,-18],[6,-9],[0,-2],[-3,-1],[-10,-2],[-14,-5],[-3,-5],[-1,-4],[-3,-2],[-6,-3],[-3,0],[-8,-4],[-3,-1],[-1,-3],[-1,-3],[1,-2],[2,-2],[5,-3],[5,-2],[2,1],[5,4],[7,4],[5,1],[2,0],[2,-2],[1,-2],[-3,-4],[0,-4],[6,-13],[1,-4],[-1,-3],[-9,-6],[-1,-5],[0,-2],[2,-1],[8,2],[3,0],[17,-8],[3,0],[1,-5],[-4,-11],[0,-2],[3,-3],[3,-1],[10,-7],[-1,-7],[-2,-5],[0,-2],[2,-5],[3,-3],[0,-1],[-1,-2],[1,-2],[2,-2],[6,-2],[6,1],[3,-2],[7,-7],[-1,-8],[2,-2],[12,-8],[3,-1],[3,-5],[0,-10],[0,-2],[-6,-8],[-3,-3],[-4,0],[-7,5],[-1,0],[-3,-3],[-6,-8],[-2,-2],[-2,0],[-6,1],[-7,2],[-3,3],[-2,0],[-2,-1],[-7,-5],[-17,-9],[-1,-1],[0,-3],[3,-4],[2,-1],[3,-1],[3,0],[5,2],[8,4],[2,1],[1,-1],[1,-2],[-1,-3],[-5,-7],[-2,-5],[-2,-8],[-5,-5],[-3,-6],[4,-21],[3,-3],[2,-1],[4,3],[7,2],[10,4],[4,0],[3,-4],[5,-8],[0,-3],[0,-2],[-4,-1],[-3,-2],[-2,-10],[-3,-4],[0,-5],[12,-12],[6,-3],[2,1],[5,4],[3,-2],[4,-5],[-1,-11],[1,-3],[4,-3],[0,-3],[0,-2],[-1,-1],[-3,-2],[-4,-1],[-9,4],[-4,4],[-3,0],[-1,0],[-2,-6],[2,-9],[-1,-2],[-6,-3],[-9,-1],[-4,0],[-2,-2],[-4,-3],[-1,-1],[0,-1],[2,-3],[0,-7],[5,-5],[5,-2],[4,-3],[5,0],[7,-1],[2,0],[1,-2],[-1,-4],[-2,-5],[0,-12],[-3,-6],[0,-4],[2,-3],[5,-2],[4,0],[7,3],[3,0],[4,2],[2,0],[3,-4],[1,-3],[1,-6],[-1,-6],[0,-4],[1,-1],[2,-1],[4,1],[1,5],[2,2],[9,8],[3,4],[8,2],[6,-2],[5,0],[3,-4],[0,-11],[-6,-17],[-4,-5],[-18,-16],[-5,-3],[-3,0],[-8,5],[-8,8],[-7,2],[-7,-4],[-2,-7],[-3,-4],[0,-3],[4,-6],[2,-3],[2,-2],[9,0],[10,4],[2,-1],[0,-2],[-4,-13],[0,-2],[0,-4],[3,-4],[0,-8],[2,-5],[-1,-9],[-3,-10],[-6,-5],[-4,-2],[-1,-3],[1,-3],[5,0],[4,-2],[9,-7],[13,-6],[3,-3],[-15,-23],[-36,21],[-39,-19],[-45,-42],[36,-68],[-1,-28],[-22,-122],[-38,-4],[2,10],[-132,-22],[-124,27],[-57,-78],[-16,34],[-27,-5],[-38,9],[0,1],[-2,0],[-2,2],[-2,0],[-2,-2],[-4,2],[-1,0],[1,2],[-3,2],[-1,2],[3,1],[0,1],[-2,2],[0,2],[1,7],[3,2],[2,2],[-1,2],[0,5],[-2,5],[-1,0],[-1,-2],[-1,-1],[-2,1],[0,2],[-2,1],[-2,0],[-1,-2],[0,-1],[-2,-2],[1,-2],[-1,-1],[1,-2],[-1,-2],[-1,1],[-4,0],[-2,3],[-1,0],[0,-2],[-1,0],[-1,-1],[1,-4],[-2,0],[-1,1],[0,-1],[-2,0],[0,0],[-2,2],[1,1],[-2,4],[0,5],[-1,4],[1,3],[0,3],[-1,0],[-2,1],[-5,-2],[-5,1],[0,2],[0,1],[0,2],[1,3],[-1,0],[1,1],[-1,4],[0,2],[-1,0],[0,1],[-1,0],[-1,1],[-1,-2],[-3,0],[1,2],[-2,4],[2,8],[-1,3],[-1,2],[-1,-1],[-2,4]],[[1343,924],[8,0],[0,-1],[5,1],[1,-3],[0,-2],[1,-5]],[[1358,914],[-3,-1],[0,-1],[-2,0],[0,-2],[3,-1],[0,-1],[3,0],[1,-1],[-1,-1],[5,-58],[8,-3],[-16,-34]],[[1370,521],[0,3],[-2,0],[0,2],[1,0],[0,1],[-1,1],[0,2],[-2,4],[-3,0],[-1,0],[-1,-1],[-3,1],[-58,-118],[-1,2],[-1,-1],[1,-2],[-77,-33],[-62,-79],[-32,88]],[[1363,940],[3,-10],[-1,0],[1,-5],[1,0],[1,-4],[-3,-1],[1,-4],[-8,-2]]],"objects":{"50":{"type":"GeometryCollection","geometries":[{"arcs":[[0,1,2,3,4],[5]],"type":"Polygon","properties":{"WARD":"41903001","PROVINCE":"Free State","CAT_B":"FS193","MUNICNAME":"Nketoana Local Municipality","WARDNO":1,"VOTERS":3011,"Area":987.16034493,"Shape_Leng":1.82788602025,"Shape_Area":0.0903099992091,"ID":1546,"POPULATION":6785,