{"type":"Topology","transform":{"scale":[0.00028872264515258586,0.00028620915040834105],"translate":[28.715989999000044,-28.26543993699994]},"arcs":[[[2929,2011],[2,4],[15,8],[-1,0],[-36,-18],[-14,22],[-9,0]],[[2886,2027],[3,5],[11,6],[4,12],[3,2],[-1,2],[2,1],[-1,2],[3,3],[-16,8],[5,5],[17,5],[8,-2],[7,1],[3,4],[1,2],[-4,22],[5,32],[25,-7],[4,2],[5,-4],[7,-3],[0,-4],[-2,-2],[5,0],[3,-7],[3,-2],[-1,-3],[3,1],[1,-1],[1,-7],[-2,-2],[-2,1],[-2,-1],[2,-1],[0,-3],[5,2],[1,-2],[-3,-1],[-2,-4],[4,2],[4,-3],[-3,-2],[0,-5],[-3,-2],[3,-6],[0,-2],[3,-2],[-4,-1],[-2,-7],[1,-5],[-2,-3],[0,-1],[4,0],[0,-5],[-8,-4],[-5,2],[-1,-7],[2,-5],[2,0],[2,1],[1,-1],[-46,-20],[-10,-2]],[[1617,2959],[5,-9]],[[1622,2950],[-7,-4],[1,-11],[4,-8],[-3,-2],[0,-8],[-8,-2],[-11,23],[0,7],[-2,-1],[-5,4],[-8,-4]],[[1583,2944],[-3,6],[8,3]],[[1588,2953],[17,7],[1,4],[3,-1],[4,6],[6,-1]],[[1619,2968],[4,-6],[-6,-3]],[[1583,2944],[-6,-3],[2,-3],[-16,-9],[10,-14],[-1,-2],[6,-6],[-18,-2],[-8,-5],[0,-2],[-28,-14],[-16,-4],[-5,0],[-13,6],[-12,1],[2,3],[-1,7],[21,18],[31,19],[-2,3],[12,6],[-2,2],[5,3],[-1,1],[5,3],[-2,2],[1,1],[2,-2],[8,4],[1,1]],[[1558,2958],[10,6],[4,-6],[5,3],[1,-1],[5,2],[5,-9]],[[1558,2958],[1,7],[3,0],[0,5],[3,2],[0,1],[3,2],[-2,0],[1,1],[6,2],[0,3],[4,-8],[37,21],[9,-17],[-4,-9]],[[2929,2011],[-9,-22],[-4,-4],[-4,-9],[-45,-105],[2,0],[-3,-13],[-3,-25],[86,-48],[13,-101],[178,-138],[38,43],[-21,18],[12,-2],[10,3],[7,0],[11,2],[-4,-2],[1,-1],[4,1],[0,2],[1,-4],[1,0],[1,2],[1,0],[1,-3],[6,-2],[5,2],[3,-1],[1,2],[10,7],[7,-1],[4,-5],[2,-7],[3,-2],[-1,-6],[1,-6],[7,-3],[3,-2],[2,-5],[1,2],[2,-8],[2,-2],[2,0],[10,3],[3,-13],[8,-4],[15,11],[7,2],[3,0],[37,25],[-2,13],[48,23],[37,-4],[36,-8],[41,7]],[[3506,1623],[10,-25],[-7,-14],[-21,-3],[-5,4],[-19,-10],[-9,-12],[-14,8],[-20,-11],[-5,-11],[-18,-8],[-3,-9],[0,-8],[-8,-11],[-3,-24],[13,-16],[3,-12],[4,-5],[7,-20],[7,-7],[-13,-12],[-12,4],[-30,1],[5,-16],[4,-5],[-16,-11],[6,-18],[2,-18],[-1,-9],[-4,-5],[0,-4],[-10,-2],[-1,-15],[15,-10],[12,-17],[-14,-16],[-15,-23],[-14,-7],[-22,-29],[-26,-14],[-26,8],[-10,-16],[14,-4],[19,-19],[-20,-26],[9,-3],[16,-12],[14,-2],[7,-4],[8,1],[14,-38],[8,-8],[1,-4],[-10,-7],[-11,7],[-10,0],[-14,-3],[-11,4],[-19,-16],[-25,-17],[-29,-58],[-23,-39],[12,-74],[-78,-109],[52,-78],[82,-73],[-10,-31],[28,-95],[-23,-43],[32,-13],[-2,-123],[-126,-30],[-58,-102],[51,-35],[-16,-56],[-211,-60],[-28,39],[-141,-64],[0,30],[35,127],[152,110],[-97,93],[-28,3],[-218,161],[-207,131],[-28,-51],[-58,-97],[-47,16],[4,17],[-128,52],[-41,36],[21,19],[-1,2],[-36,24],[-12,214],[-8,13],[0,40],[18,13],[-10,7],[-3,1],[-1,3],[-11,7],[-7,1],[1,4],[-2,1],[-9,4],[-5,-1],[-4,-11],[5,-8],[0,-3],[3,0],[2,-2],[-4,-1],[-7,3],[-2,-1],[-6,-7],[1,-6],[-2,-5],[-4,2],[1,6],[-13,10],[-2,-4],[2,-14],[-4,-6],[-4,0],[-3,2],[-3,8],[-7,3],[-7,0],[-5,-5],[-9,-4],[-3,-3],[-1,-5],[-26,10],[-40,-98],[-95,72],[29,51],[-63,44],[-30,14],[-22,-27],[-14,-30],[-21,-95],[-12,-3],[-2,1],[-1,3],[-4,-1],[-6,-3],[-7,2],[-4,-6],[-4,-1],[-10,6],[-7,9],[-11,4],[-12,3],[-14,0],[-4,1],[-4,-4],[-6,-2],[-16,7],[-7,-2],[-7,-4],[-1,-5],[-5,-4],[0,-6],[-10,-8],[0,-2],[-3,-1],[-2,-2],[1,-2],[5,-7],[-2,-3],[-8,-2],[-8,-1],[-9,6],[-5,0],[-15,-3],[-9,-7],[-11,4],[-2,-1],[-3,-2],[0,-3],[2,-11],[-2,-1],[-6,-1],[-3,-8],[2,-3],[4,-2],[0,-4],[-4,-2],[-11,0],[-6,-5],[1,-3],[3,-3],[1,-5],[4,-3],[0,-2],[-6,-2],[-5,3],[-7,0],[-5,4],[-10,0],[-3,-3],[-1,-4],[3,-3],[-4,-8],[3,-10],[-8,-4],[-1,-4],[1,-2],[7,-6],[0,-9],[-7,-7],[-2,-5],[-1,-1],[-6,2],[-3,4],[-3,8],[0,2],[4,5],[-3,13],[-4,2],[-2,8],[-3,2],[-10,1],[-16,-1],[-9,4],[-10,1],[-7,8],[-3,2],[-1,-3],[-7,-1],[-8,-8],[-8,-1],[-3,1],[-1,3],[3,7],[0,4],[-2,0],[-4,-2],[-1,-4],[-3,-1],[-6,6],[2,7],[8,6],[-5,8],[-6,4],[-9,-1],[-7,4],[0,4],[6,4],[-1,4],[-4,3],[-9,4],[-8,8],[-2,6],[-9,0],[-8,10],[-2,0],[-4,-5],[-6,0],[-7,-5],[-4,0],[-6,2],[-8,8],[-5,-2],[-7,3],[-8,-1],[-4,1],[-12,0],[-18,6],[-12,9],[-4,-3],[-4,0],[-3,3],[-16,4],[-2,-1],[-10,-11],[-7,-2],[-10,0],[-5,-2],[2,-4],[-3,-3],[-3,0],[-4,10],[-5,3],[-2,-2],[0,-6],[-4,-3],[-10,0],[-5,7],[-3,2],[-4,-3],[-2,-6],[-14,-117],[-2,0],[-9,-65],[-129,0],[2,-28],[3,-3],[-89,-25],[7,-49],[-123,-29],[1,-4],[13,-17],[9,-6],[1,-9],[3,-6],[-2,-1],[-95,2],[-5,-13],[0,-12],[-2,0],[-9,-21],[-109,46],[-36,-25],[-5,10],[-90,0],[-94,-4],[-45,19],[3,25],[45,-7],[3,40],[26,-4],[-46,108],[63,97],[27,107],[-56,14],[18,105],[-125,30],[-9,-46],[-59,50],[9,41],[3,47],[-69,114],[86,71],[75,32],[68,-35],[29,38]],[[277,1319],[7,-7],[7,-19],[4,-7],[11,-12],[6,-4],[16,-16],[4,1],[6,3],[7,-2],[18,-18],[12,-8],[1,-3],[-1,-17],[3,-12],[1,-14],[6,-9],[12,-13],[5,0],[6,3],[5,12],[6,5],[9,0],[6,-2],[2,-3],[39,34],[46,26],[146,-135],[101,168],[10,-3],[72,-30],[-2,14],[-1,-3],[1,37],[15,44],[91,65],[-26,67]],[[928,1461],[4,-2],[2,2],[3,-2],[17,51],[-50,7]],[[904,1517],[4,18],[-50,7],[36,129],[1,39],[16,140],[44,264]],[[955,2114],[1,-1],[1,3],[3,1],[-1,6],[1,4],[3,-2],[1,-4],[2,-1],[3,2],[3,0],[1,1],[18,10],[11,-26],[5,-75],[-3,-2],[106,-82],[41,-5],[22,18],[20,7],[12,-2],[42,-15],[29,-15],[10,38],[-14,56],[28,27]],[[1300,2057],[18,19]],[[1318,2076],[94,93],[139,-80],[30,85],[12,-12],[159,-63],[103,-38],[190,54]],[[2045,2115],[84,16]],[[2129,2131],[82,15]],[[2211,2146],[-38,59]],[[2173,2205],[74,31],[-14,-90],[67,-3],[276,-72],[-11,38],[73,17],[7,-57],[42,-13],[30,-11],[45,94],[44,-24],[-50,-91],[130,3]],[[928,1461],[-5,0],[-2,-2],[-5,1],[-3,-2],[-1,2],[-2,0],[1,-2],[-4,-3],[3,0],[1,-1],[-6,-2],[-2,-6],[2,-2],[-1,-4],[4,0],[0,-2],[-4,0],[-3,3],[-3,1],[-6,7],[-23,10],[-1,2],[3,9],[-2,3],[-8,2],[-2,-1],[-1,-5],[-2,-1],[-2,2],[-4,6],[-4,3],[-2,5],[-2,1],[11,37],[36,-4],[-1,-6],[-10,1],[-4,-8],[-1,-3],[7,-3],[-2,-3],[8,-2],[14,3],[-2,14],[-4,1],[0,6],[10,-1]],[[277,1319],[-5,5],[-25,11],[-17,12],[-8,3],[-8,0],[-3,3],[-1,3],[3,3],[8,4],[11,9],[6,17],[0,15],[-3,9],[0,13],[-5,7],[-1,5],[0,4],[7,25],[-3,2],[-20,-6],[-16,0],[-9,9],[-6,10],[-1,4],[7,7],[2,12],[15,6],[12,-3],[16,-13],[16,-9],[5,1],[12,5],[33,27],[8,9],[9,25],[2,21],[-7,7],[-9,0],[-12,2],[-13,-1],[-7,-9],[-17,-12],[-4,-5],[-3,-7],[-6,-3],[-6,4],[-2,8],[2,8],[-1,8],[-2,7],[-4,7],[-5,1],[-23,-8],[-11,-1],[-9,3],[-4,4],[-2,8],[7,13],[-1,17],[4,9],[2,7],[-3,3],[-3,1],[-22,1],[-8,4],[-11,4],[-8,8],[-1,12],[-3,7],[9,8],[4,2],[24,3],[12,4],[2,4],[-3,14],[3,10],[2,1],[6,0],[8,-7],[17,-7],[8,2],[6,3],[2,3],[-1,6],[-7,7],[-2,7],[1,17],[-6,7],[-6,3],[-13,-7],[-13,4],[-23,21],[1,7],[4,7],[5,17],[5,4],[7,2],[2,2],[-3,10],[-6,10],[-5,4],[-4,2],[-8,0],[-11,-4],[-19,-5],[-8,-5],[-5,0],[-5,6],[-8,36],[7,10],[10,7],[3,14],[13,21],[2,5],[-1,3],[-6,1],[-15,-8],[-16,-3],[-9,3],[-6,7],[-1,4],[2,3],[33,14],[13,9],[5,2],[3,0],[7,-5],[12,-4],[12,-1],[4,0],[4,2],[11,14],[5,5],[3,0],[13,-8],[9,0],[5,5],[10,13],[2,4],[-1,15],[-5,10],[-6,2],[-24,13],[-3,5],[2,12],[-13,13],[-6,2],[-12,-2],[-11,4],[-4,3],[-2,4],[2,2],[0,3],[-6,5],[-3,9],[3,10],[1,13],[-17,12],[-6,2],[-6,5],[-1,2],[7,20],[-1,7],[-6,0],[-33,15],[-5,0],[-16,-4],[-3,2],[1,11],[18,10],[1,5],[-2,7],[-11,22],[1,6],[5,6],[-1,4],[-7,4],[-12,-2],[-12,-6],[-10,-7],[-5,-1],[-7,1],[-14,8],[-2,5],[1,5],[1,4],[3,2],[4,1],[15,7],[6,0],[11,5],[5,4],[8,13],[3,3],[25,6],[19,4],[6,3],[0,2],[-14,17],[-1,2],[-10,0],[-11,9],[-2,3],[0,5],[4,6],[7,6],[3,6],[9,5],[1,4],[-5,9],[2,9],[5,8],[1,20],[6,32],[-6,5],[-3,34],[-3,5],[-4,4],[-10,2],[-2,3],[0,6],[1,4],[5,7],[6,6],[9,5],[3,9],[4,8],[1,6],[28,2],[60,-2],[10,7],[-5,98],[-2,3],[-1,66],[-2,0],[50,74],[110,-10],[63,-50],[-18,96],[118,19],[11,42],[46,-30]],[[571,2872],[71,-48],[-38,-47],[48,-169],[-189,29],[-10,-72],[2,0],[-3,-22],[100,-223],[29,-6],[-9,-104],[68,-87],[121,37],[1,4],[3,-13],[1,0],[2,2],[1,0],[4,-4],[3,-10],[11,-7],[3,-4],[12,5],[53,-5],[83,-27],[6,29],[0,-3],[3,-2],[-1,-4],[9,-7]],[[2173,2205],[38,-59]],[[2129,2131],[-84,-16]],[[1318,2076],[-18,-19]],[[571,2872],[36,125],[31,1],[44,-20],[34,-24],[8,42],[8,19],[-13,79],[-23,119],[71,203],[57,10],[11,1],[34,16],[-9,63],[11,16],[39,12],[3,-7],[80,-18],[1,27],[11,16],[-84,46],[43,63],[-43,7],[-11,33],[64,84],[24,7],[-6,46],[11,0],[-26,71],[26,129],