{"type":"Topology","transform":{"scale":[0.0006214488327109774,0.0005108713924278832],"translate":[26.81813001100005,-29.57531999699995]},"arcs":[[[515,780],[-8,-15],[123,-121],[3,-6],[0,-6],[-8,-4],[-2,-2],[0,-8],[-7,-3],[0,-3],[2,-2],[0,-2],[-4,-2],[-2,-3],[-3,-1],[-2,-5],[-3,0],[-3,1],[-5,4],[0,3],[-5,0],[-4,3],[-4,-2],[-3,-4],[-10,-2],[-7,2],[-2,-2],[-1,-6],[1,-2],[-2,-1],[19,-38],[-3,-32],[19,1],[35,-52],[28,4]],[[657,474],[24,-65],[16,-32],[-16,5],[-50,-5],[-23,-13],[-44,2],[-18,-9],[5,-4],[3,0],[2,2],[1,-1],[0,-3],[-5,-3],[-2,-4],[1,-6],[-1,-4],[2,-7],[0,-2],[-6,-2],[0,-6],[-1,-2],[-3,-1],[-1,-3],[2,-5],[4,-7],[1,0],[3,0],[-1,-3],[3,-2],[3,1],[1,-2],[1,-5],[-6,-1],[-1,-2],[1,-3],[2,-1],[1,-3],[-1,-2],[-49,40],[-19,-34],[-25,14],[-8,-16],[-38,25]],[[415,305],[1,6],[9,19],[20,32],[-15,9],[-26,38],[-25,45],[-49,-23],[-1,-50],[-73,13],[-15,-17],[-19,7],[8,44],[-2,19],[-43,52],[16,9],[9,54],[9,-2],[15,63],[-38,-2],[-19,4],[13,36],[-22,24],[-8,11],[-2,22],[9,4],[4,13],[-8,9],[-6,19],[2,7],[20,23],[26,4],[16,14]],[[221,811],[6,-8],[7,-4],[5,-12],[19,-21],[7,-11],[7,-4],[36,5],[8,-10],[3,1],[19,-2],[0,-2],[2,0],[0,3],[8,1],[0,-1],[2,0],[1,4],[6,1],[6,12],[4,1],[-5,0],[-23,0],[3,67],[56,-34],[18,15],[4,5],[9,-11],[-13,-20],[8,-4],[2,-17],[33,5],[21,4],[17,1],[11,5],[7,0]],[[1041,732],[-1,-23]],[[1040,709],[-2,-27],[-16,14],[-1,-11],[-5,-15],[-1,-17],[-10,-14],[-2,-2],[-9,1],[-3,-2],[-2,-4],[5,-67],[4,-11],[12,-9],[7,-2],[4,1],[3,-1]],[[1024,543],[0,-2],[2,-4],[2,-9],[2,-1],[6,-1],[3,-2],[1,-12],[12,-9],[1,-4],[-3,-3],[-10,-4],[-6,-5],[-6,0],[-8,-2],[-3,-2],[-9,0],[-7,-6],[-6,-5],[-2,-3],[-1,-9],[1,-8],[-2,-15],[1,-5],[4,-10],[1,-9],[-1,-4],[-3,-8],[-5,-5],[-3,-2],[-6,1],[-6,3],[-8,9],[-6,4],[-8,3],[-3,0],[-2,-2],[-1,-3],[0,-9],[3,-8],[6,-10],[6,-5],[7,-4],[4,-6],[0,-18],[4,-8],[1,-6],[-6,-10],[-4,-3],[-10,-1],[-7,-4],[-6,-1],[-5,1],[-5,4],[-3,0],[-7,-9],[1,-9],[0,-5],[-5,-8],[-11,-10],[-2,-6],[0,-8],[-2,-3],[-1,-1],[-4,-1],[-3,-2],[-4,-8],[-3,-3],[-13,-3],[-9,-5],[-1,-3],[0,-5],[3,-8],[-2,-11],[3,-5],[6,-11],[2,-8],[-1,-6],[-3,-7],[-2,-2],[-5,0],[-7,-3],[-6,0],[-10,2],[-4,2],[-6,6],[-5,4],[-7,0],[-7,-9],[-27,-20],[-3,-4],[-2,-4],[1,-13],[-2,-4],[-6,-6],[0,-2],[2,-10],[4,-7],[1,-12],[3,-7],[-1,-5],[-2,-1],[-2,2],[-3,1],[-6,-1],[-9,-2],[-5,1],[-5,3],[-5,8],[-6,3],[-4,0],[-12,-8],[-10,-6],[-9,0],[-4,-4],[0,-3],[2,-16],[-1,-5],[-1,-2],[-8,-3],[-7,-7],[-3,-1],[-9,3],[-7,-3],[-4,0],[-2,3],[-5,18],[-3,0],[-6,-2],[-1,-2],[1,-4],[0,-3],[-7,-7],[-3,-1],[-14,-9],[-1,-5],[4,-7],[0,-2],[-1,-4],[-7,-2],[-5,-1],[-6,2],[-3,0],[-6,-4],[-2,0],[-4,5],[-4,2],[-16,5],[-16,2],[-10,6],[-10,-5],[-3,-6],[-7,-7],[-8,-13],[-2,0],[-8,4],[-9,-1],[-3,-2],[-7,31],[-19,12],[-48,-12],[-21,30],[-13,41],[-36,-6],[-36,-3],[-13,21],[-14,-6],[-33,70],[41,53],[-21,3],[-21,23],[-24,30],[77,65],[18,-7],[23,-35],[51,-49],[11,17],[-1,11],[3,15]],[[657,474],[54,-4],[9,-7],[5,16],[19,5],[45,20],[11,7],[27,1],[14,-7],[26,3],[-1,10],[11,34],[18,41],[11,-17],[62,55],[39,55],[-18,11],[13,19],[5,4],[-2,7],[3,3],[-2,1],[-1,2],[2,1],[3,-3],[1,1],[4,-1],[3,5],[10,-7],[6,10],[6,-4],[0,-1],[1,-1],[0,-1]],[[1040,709],[2,36]],[[1042,745],[9,15],[-13,8],[-7,16]],[[1031,784],[0,0],[2,2],[-3,1],[1,2],[-2,5],[-1,0],[-2,2],[3,4],[3,-3],[1,1]],[[1033,798],[3,-3],[2,1],[-1,2],[1,0],[3,1],[0,-1]],[[1041,798],[1,0]],[[1042,798],[2,1],[3,-8],[5,2],[0,-2],[1,1],[1,-2],[-1,-5],[4,2],[0,2]],[[1057,789],[38,-7],[17,-9],[28,61],[20,-10],[6,37],[-20,0],[-5,2],[4,4],[-12,11],[-7,8],[-17,12],[-7,4],[-27,8],[-8,-28],[-17,17],[-17,-43],[-41,39],[-22,4],[-15,9]],[[955,908],[19,72],[-35,9],[32,32],[48,3],[-4,14],[16,4],[-1,4],[-5,7],[-3,2],[-9,3],[-5,74],[-20,-1],[-46,35],[-33,25]],[[909,1191],[32,3],[5,9],[8,-2],[9,0],[0,3],[12,25],[16,-14],[0,5],[7,10],[1,8],[16,13],[-1,3],[14,-1],[26,-6],[8,-11],[42,16]],[[1104,1252],[11,4],[-5,-6],[0,-19],[10,-4],[-6,-15],[-8,-30],[35,-26],[34,-14],[-30,-36],[-3,-5],[16,-13],[35,-37],[14,8],[11,13],[28,-9],[0,2],[6,2],[2,-3],[2,-6],[0,-6],[4,-6],[-1,-12],[3,-7],[1,-1],[-1,0],[3,-6],[-20,-35],[12,-1],[22,-32],[-16,-24],[16,-4],[10,3],[22,-2],[21,-12],[7,-2],[-6,-15],[-2,-2],[-5,1],[-7,6],[-7,0],[-3,-2],[-1,-4],[0,-3],[7,-5],[1,-2],[-2,-12],[-3,-5],[-23,-7],[-3,1],[-3,2],[-6,1],[-13,-5],[-3,-2],[2,-6],[11,-11],[6,-4],[6,-9],[1,-10],[-2,-6],[-3,-7],[-13,-7],[-10,-2],[-6,-5],[-5,3],[-4,7],[-12,0],[-4,0],[-4,-11],[-1,-6],[0,-7],[-1,-8],[-3,-5],[-6,-3],[-7,-2],[-3,-10],[-15,-2],[-7,-5],[-5,-6],[-4,-9],[-8,-4],[-8,-20],[-1,-3],[-6,-3],[-3,0],[-7,4],[-7,-5],[-10,-9],[0,-2],[8,-3],[8,-9],[-1,-6],[-6,-8],[1,-2],[2,-2],[2,-1],[3,1],[5,7],[3,0],[6,-6],[6,0],[7,-2],[4,-6],[5,-4],[1,-3],[-2,-2],[-2,-7],[-8,-15],[-3,-2],[-23,-10],[-7,-20],[-9,-11],[-7,-2],[-9,2],[-8,-5],[-8,1],[-1,-2],[0,-9],[-7,-8],[3,-10],[0,-3],[-4,-3],[-4,-1],[-4,1],[0,2],[1,6],[-1,3],[-3,3],[-3,2],[-14,-3],[-10,2],[-6,-4],[-10,-1],[-2,-2]],[[1057,789],[-5,11],[3,2],[-3,4],[-4,0]],[[1048,806],[0,6],[-3,0],[-14,-1],[-3,-3],[2,1],[3,-5],[-1,-2],[3,-2],[-2,-2]],[[1031,784],[-9,5],[-2,7],[-33,25],[-15,-6],[-19,-55],[-46,40]],[[907,800],[-44,-3],[15,94],[35,-10],[42,27]],[[1042,798],[-1,0]],[[1041,798],[0,5],[3,0],[-1,3],[5,0]],[[1042,745],[-1,-13]],[[515,780],[20,36],[-2,10],[68,-14],[8,-19],[29,-10],[7,-26],[1,2],[20,-1],[2,7],[0,2],[1,7],[19,9],[15,-22],[7,-1],[-19,-38],[43,-4],[14,-32],[-14,-14],[9,-7],[31,27],[27,20],[5,-53],[24,6],[34,52],[21,22],[22,61]],[[221,811],[12,11],[0,15],[18,15],[60,23],[4,31],[-23,14],[33,46],[34,-8],[16,30],[-10,28],[-8,5],[-16,-4],[-8,15],[-15,9],[-34,42]],[[284,1083],[-11,37],[17,62],[10,-2],[5,10],[15,1],[47,10],[13,30],[-6,3],[-1,3],[-1,7],[-3,0],[-1,-2],[-3,3],[-4,-9],[-2,1],[-1,-1],[-2,0],[5,13],[6,4],[-2,3],[8,5],[-10,8],[12,11],[52,3],[14,10],[11,-11],[-6,-5],[0,-4],[-5,-4],[-1,-3],[-1,-3],[38,-5],[2,-60],[32,-64],[119,33],[5,-4],[4,-2],[9,-10],[6,1],[1,3],[11,-11],[10,4],[32,3],[15,-2],[8,2],[7,-2],[5,0],[12,5],[5,2],[6,0],[14,9],[9,-1],[13,5],[6,1],[9,8],[3,1],[3,-2],[8,-9],[6,-3],[25,-1],[5,1],[36,24],[6,2]],[[284,1083],[-52,0],[-12,31],[-10,40],[-13,42],[9,48],[-52,43],[-34,-32],[-120,14],[57,80],[43,113],[27,59],[23,59],[-1,12],[21,6],[11,5],[26,16],[0,-4],[29,5],[0,3],[13,0],[4,-11],[54,11],[33,4],[1,-24],[5,-8],[14,-4],[7,-14],[25,16],[26,-12],[35,21],[13,-22],[66,82],[1,2],[1,0],[2,-1],[-1,-5],[1,-3],[0,-3],[5,-2],[2,-2],[2,3],[2,-1],[-2,-3],[-1,-6],[-2,-2],[0,-5],[-1,-2],[1,-2],[4,-2],[-2,-2],[0,-4],[-4,-2],[3,-8],[-1,-1],[-4,-1],[2,-3],[-2,-4],[-1,-7],[2,-6],[5,-3],[-1,-5],[4,-4],[-2,-5],[3,-3],[2,-12],[1,0],[3,2],[4,-1],[3,-5],[6,-1],[0,-5],[2,-4],[0,-1],[4,-1],[2,-7],[4,0],[1,-7],[3,-1],[-1,-6],[1,1],[4,-3],[1,-4],[4,0],[0,-6],[2,-5],[1,0],[3,1],[1,-1],[0,-3],[-2,-2],[3,-2],[2,-4],[-3,-4],[0,-1],[2,-1],[1,3],[1,0],[3,-4],[9,-2],[-1,-6],[4,-1],[2,-4],[2,-3],[3,4],[3,2],[-3,2],[0,2],[3,2],[1,-2],[48,54],[61,-10],[-68,-63],[2,0],[3,3],[2,0],[1,-3],[1,0],[3,2],[1,0],[2,-3],[-1,-5],[5,0],[6,-3],[3,-3],[13,2],[3,-5],[3,1],[1,-3],[6,-2],[52,61],[37,-21],[-12,-16],[5,-8],[4,-1],[-6,-16],[31,-8],[14,25],[27,-19],[-4,-17],[67,-43],[11,7],[11,15],[40,15],[2,-16],[3,-38],[56,12],[26,-75],[5,0],[11,-47]]],"objects":{"53":{"type":"GeometryCollection","geometries":[{"arcs":[[0,1,2,3]],"type":"Polygon","properties":{"WARD":"41906001","PROVINCE":"Free State","CAT_B":"FS196","MUNICNAME":"Mantsopa Local Municipality","WARDNO":1,"VOTERS":2816,"Area":576.4881234,"Shape_Leng":1.47675351618,"Shape_Area":0.0535262856539,"ID":1598,"POPULATION":6348,"DENSITY":11.011501785259503}},{"arcs":[[4,5,6,-2,7]],"type":"Polygon","properties":{"WARD":"41906002","PROVINCE":"Free State","CAT_B":"FS196","MUNICNAME":"Mantsopa Local Municipality","WARDNO":2,"VOTERS":2648,"Area":768.294329308,"Shape_Leng":1.94799419399,"Shape_Area":0.0714353782972,"ID":1599,"POPULATION":5822,"DENSITY":7.577825031253133}},{"arcs":[[-6,8,9,10,11,12,13,14,15,16,17]],"type":"Polygon","properties":{"WARD":"41906003","PROVINCE":"Free State","CAT_B":"FS196","MUNICNAME":"Mantsopa Local Municipality","WARDNO":3,"VOTERS":3198,"Area":439.561527249,