{"type":"Topology","transform":{"scale":[0.0005591804635761559,0.0005143945364714289],"translate":[26.521619999000052,-28.28423999899996]},"arcs":[[[1857,663],[-13,-10],[-11,7],[-2,1],[-1,-4],[-2,1],[-3,-1],[-1,-4],[-2,1],[-4,-1],[-1,1],[-2,2],[8,12],[-2,4],[20,1],[16,-10]],[[885,1334],[11,12]],[[896,1346],[54,-47],[78,-160],[13,-17],[54,-56],[3,-7],[-27,-25],[21,-32],[29,7],[8,-19],[12,-34],[1,9],[4,6],[6,14],[4,14],[3,5],[7,5],[3,3],[2,4],[2,9],[1,20],[2,6],[8,11],[129,59],[-13,7],[-21,8],[1,10],[3,9]],[[1283,1155],[6,-3],[8,17],[7,5],[2,0],[2,-2],[2,-7],[4,26],[24,0],[15,4],[-4,4],[1,3],[2,4],[0,1],[-1,1],[-2,0],[-3,0],[-5,1],[-2,-1],[-5,0],[-4,5],[-4,-1],[-5,0],[-5,-2],[2,4],[4,1],[0,5],[2,0],[4,1],[-3,7],[-2,-1],[8,26],[-9,78]],[[1322,1331],[57,28],[-17,73],[12,75]],[[1374,1507],[24,0],[14,40],[42,7],[54,-19],[10,16],[25,-39],[17,18],[-27,35],[32,40],[48,-21],[35,-26],[-16,-19],[17,-38],[17,-18],[-6,-29],[-25,-66],[57,-69],[-5,-3],[7,-24],[-62,8],[-4,-24],[-9,-6],[92,0],[123,31],[50,-11],[3,4],[80,-74],[6,-2],[26,-46],[-96,-62],[-34,-48],[42,-30],[-14,-48],[0,1],[3,0],[6,-3],[4,-4],[4,-1],[4,1],[1,2],[-1,4],[1,1],[6,-1],[7,-2],[3,-2],[1,-6],[4,-7],[1,-3],[-1,-4],[0,-4],[0,-1],[1,-3],[4,-3],[4,0],[4,1],[5,0],[2,-2],[3,-6],[3,-4],[6,0],[8,-3],[1,1],[1,4],[3,-2],[2,-1],[5,-7],[1,-3],[-1,-2],[-2,-2],[0,-2],[0,-1],[4,-3],[2,-6],[3,-1],[1,-1],[1,-3],[3,-3],[2,0],[1,1],[2,0],[1,0],[2,-6],[4,-3],[1,-2],[-3,-3],[-3,-1],[-1,1],[-2,-1],[1,-1],[4,-3],[1,-3],[59,57],[20,-5],[40,-8],[49,3],[65,22],[44,17],[108,-6],[2,-124],[5,-72],[10,-85],[-89,0],[-21,-32],[-1,0],[0,2],[-2,0],[-1,2],[-1,1],[-3,0],[1,2],[-3,1],[-1,0],[-1,3],[0,1],[-3,0],[-1,1],[-1,-2],[-3,1],[0,0],[2,1],[-2,4],[2,3],[-2,3],[-4,1],[0,2],[2,2],[-1,3],[-3,1],[-5,-1],[-1,1],[1,2],[-1,2],[-1,0],[-1,-1],[-3,0],[-2,2],[0,0],[-2,1],[1,1],[3,2],[-1,2],[-3,1],[1,0],[1,1],[0,1],[0,2],[-2,1],[-1,1],[1,2],[2,1],[1,2],[1,1],[1,4],[1,1],[-7,6],[-2,5],[-4,2],[-6,1],[-1,0],[1,1],[0,0],[-3,0],[-2,2],[-1,0],[-6,-2],[-2,1],[-2,-2],[-4,-3],[0,-1],[-7,-2],[-1,1],[0,1],[0,2],[0,1],[0,2],[-3,2],[0,0],[3,1],[0,1],[-2,2],[-5,1],[-2,2],[-2,4],[-1,0],[-6,-7],[-2,-7],[-2,-2],[1,-2],[1,0],[-1,-2],[1,-2],[0,-2],[0,-3],[-6,-3],[-23,-16],[-19,-60],[-16,6],[-24,-54],[26,2],[-1,-4],[-42,-35],[5,-24],[10,-49],[-33,-12],[-54,-26],[61,-70],[7,-54],[-70,-6],[13,-41],[2,-29],[-4,1],[1,2],[-4,1],[-4,-2],[10,-47],[-3,4],[-26,-16],[-32,41],[-32,-4],[-24,-6],[16,-57],[10,-70],[11,-19],[-22,-29],[-16,13],[-47,-48],[0,3],[-45,19],[-1,-3],[-6,4],[-24,11],[-29,-15],[-11,7],[-3,42],[-35,1],[-4,-45],[-20,-3],[2,13],[-3,6],[-15,-2],[1,8],[-9,24],[-12,1],[-8,18],[-98,-2],[-5,49],[-8,47],[-15,26],[-9,13],[30,22],[36,104],[37,-5],[79,1],[-31,53],[-37,59],[2,19],[-21,6],[6,27],[-37,-6],[-6,24],[-51,-11],[7,26],[-26,9],[5,109],[-13,25],[-42,-25],[-62,-30],[-14,44],[-1,29],[-96,28],[-42,-12],[-40,29],[2,-9],[-3,-2],[-8,-1],[-14,-31],[-2,27],[-13,-5],[3,-47],[-27,3],[3,30],[0,6],[-6,-2],[-1,0],[0,0],[-2,-1],[-3,-1],[-1,-2],[-2,-1],[-4,0],[-2,-2],[-1,1],[-12,-7],[-15,14],[-68,55],[1,1],[-2,1],[0,0],[-2,1],[-30,-10],[-34,65],[-8,-4],[-20,98],[64,38],[-57,79],[-50,42],[25,20],[-19,19],[-34,-17],[-22,19],[-34,23],[65,56],[-22,20],[-35,24],[15,16],[60,71]],[[1282,1246],[0,-3],[-2,4],[0,2],[-7,1],[-2,-11],[-1,-1],[-1,-1],[-11,3],[-5,0]],[[1253,1240],[0,4],[-1,3],[-9,24],[-6,11],[5,11]],[[1242,1293],[2,4]],[[1244,1297],[31,7],[1,-10],[2,-3],[4,-3],[10,-2],[-4,-8],[-4,-4],[-2,-3],[0,-25]],[[1200,1252],[4,13],[-5,2]],[[1199,1267],[-6,2]],[[1193,1269],[3,6],[1,1],[-9,11]],[[1188,1287],[-6,8],[4,3],[-4,10],[24,4]],[[1206,1312],[16,-15],[-7,-5],[19,-18],[-13,-31],[-21,9]],[[1193,1269],[-1,1],[-2,2],[-4,-4],[-3,-3],[-2,2],[-2,0],[0,1],[-1,0],[-1,3],[-1,0],[0,1],[-3,-1],[-1,0],[1,2]],[[1173,1273],[0,2],[15,12]],[[1200,1252],[-8,3]],[[1192,1255],[0,0],[0,2],[-1,2],[2,3],[5,1],[1,4]],[[1322,1331],[-1,33],[-77,-12],[10,-32],[-10,-23]],[[1242,1293],[-22,21],[-14,-2]],[[1173,1273],[-5,2],[0,-2],[-1,0],[1,3],[-3,-6],[0,-5],[7,-3],[6,-2],[1,-5]],[[1179,1255],[-1,-1]],[[1178,1254],[-3,-3]],[[1175,1251],[-1,-2]],[[1174,1249],[-3,1],[-6,2],[-1,-3],[-3,1],[-2,-3],[-4,0],[-1,-1]],[[1154,1246],[-3,1],[-4,-12],[-1,-27],[2,1],[4,-2],[5,5],[1,0],[4,-5],[0,-6],[2,-3],[1,-1],[4,-1],[3,1],[1,0],[3,-1],[4,-3],[5,-1],[0,-1],[1,-7],[9,-5],[5,0],[5,1],[8,7],[3,-1],[1,-2],[-2,-3],[0,-2],[4,-2],[3,-1],[8,1],[3,3]],[[1233,1180],[36,-18]],[[1269,1162],[14,-7]],[[896,1346],[89,56],[21,30],[-3,-2],[-2,0],[-1,2],[0,8],[4,3],[1,1],[0,5],[-2,7],[2,3],[1,4],[3,1],[5,1],[1,2],[1,4],[3,3],[1,11],[0,10],[2,7],[-1,3],[-3,13],[2,4],[4,0],[3,1],[1,0],[0,4],[-3,3],[-1,8],[-6,3],[-4,1],[-4,6],[-2,1],[-9,3],[-3,0],[-2,-2],[-1,-4],[-1,-1],[-2,0],[-9,1],[-7,4],[-3,1],[-4,3],[-1,3],[0,1],[6,2],[0,2],[-2,2],[-4,2]],[[966,1566],[43,77],[-28,14],[59,67],[-24,15],[6,11],[30,-3],[26,83],[8,1]],[[1086,1831],[26,-41],[36,-6],[0,-1],[-2,-7],[17,-3],[0,-49],[39,-8],[2,-6],[-16,-30],[83,-106],[45,5],[72,15],[-14,-87]],[[1190,1251],[-1,0],[6,-3],[-1,-3],[-1,0],[-1,-2],[1,0],[-1,-4],[1,-1]],[[1193,1238],[-2,-5],[2,0],[2,1],[0,-1],[-2,-2]],[[1193,1231],[-6,3]],[[1187,1234],[-1,0],[1,3],[-2,1],[-1,3],[-4,-1],[0,4],[-3,2],[1,2],[-3,3]],[[1178,1254],[0,1]],[[1178,1255],[5,-2],[1,0],[1,-1],[1,1],[4,-2]],[[1253,1240],[5,-8],[1,0],[0,-5],[-2,1],[-1,1],[-6,-4],[-3,4],[-3,-1],[-6,9]],[[1238,1237],[-4,5],[-5,-2],[-1,0],[-6,-2]],[[1222,1238],[-3,0],[-7,3],[-1,1],[-6,-3]],[[1205,1239],[-3,-2]],[[1202,1237],[-3,-2],[0,1],[-6,2]],[[1190,1251],[1,0],[1,4]],[[1187,1234],[-1,-2],[-5,-2],[0,-8],[-3,-4],[-3,12],[-8,5]],[[1167,1235],[8,13],[-1,1]],[[1222,1238],[-3,-6],[-3,-1],[-5,-10]],[[1211,1221],[-3,1]],[[1208,1222],[0,0],[3,2],[-6,9],[3,2],[-2,1],[-2,-1],[-1,0],[0,1],[0,0],[-1,1]],[[1202,1237],[3,2]],[[1208,1222],[-6,1],[-5,6],[-4,2]],[[1211,1221],[9,-2],[9,6]],[[1229,1225],[2,1],[4,-2],[4,-4],[-23,-2],[0,-4],[-8,-1],[-5,-12],[1,-4],[2,-2],[-2,-1],[29,-14]],[[1154,1246],[-3,-7],[7,-7],[6,-1],[3,4]],[[1238,1237],[-4,-2],[0,-2],[-2,0],[-1,3],[-3,-2],[1,0],[-1,-2],[-1,0],[-1,-1],[3,-6]],[[1282,1246],[11,-10],[-1,-6],[1,-4],[6,2],[8,-20],[-1,0],[-2,4],[-3,-1],[-4,-5],[-2,0],[-2,5],[-7,-3],[-2,5],[-3,-1],[-1,3],[-2,-1],[2,-8],[-6,-2],[4,-9],[-1,0],[1,-2],[4,-4],[2,-7],[-6,-2],[-3,-3],[-1,-1],[-5,-3],[3,-6],[-2,-1],[-1,-4]],[[1178,1255],[1,0]],[[771,2131],[0,-5],[-3,0],[0,-3],[3,0],[0,-1],[3,0],[0,-3],[3,0]],[[777,2119],[0,-3],[-4,0],[0,-3]],[[773,2113],[-1,0],[-2,2],[-2,1],[-2,-1],[-2,2],[-6,11],[-2,-1]],[[756,2127],[-7,15],[14,9]],[[763,2151],[1,-2],[-4,-3],[3,-3],[1,1],[3,0],[1,-5],[-8,-5],[2,-2],[1,-1],[8,0]],[[763,2151],[15,10],[4,-12]],[[782,2149],[-2,-2],[-3,1],[0,-1],[-2,0],[0,-1],[-4,0],[0,-1],[1,0],[0,-3],[3,-3],[-1,-1],[1,-2],[0,-1],[2,-2],[0,-2],[-6,0]],[[782,2149],[5,-23],[-1,-1],[0,-2],[-2,0],[-1,-3],[-4,1],[-1,-2],[-1,0]],[[1172,2554],[-11,-24],[-101,2],[-3,-18],[19,-1],[21,-108],[-28,1],[-158,-146],[56,-56],[-50,-46],[40,-109],[-44,-28],[-18,29],[-15,-7],[-1,13],[-11,-2],[-2,7],[-14,-5],[0,0],[-19,-7],[-6,-20],[-25,26],[-12,56],[-2,-1],[-1,1],[0,-1],[-2,2],[-1,-1],[-1,0],[-1,-4],[-3,1],[-2,-1],[-4,5],[0,1]],[[763,2151],[-8,65],[-36,74],[-83,-37],[-99,30],[10,82],[-19,4],[-12,1],[0,2],[-24,27]],[[492,2399],[27,0],[123,38],[-44,95],[-21,4],[-6,71]],[[571,2607],[5,3],[5,1],[2,1],[4,4],[1,3],[2,5],[6,12],[3,8],[3,4],[1,2],[4,3],[4,1],[4,0],[4,-1],[1,-1],[4,-4],[6,-2],[2,-3],[1,-4],[-1,-4],[0,-2],[2,-3],[7,-6],[5,-3],[8,2],[6,0],[6,1],[4,-1],[2,-1],[6,-7],[4,-4],[8,-7],[3,-3],[1,-12],[0,-3],[-2,-10],[1,-4],[2,-5],[7,-7],[5,-10],[4,-2],[2,0],[3,4],[2,5],[3,23],[-3,27],[0,2],[1,4],[0,6],[2,13],[-1,5],[-7,33],[-1,5],[1,4],[1,6],[5,11],[2,11],[4,9],[8,10],[4,7],[4,6],[5,6],[2,1],[3,0],[10,-3],[5,-1],[2,-2],[1,-3],[-1,-4],[-3,-7],[-1,-12],[-3,-7],[5,-8],[7,-5],[4,-3],[8,-6],[13,-8],[5,-4],[2,-2],[5,-4],[12,-3],[10,-5],[11,-9],[4,-2],[8,-2],[10,-4],[4,-5],[5,-2],[1,-1],[1,-2],[4,-3],[5,0],[3,-2],[2,-1],[3,-1],[5,0],[4,-2],[4,-2],[6,0],[6,-3],[9,-1],[3,0],[3,2],[7,0],[3,0],[3,1],[4,-1],[5,-1],[7,1],[9,-1],[6,2],[4,3],[6,0],[5,0],[6,