{"type":"Topology","transform":{"scale":[0.0005826977916666568,0.0005108841846511623],"translate":[27.12914599900006,-27.83075099699994]},"arcs":[[[1217,310],[-13,38],[16,35],[-60,-19],[-52,36],[-40,4],[-13,101],[2,10]],[[1057,515],[10,72],[0,66],[-12,59],[-33,16],[24,28],[-8,36],[6,5],[0,2],[3,5],[0,4],[-10,3],[7,16],[-4,12],[-2,3],[3,0],[3,-1],[6,1],[8,-2],[22,1],[0,21],[1,0],[-40,83],[-7,23],[2,11]],[[1036,979],[0,7],[49,-2],[29,25],[-23,113],[26,1],[3,5],[3,2],[4,5],[-16,18],[-6,42],[48,30],[-14,57],[8,14],[-40,31],[-56,18],[-11,44],[1,1],[-9,27],[49,101],[-14,13],[-6,0],[-9,25],[3,1],[1,2],[18,37],[82,36]],[[1156,1632],[56,-21],[58,52],[7,84],[95,-54],[20,-73],[26,-11],[31,-66],[38,-3],[49,11],[9,27],[30,23],[2,-4],[-1,-4],[3,0],[-1,-2],[-1,-1],[0,-1],[5,-1],[1,1],[-1,1],[2,1],[-1,-7],[2,-2],[1,-1],[-2,-3],[0,2],[-1,0],[0,-2],[2,-3],[2,-4],[3,-2],[0,-2],[0,-1],[1,-3],[3,1],[3,0],[-1,-4],[4,-5],[1,-4],[0,-3],[2,0],[0,-2],[-2,0],[0,-1],[-1,-1],[-1,-3],[1,-1],[2,1],[1,2],[1,-4],[0,-3],[3,-1],[3,1],[-1,-2],[-1,-1],[0,-2],[1,0],[1,-1],[-2,-1],[-1,0],[-1,-1],[-1,-2],[-2,-2],[0,-3],[1,-1],[-3,0],[1,-2],[1,-1],[-1,-4],[2,-4],[0,-4],[1,0],[0,2],[1,1],[1,-1],[-1,-1],[2,-1],[0,3],[1,0],[2,-7],[3,-1],[-2,-4],[2,1],[0,-1],[0,-4],[1,0],[2,0],[1,2],[1,-1],[0,-1],[-3,-2],[0,-2],[1,-3],[4,-2],[-2,-4],[1,-3],[-1,-2],[1,-2],[-1,-2],[-2,-1],[1,-1],[0,-1],[1,-1],[2,0],[-1,-2],[1,-2],[4,-2],[2,-2],[-2,-2],[1,-1],[0,-2],[-2,-1],[2,-1],[0,-3],[1,0],[-1,-1],[0,-2],[-1,1],[-1,-2],[1,-4],[2,1],[1,-1],[0,-4],[46,22],[25,-56],[13,-46],[61,-12],[38,-38],[16,-3],[55,-27],[22,-13],[2,2],[33,0],[9,-3],[4,-8],[2,1],[0,-2],[-3,-2],[-2,4],[-2,0],[0,-2],[2,-2],[-3,-5],[-1,-1],[42,-18],[-59,-83],[20,-19],[-21,-26],[-42,-36],[21,-29],[33,-50],[8,-37],[39,-14],[4,-3],[2,0],[0,-1],[0,-2],[-1,-1],[0,-1],[0,-1],[-2,0],[0,3],[0,0],[-2,-3],[-1,0],[-5,-2],[-1,-3],[1,-3],[-5,-2],[0,-2],[0,-5],[-2,-4],[2,-1],[4,-1],[1,-2],[0,-5],[-2,-3],[-1,-4],[2,-3],[-1,-1],[-2,1],[1,-2],[2,0],[0,-1],[-1,-5],[-1,-5],[-2,-2],[1,-2],[-2,-2],[0,-2],[3,-6],[2,-8],[3,-2],[-2,-4],[3,-1],[0,-2],[-1,-1],[1,-2],[-2,-1],[-6,-4],[2,-3],[-1,-7],[0,-2],[3,0],[-1,-3],[1,0],[0,-2],[1,-1],[-29,-7],[-15,-76],[-12,-43],[0,-36],[-39,15],[-1,-15],[-9,1],[-10,13],[-11,-15],[-4,2],[-22,3],[-11,27],[-39,-35],[-18,2],[-30,-43],[-12,3],[1,-3],[-46,-25],[-74,-82],[-8,22],[-84,1],[11,-37],[-3,-2],[-11,5],[-12,-24],[-8,-9],[-13,-13],[-2,-10],[-5,-5],[14,-19],[-4,-20],[-39,-6],[-29,-5],[-2,4],[-48,-14],[-65,8],[1,-36],[-35,-12],[-20,-13],[-14,1],[-7,-6]],[[1434,1120],[-1,-7],[9,0],[5,1],[1,1],[2,0],[-1,-5],[-1,0],[-1,-3],[2,-1]],[[1449,1106],[-5,-15],[3,-2],[-1,-6],[-2,-1],[0,-3],[-3,0],[-1,1],[-10,4],[-1,-3],[-2,-1],[-6,-15],[-3,0],[2,-2],[6,-1],[5,1],[3,-2],[-3,-12],[0,-4],[-5,-8],[8,-8],[54,25],[8,13]],[[1496,1067],[12,18],[-40,29],[12,16],[9,25],[-10,2],[-17,8],[-5,1],[0,0],[-1,-7],[-9,-11],[-29,9],[-2,-11],[14,-28],[4,2]],[[811,1184],[5,-9],[10,3],[3,-12],[-22,-24],[-28,14],[-5,1],[0,2],[1,0],[-3,6],[0,5]],[[772,1170],[2,0]],[[774,1170],[7,0],[0,-4],[3,0],[4,3],[-2,3],[0,1],[8,7],[2,-2],[2,2],[2,-2],[3,-1],[3,9],[0,0],[3,-3],[2,1]],[[1458,1104],[-1,-2],[3,-4],[-3,-6],[-1,0],[-1,-1],[1,0],[-2,-3],[-1,1],[-1,-2],[9,-7],[2,0],[0,2],[5,-1],[0,0]],[[1468,1081],[0,-2],[18,-7],[10,-5]],[[1449,1106],[1,2],[1,0]],[[1451,1108],[-1,-2],[1,0],[0,-1],[3,-1],[1,1],[3,-1]],[[1434,1120],[7,4],[15,-6],[-1,-2],[3,-1],[0,-1],[-4,0],[-1,-3],[-1,0],[0,-1],[3,-1],[0,-2],[-4,1]],[[1458,1104],[4,3],[1,2],[3,0],[2,-7],[-1,-4],[3,-1],[1,5],[2,-1],[-5,-20]],[[1035,1881],[-58,-28],[0,-3],[1,-2],[-2,-2],[0,-2],[2,0],[2,-1],[1,0],[1,-1],[-55,-25],[8,-12],[-55,-22],[-22,-13],[-2,11],[-22,-15],[-16,3],[-31,-68],[-9,7],[-7,-10],[8,-1],[-20,-16],[-61,25],[-12,54],[-27,-9],[-2,17],[-34,2]],[[623,1770],[3,2],[-1,3],[-3,1],[5,3],[1,2],[7,4],[3,-7],[32,16],[-2,0],[-1,2],[-2,1],[-1,0],[-1,1],[-2,0],[0,2],[-3,2],[-4,4],[-1,-1],[0,-1],[-1,1],[-1,2],[0,4],[-3,2],[-3,-1],[-3,1],[-2,-3],[-2,0],[-3,3],[-2,7],[-2,0],[-1,4],[-4,3],[-2,0],[-4,-1],[-7,1],[-1,2],[-1,-1],[-5,13],[-4,-1],[1,12]],[[603,1852],[0,2]],[[603,1854],[0,3],[-3,4],[3,11],[-3,1]],[[600,1873],[1,12],[3,8],[11,28],[4,4],[2,1],[6,2],[9,1],[0,2],[8,5],[9,5],[3,3],[1,2],[0,13],[-2,9],[5,14],[3,5],[0,2],[4,4],[1,5],[-1,2],[-4,10],[-4,5],[-8,6],[-4,7],[-1,5],[7,12],[8,5],[4,3],[5,0],[9,-1],[5,-3],[3,-2],[6,1],[6,-2],[2,1],[6,3],[9,11],[2,1],[4,4],[3,2],[4,0],[2,2],[3,-1],[7,-6],[6,-4],[3,-1],[5,-4],[2,0],[6,4],[3,1],[2,2],[6,4],[3,4],[1,4],[0,6],[-2,4],[-5,5],[-3,7],[-12,12],[0,5],[1,2],[-1,6],[1,1],[5,2],[11,3],[11,8],[14,7],[4,-1],[6,-5],[2,-1],[3,-1],[2,1],[5,-1],[2,1],[1,4],[1,10],[2,2],[5,0],[5,-1],[8,1],[6,-1],[9,1],[5,-1],[1,-2],[2,-3],[0,-7],[-3,-10],[-1,-3],[6,-10],[0,-2],[-4,-8],[-2,-6],[-5,-7],[-1,-7],[2,-7],[2,-2],[3,-2],[5,-1],[6,2],[2,4],[5,1],[24,-4],[9,-6],[7,0],[12,2],[4,2],[14,12],[2,4],[5,3],[2,0],[8,-3],[14,-1],[7,1],[18,4],[-1,-5],[-6,-1],[-8,-4],[-10,-1],[-13,-82],[-24,-39],[52,-26],[37,-54]],[[623,1770],[-4,-1]],[[619,1769],[-1,4],[-5,0],[-1,-2],[-2,-1],[-3,5],[9,5],[0,3],[2,1],[-3,8]],[[615,1792],[4,0],[-3,5],[-1,10],[-8,2],[-10,1]],[[597,1810],[-4,0],[0,6],[-4,9],[-3,4],[-1,3],[-3,4],[-7,-3],[-5,10]],[[570,1843],[17,5],[8,6],[1,8],[2,2],[2,9]],[[603,1854],[0,-2]],[[619,1769],[-13,-7]],[[606,1762],[-7,14]],[[599,1776],[1,1],[4,0],[-2,3],[0,1],[2,-1],[1,0],[-1,2],[4,2],[0,2],[4,1],[0,2],[-2,1]],[[610,1790],[1,3],[4,-1]],[[610,1790],[-2,-2],[-11,1],[-3,-2],[-6,7],[-3,-2],[-1,2]],[[584,1794],[8,7],[4,6],[1,3]],[[606,1762],[-15,-7]],[[591,1755],[-2,19],[-2,-1],[-1,1],[-3,0],[0,1]],[[583,1775],[6,1],[0,2],[3,3],[0,1],[3,0],[-1,-3],[2,-1],[0,-1],[3,-1]],[[583,1775],[-3,-2],[-1,1],[-2,7],[1,0],[-2,3],[2,3],[0,-1],[3,2],[-1,2]],[[580,1790],[4,4],[0,0]],[[580,1790],[-8,-8],[6,-7],[-4,-3],[-1,1],[-4,-2],[-8,-18]],[[561,1753],[-7,7],[2,7],[6,11],[-17,16],[4,4],[3,-3],[6,7],[-13,12],[1,2],[-2,2],[-2,-2],[-4,5]],[[538,1821],[3,0],[0,2],[9,9],[10,8],[10,3]],[[591,1755],[-21,-11],[-9,9]],[[438,1616],[-1,2]],[[437,1618],[4,2],[-3,2],[-3,-2],[-1,2],[2,7],[-1,1],[2,1],[-2,3]],[[435,1634],[3,2],[2,3]],[[440,1639],[10,-13],[1,-2],[-1,-2],[-12,-6]],[[467,1613],[-33,-15],[-10,5],[1,4],[2,1],[-1,2],[-1,-1],[-4,2],[2,7],[0,2],[0,2],[4,6],[8,6]],[[437,1618],[1,-2]],[[440,1639],[2,4]],[[442,1643],[24,-5],[-4,-10],[5,-15]],[[774,1170],[-7,0]],[[767,1170],[20,17],[-8,11]],[[779,1198],[19,17],[3,4],[36,62],[6,-8],[-26,-53],[-4,-13],[-1,1],[-5,-4],[-2,-6],[5,3],[-3,-10],[4,-7]],[[1036,979],[-32,-1],[0,3],[-16,-5],[-17,11],[-26,-8],[-3,4],[4,8],[-17,11],[-13,12],[-9,-4],[-6,54],[-23,-7],[-26,-1],[-27,-4],[-4,9],[-29,-4],[-5,9],[-96,-14],[-16,43],[10,-1],[10,-10],[9,16],[11,15],[2,5],[0,8],[3,11],[3,6],[4,3],[-10,24],[44,-2],[3,2],[1,-2],[2,0]],[[767,1170],[5,0]],[[779,1198],[-30,45],[58,24],[-19,117],[-81,37],[6,10],[-1,1],[40,28],[28,-18],[17,50],[20,0],[-12,129],[-3,4],[-31,40],[-16,-36],[-2,-1],[-31,30],[-50,27],[-19,5],[-8,-12],[-5,-20],[-19,-17],[-61,-40],[-10,20],[-3,3],[-3,6],[-2,1],[1,1],[-3,1],[-1,2],[-4,1],[0,2],[-1,1],[-3,-1],[-3,4],[-2,0],[0,1],[-4,2],[-1,3],[-4,2],[-2,-1],[-11,-9],[2,-15],[-15,-8],[-6,0],[0,4],[-18,-8]],[[442,1643],[12,19],[-12,5],[-9,2],[-14,-26],[-15,-11],[-18,-12],[-3,-4],[-4,-8],[0,-5],[7,-13],[-15,-1],[-5,-7]],[[366,1582],[-3,6],[2,93],[17,58],[59,65],[6,5],[1,-10],[2,-4],[3,-2],[6,0],[3,-2],[2,-4],[-1,-2],[1,-5],[1,-2],[13,-7],[11,1],[8,3],[9,9],[8,10],[6,11],[10,14],[4,4],[1,0],[3,-2]],[[1035,1881],[14,-24],[17,-42],[38,-42],[17,-68],[35,-73]],[[1217,310],[5,-94],[37,-135],[-103,6],[-43,-17],[-62,-22],[-47,-3],[-38,7],[-20,5],[-56,-57],[-1,3],[-5,5],[2,0],[2,-1],[2,2],[3,3],[-1,2],[-3,3],[-3,5],[-1,1],[-2,0],[-1,-2],[-2,1],[-2,2],[-1,4],[-4,2],[-2,5],[-4,4],[0,3],[3,3],[-1,3],[-5,8],[-5,3],[-1,-4],[-1,-1],[-13,3],[-3,3],[-4,9],[-5,0],[-4,-1],[-4,0],[-4,3],[-1,4],[1,8],[-1,3],[-4,7],[-1,6],[-3,2],[-7,2],[-5,1],[-1,-1],[1,-4],[-1,-2],[-4,-1],[-3,1],[-4,4],[-6,4],[-3,-2],[14,48],[-41,30],[33,49],[92,62],[-25,47]],[[851,339],[50,-15],[-41,121],[87,27],[7,38],[-49,16],[-28,-6],[9,22],[46,