{"type":"Topology","transform":{"scale":[0.0003069044702747095,0.00027878771551723613],"translate":[27.680469998000035,-27.18622000299996]},"arcs":[[[556,1170],[0,-6],[4,1],[3,-2],[1,1],[5,-2],[10,1],[4,5]],[[583,1168],[6,-4],[-4,-5],[4,-3],[9,-12],[13,-7],[20,3],[2,-9],[-1,-3],[1,0],[2,-16],[-4,-2],[1,-3],[22,-7],[18,3]],[[672,1103],[-10,-29],[7,0],[-1,-16],[127,45],[-6,11],[-2,1],[-1,2],[0,3],[2,0],[4,-2],[1,2],[1,2],[-2,1],[0,5],[1,5],[3,3],[5,1],[8,-2],[5,4],[3,6],[4,1],[1,2],[6,4],[3,4],[5,8],[-8,8],[80,-30],[1,2]],[[909,1144],[62,-28],[12,-29],[-52,-82],[0,-49],[-70,3],[-52,-169]],[[809,790],[-180,99],[-15,-154],[-67,-56],[-42,-38],[-107,37],[-65,134],[-32,125],[-73,78],[-33,76]],[[195,1091],[135,30],[175,48],[39,3],[12,-2]],[[587,1173],[-4,-5]],[[556,1170],[-1,18]],[[555,1188],[2,0],[4,-2],[2,2],[-3,4],[6,3]],[[566,1195],[7,-12],[14,-9],[0,-1]],[[1255,1026],[-9,-2],[5,29],[8,-2],[16,5]],[[1275,1056],[2,-6],[6,0],[3,-2],[0,-3],[-4,-5],[8,-2],[-17,-22],[-8,7],[-4,2],[-1,2],[-5,-1]],[[1309,1027],[-58,-26]],[[1251,1001],[4,25]],[[1275,1056],[48,11],[-8,-3],[-6,-5],[-14,-16],[9,-7],[5,-9]],[[1193,622],[73,71],[20,18],[-15,103],[-28,133],[8,54]],[[1309,1027],[15,7],[1,1],[20,9],[80,27]],[[1425,1071],[6,-7],[15,-5],[5,1],[16,9],[5,2],[10,-1],[9,-3],[7,-4],[7,0],[6,2],[11,10],[8,7],[6,1],[9,1],[8,-2],[5,-2],[17,-19],[10,-1],[6,2],[4,5],[4,5],[0,13],[-3,24],[-8,32],[-6,11],[-16,19],[-9,13],[-9,9],[-5,7],[-1,4],[2,5],[6,8],[12,5],[25,0],[13,-1],[6,-3],[3,-3],[14,-20],[4,-16],[0,-15],[3,-9],[14,-26],[2,-9],[1,-10],[-2,-22],[-4,-19],[1,-5],[5,-8],[16,-7],[8,-9],[27,-50],[6,-6],[7,-1],[13,3],[10,1],[6,-1],[6,-3],[5,-4],[4,-6],[8,-16],[7,-9],[8,-7],[7,1],[8,2],[6,4],[16,14],[8,4],[1,5],[-3,6],[-8,7],[-15,9],[-8,10],[-5,12],[-3,22],[0,10],[3,9],[13,18],[8,18],[2,2],[4,0],[9,-3],[13,-9],[14,-6],[8,-6],[5,-6],[-1,-8],[1,-4],[8,-9],[24,-24],[2,-6],[0,-4],[-3,-13],[-1,-10],[3,-10],[3,-2],[7,-1],[7,2],[4,3],[14,12],[16,13],[9,4],[4,-2],[3,-6],[-3,-17],[0,-8],[24,-48],[5,-9],[31,-33],[6,-4],[7,-1],[7,2],[9,6],[8,11],[2,7],[2,22],[4,8],[3,3],[5,3],[8,2],[11,3],[15,0],[12,-5],[3,-4],[0,-3],[-1,-6],[-2,-3],[-24,-17],[-9,-10],[-1,-2],[0,-11],[3,-9],[9,-21],[2,-3],[2,-1],[6,1],[10,5],[15,12],[44,36],[16,8],[15,2],[16,-2],[6,-2],[17,-8],[11,-1],[39,13],[15,2],[10,-3],[15,-9],[11,-9],[4,-9],[0,-6],[0,-14],[-5,-14],[2,-9],[9,-8],[6,-7],[8,-17],[3,-10],[7,-13],[8,-11],[6,-13],[7,-6],[12,-12],[13,-24],[6,-10],[7,-5],[1,-3],[-9,-16],[-11,-9],[-12,-10],[-12,-13],[-5,-8],[-2,-6],[-99,-36],[3,-8],[-99,-21],[1,-3],[6,-6],[1,-12],[-1,-7],[-2,-5],[-5,-6],[-2,-7],[4,-12],[-99,17],[-26,3],[-9,-4],[-61,-57],[-5,-15],[-1,-17],[10,-40],[6,-12],[31,-11],[19,-13],[2,-4],[1,-12],[8,-9],[0,-5],[-5,-13],[-6,-9],[-6,-7],[-16,-10],[-10,-2],[-5,-4],[-8,-21],[-3,-4],[-7,-3],[-11,1],[-4,-3],[-1,-3],[-4,-3],[-3,-9],[0,-9],[2,-6],[1,-7],[-10,-8],[-2,-10],[-8,-6],[0,-9],[3,-4],[-4,-1],[-9,3],[-2,-1],[-7,-13],[0,-6],[-7,-6],[-3,-6],[-4,-2],[0,-3],[-2,-5],[0,-2],[4,-1],[0,-6],[2,0],[5,2],[1,-1],[1,-2],[0,-2],[-2,-2],[-6,-2],[-3,-3],[1,-2],[6,-1],[1,-4],[-1,-1],[-2,3],[-3,0],[-1,0],[-1,-2],[-2,-1],[-2,4],[-2,0],[-5,-12],[2,-7],[-1,-3],[-3,-1],[-5,1],[-2,-3],[-2,-5],[-2,-1],[0,-4],[5,-4],[6,3],[3,0],[-1,-3],[-3,-3],[0,-4],[0,-2],[4,-2],[0,-4],[-3,-1],[-4,2],[-4,0],[0,-6],[5,-7],[-4,-6],[-2,1],[-3,5],[-2,-3],[-3,-6],[5,-5],[0,-1],[-6,-3],[-7,0],[-1,-1],[3,-9],[2,-1],[4,0],[0,-4],[4,-5],[2,-1],[3,0],[1,-1],[-1,-2],[-4,-1],[-6,-6],[0,-2],[2,-5],[-1,-7],[-17,7],[-62,0],[-3,-4],[-44,24],[-84,39],[-19,10],[-32,5],[-72,70],[-115,22],[-25,85],[-13,26],[-35,75],[-87,-40],[0,5],[0,3],[-1,1],[-3,0],[-3,6],[0,2],[1,1],[4,-1],[-1,3],[2,2],[-2,1],[-1,5],[-3,3],[4,1],[0,3],[-3,2],[4,3],[-4,5],[-7,3],[-2,3],[2,4],[-1,1],[-3,-1],[-1,2],[0,2],[-2,1],[4,3],[2,4],[-2,4],[2,3],[-2,3],[-1,2],[4,7],[-4,2],[-2,2],[-1,4],[-2,2],[1,3],[4,4],[1,3],[-3,1],[-2,-3],[-3,-1],[-2,1],[1,6],[-2,2],[-2,-2],[2,8],[-3,0],[-2,2],[-1,6],[-2,6],[-2,0],[0,-5],[-2,0],[-2,2],[1,3],[-1,0],[-2,-1],[1,-4],[-2,0],[-1,8],[-4,6],[3,8],[-3,2],[1,2],[-3,1],[0,1],[2,1],[2,-2],[2,1],[-1,2],[0,4],[2,3],[2,1],[0,4],[2,2],[3,-1],[3,3],[-1,2],[-3,0],[0,3],[3,2],[0,3],[-4,-1],[-6,2],[1,5],[-2,3],[-1,5],[-2,-4],[-4,-1],[-2,1],[0,3],[2,3],[3,1],[0,3],[3,0],[0,2],[-4,0],[0,6],[-1,4],[0,4],[-5,6],[-3,2],[1,5],[0,2],[-4,1],[-6,-2],[-3,5],[1,2],[-1,5],[-6,3],[-3,5],[0,3],[-4,5],[0,3],[2,0],[1,-4],[3,7],[-3,1],[-2,4],[1,13],[-2,0],[-2,-1],[2,-2],[-1,-3],[-4,0],[-2,1],[-4,-1],[-1,1],[0,3],[3,1],[1,4],[0,1],[-4,-1],[1,4],[-1,4],[-4,7]],[[655,1186],[-16,3],[-11,3],[-4,-12],[-18,13]],[[606,1193],[16,22],[4,-3],[5,4],[2,3],[2,8],[-4,7],[5,8]],[[636,1242],[23,-11]],[[659,1231],[-2,-5],[-1,1],[-3,-8],[1,-7],[1,-1],[2,-3],[-2,-22]],[[606,1193],[-3,1],[-16,-22],[0,1]],[[566,1195],[4,3],[16,-5],[5,8]],[[591,1201],[3,-1],[16,24],[-12,18],[-7,4]],[[591,1246],[-9,3],[-12,8],[-3,1],[-12,-5]],[[555,1253],[-2,0],[-1,6],[1,1],[-7,-1],[-17,2]],[[529,1261],[-21,37]],[[508,1298],[-5,11],[26,14]],[[529,1323],[1,0],[-6,12],[1,0],[-4,7],[11,2],[2,-2],[0,3],[11,21],[9,38],[24,-5],[0,-2],[61,-32],[7,-9],[7,-12],[2,-9],[1,-24],[28,-16],[-42,-44],[-6,-9]],[[591,1201],[-7,6],[-2,0],[0,11],[-1,1],[3,2],[-2,3],[-4,2],[-1,-1],[-1,1],[-1,-2],[-7,5]],[[568,1229],[2,3],[3,-1],[3,5],[3,-1],[3,3],[2,0],[3,1],[4,7]],[[568,1229],[-8,5]],[[560,1234],[-4,3]],[[556,1237],[-1,16]],[[555,1188],[-2,25]],[[553,1213],[0,1],[-7,5],[1,2],[-2,1],[3,2],[-2,6],[2,0],[0,1],[7,-4],[5,7]],[[553,1213],[-57,-12],[-10,9],[35,11],[-5,12],[1,5]],[[517,1238],[14,15],[8,-16],[17,0]],[[517,1238],[0,10],[3,5],[7,5],[2,3]],[[655,1186],[23,-2]],[[678,1184],[-6,-81]],[[507,1437],[-40,0],[-57,-40],[7,-9],[15,-19]],[[432,1369],[-4,-5],[-8,-19],[-1,-12],[2,-10],[-3,-10],[2,-6],[17,-15]],[[437,1292],[4,0]],[[441,1292],[4,-1],[-5,-5],[1,0],[-4,-3],[4,-11],[3,-4],[4,3],[6,7],[13,5],[16,3],[25,12]],[[195,1091],[-27,44],[-70,99],[-98,47],[44,72],[26,151],[19,1],[14,8],[13,2],[1,8],[11,0],[14,5],[8,-1],[16,-6],[12,-9],[10,-13],[6,-1],[6,-7],[15,-33],[3,-9],[-1,-7],[1,-4],[5,-7],[18,-13],[17,-22],[20,-7],[13,-1],[3,1],[4,7],[2,11],[-2,8],[-13,19],[-3,13],[0,8],[5,19],[0,18],[-2,10],[1,8],[3,9],[2,10],[2,3],[27,19],[4,5],[8,6],[26,4],[13,-1],[20,0],[21,-4],[9,0],[39,5],[17,-2],[8,-3],[4,0],[11,1],[14,5],[25,11],[12,2],[8,0],[14,-4],[8,-1]],[[581,1575],[0,-23],[-8,-78],[-23,2],[-2,-18],[-10,-1],[-1,-9],[7,1],[0,-3],[-1,0],[0,-3],[3,0],[1,-5],[-40,-1]],[[439,1320],[-6,-1],[-2,-7],[2,-7],[9,1],[3,-3],[1,-2],[-7,-7],[0,-1],[-1,-1],[0,0]],[[438,1292],[-1,0]],[[432,1369],[11,1],[9,-11],[-7,-5],[-7,-19],[-1,0],[2,-15]],[[507,1437],[1,-1]],[[508,1436],[1,-2]],[[509,1434],[9,-11],[8,1],[5,-24],[-33,-17],[0,-4],[16,-29]],[[514,1350],[-15,-9],[-4,7],[-2,4],[-4,4],[-5,2],[-4,-10],[-9,1],[1,-8],[-1,-3],[1,-1],[1,-3],[-1,-4],[-9,3],[-9,5],[-1,-2],[-1,-14],[-13,-2]],[[514,1350],[7,-13]],[[521,1337],[8,-14]],[[441,1292],[-3,0]],[[682,1221],[-3,-1],[-20,11]],[[529,1323],[-8,14]],[[509,1434],[-1,2]],[[581,1575],[24,3],[15,-5],[6,0],[18,3],[6,2],[6,4],[4,4],[1,3],[2,24],[2,8],[7,10],[6,7],[14,13],[7,19]],[[699,1670],[12,-5],[12,-7],[38,-33],[10,-3],[3,-5],[0,-6],[6,-14],[4,0],[5,-1],[58,-63],[90,-70],[-90,-55],[-70,-55],[-45,-39],[-47,-90],[-3,-3]],[[1149,1404],[-168,-163],[9,-9],[5,-9]],[[995,1223],[-6,-5]],[[989,1218],[-80,-74]],[[678,1184],[2,32],[2,5]],[[699,1670],[2,6],[0,4],[-4,4],[-3,2],[-3,2],[-3,6],[4,9],[6,5],[8,3],[14,3],[13,6],[12,3],[14,-2],[21,4],[10,1],[9,5],[7,7],[6,7],[18,25],[1,6],[1,12],[6,17],[4,12],[7,13],[5,5],[13,6],[21,5],[35,1],[7,3],[10,6],[13,-1],[6,-3],[7,-5],[4,-5],[10,-15],[5,-12],[4,-3],[9,-6],[17,-19],[15,-15],[10,-14],[2,-11],[0,-24],[-9,-26],[-9,-20],[-8,-25],[-1,-7],[3,-25],[9,-15],[7,-14],[9,-11],[4,-9],[1,-12],[1,-6],[10,-20],[4,-15],[1,-9],[-1,-8],[1,-4],[3,-4],[10,-6],[20,-8],[10,-5],[7,-7],[7,-8],[3,-2],[7,1],[3,-3],[-1,-8],[-5,-6],[-18,-11],[-13,-3],[-5,-4],[-4,-6],[0,-7],[2,-4],[4,-2],[13,-3],[20,-1],[10,3],[12,1]],[[1193,622],[-55,-42],[-17,-50],[-94,-20],[-72,6],[-59,120],[-50,21],[-37,133]],[[989,1218],[6,5]],