{"type":"Topology","transform":{"scale":[0.0003301682313495509,0.0003211607610490455],"translate":[28.227359999000043,-27.611430003999942]},"arcs":[[[1358,95],[56,110],[-137,87],[172,64],[-10,16],[-5,10],[0,7],[3,3],[2,0],[8,-2],[3,2],[3,13],[4,10],[8,10],[12,11],[1,3],[0,7],[0,2],[-3,3],[-8,3],[-4,0],[-8,6],[-7,14],[-2,6],[-2,8],[-2,3],[-8,1],[-3,2],[-4,4],[-2,8],[-1,11],[2,16],[0,3],[-8,10]],[[1418,546],[179,61],[-61,56],[134,65],[42,15],[-19,59],[-13,47],[-23,71],[-8,65],[113,30],[-38,82],[65,-6],[-12,47],[-4,12],[-53,-2],[-4,25],[-17,-7],[-78,98],[-108,85],[6,39],[-101,17],[0,0],[-19,3],[-5,3],[-9,11],[-7,-6],[-7,-8],[-4,-2],[-51,-18],[40,-109],[19,-57],[22,-78],[6,-56],[-85,36],[-1,27],[-118,-14],[-26,66],[-58,-10],[1,115],[-42,-1],[-22,61],[-12,1],[1,12],[28,95],[9,21],[62,100],[7,4],[10,11],[52,55],[1,3],[-1,5],[-3,3],[-7,4],[-2,6]],[[1197,1688],[63,-9],[-35,154]],[[1225,1833],[-4,17],[14,2]],[[1235,1852],[13,-10],[6,-3],[4,-1],[5,3],[9,11],[5,18],[6,4],[2,3],[9,25],[4,6],[0,4],[-3,4],[-7,5],[-14,5],[-8,2],[-25,2],[-8,2],[-4,0],[-17,-6],[-13,-7],[-7,-4],[-9,-11],[-2,-1],[-6,2],[-17,18],[-5,1],[-7,-3],[-2,2],[0,2],[4,8],[11,11],[19,32],[6,7],[10,18],[6,4],[12,5],[21,12],[4,8],[0,10],[3,4],[20,2],[2,1],[3,4],[2,0],[4,-1],[13,-15],[10,-7],[7,-2],[10,1],[4,-1],[8,-5],[8,-8],[18,-11],[21,-16],[11,-5],[9,-2],[10,0],[12,1],[16,-1],[3,1],[5,2],[6,6],[4,5],[2,4],[2,4],[5,1],[10,-2],[8,-8],[1,-2],[2,-15],[3,-6],[16,-11],[7,-2],[6,-4],[5,-7],[5,-10],[8,-17],[6,-9],[6,-7],[4,-3],[2,-2],[13,-2],[3,-2],[4,0],[6,3],[15,9],[5,5],[9,2],[5,-1],[8,-4],[13,-9],[12,-4],[3,0],[3,1],[3,0],[11,-8],[3,-4],[4,-7],[-2,-9],[-8,-17],[1,-5],[5,-3],[10,-1],[6,-4],[17,-7],[18,-5],[7,-5],[0,-5],[1,-1],[4,0],[5,8],[7,17],[5,11],[1,5],[-4,6],[1,4],[5,3],[6,0],[4,-3],[5,-8],[6,-13],[6,-44],[-1,-10],[-2,-2],[0,-4],[4,-8],[6,-5],[5,1],[18,11],[13,6],[3,-1],[16,-11],[7,-3],[8,-1],[5,1],[8,4],[7,4],[20,24],[4,10],[1,3],[11,4],[3,3],[4,0],[9,-10],[11,-7],[10,-3],[4,0],[2,-1],[10,-19],[7,-22],[8,-14],[5,-18],[4,-4],[11,-3],[4,-1],[8,-5],[4,1],[4,3],[9,9],[6,4],[13,18],[-4,8],[-7,5],[-2,4],[1,11],[8,14],[-1,5],[0,5],[-3,6],[-3,4],[-9,5],[-7,1],[-10,1],[-6,1],[-3,3],[1,4],[9,10],[7,11],[3,3],[1,3],[4,4],[3,0],[9,-8],[20,-12],[10,-1],[5,1],[6,4],[5,2],[9,9],[4,5],[10,7],[10,-1],[5,-2],[4,-3],[7,-5],[17,-2],[20,0],[25,9],[7,2],[8,0],[2,3],[7,15],[8,11],[3,5],[2,6],[13,13],[2,3],[0,5],[3,2],[11,-1],[8,-2],[11,-10],[19,-9],[11,-4],[18,-10],[22,-6],[28,-4],[16,-11],[-41,-127],[-15,-90],[20,-93],[7,-1],[-23,-115],[23,-63],[-10,0],[5,-41],[-20,-7],[-56,-75],[10,-28],[37,-7],[-38,-56],[74,-41],[-10,-14],[-1,-24],[-70,16],[-2,6],[-35,-10],[-9,-15],[8,-56],[-30,-15],[-10,0],[-50,-9],[-62,-181],[21,-106],[11,-70],[-7,-17],[-7,-38],[-30,21],[-38,18],[-27,0],[-32,-112],[-40,27],[-10,-37],[-103,-18],[16,-85],[-55,45],[-96,9],[-44,-67],[1,1],[1,-59],[3,-3],[3,-87],[-8,-7],[-52,3],[-25,-3],[0,-1],[-1,-4],[-4,-7],[-2,-9],[-8,-4],[-5,-5],[-4,-6],[-1,-10],[3,-3],[7,0],[4,-4],[2,-4],[1,-5],[2,-25],[5,-6],[-5,-28],[0,-13],[-1,-5],[-4,-7],[-2,-8],[4,-8],[-1,-4],[-7,-4],[-3,-5],[-6,-5],[-4,-6],[1,-4],[1,-3],[10,-8],[8,0],[2,-2],[-206,26],[2,30]],[[891,1118],[2,3]],[[893,1121],[11,-5],[1,0],[2,-2],[-4,-13],[-1,-5],[-12,-26]],[[890,1070],[-2,1]],[[888,1071],[-12,19],[-4,2],[-6,5],[4,8],[-1,1],[-1,0],[0,2]],[[868,1108],[0,4],[3,3],[-2,2],[-4,-4],[1,-1],[-1,0],[-2,2],[1,1],[-1,2],[1,4],[-2,1],[1,6],[0,1],[-2,-1],[-1,0]],[[860,1128],[14,12],[17,-22]],[[1225,1833],[-9,-2],[-5,1],[-1,-3],[-4,1],[-7,-1],[-2,10],[-22,-3]],[[1175,1836],[1,3],[5,6],[4,0],[1,-1],[6,1],[-1,7],[4,0],[-2,8],[4,1],[0,1],[2,1],[0,2],[8,5]],[[1207,1870],[9,-5],[4,-1],[15,-12]],[[1175,1836],[0,-3],[-2,-4],[-10,-6],[12,-9],[5,-9],[1,-4],[6,-4],[1,-2],[9,-107]],[[1418,546],[-12,14],[-5,14],[-1,6],[3,15],[0,8],[-14,8],[-17,13],[-1,3],[-1,7],[-4,8],[-2,14],[-4,7],[-4,1],[-4,0],[-9,-3],[-3,-5],[-6,-3],[-8,-3],[-2,-2],[-1,-9],[-4,-10],[-3,-3],[-5,1],[-10,9],[-23,11],[-7,10],[-5,4],[-102,-36],[13,33],[-5,1],[-20,0],[0,-5],[-60,-31],[1,-1],[-42,-10],[-46,-10],[0,6],[-70,-12],[-33,7],[-2,9],[2,4],[7,9],[-1,2],[-2,2],[0,2],[1,10],[0,5],[3,8],[2,4],[1,7],[-2,2],[-1,4],[-1,12],[3,16],[-2,2],[-8,4],[0,4],[4,3],[-2,4],[0,7],[2,4],[-2,3],[-3,2],[-4,-1],[-2,-11],[-6,2],[-1,2],[5,9],[0,6],[4,2],[3,4],[0,6],[-3,5],[-1,1],[-3,1],[-4,-3],[-2,1],[-1,3],[1,15],[-3,4],[0,6],[1,3],[9,3],[1,3],[-2,8],[-8,6],[-8,1],[0,3]],[[877,811],[3,10],[1,5],[9,21],[1,1],[5,2],[7,13],[-1,2],[-4,0],[-7,3],[-5,5],[-3,0],[-7,-1],[-2,2],[1,3],[2,2],[1,0],[18,-5],[5,0],[6,3],[3,3],[0,2],[-2,1],[-24,8],[-3,3],[1,2]],[[882,896],[5,-2],[4,1],[8,8],[10,14],[0,6],[2,4],[1,2],[8,3],[5,6],[3,1],[7,-1],[9,1],[11,11],[1,2],[-2,5],[-2,1],[-16,2],[-5,2],[-13,0],[-2,1],[-2,4],[2,4],[10,3],[5,-1],[2,1],[5,5],[6,13],[5,2],[6,2],[5,-3],[1,1],[2,3],[0,4],[-18,13],[-8,11],[-6,15],[1,22],[1,5],[4,7],[11,7],[8,7],[2,6],[-1,3],[0,2],[2,3],[7,4],[7,-1],[2,51],[-43,40],[-18,-30],[-12,-25],[-2,-7]],[[900,1134],[-9,-16]],[[860,1128],[-2,-2],[-12,18],[-13,2],[-5,-22],[-17,-7],[-21,-4],[-14,1],[-36,8],[-30,29],[-36,-44],[-4,-2],[-2,5],[-23,4],[-7,-1],[-18,6],[-5,5],[0,4],[4,11],[8,12],[2,8],[6,9],[2,5],[-3,3],[-2,1],[-10,-7],[-9,-11],[-6,-1],[-8,0],[-10,9],[-4,4],[-1,10],[1,6],[0,1],[-2,3],[-12,4],[-4,3],[-2,3],[-4,12],[2,8],[5,5],[7,0],[17,6],[9,2],[15,-2],[10,0],[5,1],[6,4],[2,6],[8,11],[2,5],[-1,3],[-9,27],[-3,7],[-11,10],[-7,3],[-5,-5],[-26,-14],[-1,-2],[1,-10],[0,-5],[-2,-8],[-4,-6],[-2,-1],[-5,-1],[-8,1],[-11,9],[-7,5],[-4,0],[-10,-1],[-3,-3],[-11,-18],[0,-7],[-3,-4],[-7,-8],[-16,-14],[-5,-2],[-4,0],[-23,4],[-10,-3],[-6,0],[-2,2],[1,8],[-3,26],[-4,14],[1,14],[2,1],[19,5],[2,1],[7,5],[4,5],[1,2],[1,6],[3,3],[18,10],[21,19],[5,0],[10,-7],[4,-1],[5,2],[20,16],[8,17],[3,10],[-9,19],[-17,24],[-13,14],[-6,4],[-7,1],[-11,-9],[-2,-2],[-10,6],[-8,10],[-5,16],[0,8],[3,10],[12,6],[2,2],[1,4],[-1,1],[-2,17],[-6,-1],[-7,-16],[-2,-1],[-7,-1],[-1,-4],[1,-8],[-2,-2],[-2,-1],[-3,2],[-6,2],[-6,0],[-4,-2],[-5,-15],[-2,-1],[-9,-2],[-3,-5],[-3,-2],[-4,-1],[-3,2],[-5,4],[-4,15],[0,10],[0,5],[-8,26],[1,3],[-1,7],[2,5],[-1,2],[5,3],[1,10],[6,3],[1,5],[3,2],[2,3],[10,5],[4,3],[8,-1],[12,-6],[0,-2],[-1,-4],[1,-2],[1,-3],[2,-1],[15,6],[14,3],[3,1],[4,6],[3,6],[1,6],[-2,5],[-2,3],[-6,3],[-1,4],[-4,5],[-2,1],[-4,-1],[-1,1],[0,6],[-1,1],[-15,10],[-2,2],[-4,1],[-10,0],[-4,6],[-5,2],[-1,6],[2,2],[-2,2],[-7,2],[-4,-1],[-5,6],[-7,2],[-5,3],[-1,-2],[2,-5],[-3,-6],[-8,-2],[-2,0],[0,2],[9,3],[0,3],[-3,6],[-3,1],[-4,-1],[0,3],[-4,6],[0,5],[3,4],[5,4],[11,1],[4,3],[2,3],[0,3],[-4,6],[-4,-1],[-11,-6],[-13,-3],[-10,1],[-6,3],[-5,-2],[-24,1],[-3,1],[-4,4],[-2,1],[-4,2],[21,6],[9,7],[23,24],[6,13],[2,1],[13,-1],[4,2],[2,3],[3,13],[-1,10],[3,10],[-1,8],[-2,3],[-4,2],[-3,0],[-4,-4],[-7,-10],[-4,-2],[-2,1],[-2,3],[-2,9]],[[384,1776],[-4,10],[2,6],[5,5],[2,4],[0,6],[-1,11],[-5,5],[0,3],[91,18],[-2,7],[91,31],[0,-2],[3,-6],[4,-5],[6,-5],[5,-1],[5,3],[8,7],[9,5],[11,4],[3,2],[11,12],[9,15],[11,12],[2,5],[5,6],[12,16],[9,9],[3,4],[1,4],[-1,3],[-14,12],[-13,12],[-18,12],[-2,4],[1,3],[4,3],[17,11],[3,1],[3,-1],[8,-7],[9,-3],[6,-3],[8,-9],[5,-2],[13,-13],[1,-3],[-1,-13],[5,-7],[4,-10],[3,-1],[3,0],[15,7],[3,2],[1,3],[-7,13],[-1,8],[6,12],[12,17],[0,6],[0,3],[-3,2],[-11,4],[-2,3],[-1,3],[3,6],[5,4],[7,9],[2,1],[6,0],[3,-5],[10,-24],[4,-24],[7,-12],[8,-7],[12,-7],[24,-7],[13,-11],[5,-7],[8,-7],[2,-2],[4,-13],[0,-7],[-16,-23],[-2,-1],[-2,-5],[-4,-10],[2,-8],[15,-5],[8,-7],[6,-3],[14,-4],[15,-9],[8,0],[6,-3],[4,-4],[3,-7],[1,-15],[2,-3],[10,-8],[7,-7],[6,-5],[4,-1],[4,0],[6,-2],[20,-21],[1,-5],[-1,-6],[-12,-25],[-2,-2],[-24,-6],[-2,-2],[-11,-21],[0,-8],[1,-2],[2,-2],[3,-1],[10,2],[16,7],[16,3],[12,4],[5,3],[9,14],[4,2],[4,5],[2,10],[1,10],[-5,21],[3,3],[5,4],[6,3],[10,6],[6,3],[5,-1],[10,-9],[7,-3],[6,0],[5,0],[10,4],[5,4],[19,33],[6,7],[5,2],[24,4],[5,2],[8,0],[6,1],[1,6],[-1,8],[-3,15],[-1,8],[2,2],[5,1],[11,-1],[20,-4],[6,-2],[11,-2]],[[882,896],[-1,4],[-3,5],[-15,12],[-10,4],[-7,1],[-7,3],[-4,4],[0,6],[1,3],[-1,12],[-3,7],[-14,12],[-5,2],[-2,1],[-3,5],[-7,