{"type":"Topology","transform":{"scale":[0.0008396191302037258,0.000482483550986819],"translate":[24.634190001000036,-33.83690000099995]},"arcs":[[[1019,914],[-3,-4],[-1,-5],[2,-6],[2,-5],[0,-2],[-2,-2],[-2,-1],[-3,-1],[0,-2],[-10,4],[3,32],[14,3],[0,-11]],[[1044,836],[-2,3],[-3,0],[-8,-13],[-3,-2],[-3,1],[-2,2],[-4,16],[-4,7],[-10,14],[-4,3],[-3,1],[-4,-2],[-7,-8],[-4,-1],[-6,1],[-8,-1],[-2,-1],[-2,-7],[-1,-2],[-2,0],[-1,4],[0,11],[4,24],[1,-1],[0,2],[2,17],[-22,5],[3,36],[14,-3],[-1,2],[0,1],[0,1],[0,3],[0,1],[-1,2],[-4,1],[-1,2],[0,4],[3,15],[-3,3],[-3,0],[-4,3],[-5,0],[-1,1],[-2,3],[-2,1],[63,16],[11,1],[8,83]],[[1021,1085],[28,-19],[18,-74],[-19,-20],[19,-50],[-11,-28],[-15,-52],[3,-6]],[[1389,595],[19,9],[26,2],[0,-23],[-5,-9],[-22,-16],[-1,-57],[73,-2],[42,19],[42,-8],[63,14],[7,22],[-5,11],[26,8],[23,18],[54,-21],[1,-19],[66,-28],[-2,-6],[9,-10],[12,-31],[10,-7],[11,-2],[10,2],[9,-3],[13,-23],[16,-7],[9,7],[13,5],[16,2],[15,2],[9,0],[12,2],[5,-3],[12,0],[15,-6],[7,-7],[12,-18],[10,-7],[13,-3],[1,1]],[[2035,403],[3,-3],[5,2],[7,-2],[5,1],[-16,-86],[5,2],[-3,-12],[48,-36],[59,14],[3,1],[0,2],[25,-13],[-2,-21],[5,-34],[0,-25],[2,-1],[-1,-21],[-2,0],[0,-5],[33,6],[22,4],[23,3],[2,-7],[-5,-2],[-4,-3],[-1,0],[-2,-2],[-2,-2],[-9,-2],[-14,-10],[-1,-2],[-1,-1],[-4,-1],[-1,2],[-5,0],[-5,-1],[-3,-2],[-5,-5],[-1,-2],[-3,-1],[-2,-1],[-1,0],[-2,-2],[0,1],[-1,-2],[0,1],[-1,-1],[0,-2],[-3,1],[-1,0],[-2,1],[-1,0],[-1,1],[-1,0],[-1,1],[-5,0],[-3,1],[-2,1],[-1,-1],[-2,1],[-1,0],[-2,1],[-1,0],[-3,1],[0,0],[-1,1],[-3,1],[-1,1],[-2,0],[0,2],[-6,3],[-10,3],[-12,3],[-4,0],[-6,2],[-3,0],[-5,1],[-3,0],[-19,4],[-10,0],[-24,-4],[-5,-2],[-2,-3],[-1,0],[-1,-1],[-4,-1],[0,-1],[-6,-1],[-1,-1],[-2,0],[-1,-1],[-7,-2],[-6,-1],[0,1],[-4,0],[-3,2],[-5,1],[-1,1],[-7,2],[-8,1],[-3,1],[-1,1],[-1,-1],[-2,1],[-1,0],[-1,1],[-3,2],[-2,0],[-2,2],[0,0],[-3,3],[-1,1],[-1,2],[-1,-1],[-1,1],[-1,1],[0,1],[-1,1],[-2,0],[-2,3],[-8,5],[-9,7],[-6,3],[-6,4],[-17,9],[-13,9],[-4,1],[-4,4],[-6,2],[-9,5],[-1,1],[-3,1],[-16,8],[-3,1],[-3,1],[-7,3],[-3,2],[-2,0],[-2,2],[-8,2],[-15,8],[-21,7],[-11,2],[-15,5],[-14,3],[-26,5],[-18,1],[-11,1],[-17,1],[-29,0],[-24,-3],[-9,0],[-8,-2],[-30,-2],[-9,-2],[-14,-1],[-39,-7],[-38,-10],[-7,-3],[-3,-1],[-12,-4],[-2,0],[-2,-1],[-2,0],[23,48],[-8,32],[-4,4],[-10,34],[-69,-37],[1,-23],[-7,1],[-4,1],[-4,3],[-5,5],[-7,12],[-1,7],[-1,3],[-12,17],[-16,19],[-4,4],[-3,4],[-1,5],[-1,4],[2,18],[0,12],[-1,6],[-1,4],[-1,8],[-1,5],[-5,5],[-7,3],[-15,2],[-3,2],[-3,3],[-1,0],[-1,0],[-2,-3],[-4,-12],[-2,5],[-10,22],[0,3],[3,6],[0,2],[-7,17],[-11,-10],[-4,-24],[8,-1],[-4,-9],[6,-5],[-3,-4],[0,1],[-2,-4],[-12,18],[-1,3],[-1,8],[-5,-2],[-2,0],[-14,4]],[[1210,463],[-2,3],[-3,8],[0,3],[0,5],[-1,6],[1,7],[3,7],[2,0],[3,-1],[4,1],[6,7],[3,0],[1,0],[4,5],[5,-2],[2,3],[1,11],[-2,10],[-1,3],[-4,3],[-4,10],[0,2],[2,6],[5,8],[2,5],[4,2],[3,4],[0,4],[2,4],[2,2],[1,0],[1,1],[0,2],[0,3],[-2,4],[-1,5],[-1,1],[-1,2],[0,3],[0,0],[5,21],[4,-6],[4,1],[1,13],[17,-12],[11,-5],[12,3]],[[1299,625],[1,-2],[-5,-6],[-12,1],[-1,2],[-2,0],[-5,-9],[1,-2],[-1,-3],[2,-3],[1,-1],[2,1],[2,0],[4,2],[16,14],[5,-10],[11,11],[31,26],[12,-59],[12,-1],[16,9]],[[1671,857],[6,-2],[7,-5],[13,-5],[1,-1],[1,-4],[1,-1],[0,-1],[-2,-3],[-1,-4],[-7,-7],[-1,-2],[-4,-5],[-1,-2],[0,-1],[5,-3],[-3,-13],[4,-2],[-1,-15],[2,0],[1,5],[-4,-36],[1,0],[4,-1],[1,-2],[1,-1],[3,1],[6,-3],[-4,-3],[1,-3],[26,11],[8,-24],[4,3],[-1,5],[2,-2],[34,10],[10,-5],[-3,-13],[-3,0],[1,-4],[-3,-7],[0,-1],[1,0],[-1,-3],[-1,0],[-18,-82],[-1,-3],[-1,-7],[2,-3],[9,-3],[3,1],[3,1],[1,3],[2,7],[2,1],[3,-2],[1,1],[0,1],[3,2],[0,3],[2,3],[1,1],[1,0],[0,-1],[1,0],[1,1],[2,0],[0,1],[25,4],[8,34],[55,-29],[1,7],[21,-12],[1,2],[-15,14],[13,9],[18,30],[15,-19],[7,-17],[2,1],[2,1],[3,-1],[5,0],[33,3],[0,2],[33,-21],[14,-21],[38,-36],[-5,-9],[14,-6],[-5,-61],[-1,-22],[-31,-5],[-1,2],[-6,-13],[10,-2],[-24,-46],[2,-1],[2,0],[2,-3],[3,-3],[0,-4],[2,-3],[2,-5]],[[1389,595],[-4,20],[35,21],[-11,51],[29,17],[-24,71],[14,6],[-8,59],[11,2],[24,11],[-3,21],[24,7],[13,3],[39,4],[46,-7],[-2,-14],[-2,-43],[5,-3],[8,-1],[0,2],[12,-4],[1,2],[5,-2],[0,-5],[8,2],[2,14],[23,-7],[4,5],[1,23],[10,-1],[0,3],[14,-11],[8,16]],[[1289,645],[-1,1],[0,-1],[-3,-1],[0,3],[-3,-1],[0,2],[-3,-2],[-2,1],[-1,1],[2,5],[0,3],[0,0],[-3,-1],[-1,0],[-2,7],[-1,3],[1,8]],[[1272,673],[0,-2],[9,-8],[8,-16],[0,-2]],[[1289,645],[-2,-13],[11,-5],[1,-2]],[[1210,463],[-27,10],[5,35]],[[1188,508],[5,29],[-20,32],[-4,10],[-13,29],[25,19],[14,-5],[2,9],[-7,1],[-3,4],[5,6],[3,0],[4,-1],[2,-2],[7,7],[3,7],[-8,3],[4,6],[-4,1],[-3,2],[-6,1],[-1,0],[-2,-2],[-4,-1],[-7,2],[-4,8],[-3,5],[-2,7],[-6,2],[-1,1],[0,3],[0,7],[-1,6],[0,2],[-1,2],[0,6],[-1,3],[0,2],[0,10],[2,3],[0,-1],[19,18],[-3,7],[35,14],[23,4],[15,13],[29,22],[12,-42],[-2,-15],[-1,-16],[1,-13],[0,-2],[-4,-6],[-4,-7],[-2,-2],[-9,-3],[-2,-3],[-2,-12],[1,-9],[1,-5],[2,-1]],[[1049,1167],[-28,-82]],[[1044,836],[2,-2],[-17,-91],[18,-43],[-38,-15],[-7,6],[-1,4],[-2,5],[-4,2],[-2,1],[-3,-1],[-6,2],[-7,1],[-14,-1],[-6,-1],[-14,-4],[-10,-6],[-8,-4],[-9,-7],[-3,-1],[-4,0],[-2,1],[-4,8],[-2,1],[-2,3],[-5,1],[-16,12],[-5,2],[-16,4],[-1,-21],[-24,-46],[32,-46],[-2,-19]],[[862,581],[-14,-1],[-8,-34],[-22,-100],[22,-15],[-4,-16],[-33,-2],[15,-23],[32,-46],[-21,-38],[24,-26],[0,-28],[-16,12],[-12,-34],[-17,13],[-6,6],[-15,6],[9,4],[-1,14],[0,5],[-41,11],[10,18],[-32,12],[-1,-8],[-4,-5],[-6,-4],[3,-7],[3,5],[6,1],[4,0],[10,-10],[3,-10],[3,4],[2,-14],[18,-11],[10,-23],[12,-8],[-20,-56],[24,-18],[-6,-18],[-32,-5],[-6,-13],[-8,-47],[-31,-72],[-38,32],[-26,6],[-35,22],[-47,21],[-30,0],[-7,23],[-34,23],[-20,21],[-3,22],[-9,9],[-1,3],[-22,19],[-15,11],[-22,38],[-40,34],[-40,22],[-21,31],[-28,14],[-45,52],[0,28],[-85,26],[-35,11],[2,-19],[-52,16],[-22,9],[-41,24],[14,54],[32,-2],[23,66],[10,39],[2,13],[54,-19],[17,-7],[7,-4],[8,-4],[36,-15],[5,65],[-13,49],[23,92],[19,37],[10,25],[2,54],[0,2],[8,8],[-12,54],[20,87],[18,73],[11,-6],[-1,42],[94,-27],[15,-1],[7,30],[62,-32],[24,-6],[101,-42],[-3,93],[25,-4],[30,1],[4,-23],[40,13],[32,-4],[61,-4],[27,1],[95,-22],[34,-16],[32,-11],[76,20]],[[1188,508],[-88,-9],[-5,-19],[3,-47],[-74,34],[16,83],[-83,38],[-14,-12],[-26,-6],[-15,1],[-40,10]],[[1049,1167],[111,-15],[30,-54],[20,12],[57,33],[107,2],[2,0],[51,-15],[0,-1],[4,-2],[7,-7],[-2,-7],[9,-5],[2,5],[1,11],[32,-10],[40,-20],[5,-4],[16,-5],[0,2],[49,-6],[22,18],[35,-36],[25,-8],[1,-10],[14,-6],[15,5],[-19,-100],[-13,-28],[7,-16],[-3,-3],[-2,-13],[2,-4],[2,-4],[2,-6],[-1,-3],[-4,-4],[-3,-2],[0,-3],[1,-1]]],"objects":{"6":{"type":"GeometryCollection","geometries":[{"arcs":[[0]],"type":"Polygon","properties":{"WARD":"21006001","PROVINCE":"Eastern Cape","CAT_B":"EC106","MUNICNAME":"Sundays River Valley Local Municipality","WARDNO":1,"VOTERS":3489,"Area":2.0902946867,"Shape_Leng":0.062192711057,"Shape_Area":0.000202586694463,"ID":580,"POPULATION":6008,"DENSITY":2874.235885603756}},{"arcs":[[1,2],[-1]],"type":"Polygon","properties":{"WARD":"21006002","PROVINCE":"Eastern Cape","CAT_B":"EC106","MUNICNAME":"Sundays River Valley Local Municipality","WARDNO":2,"VOTERS":3563,"Area":72.1166986311,"Shape_Leng":0.527330880976,"Shape_Area":0.00698782940421,"ID":581,"POPULATION":7305,"DENSITY":101.294154317399}},{"arcs":[[3,4,5,6]],"type":"Polygon","properties":{"WARD":"21006003","PROVINCE":"Eastern Cape","CAT_B":"EC106","MUNICNAME":"Sundays River Valley Local Municipality","WARDNO":3,"VOTERS":3544,"Area":923.544370014,"Shape_Leng":2.44701517949,"Shape_Area":0.0897668467003,"ID":582,"POPULATION":7743,"DENSITY":8.384004333091895}},{"arcs":[[7,-4,8]],"type":"Polygon","properties":{"WARD":"21006004","PROVINCE":"Eastern Cape","CAT_B":"EC106","MUNICNAME":"Sundays River Valley Local Municipality","WARDNO":4,"VOTERS":2991,"Area":682.496503868,"Shape_Leng":1.90196126906,"Shape_Area":0.0662437117201,"ID":583,"POPULATION":4832,"DENSITY":7.079889746855825}},{"arcs":[[9,10]],"type":"Polygon","properties":{"WARD":"21006005","PROVINCE":"Eastern Cape","CAT_B":"EC106","MUNICNAME":"Sundays River Valley Local Municipality",