{"type":"Topology","transform":{"scale":[0.0003482998724093127,0.0003161385639097868],"translate":[27.869074999000073,-26.923810001999982]},"arcs":[[[968,1163],[-6,-45],[-31,-9],[-40,-19],[55,-96],[35,-49],[6,-10],[19,-26],[-4,-8],[19,-35],[5,1],[1,2],[0,4],[0,3],[2,8],[1,1],[1,0],[3,-2],[1,0],[1,0],[1,1],[1,4],[-1,8],[-2,5],[0,3],[1,1],[7,4],[7,2],[1,4],[1,12],[27,5],[20,11],[23,13],[63,-172],[159,46],[40,-6],[1,-2],[1,1],[2,1],[1,4],[2,3],[2,0],[2,-2],[2,1],[5,2],[6,5],[2,1],[2,3],[6,8],[6,6],[5,2],[6,6],[1,2],[1,4],[3,3],[6,3],[4,0],[4,2],[4,1],[7,-1],[4,1],[7,3],[5,5],[-1,3],[-1,2],[-3,3],[0,2],[2,2],[6,4],[19,8],[3,0],[19,-60],[-50,-198],[32,3],[37,-142],[-168,-36],[2,-15],[-18,-4],[2,-20],[-12,-1],[-49,-21],[-8,-1],[6,-60],[-9,-1],[3,-24],[9,-2],[7,-66],[-44,-122],[-16,2],[-59,6],[2,40],[-60,-7],[-3,-22],[-1,-5],[-53,5],[14,-33],[-12,-3],[-2,1],[-14,9],[-6,2],[-3,-1],[-2,-2],[-1,-3],[-4,-9],[-5,-7],[-8,-10],[-3,-8],[-1,-9],[2,-12],[1,-9],[5,-11],[4,-6],[2,-2],[7,-3],[5,-4],[7,-5],[2,-3],[2,-2],[1,-3],[0,-2],[-1,-2],[-2,-1],[-5,-3],[-14,-12],[-5,-3],[-4,-2],[-8,-1],[-3,0],[-2,2],[-4,4],[-4,5],[-6,10],[-1,3],[-3,6],[-5,5],[-6,4],[-6,1],[-7,0],[-15,-3],[-3,0],[-3,2],[-4,4],[-2,4],[-7,13],[-4,5],[-8,16],[-4,6],[-6,8],[-14,6],[-3,4],[-2,4],[0,2],[3,19],[1,16],[1,3],[-1,8],[-1,7],[-2,5],[-11,20],[-3,7],[0,4],[1,10],[-2,5],[-2,8],[-2,3],[-3,4],[-4,6],[-6,8],[-5,3],[-3,0],[-10,1],[-21,0],[-8,-3],[-3,-2],[-5,-6],[-1,-3],[-1,-2],[1,-4],[4,-6],[9,-8],[2,-3],[5,-9],[10,-11],[5,-5],[5,-9],[2,-6],[5,-23],[1,-9],[2,-12],[0,-8],[-1,-4],[-3,-5],[-4,-3],[-2,-2],[-3,0],[-5,0],[-4,1],[-4,4],[-7,9],[-5,4],[-5,2],[-7,1],[-8,-1],[-3,-1],[-8,-6],[-3,-4],[-6,-5],[-4,-2],[-4,0],[-4,0],[-6,4],[-7,2],[-3,1],[-6,0],[-2,0],[-3,-1],[-8,-5],[-6,-3],[-2,-1],[-4,0],[-7,2],[-4,2],[-2,1],[-4,5],[-2,6],[-3,10],[-1,17],[1,9],[1,3],[2,3],[9,7],[2,3],[2,16],[0,18],[-1,9],[0,5],[-2,5],[-3,4],[-2,2],[-2,5],[-6,9],[-3,6],[-4,3],[-4,2],[-22,5],[-7,1],[-19,2],[-22,8],[-11,5],[-11,5],[-3,2],[-4,3],[-4,2],[-8,9],[-5,6],[-2,4],[-9,6],[-4,1],[-2,2],[-1,2],[1,6],[-1,1],[-3,1],[-5,1],[-5,4],[-8,4],[-10,8],[-3,1],[-6,0],[-2,2],[-1,2],[-1,7],[-2,6],[0,4],[-2,5],[0,3],[1,5],[0,3],[-1,2],[-3,4],[-6,4],[-14,7],[-5,0],[-3,1],[-2,1],[-7,7],[-4,0],[-10,-1],[-10,-2],[-14,0],[-7,0],[-7,2],[-3,1],[-3,4],[-1,3],[0,4],[3,5],[5,4],[4,1],[5,1],[3,1],[15,10],[3,2],[2,3],[0,3],[1,4],[-1,2],[-2,1],[-2,0],[-4,-1],[-3,1],[-1,2],[-5,6],[-6,5],[-9,5],[-17,7],[-9,5],[-3,3],[-1,4],[1,7],[-1,8],[-3,14],[-3,7],[-6,10],[-1,6],[-1,10],[-3,6],[-1,3],[-2,2],[-6,7],[-6,12],[-5,8],[-2,5],[-1,4],[-2,19],[1,6],[7,23],[3,7],[5,10],[3,8],[3,7],[2,8],[0,7],[5,0],[8,-35],[35,-5],[-2,61],[24,4],[-9,55],[-56,11],[5,32],[4,1],[3,-2],[3,0],[2,-2],[1,-1],[0,-2],[-1,-9],[1,-2],[1,-1],[2,0],[4,-1],[14,-5],[3,0],[12,-1],[-1,4],[-2,5],[-6,10],[-2,1],[-1,3],[-12,19],[3,21]],[[415,858],[2,7],[75,26],[48,64],[0,4],[1,4],[57,-34],[67,24],[-27,88]],[[638,1041],[67,53],[20,62],[23,47],[192,-32],[-2,-14],[20,3],[10,3]],[[385,996],[4,-4],[27,-20],[-52,-70],[25,-13],[4,-29]],[[393,860],[-126,25],[-10,-11],[1,-11],[-7,-2],[-7,5],[-13,2],[45,62],[-1,1],[50,70],[6,8],[3,8]],[[334,1017],[1,0],[4,8],[1,-4],[0,-4],[6,-1],[0,-1],[2,-4],[0,-3],[-2,-4],[-2,-2],[0,-3],[1,-1],[-1,-3],[3,-3],[3,-2],[3,-1],[1,-2],[-1,-3],[1,-4],[3,-2],[1,0],[1,0],[3,3],[3,4],[0,2],[4,6],[3,1],[6,-2],[6,0],[1,1],[0,3]],[[422,1078],[0,-1],[-1,0],[-1,-1],[0,-2],[2,-3],[1,-4],[7,-8],[-1,-3],[-2,-2],[-2,-2],[-2,0],[-2,0],[-2,1],[0,2],[-1,1],[-2,1],[-1,0],[-3,0],[-4,-1],[-5,0],[-5,-2],[-2,-7],[0,-2],[0,-5],[1,-3],[0,-1],[-1,-1],[-3,-5],[-7,-8],[-4,-3],[-5,-1],[-1,-1],[0,-3],[-2,-2],[0,-2],[3,-2],[2,0],[4,1],[1,-1],[0,-6],[1,-6]],[[334,1017],[-11,3],[-1,-3],[-34,32],[-9,-8],[-33,-2],[-26,-3],[41,52],[66,76]],[[327,1164],[83,-77],[5,-3]],[[415,1084],[7,-6]],[[638,1041],[-1,-1],[-25,-20],[-65,35],[5,2],[-21,26],[-9,10],[6,4],[-11,23],[-6,10],[0,2],[-1,1],[-4,5],[-32,21],[-1,0]],[[473,1159],[0,2],[31,-2],[-54,58]],[[450,1217],[5,5],[30,35],[78,-10],[8,-3],[1,4],[2,3],[1,1],[1,4],[3,6],[-1,6],[1,1],[-1,2],[-1,1],[-1,2],[1,3],[2,3],[0,2],[1,1],[2,0],[0,1],[-3,2],[1,3],[-5,5],[1,4],[0,8],[2,4],[0,1],[1,3],[2,2],[3,1],[0,1],[2,0]],[[586,1318],[94,-18],[2,30],[1,14],[-1,0],[2,63],[0,4],[1,0],[3,77],[21,3],[43,9],[10,2],[8,2],[47,18],[3,2],[8,5],[8,8]],[[836,1537],[65,59],[3,-7],[1,-11],[-4,-11],[-1,-1],[-2,0],[-2,-1],[16,-4],[4,0],[23,3],[-52,-45],[28,-30],[15,18],[45,42],[19,-5],[5,7],[10,-7],[-1,-1],[1,-1],[-62,-86],[54,-25],[22,-4],[1,-23],[8,-16],[25,-28],[19,-6],[15,12],[64,-35],[36,71],[14,-6],[22,14],[56,-38],[23,23],[42,-44],[-4,-1],[-22,-11],[-24,-6],[-12,6],[-12,8],[-13,-4],[-2,-4],[-3,-6],[-7,-5],[9,-13],[-38,-29],[3,-11],[3,-19],[-14,-14],[20,-17],[-42,-22],[2,-7],[-30,-9],[-5,-7],[-15,7],[2,10],[-1,1],[-1,-1],[-2,-2],[-3,1],[-1,-2],[-1,0],[0,1],[-12,1],[-2,-8],[-13,3],[-2,-2],[-21,1],[-9,0],[-1,0],[-35,4],[-1,-1],[-13,1],[-11,0],[0,1],[-5,-3],[-2,-1],[-7,-10],[-6,-6],[-5,-3],[-12,-5],[-10,-4]],[[350,1635],[-12,-31]],[[338,1604],[9,-2],[9,-2],[17,-4],[7,0],[3,0],[7,3],[32,10],[5,1],[3,-1],[3,-2],[7,-9],[1,0],[6,0],[2,0],[7,-4],[8,-3],[4,-1],[5,0],[46,18],[8,2],[4,-1],[26,-5],[41,-2],[-15,-110],[18,-2],[-13,-27],[-2,-4],[-3,-17],[-14,-35],[9,2],[1,4],[3,1],[2,2],[3,2],[5,1],[2,1],[0,0],[1,-2],[4,-3],[0,-1],[-2,-1],[0,-1],[0,-1],[-1,-1],[-2,-4],[-2,-5],[0,-2],[-4,-5],[-1,-1],[-1,-1],[-1,-1],[-7,1],[-2,-5],[0,-3],[4,-2],[2,-5],[0,-1],[-1,1],[-1,0],[0,-1],[-1,-1],[0,-1],[2,0],[0,-1],[-1,-1],[-2,0],[-1,-1],[5,-6],[5,-5],[0,0],[-2,-4],[-3,-2],[-3,-3],[-1,-6],[-1,-6],[0,-4],[1,-3],[1,0],[5,-6],[2,-2],[0,-3],[1,-2],[-1,-1]],[[450,1217],[-3,-2]],[[447,1215],[-2,-2]],[[445,1213],[0,6],[-1,5],[-12,18],[-3,-2],[-1,-3],[-75,-47]],[[353,1190],[-17,31],[-25,23],[-16,-12],[-107,131],[1,12],[2,7],[16,4],[4,0],[1,-1],[99,42],[3,54],[35,2],[-2,3],[-46,45],[-8,16],[-10,8],[-2,3]],[[281,1558],[0,-1]],[[281,1557],[0,3],[1,0],[4,0],[-13,22]],[[273,1582],[-11,17]],[[262,1599],[3,41]],[[265,1640],[25,-4]],[[290,1636],[2,-1]],[[292,1635],[31,-5],[7,-4],[0,1],[3,-4],[1,-2],[0,-3],[3,2],[-4,8],[0,9],[17,-2]],[[139,1472],[-21,-144],[7,-3],[-11,-24]],[[114,1301],[-43,15],[-14,-87],[-3,0],[-5,77],[1,13],[0,4],[-2,1],[1,3],[-12,47],[-1,4],[-2,3],[-16,20],[-8,7],[-1,2],[-4,8],[-1,2],[1,7],[-4,61],[1,-3],[0,0],[-1,25],[-1,5],[7,5],[0,1],[13,8],[4,4],[8,2],[0,-4],[-5,-3],[2,-19],[102,18],[-7,-55],[15,0]],[[513,1785],[-26,-29],[-39,-46],[-22,-24],[-59,-21],[-17,-30]],[[292,1635],[-2,1]],[[265,1640],[-5,1],[-4,-7],[-3,-24],[-1,-8],[5,-36],[-31,6]],[[226,1572],[-11,3]],[[215,1575],[-30,5]],[[185,1580],[6,77],[-122,-14],[1,4],[0,3],[2,6],[1,3],[-2,6],[2,7],[2,11],[0,21],[1,11],[3,12],[3,7],[3,5],[5,10],[12,18],[4,4],[5,5],[13,11],[43,8],[75,10],[10,57],[6,-3],[33,-3],[-1,-15],[112,-28],[7,36],[20,-8],[1,1],[7,-1],[0,-1],[8,0],[16,2],[29,-3],[10,-15],[-4,-1],[17,-38]],[[403,1156],[-14,6],[4,9],[-40,19]],[[445,1213],[-4,-2]],[[441,1211],[-14,-8],[-3,-2],[-6,-6],[-2,-3],[-4,-9],[2,-1],[2,-3]],[[416,1179],[-4,-3],[-9,-20]],[[421,1139],[-20,9],[0,2],[2,6]],[[416,1179],[1,-1],[2,-1],[22,-10],[-13,-31],[-7,3]],[[327,1164],[-6,5]],[[321,1169],[3,3],[29,18]],[[421,1139],[-9,-19],[-3,-6],[21,-15],[-1,-3],[-1,-2],[-13,-10]],[[281,1557],[0,1]],[[321,1169],[-51,13],[-173,80],[17,39]],[[139,1472],[14,93],[32,15]],[[215,1575],[11,-3]],[[262,1599],[11,-17]],[[338,1604],[12,31]],[[513,1785],[7,11],[3,22],[86,42],[7,-10],[10,-16],[1,-3],[29,-49],[-13,-34],[-12,-34],[-7,-27],[-5,-8],[-11,-25],[-9,-26],[-5,-20],[19,-2],[6,-6],[12,3],[13,-1],[14,-3],[38,-2],[18,0],[23,-37],[33,16],[-7,8],[25,-1],[11,-2],[37,-44]],[[415,858],[-22,2]],[[422,1078],[1,0]],[[423,1078],[5,3],[1,1],[3,1],[3,3],[2,4],[1,0],[3,-2],[3,-1],[2,-2],[1,0],[1,1],[0,6],[1,1],[1,3],[-1,2],[-1,7],[1,1],[1,0],[-1,4],[23,46],[1,1],[0,2]],[[423,1078],[-1,0]],[[441,1211],[6,4]]],"objects":{"61":{"type":"GeometryCollection","geometries":[{"arcs":[[0,1,2]],"type":"Polygon","properties":{"WARD":"74202001","PROVINCE":"Gauteng","CAT_B":"GT422",