{"type":"Topology","transform":{"scale":[0.00047447460055671917,0.0004251223645569227],"translate":[28.17946999700007,-26.67601000299993]},"arcs":[[[322,416],[9,-15],[5,7],[1,-2],[0,-2],[7,-7],[3,-1],[2,0],[1,-1],[2,2],[2,-3],[1,0],[6,-1]],[[361,393],[0,-5],[-3,-9],[0,-1],[-2,1],[-3,0],[-6,-5],[-3,-3],[-1,-1],[-1,-2],[-2,1],[-3,1],[-7,-3],[34,-33]],[[364,334],[-5,-8]],[[359,326],[-17,-30]],[[342,296],[-2,1],[-2,0],[-6,2],[-1,0],[-7,-7],[-4,-6],[-5,4]],[[315,290],[2,5],[3,3],[-11,6],[-10,-10],[-3,2]],[[296,296],[-8,6],[1,-4],[-1,-1],[-2,-6],[-1,0],[-1,0],[-2,0],[-3,-1],[-1,-3],[-5,-3],[1,-3],[6,-7],[1,-4]],[[281,270],[-1,-1],[-3,-1],[0,-1],[0,0],[1,0],[1,-2],[-1,-3],[-3,-2],[-2,1],[-1,0],[-10,-15],[-3,-3],[-2,-1],[0,-1],[2,0],[0,-1],[0,-1],[0,0],[1,1],[1,1],[1,-1],[0,-1],[-2,-2],[2,-1],[-1,0],[0,-2]],[[261,234],[1,-1],[0,-1],[0,-1],[-2,-4],[-2,0],[0,0],[0,2],[-1,0],[-1,1],[-1,-1],[0,-2],[15,-23],[-41,-28],[-8,-8],[-1,-4],[-3,0],[-1,1],[-2,1],[-2,-1],[-5,3],[-2,0],[-18,-7],[-15,-10],[-3,-23]],[[169,128],[-31,-18],[-20,-3],[-1,-10],[-1,-3],[-5,-1],[-5,-3],[0,-1],[0,-2],[1,-3],[1,-7],[-1,-2],[-2,-1],[-2,1],[-1,0],[-1,-1],[-2,-5],[1,-5],[-1,-2],[-3,-1],[-15,26],[3,6],[-13,19],[-5,8],[-25,36],[-41,71],[29,15],[23,7],[4,33],[8,3],[12,6],[5,4],[5,7],[4,3],[1,1],[0,-1],[8,0],[10,-1],[0,1],[26,-3],[1,0],[6,0],[16,0],[1,1],[10,-2],[1,6],[9,-1],[0,-1],[0,0],[2,1],[2,0],[1,2],[1,0],[0,-1],[-1,-7],[11,-6],[4,6],[21,7],[0,4],[30,17],[-14,12],[10,11],[-3,14],[-2,8],[28,22],[-6,10],[5,4],[2,4],[2,2],[9,4],[9,-6],[9,-5],[17,5],[6,3]],[[296,296],[-6,-9],[3,-1],[4,0],[3,-2],[2,-4]],[[302,280],[-5,-8]],[[297,272],[-2,-3],[-9,5],[-1,-2],[-1,-1],[-3,-1]],[[342,296],[-13,-22]],[[329,274],[-9,5],[-1,-2],[-1,0],[-2,-3],[3,-6],[-9,-6],[-7,4],[-4,5],[-2,1]],[[302,280],[7,3],[1,1],[-3,2],[1,1],[1,0],[1,2],[3,-2],[2,3]],[[329,274],[-19,-34],[-5,3],[3,5],[-1,0],[-5,0],[0,-1],[-2,0],[-6,6],[-33,-19]],[[984,391],[-5,4],[-5,1],[-10,-21],[-12,-19],[15,-53],[-112,20],[3,44],[-14,5],[-6,-21],[-17,4],[10,21],[-63,21],[-7,9],[2,0],[1,6],[-6,-1],[-3,-5],[-10,6],[-11,-3],[-7,-62],[3,-51],[1,-12],[1,-7],[-2,-10],[6,-6],[3,-13],[6,-17],[-8,-22],[-3,-8],[-12,1],[-35,1],[3,-5],[3,-1],[1,-4],[0,-1],[0,-1],[-5,-3],[0,-1],[1,-11],[2,-5],[0,-1],[-1,-1],[-6,0],[-3,0],[-6,1],[-4,-1],[-2,-2],[-3,-2],[-4,-4],[-5,-6],[-2,-1],[-5,4],[-2,1],[-2,-2],[-2,-2],[0,-2],[1,-5],[-4,-6],[-2,-7],[-1,-1],[-1,1],[0,3],[-1,1],[-3,0],[-1,-1],[22,-42],[-99,-9],[1,-36],[-46,-1],[-15,-3],[-31,2],[-14,45],[-4,-1],[-5,-3],[-7,-2],[-4,-3],[-2,-2],[0,-1],[3,-3],[1,-3],[-4,-4],[-4,-2],[-4,-1],[-5,1],[-3,-1],[-3,-1],[-3,0],[-4,-2],[-2,-3],[-2,-3],[-4,-5],[-5,-3],[-4,-4],[-1,-3],[-4,-4],[-9,-7],[-2,0],[-2,1],[-1,0],[-2,-2],[0,-3],[-2,-1],[-1,-1],[0,2],[-29,4],[-117,-34],[-47,128]],[[342,296],[1,-1],[5,-11],[6,4],[37,-42],[-3,-42],[42,1],[8,-12],[103,9],[-7,24],[-5,17],[-6,24],[91,85],[-29,47]],[[585,399],[-3,6],[37,10],[98,0],[6,-3],[14,25],[7,2],[-20,56]],[[724,495],[-10,30]],[[714,525],[63,18],[3,0],[61,18],[10,2],[115,84],[65,-93],[-27,-51],[34,11],[-41,-79],[-1,-4],[-9,-19],[-4,-10],[1,-11]],[[396,330],[-18,-8],[-4,0],[-1,1],[-2,-4],[-12,7]],[[364,334],[2,4],[1,4],[1,-1],[13,21],[15,-32]],[[361,393],[0,1],[4,1],[2,3],[5,1],[2,2],[0,2],[1,1],[0,2],[2,0],[2,0],[5,-2],[1,-2],[-3,-2],[11,-14],[3,-4],[8,13],[6,9],[5,4]],[[415,408],[10,9]],[[425,417],[14,-33],[0,0],[3,-9],[1,-4],[-1,-5],[-11,-51],[0,-6],[3,-9],[-3,2],[-2,2],[-2,0],[-1,0],[-2,2],[-2,1],[-1,2],[-4,-2],[-3,-4],[-2,-2],[-4,6],[-16,0],[0,9],[2,0],[7,4],[-5,10]],[[425,416],[-10,-8]],[[322,416],[11,5],[2,1],[-31,32]],[[304,454],[19,13],[5,-7],[8,4],[22,-31],[0,-1],[5,-7],[9,12],[1,3],[0,5],[-2,8],[3,1],[1,2],[1,1],[0,0],[2,0],[4,-4],[1,2],[25,-20],[2,-1],[8,-6],[2,-2],[1,-3],[4,-7]],[[585,399],[-7,3],[-12,3],[-24,-2],[-2,7],[-1,14],[0,2],[-16,30],[-2,1],[0,-1],[-1,0],[0,-1],[0,-1],[-3,-1],[-2,0],[0,-2],[-1,0],[-2,1],[0,2],[-1,0],[-3,-1],[-3,0],[-2,-2],[-2,-3],[-9,-3],[-1,2],[1,1],[-2,5],[-1,3],[-1,1],[-2,0],[-19,-45],[-19,22],[-23,-17]],[[425,417],[0,-1]],[[304,454],[-16,-16],[-42,27],[-16,-9],[-10,3],[-26,-52],[-47,26],[-11,-9],[-14,4],[-19,21],[-5,13],[-2,16],[-15,3],[-40,19],[52,73],[22,-2],[21,-3],[20,0],[22,-1],[15,50],[-14,12],[-43,75],[15,9],[-5,6],[17,5],[6,2],[5,9],[25,11],[26,-20],[12,-30],[4,-10],[32,39],[97,-92],[32,31],[7,-2],[19,21],[5,-10],[-8,-10],[12,-23],[15,15],[16,-7],[-4,-4],[15,-16],[-74,-62],[8,-10],[11,-18],[56,40],[16,18],[62,-36],[13,-7],[0,1],[1,-1],[1,-1],[1,2],[0,1],[2,1],[1,0],[3,1],[2,1],[4,-1],[1,3],[-1,0],[0,1],[12,-13],[1,12],[1,-1],[4,0],[4,-2],[2,0],[5,-2],[59,2],[2,-33],[-7,1],[1,-9],[6,0],[1,-18],[47,-3]],[[714,525],[-2,-1],[-2,13],[17,7],[-5,5],[8,4],[-5,1],[-2,2],[-3,1],[-2,3],[-1,0],[0,1],[0,-2],[0,0],[-4,4],[-1,2],[-1,0],[-1,0],[-2,5],[-1,2],[-1,1],[-2,24],[-3,23],[-6,67],[-3,8],[2,1],[14,38],[5,5],[-1,9],[-4,2],[1,3],[-1,0],[3,5],[-5,17],[10,18],[12,15],[-5,9],[1,6],[-7,2],[-3,120],[-10,124],[29,101],[15,15],[-8,-125],[108,-28],[85,-26],[7,-78],[3,-26],[97,-45],[0,-22],[78,-48],[62,40],[30,9],[53,9],[56,24],[26,-92],[44,12],[25,-62],[23,-74],[-61,-22],[-57,-34],[-13,2],[2,-6],[-21,-6],[-13,-27],[2,-13],[3,-13],[-13,-4],[-30,-49],[-4,-109],[-158,11],[-57,17],[-18,-6],[-1,0],[-6,1],[0,0],[-1,-3],[2,-1],[0,-1],[-1,-2],[-2,0],[-6,3]],[[1234,782],[-2,0],[-2,-1],[-1,-1],[-1,-1],[-6,0],[-2,-1],[-2,-1],[-3,1],[3,-7],[1,-1],[41,-14],[-6,-18],[35,-1],[2,-1],[1,1],[4,25],[-25,0],[-6,8],[-24,29],[-2,-15],[-5,-2]]],"objects":{"62":{"type":"GeometryCollection","geometries":[{"arcs":[[0,1,2,3,4,5,6,7,8,9]],"type":"Polygon","properties":{"WARD":"74203001","PROVINCE":"Gauteng","CAT_B":"GT423","MUNICNAME":"Lesedi Local Municipality","WARDNO":1,"VOTERS":3222,"Area":112.118891237,"Shape_Leng":0.627922511938,"Shape_Area":0.010157083375,"ID":2965,"POPULATION":5795,"DENSITY":51.686205028110464}},{"arcs":[[10,11,12,-7]],"type":"Polygon","properties":{"WARD":"74203002","PROVINCE":"Gauteng","CAT_B":"GT423","MUNICNAME":"Lesedi Local Municipality","WARDNO":2,"VOTERS":3253,"Area":1.01854661321,"Shape_Leng":0.0491017146614,"Shape_Area":0.000092259987274,"ID":2966,"POPULATION":8117,"DENSITY":7969.198360415605}},{"arcs":[[13,14,-12,15,-5]],"type":"Polygon","properties":{"WARD":"74203003","PROVINCE":"Gauteng","CAT_B":"GT423","MUNICNAME":"Lesedi Local Municipality","WARDNO":3,"VOTERS":3914,"Area":1.51848547754,"Shape_Leng":0.0657016231141,"Shape_Area":0.000137545501664,"ID":2967,"POPULATION":6912,"DENSITY":4551.903921529552}},{"arcs":[[-16,-11,-6]],"type":"Polygon","properties":{"WARD":"74203004","PROVINCE":"Gauteng","CAT_B":"GT423","MUNICNAME":"Lesedi Local Municipality","WARDNO":4,"VOTERS":3401,"Area":0.739790716541,"Shape_Leng":0.0403554756052,"Shape_Area":0.000067007930902,"ID":2968,"POPULATION":6636,"DENSITY":8970.104452009875}},{"arcs":[[16,-8,-13,-15]],"type":"Polygon","properties":{"WARD":"74203005","PROVINCE":"Gauteng","CAT_B":"GT423","MUNICNAME":"Lesedi Local Municipality","WARDNO":5,"VOTERS":2744,"Area":2.81091446547,"Shape_Leng":0.107628633404,"Shape_Area":0.000254636199082,"ID":2969,"POPULATION":6890,"DENSITY":2451.1596082479714}},{"arcs":[[17,-9,-17,-14,18,19,20,21]],"type":"Polygon","properties":{"WARD":"74203006","PROVINCE":"Gauteng","CAT_B":"GT423","MUNICNAME":"Lesedi Local Municipality","WARDNO":6,"VOTERS":3017,"Area":388.842227667,"Shape_Leng":1.50768784308,"Shape_Area":0.0352206478353,"ID":2970,"POPULATION":6212,"DENSITY":15.97563113777829}},{"arcs":[[22,-3,23]],"type":"Polygon","properties":{"WARD":"74203007","PROVINCE":"Gauteng","CAT_B":"GT423","MUNICNAME":"Lesedi Local Municipality","WARDNO":7,"VOTERS":3562,"Area":1.70139305729,"Shape_Leng":0.054351920966,"Shape_Area":0.000154081723911,"ID":2971,"POPULATION":10186,"DENSITY":5986.858801589556}},{"arcs":[[-24,-2,24,25,26]],"type":"Polygon","properties":{"WARD":"74203008","PROVINCE":"Gauteng","CAT_B":"GT423","MUNICNAME":"Lesedi Local Municipality","WARDNO":8,"VOTERS":4630,"Area":14.3480502932,"Shape_Leng":0.211689611254,"Shape_Area":0.00129927595035,"ID":2972,"POPULATION":10247,