{"type":"Topology","transform":{"scale":[0.0003328792750161518,0.0002957406087881271],"translate":[27.425220000000024,-26.21320999699998]},"arcs":[[[1058,40],[-4,1],[-1,0],[-5,4],[-2,-1],[-3,-3],[-50,33]],[[993,74],[21,18]],[[1014,92],[4,5]],[[1018,97],[2,2],[3,1],[3,3],[1,2],[-1,3],[0,5]],[[1026,113],[58,-7]],[[1084,106],[-26,-66]],[[1058,40],[-16,-40],[-79,24]],[[963,24],[1,8],[4,9],[6,9],[6,10],[13,14]],[[986,227],[-6,-33],[3,-11],[3,-2],[2,-2],[0,-3],[2,-3],[0,-2],[1,-1],[19,-2]],[[1010,168],[-5,-44],[1,-10],[19,6]],[[1025,120],[1,-3],[0,-4]],[[1018,97],[-3,-3]],[[1015,94],[-14,1],[-11,1],[-9,-5],[-6,10],[-1,6],[-32,-4]],[[942,103],[19,9],[-5,11],[2,5],[7,-4],[2,3],[-7,4],[11,21],[2,2],[0,1],[2,3],[2,3],[0,0],[1,11],[-42,-1],[-52,27],[5,47],[35,-9]],[[924,236],[-1,-4],[2,-2],[27,-5],[34,2]],[[1025,120],[58,20],[12,1],[7,0]],[[1102,141],[13,-2]],[[1115,139],[4,-1]],[[1119,138],[-1,-2],[1,-2],[-2,-5],[-3,2],[-2,2],[-2,-5],[-10,3],[-2,-9],[-2,-3],[-3,-2],[-9,-2],[0,-3],[0,-6]],[[1153,129],[5,-24],[-74,1]],[[1119,138],[34,-9]],[[1023,241],[-3,-6],[-2,-6],[-3,-15],[3,-1],[-1,-6],[6,-11],[7,3],[1,-2],[3,2],[1,-2],[7,3],[4,-2],[1,2],[3,-1]],[[1050,199],[3,-2]],[[1053,197],[-1,-1],[-5,2],[0,-2],[-3,-11],[4,-2]],[[1048,183],[-1,-6],[-7,2],[-3,-12],[0,-5],[-18,5],[-9,1]],[[986,227],[8,0],[5,4],[0,6],[1,7],[1,2],[15,0],[7,-5]],[[1130,161],[11,3],[4,-3],[1,1],[2,0],[2,-1],[2,-1],[2,1],[1,0],[7,-2],[1,-2]],[[1163,157],[1,-2],[5,-3],[4,0],[7,-6],[4,-6],[0,-3],[1,-1],[0,-5],[-1,1],[-1,-2],[-1,-1],[-2,-3],[-14,0],[-4,0],[-9,3],[0,0]],[[1119,138],[-4,1]],[[1102,141],[1,2],[-14,4],[-27,7],[4,14]],[[1066,168],[4,8]],[[1070,176],[10,-5],[10,-3]],[[1090,168],[6,-2],[11,0],[-1,-9],[27,-7],[-2,8],[-2,1],[0,2],[1,0]],[[1090,168],[5,18]],[[1095,186],[0,2],[3,3],[10,-10],[1,2],[2,0],[3,4],[3,-3],[1,2],[8,-8],[4,-17]],[[1225,279],[-60,-121],[-2,-1]],[[1095,186],[-5,1]],[[1090,187],[2,5]],[[1092,192],[-3,1]],[[1089,193],[1,3],[-7,4]],[[1083,200],[13,25]],[[1096,225],[5,10]],[[1101,235],[1,1]],[[1102,236],[25,-8],[4,3],[4,10]],[[1135,241],[30,-20],[10,23],[7,13],[1,-1],[4,2],[4,-1],[-3,-9],[8,2],[9,23],[-3,1],[1,4],[6,3],[1,-1],[2,1],[3,4],[10,-6]],[[1070,176],[5,9]],[[1075,185],[6,12]],[[1081,197],[2,3]],[[1089,193],[3,-1]],[[1090,187],[5,-1]],[[1070,176],[-4,-8]],[[1048,183],[18,-4],[4,-3]],[[1053,197],[2,-1]],[[1055,196],[7,-3]],[[1062,193],[13,-8]],[[1079,219],[-15,-21],[-2,-5]],[[1055,196],[-5,3]],[[1023,241],[9,-7],[47,-15]],[[1109,377],[-1,-1],[0,-2],[3,-3],[14,-13],[2,0],[4,2],[11,-16]],[[1142,344],[-4,-4],[-2,0],[-2,-2],[10,-9],[-3,-5],[-5,2],[-1,-3],[-4,2],[-1,-1],[0,-1],[-4,1],[5,-7],[-5,0],[4,-7],[6,-6],[-1,-3],[-9,-40],[-2,-3]],[[1124,258],[-6,-3],[-5,0],[-3,-4],[-11,2],[-4,-9]],[[1095,244],[-3,-5]],[[1092,239],[0,-1]],[[1092,238],[-2,-3]],[[1090,235],[-9,-16],[-2,0]],[[1023,241],[5,7],[12,12],[5,6],[4,10],[2,11],[-1,30],[2,20],[-7,-1],[-9,-4],[-2,6],[-7,8],[0,3]],[[1027,349],[15,5],[5,0],[4,-1],[8,-1],[6,30]],[[1065,382],[3,1],[1,1],[5,7],[15,-11],[4,4],[4,0],[2,-1],[2,-3],[4,0],[4,-3]],[[1102,236],[-8,3],[-1,0],[0,1]],[[1093,240],[2,4]],[[1124,258],[2,-2],[4,-10],[5,-5]],[[1234,295],[-9,-16]],[[1142,344],[3,-3],[26,-5],[2,-1],[8,-20],[14,-10],[0,0],[39,-10]],[[1092,463],[11,1],[3,-6],[-6,-3],[-3,-4],[-4,-11],[-1,-4],[-4,-5],[-21,-17],[-5,-5]],[[1062,409],[-2,2],[-1,6],[-5,-1],[-1,5],[-15,-2],[1,-5],[-7,-2],[-1,6],[-8,-1],[0,5],[-8,-1],[1,-6],[-9,-1],[0,6],[-5,-1],[-13,-12],[-2,-1],[-2,0]],[[985,406],[0,30]],[[985,436],[13,7],[7,2],[5,32]],[[1010,477],[6,0],[0,-4],[8,-24],[27,5],[24,9],[9,1],[8,-1]],[[1222,354],[0,-5],[2,-5],[-2,-4],[0,-3],[1,-3],[20,-8],[-3,-11],[2,-1],[-4,-13],[0,-1],[-4,-5]],[[1109,377],[3,-1],[3,5],[13,9]],[[1128,390],[10,-8],[10,-3],[10,-4],[9,-6],[2,4],[1,0],[4,-2],[3,-1],[13,-6],[2,0],[10,-6],[4,1],[2,-2],[1,0],[4,-1],[9,-2]],[[1083,200],[-2,-3]],[[1090,235],[2,3]],[[1092,239],[1,1]],[[1101,235],[-5,-10]],[[1062,409],[-3,-4],[0,-4],[6,-19]],[[1027,349],[-5,-1],[1,14],[0,5],[-5,0],[-32,6],[-1,33]],[[1242,357],[-4,0],[-4,2],[-2,1],[-3,-2],[-5,-4],[-2,0]],[[1128,390],[-6,4],[3,4],[1,5],[2,0],[-1,11],[11,5],[5,1],[6,0],[1,4],[3,6]],[[1153,430],[4,-2],[9,-1],[14,-5],[23,-15],[30,-28],[7,-7],[2,-5],[0,-10]],[[1141,498],[-11,-21],[3,-5],[1,-1],[-2,-2],[-1,-2],[-3,-3],[-1,0],[-3,-7],[6,-2],[1,-9],[22,-16]],[[1092,463],[1,3],[-9,1],[2,36],[55,-5]],[[1439,616],[-24,-104],[-6,12],[-12,-7],[-7,12],[-15,-8],[-5,6],[-1,0],[-8,-10],[2,-3],[-3,-2],[-5,13],[-17,2],[-3,-1],[5,-9],[1,0],[1,-5],[-1,-1],[1,-1],[-10,-6],[1,-2],[-3,-1],[-10,29],[-39,-11],[-6,-9],[51,-43],[-7,-1],[-30,5]],[[1289,471],[-25,33],[-3,2],[-3,1],[-34,5]],[[1224,512],[5,7],[4,6],[-19,5],[-4,2],[8,11],[-7,5],[1,13],[-2,4],[1,6],[-10,1],[-37,-3],[-9,13],[0,5],[8,2],[-3,73],[-4,2],[-44,18]],[[1112,682],[2,22],[13,16],[21,24],[33,20]],[[1181,764],[19,-9],[6,-1],[20,-8],[73,-26],[64,28],[-1,-47],[1,0],[0,-5],[6,-21],[0,-3],[4,-15],[5,-15],[3,-9],[-15,-5],[3,-10],[4,1],[11,5],[7,-25],[48,17]],[[985,436],[-6,-3]],[[979,433],[0,14],[-2,0],[0,1],[2,4],[0,12],[-3,3],[0,1],[4,0],[0,9]],[[980,477],[4,0],[0,-7],[6,-4],[3,4],[0,1],[8,-1],[1,8],[8,-1]],[[980,477],[-5,0],[0,-2],[-3,-2],[0,-2],[-1,0],[0,1],[-2,0],[-1,4],[-3,7],[3,2],[2,0],[9,-1],[5,2],[0,25],[-5,4],[-13,-2],[-14,-4],[-18,-4],[-10,36],[38,12],[-2,22]],[[960,575],[3,-2],[4,-2],[16,-4],[2,-1],[2,-3],[1,-4],[-1,-11],[1,-8],[15,-9],[3,-22],[-1,0],[2,-2],[4,-14],[0,-8],[-1,-8]],[[924,236],[10,52]],[[934,288],[3,15],[2,6],[4,6],[4,5],[1,4],[2,9],[1,3],[4,4],[3,1],[3,1],[3,14],[0,3],[-15,3],[2,11],[-2,0],[-2,0],[-4,4]],[[943,377],[0,2],[1,1],[10,9],[3,15],[5,0],[0,7],[4,15],[0,7],[4,-1],[4,0],[5,1]],[[955,634],[5,-59]],[[943,377],[-2,1],[-5,-4],[-16,-7],[-55,-17],[-9,-1],[-9,0],[-6,1],[-10,4],[1,28],[0,41],[-5,0],[3,12],[-23,0],[-1,12],[-3,0],[0,12],[-9,0],[0,9],[2,5],[20,1],[18,0],[-7,42],[7,5],[33,36],[32,44],[3,3],[4,1],[-14,19],[4,19]],[[896,643],[59,-10],[0,1]],[[1289,471],[-35,7],[-1,-2],[2,-1],[1,-1],[0,-3],[3,-6],[-1,-1],[0,-2],[2,-5],[1,-1],[0,-8],[-1,-2],[0,-4],[-2,-2],[1,-1],[-27,-4],[7,-11],[3,-11],[3,-3],[-1,0],[-1,-1],[1,-4],[0,-3],[-1,0],[-2,-4],[1,-1],[3,-3],[1,-2],[-3,-6],[1,-4],[2,-3],[0,-6],[-1,0],[0,-2],[1,-1],[0,-2],[-1,-1],[0,-3],[0,-2],[0,-3],[-2,-1],[-1,-1]],[[1141,498],[3,5],[2,3],[3,2],[4,0],[3,-1],[30,-13],[4,-1],[4,0],[5,2],[16,9],[5,4],[4,4]],[[955,634],[14,23],[0,1],[143,24]],[[934,288],[-45,3],[-10,3],[-11,17],[-6,7],[-17,12],[-1,2],[-3,0],[-5,-2],[-3,-3],[-2,-3],[-4,-2],[-2,0],[-8,3],[-3,0],[-2,-1],[-1,-1],[-5,-5],[-3,-2],[-4,-1],[-2,2],[-10,8],[-5,5],[-5,64],[-7,4],[-23,-1],[24,-71],[-160,15],[-46,7],[3,162],[-6,-83],[-24,-9]],[[538,418],[-53,152],[6,28],[2,18],[0,5],[-5,9],[-1,6],[1,0]],[[488,636],[6,1],[11,7],[4,1],[12,1],[7,2],[3,3],[10,14],[5,4],[15,8],[28,11],[25,18],[4,5],[19,25],[19,2],[30,-7],[57,-47],[-5,-15],[158,-26]],[[538,418],[-159,-51],[-30,181],[-17,-95],[-205,-43],[0,-1],[-127,10],[18,125],[9,75],[3,11],[0,6],[-4,1],[0,8],[5,0],[10,28],[33,-7],[22,116],[-11,209],[30,-5],[-19,113],[39,0]],[[135,1099],[24,-60],[17,5],[12,3],[5,1],[11,5],[17,5],[18,-70],[32,1],[29,-21],[9,-8],[15,-72],[1,-2],[-6,-1],[-1,3],[-20,2],[-5,-18],[5,-5],[7,-13],[3,-5],[13,-15],[7,4],[1,-2],[-1,-1],[6,-7],[0,-3],[2,-3],[6,3],[3,-16],[3,1],[3,-1],[2,-2],[4,-7],[0,-5],[1,-3],[3,-4],[13,-5],[23,2],[-4,-6],[-1,-1],[-1,-1],[-1,-1],[14,-1],[-5,-6],[-1,-2],[-2,-3],[-4,2],[-1,-1],[-4,0],[-3,-3],[0,-1],[-2,-1],[5,-9],[-1,-1],[10,-1],[6,-1],[5,1],[19,-3],[1,-1],[-1,-3],[4,-1],[0,-2],[2,-5],[-5,-2],[-3,4],[-2,-1],[-2,-3],[-5,-2],[16,-16],[53,-6],[-5,-26],[7,3],[0,-13],[4,2],[4,-2],[1,-3],[3,1],[1,-1],[-12,-20],[2,-4],[-1,-9]],[[1220,1194],[26,-33],[-46,-57],[78,-92],[-5,-13],[14,-20],[8,-6],[7,-3],[3,-2],[16,-4],[7,-3],[7,-5],[4,-2],[-11,-33],[-35,-24],[-99,-40],[17,-76],[-30,-17]],[[135,1099],[-25,70],[68,13],[39,14],[8,-6],[40,3],[57,35],[4,-7],[26,-2],[15,4],[1,3],[-5,15],[41,11],[45,24],[71,55],[3,23],[19,15],[104,41],[10,1],[9,-62],[-14,9],[-1,-2],[-1,-2],[13,-24],[10,-51],[-1,-11],[-5,-4],[1,-4],[7,-7],[3,0],[0,-1],[-1,-1],