{"type":"Topology","transform":{"scale":[0.0004357424348484935,0.00042562499662160934],"translate":[27.465889994000065,-26.303069997999955]},"arcs":[[[356,450],[-7,-6],[-15,-12],[-47,-32],[16,-11],[36,-16],[12,-4],[14,-1]],[[365,368],[-2,-11],[-27,-4],[-8,-14],[-4,1],[-9,-5],[-3,4],[-1,-6],[6,-8],[-1,-3],[0,-9],[5,0],[2,4],[3,5],[4,1],[2,-2],[1,-10],[6,-5],[-2,-4],[-9,-1],[0,-5],[-1,0],[1,-20],[2,-4],[-11,-9],[-6,-4],[3,-69]],[[316,190],[1,-42],[7,4],[9,-11],[-19,-13],[9,-11],[-2,-1],[4,-6],[-1,-2]],[[324,108],[-15,1],[3,-10],[-61,-13],[-4,9],[-65,-10],[-1,-12],[-17,-4],[-15,-69],[-11,1],[-101,43],[-24,93],[-7,64],[-6,40],[19,-3],[11,55],[25,118],[-48,84],[-4,0],[0,1],[157,30],[13,66],[23,-126],[121,35],[19,7],[4,57],[-2,-112],[18,-3]],[[415,105],[-45,6],[9,31],[-4,0],[-18,-11],[-33,-23]],[[316,190],[6,6],[3,-3],[0,-2],[34,23],[3,-4],[6,4],[-8,9],[13,8],[31,6],[24,0],[19,0],[-1,-5],[0,-3]],[[446,229],[1,-1]],[[447,228],[-4,-4],[-2,-8],[-13,-42],[-13,-69]],[[486,332],[5,-4]],[[491,328],[7,-5],[-11,0],[2,-17]],[[489,306],[-8,0],[0,-12],[2,-3],[0,-4],[-14,0],[1,-4],[6,-14],[-1,-7],[21,0],[-3,-7]],[[493,255],[-12,-10],[-1,-4],[0,-4]],[[480,237],[-11,-1],[-22,-9]],[[447,227],[-1,2]],[[365,368],[51,-6],[5,1],[12,2],[3,0],[27,-14],[23,-19]],[[512,319],[2,-13]],[[514,306],[-25,0]],[[491,328],[-1,1]],[[490,329],[10,6],[3,0],[-1,-5],[8,0],[2,-11]],[[525,224],[-7,2],[-13,9],[-7,2]],[[498,237],[-18,0]],[[493,255],[12,7],[9,3],[5,3],[5,6],[8,12]],[[532,286],[4,5]],[[536,291],[5,7]],[[541,298],[7,9]],[[548,307],[2,-1],[6,-3],[4,-3],[-3,-7],[-3,-4],[-2,-6],[-1,0],[-4,-19],[-1,0],[-1,-15],[-4,2],[-2,-10],[-7,-1],[-7,-16]],[[559,324],[-9,-14]],[[550,310],[-9,-12]],[[536,291],[-2,1],[-4,6],[-7,6],[-5,2],[-4,0]],[[512,319],[1,7],[4,6],[19,15],[20,-22],[0,1],[3,-2]],[[536,291],[-4,-5]],[[578,235],[-6,3],[-2,-5]],[[570,233],[-12,4],[0,-5],[-4,1],[-1,-13],[1,-3],[0,-3]],[[554,214],[0,0],[-3,1]],[[551,215],[-26,9]],[[548,307],[2,3]],[[559,324],[11,15],[12,9]],[[582,348],[40,-18],[32,0],[-1,-7],[-3,-4],[-10,-17],[5,-2],[-1,-3],[-5,3],[-2,-3],[4,-8],[-47,-21],[-6,7],[-9,-30],[-1,-10]],[[490,329],[-4,3]],[[356,450],[22,-2],[117,-11],[-18,50],[18,1],[5,-3],[4,-45],[12,-9],[1,-1],[3,0],[6,5],[3,2],[2,0],[6,-2],[2,0],[6,5],[6,2],[15,-10],[4,-4],[8,-13],[8,-2],[35,-2],[-8,-36],[-27,6],[-4,-33]],[[582,221],[-1,0],[0,-4],[-10,2],[0,0],[-1,-2],[-1,0],[0,3],[-5,-1],[-1,2],[1,0],[-1,2],[6,2],[1,1],[1,3],[-2,1],[1,3]],[[578,235],[6,-2],[-2,-12]],[[498,237],[-3,-16],[24,-10],[-1,-4],[2,-1],[5,2],[5,1],[-4,-15],[1,-3]],[[527,191],[-5,-2],[-3,0],[-3,0],[-5,2],[-2,-4]],[[509,187],[-3,-10],[-3,-23]],[[503,154],[-3,-24]],[[500,130],[-4,-36]],[[496,94],[-81,11]],[[447,228],[0,-1]],[[529,90],[-33,4]],[[500,130],[37,-4]],[[537,126],[-5,-32],[-3,-4]],[[539,192],[-8,1],[-4,-2]],[[551,215],[-2,-17],[-1,0],[-1,-8],[-8,2]],[[537,126],[4,24]],[[541,150],[4,24],[-1,0]],[[544,174],[2,9]],[[546,183],[5,-1],[3,-2],[4,3],[20,8]],[[578,191],[17,-40],[3,-3],[-1,-1],[6,-5],[1,-9],[56,-27],[-20,-51],[-111,35]],[[503,154],[7,-1],[10,4]],[[520,157],[3,0]],[[523,157],[0,-1],[0,-4],[18,-2]],[[520,176],[1,-1],[-4,-8],[5,-4],[2,1],[8,3]],[[532,167],[0,-2]],[[532,165],[2,-4],[0,0],[-11,-4]],[[523,157],[-3,0]],[[509,187],[8,-3],[-3,-7],[5,-2],[1,1]],[[532,165],[-1,4]],[[531,169],[-1,4]],[[530,173],[7,3],[7,-2]],[[539,192],[-2,-8]],[[537,184],[-7,-2],[1,-2],[-3,-1]],[[528,179],[-1,2],[-4,-2],[-3,-3]],[[554,214],[16,-4]],[[570,210],[8,-19]],[[546,183],[-9,1]],[[582,221],[0,-4],[0,0],[-2,-7],[-7,-1],[-3,1]],[[528,179],[2,-6]],[[531,169],[1,-2]],[[530,173],[-2,6]]],"objects":{"64":{"type":"GeometryCollection","geometries":[{"arcs":[[0,1,2,3]],"type":"Polygon","properties":{"WARD":"74802001","PROVINCE":"Gauteng","CAT_B":"GT482","MUNICNAME":"Randfontein Local Municipality","WARDNO":1,"VOTERS":3976,"Area":272.433347874,"Shape_Leng":0.918123278724,"Shape_Area":0.0245993820952,"ID":3012,"POPULATION":10950,"DENSITY":40.19331732128608}},{"arcs":[[4,-3,5,6,7]],"type":"Polygon","properties":{"WARD":"74802002","PROVINCE":"Gauteng","CAT_B":"GT482","MUNICNAME":"Randfontein Local Municipality","WARDNO":2,"VOTERS":4065,"Area":23.8588919984,"Shape_Leng":0.241931633756,"Shape_Area":0.00215516453361,"ID":3013,"POPULATION":11794,"DENSITY":494.3230390074659}},{"arcs":[[8,9,10,11,12,13,-6,-2,14]],"type":"Polygon","properties":{"WARD":"74802003","PROVINCE":"Gauteng","CAT_B":"GT482","MUNICNAME":"Randfontein Local Municipality","WARDNO":3,"VOTERS":3587,"Area":43.883304295,"Shape_Leng":0.338477053399,"Shape_Area":0.00396230591012,"ID":3014,"POPULATION":6329,"DENSITY":144.22341484255816}},{"arcs":[[15,16,-10,17,18]],"type":"Polygon","properties":{"WARD":"74802004","PROVINCE":"Gauteng","CAT_B":"GT482","MUNICNAME":"Randfontein Local Municipality","WARDNO":4,"VOTERS":4049,"Area":1.16357755463,"Shape_Leng":0.0490687625686,"Shape_Area":0.000105051043785,"ID":3015,"POPULATION":4275,"DENSITY":3674.0138059464243}},{"arcs":[[19,20,-12,21,22,23,24,25]],"type":"Polygon","properties":{"WARD":"74802005","PROVINCE":"Gauteng","CAT_B":"GT482","MUNICNAME":"Randfontein Local Municipality","WARDNO":5,"VOTERS":3693,"Area":5.10661630263,"Shape_Leng":0.11231357735,"Shape_Area":0.000461136378145,"ID":3016,"POPULATION":4866,"DENSITY":952.8814603701323}},{"arcs":[[26,27,-24,28,-16,29]],"type":"Polygon","properties":{"WARD":"74802006","PROVINCE":"Gauteng","CAT_B":"GT482","MUNICNAME":"Randfontein Local Municipality","WARDNO":6,"VOTERS":4812,"Area":3.03546107934,"Shape_Leng":0.0666575136956,"Shape_Area":0.000274048288873,"ID":3017,"POPULATION":6698,"DENSITY":2206.584049318908}},{"arcs":[[30,-22,-11,-17,-29]],"type":"Polygon","properties":{"WARD":"74802007","PROVINCE":"Gauteng","CAT_B":"GT482","MUNICNAME":"Randfontein Local Municipality","WARDNO":7,"VOTERS":1904,"Area":4.54385446266,"Shape_Leng":0.0885464469835,"Shape_Area":0.000410282137257,"ID":3018,"POPULATION":7879,"DENSITY":1733.9903962037522}},{"arcs":[[31,32,33,34,-26,35,-27,36,37]],"type":"Polygon","properties":{"WARD":"74802008","PROVINCE":"Gauteng","CAT_B":"GT482","MUNICNAME":"Randfontein Local Municipality","WARDNO":8,"VOTERS":3440,"Area":15.1203676056,"Shape_Leng":0.208583931057,"Shape_Area":0.00136524133604,"ID":3019,"POPULATION":10027,"DENSITY":663.1452529160988}},{"arcs":[[-37,-30,-19,38,-15,-1,39]],"type":"Polygon","properties":{"WARD":"74802009","PROVINCE":"Gauteng","CAT_B":"GT482","MUNICNAME":"Randfontein Local Municipality","WARDNO":9,"VOTERS":3884,"Area":52.3160091952,"Shape_Leng":0.410314992355,"Shape_Area":0.00472190885688,"ID":3020,"POPULATION":9755,"DENSITY":186.46299956868694}},{"arcs":[[40,-32,41]],"type":"Polygon","properties":{"WARD":"74802010","PROVINCE":"Gauteng","CAT_B":"GT482","MUNICNAME":"Randfontein Local Municipality","WARDNO":10,"VOTERS":2907,"Area":0.519949181752,"Shape_Leng":0.0332728278013,"Shape_Area":0.000046957839193,"ID":3021,"POPULATION":4090,"DENSITY":7866.153354099913}},{"arcs":[[42,43,44,45,46,47,-8,48,-13,-21]],"type":"Polygon","properties":{"WARD":"74802011","PROVINCE":"Gauteng","CAT_B":"GT482","MUNICNAME":"Randfontein Local Municipality","WARDNO":11,"VOTERS":3093,"Area":21.3025118092,"Shape_Leng":0.195769502908,"Shape_Area":0.00192430346189,"ID":3022,"POPULATION":3932,"DENSITY":184.57917241016958}},{"arcs":[[49,-47,50,51]],"type":"Polygon","properties":{"WARD":"74802012","PROVINCE":"Gauteng","CAT_B":"GT482","MUNICNAME":"Randfontein Local Municipality","WARDNO":12,"VOTERS":3426,"Area":2.72072171076,"Shape_Leng":0.0620785670638,"Shape_Area":0.000245817502475,"ID":3023,"POPULATION":6403,"DENSITY":2353.4196734187126}},{"arcs":[[52,-43,-20,-35,53]],"type":"Polygon","properties":{"WARD":"74802013","PROVINCE":"Gauteng","CAT_B":"GT482","MUNICNAME":"Randfontein Local Municipality","WARDNO":13,"VOTERS":3407,"Area":2.30722620499,"Shape_Leng":0.0787978279758,"Shape_Area":0.000208381033812,"ID":3024,"POPULATION":7397,"DENSITY":3206.014210484429}},{"arcs":[[-52,54,55,56,57,58]],"type":"Polygon","properties":{"WARD":"74802014","PROVINCE":"Gauteng","CAT_B":"GT482",