{"type":"Topology","transform":{"scale":[0.0004554946788432548,0.0004558277496961805],"translate":[27.525209996000058,-26.617740002999938]},"arcs":[[[498,561],[6,-48],[14,-77],[-27,0],[-8,-41],[-28,-2],[-11,16],[-31,-24],[-8,-27],[10,-76],[-9,-90],[-75,13],[-1,-6],[0,-4],[2,-5],[6,-12],[-6,-5],[5,-48],[-7,-28],[-14,-63],[-3,-18],[-18,14],[-4,-30],[-73,19],[-99,3],[7,26],[-81,47],[129,-38],[1,76],[17,53],[-21,5],[9,86],[42,-5],[7,75],[1,15]],[[230,362],[8,116]],[[238,478],[36,-7],[-2,11],[40,2],[2,13],[11,43],[1,41],[11,42]],[[337,623],[4,1]],[[341,624],[29,1],[1,-5],[24,8]],[[395,628],[77,24],[-2,-20],[54,3],[-3,-10],[6,3],[-12,-48],[-13,-7],[-4,-12]],[[238,499],[0,-16],[0,-5]],[[230,362],[-12,17],[-24,4],[4,-14],[-8,-3],[-56,-5],[-12,-3],[-52,-4],[-12,33],[-3,2],[-2,-9],[-14,26],[0,2],[-17,-3],[1,1],[-1,1],[0,1],[7,5],[15,6],[-6,14],[-12,32],[0,8],[7,32],[22,2],[0,0],[0,3],[-1,5],[0,4],[0,2],[2,5],[1,9],[-2,7],[0,2],[-1,8],[0,4]],[[54,556],[116,-6],[2,0],[3,-2],[2,2],[4,2],[5,-8],[52,-1],[0,-44]],[[139,453],[7,-17],[16,12],[3,3],[1,1],[1,0],[10,-6],[4,-2],[4,0],[0,22],[0,1],[2,4],[2,3],[2,1],[-1,1],[-17,4],[-7,-3],[1,4],[0,4],[-5,-2],[-1,-1],[-2,0],[-1,0],[1,3],[1,4],[-1,2],[-5,-2],[-4,-3],[-10,-14],[-1,-3],[-2,-8],[0,-3],[2,-5]],[[261,643],[-21,-6],[3,3],[-1,1],[7,26],[40,3]],[[289,670],[0,-1],[-2,-1],[-3,-2],[-2,0],[0,-9],[0,-2],[-1,-3],[-5,0],[1,-2],[0,-3],[1,-1],[1,0],[0,-3],[-18,0]],[[296,785],[-17,-12],[-1,0],[-8,-1],[-8,-1],[-1,-1],[-2,-1],[-1,-2],[0,-1],[2,-3],[0,-1],[3,-5],[0,-2],[0,-2],[-8,-17],[2,-12],[16,7],[16,0],[2,-1]],[[291,730],[2,-4],[10,-8],[5,2],[-4,-8],[-3,0],[-3,-35]],[[298,677],[-10,-1],[0,-2],[-2,-1],[3,-2],[0,-1]],[[261,643],[11,-53],[-20,-7],[1,-4],[0,-5],[5,-80],[-3,-1],[-1,2],[-1,6],[-15,-2]],[[54,556],[-1,3],[0,1],[3,6],[1,11],[-7,25],[-50,-9],[2,98],[10,-1],[15,65],[16,4],[1,11],[63,9],[3,-9],[58,13],[-3,9],[14,0],[23,15],[10,6],[11,6],[5,4],[4,0],[-8,-29],[43,-5],[29,-4]],[[330,662],[-4,-39],[11,0]],[[298,677],[34,2],[0,-5]],[[332,674],[-2,-12]],[[330,662],[2,10]],[[332,672],[17,1],[0,-1],[6,0],[3,-2],[2,0],[0,0],[0,0],[0,-1],[2,-2],[1,-2],[1,0],[0,-3],[6,1],[3,-2],[-16,-16],[1,-3],[-6,0],[-9,-16],[-2,-2]],[[332,672],[0,2]],[[332,674],[55,25]],[[387,699],[22,3],[-23,-23],[1,-3],[9,0],[-1,-25],[0,-1],[-1,-5],[0,-9],[0,-6],[1,-2]],[[392,746],[-9,5],[-4,-6],[-2,-2],[-2,0],[0,0],[0,0],[0,-1]],[[375,742],[-5,4],[2,-9]],[[372,737],[-5,-2],[0,-2],[-5,-2],[-4,-1]],[[358,730],[-6,2],[-4,-4],[-10,1],[-1,-7],[-4,1],[-8,-1],[-9,0],[-13,3],[-12,5]],[[296,785],[82,-11],[23,-7]],[[401,767],[-8,-6],[-2,-3],[-1,-3],[0,-5],[0,-2],[2,-2]],[[392,746],[7,-4]],[[399,742],[-4,-7],[-2,0],[0,-1]],[[393,734],[-2,0],[-1,0]],[[390,734],[-1,2],[-3,2],[0,-1],[-8,3],[1,1],[-4,1]],[[390,734],[-3,-2],[-5,-2],[-2,-3],[-3,-1]],[[377,726],[-3,5],[2,0],[-1,3],[-2,0],[-1,3]],[[434,721],[-3,6],[-11,-6],[-20,0]],[[400,721],[0,2],[-3,0],[0,2],[7,0],[0,1],[-1,0],[0,3],[-4,1],[0,1],[-1,1],[1,2],[6,-1],[1,1],[1,3],[-3,2],[0,0],[-5,3]],[[401,767],[81,-25]],[[482,742],[-48,-21]],[[400,721],[-8,0],[0,11],[1,2]],[[377,726],[-18,-8],[-1,4],[1,0],[-1,6],[-2,0],[2,2]],[[434,721],[-40,-18],[-7,-4]],[[482,742],[-2,-17],[72,4],[14,-41],[15,0],[5,37],[47,4],[1,1],[2,0],[0,-1],[1,-3],[0,-36],[14,-2],[0,-1],[6,-72],[-31,10],[3,-69],[-131,5]]],"objects":{"65":{"type":"GeometryCollection","geometries":[{"arcs":[[0,1,2,3,4,5]],"type":"Polygon","properties":{"WARD":"74803001","PROVINCE":"Gauteng","CAT_B":"GT483","MUNICNAME":"Westonaria Local Municipality","WARDNO":1,"VOTERS":3333,"Area":278.512769682,"Shape_Leng":1.03217508724,"Shape_Area":0.0252084958579,"ID":3034,"POPULATION":7490,"DENSITY":26.892842322999854}},{"arcs":[[6,-2,7,8],[9]],"type":"Polygon","properties":{"WARD":"74803002","PROVINCE":"Gauteng","CAT_B":"GT483","MUNICNAME":"Westonaria Local Municipality","WARDNO":2,"VOTERS":3470,"Area":78.7618071149,"Shape_Leng":0.477651263491,"Shape_Area":0.00712534885952,"ID":3035,"POPULATION":8890,"DENSITY":112.87196581245287}},{"arcs":[[-10]],"type":"Polygon","properties":{"WARD":"74803003","PROVINCE":"Gauteng","CAT_B":"GT483","MUNICNAME":"Westonaria Local Municipality","WARDNO":3,"VOTERS":2564,"Area":3.91020327639,"Shape_Leng":0.0914745795931,"Shape_Area":0.000353736221286,"ID":3036,"POPULATION":2724,"DENSITY":696.63897435912}},{"arcs":[[10,11]],"type":"Polygon","properties":{"WARD":"74803004","PROVINCE":"Gauteng","CAT_B":"GT483","MUNICNAME":"Westonaria Local Municipality","WARDNO":4,"VOTERS":3836,"Area":2.16870132774,"Shape_Leng":0.0688719928755,"Shape_Area":0.000196046333438,"ID":3037,"POPULATION":5028,"DENSITY":2318.438198790458}},{"arcs":[[12,13,14,-11,15,-9,16]],"type":"Polygon","properties":{"WARD":"74803005","PROVINCE":"Gauteng","CAT_B":"GT483","MUNICNAME":"Westonaria Local Municipality","WARDNO":5,"VOTERS":2799,"Area":136.467925224,"Shape_Leng":0.616277904542,"Shape_Area":0.0123357809268,"ID":3038,"POPULATION":5059,"DENSITY":37.07098200325168}},{"arcs":[[17,-3,-7,-16,-12,-15,18,19]],"type":"Polygon","properties":{"WARD":"74803006","PROVINCE":"Gauteng","CAT_B":"GT483","MUNICNAME":"Westonaria Local Municipality","WARDNO":6,"VOTERS":3086,"Area":29.0626868823,"Shape_Leng":0.28192490037,"Shape_Area":0.0026280439179,"ID":3039,"POPULATION":7791,"DENSITY":268.0756955319551}},{"arcs":[[-4,-18,20,21]],"type":"Polygon","properties":{"WARD":"74803007","PROVINCE":"Gauteng","CAT_B":"GT483","MUNICNAME":"Westonaria Local Municipality","WARDNO":7,"VOTERS":3555,"Area":3.2024280139,"Shape_Leng":0.0758319245336,"Shape_Area":0.000289497761807,"ID":3040,"POPULATION":8563,"DENSITY":2673.9086601892905}},{"arcs":[[-5,-22,22,23,24]],"type":"Polygon","properties":{"WARD":"74803008","PROVINCE":"Gauteng","CAT_B":"GT483","MUNICNAME":"Westonaria Local Municipality","WARDNO":8,"VOTERS":3657,"Area":6.54159572627,"Shape_Leng":0.154162934574,"Shape_Area":0.00059133697898,"ID":3041,"POPULATION":9788,"DENSITY":1496.2710032191321}},{"arcs":[[25,26,27,28,-13,29,30]],"type":"Polygon","properties":{"WARD":"74803009","PROVINCE":"Gauteng","CAT_B":"GT483","MUNICNAME":"Westonaria Local Municipality","WARDNO":9,"VOTERS":3776,"Area":14.3309155371,"Shape_Leng":0.177399936544,"Shape_Area":0.00129499710077,"ID":3042,"POPULATION":6210,"DENSITY":433.32890937243315}},{"arcs":[[31,32,33,34,-26]],"type":"Polygon","properties":{"WARD":"74803010","PROVINCE":"Gauteng","CAT_B":"GT483","MUNICNAME":"Westonaria Local Municipality","WARDNO":10,"VOTERS":2694,"Area":0.458308141428,"Shape_Leng":0.029799638378,"Shape_Area":0.00004141627634,"ID":3043,"POPULATION":7740,"DENSITY":16888.20097300399}},{"arcs":[[35,36,-27,-35]],"type":"Polygon","properties":{"WARD":"74803011","PROVINCE":"Gauteng","CAT_B":"GT483","MUNICNAME":"Westonaria Local Municipality","WARDNO":11,"VOTERS":2607,"Area":0.391322418185,"Shape_Leng":0.0313275939018,"Shape_Area":0.000035363854735,"ID":3044,"POPULATION":4846,"DENSITY":12383.650347650218}},{"arcs":[[37,38,-32,-31,39,40]],"type":"Polygon","properties":{"WARD":"74803012","PROVINCE":"Gauteng","CAT_B":"GT483","MUNICNAME":"Westonaria Local Municipality","WARDNO":12,"VOTERS":2922,"Area":5.33412880553,"Shape_Leng":0.118306568201,"Shape_Area":0.000482033391752,"ID":3045,"POPULATION":8082,"DENSITY":1515.1490139535488}},{"arcs":[[41,-33,-39]],"type":"Polygon","properties":{"WARD":"74803013","PROVINCE":"Gauteng","CAT_B":"GT483","MUNICNAME":"Westonaria Local Municipality","WARDNO":13,"VOTERS":3217,"Area":0.383403444354,"Shape_Leng":0.0367786278793,"Shape_Area":0.00003464879043,"ID":3046,"POPULATION":6221,"DENSITY":16225.727993867715}},{"arcs":[[42,-28,-37]],"type":"Polygon","properties":{"WARD":"74803014","PROVINCE":"Gauteng","CAT_B":"GT483","MUNICNAME":"Westonaria Local Municipality","WARDNO":14,"VOTERS":3219,"Area":0.477269092425,"Shape_Leng":0.0307178912152,"Shape_Area":0.000043132129379,"ID":3047,"POPULATION":6981,"DENSITY":14626.968539968933}},{"arcs":[[-38,43,-24,-19,-14,-29,-43,-36,-34,-42]],"type":"Polygon","properties":{"WARD":"74803015","PROVINCE":"Gauteng","CAT_B":"GT483",