{"type":"Topology","transform":{"scale":[0.0003758476214285464,0.00035506844169833855],"translate":[27.15634000000006,-26.649467999999956]},"arcs":[[[983,938],[-10,6],[-6,3],[-19,1],[-4,-1],[-17,-5],[-35,-17],[-5,-1],[-82,-19],[-19,-7],[-58,-12],[-14,-3]],[[714,883],[-60,-14],[-5,-2],[-2,1],[-25,-6]],[[622,862],[-4,12],[-10,41],[-6,0],[-12,4],[-15,-1],[-4,-2],[-8,-5],[-3,-1],[-26,-6],[-5,-2],[-3,14],[-4,0],[-4,-3],[-6,-4],[-8,-3],[-6,-3],[8,-40],[3,-27]],[[509,836],[6,-35],[-18,-6]],[[497,795],[-13,30],[0,0]],[[484,825],[-3,6],[-3,-1],[-24,6],[-2,2],[4,3],[-2,3],[-1,-1],[-2,2],[-2,-2],[-3,4],[22,14],[-7,17]],[[461,878],[-5,10],[10,3],[-2,9],[16,6],[-6,12]],[[474,918],[-19,31]],[[455,949],[-2,4],[-1,-1],[-1,1],[-33,-19]],[[418,934],[-4,-2],[0,-2]],[[414,930],[-13,-8],[-2,5],[-22,-14],[-18,-13],[-18,-20],[14,-58],[2,-16],[-12,1],[-8,2],[-5,0]],[[332,809],[-9,-1],[-36,-39],[-23,12],[-16,-2],[36,-63]],[[284,716],[4,-8]],[[288,708],[-13,-16],[23,-61],[31,-75],[12,-31],[16,-35]],[[357,490],[-8,-2],[-11,-4],[-33,-16],[-50,-35],[-55,-27]],[[200,406],[-21,151],[3,0],[0,22],[-98,186],[113,102],[12,9],[65,41],[41,27],[10,4],[55,24],[21,15],[61,48],[-3,10],[-24,66],[-30,84],[-46,227],[29,-4],[22,-5],[0,1],[127,-20],[9,109],[154,-5],[8,80],[124,-9],[56,-100],[-30,-142],[-13,-66],[-21,3],[7,-47],[8,-78],[27,-111],[118,-51],[-1,-39]],[[409,909],[-2,-2],[0,-1],[-12,-3],[0,-8],[-2,-2],[0,-1]],[[393,892],[-22,-8],[2,-6],[1,-7],[-1,-10],[8,-8],[0,1],[1,5],[1,0],[0,1],[12,0],[0,6]],[[395,866],[21,15]],[[416,881],[4,-2],[2,-4],[2,1],[2,-4],[4,1],[-2,5],[3,1],[3,0],[0,-1],[1,0],[-1,-4],[1,-2],[8,3]],[[443,875],[2,1],[3,-9],[9,2],[1,6],[3,3]],[[484,825],[-76,-34],[-50,-22],[-1,-1],[-1,2],[-1,0],[-7,-3],[-1,2],[-3,17],[-12,23]],[[414,930],[6,-15],[-6,-2],[-3,-2],[-2,-2]],[[414,906],[2,1],[4,-8],[-10,-4],[6,-14]],[[395,866],[0,9],[4,1],[4,3],[-2,3],[0,5],[2,1],[-2,5],[-8,-2],[0,1]],[[409,909],[2,-4],[3,1]],[[654,683],[-11,-4],[-7,12],[-1,9],[-9,-1],[-6,0],[0,-11],[-21,-6],[4,7],[-1,3],[-1,5],[-23,-4],[0,1],[-5,-2],[-2,6]],[[571,698],[-2,3],[2,1],[-4,9],[-10,1],[1,1],[12,10],[4,6],[37,11],[-2,4],[6,3],[3,2],[14,-5]],[[632,744],[-2,-4]],[[630,740],[-4,-11],[4,-2],[10,-9],[4,-5],[4,-3],[4,-2],[4,0],[1,-1],[0,-3],[0,-7],[2,-3],[0,-3],[2,-3],[-7,-5]],[[437,903],[1,-4],[-3,-1],[0,-2],[-7,-3],[4,-10],[5,2],[3,-5],[2,-2],[1,-3]],[[414,906],[0,2],[1,1],[8,3],[1,-3],[-2,0],[1,-4],[9,3],[4,-5],[1,0]],[[437,903],[8,3],[-1,3],[-2,-1],[0,2],[0,3],[-1,0],[0,1]],[[441,914],[1,0],[0,1],[2,1],[6,3],[2,0],[3,1],[2,-1],[4,3],[3,-1],[1,-1],[3,-4],[3,2],[3,0]],[[435,923],[4,-6],[0,-3],[2,0]],[[418,934],[3,-7],[1,1],[2,-5],[-1,-1],[2,-4],[10,5]],[[455,949],[-3,-2],[-1,-2],[-1,1],[-11,-6],[0,-2],[4,-6],[-1,-1],[2,-3],[-3,-3],[1,-1],[-3,1],[-4,-2]],[[607,603],[14,-48],[4,-14]],[[625,541],[-6,-1],[-2,0],[-1,-3],[-3,-4],[-10,-7],[-1,-1]],[[602,525],[-2,-1]],[[600,524],[-4,-1]],[[596,523],[-1,0],[-1,3],[-1,9],[-17,4],[-4,-1],[-10,-2],[-3,0],[-2,1],[-4,4],[-2,2],[-3,1],[0,1],[-2,-1],[-5,2],[-1,0],[-1,1],[-4,1],[-2,3],[-4,-1],[-2,0],[-4,4]],[[523,554],[15,17],[10,18]],[[548,589],[10,-3],[5,7],[5,-2],[1,1],[2,0],[7,0],[0,1],[6,-2],[1,3],[5,4],[17,5]],[[522,663],[16,-42],[0,0],[0,-10],[5,-8],[7,0],[3,-3],[-5,-11]],[[523,554],[-8,-11],[-12,5],[-17,-15],[-11,-4],[-12,-7],[-32,-7],[-9,-3],[-10,-4],[-16,-10],[-29,-8],[-10,0]],[[288,708],[-4,8]],[[497,795],[0,-2]],[[497,793],[2,-28],[1,-11],[1,-15],[1,-24],[20,-52]],[[855,700],[-113,-39],[1,-2]],[[743,659],[-5,4],[-16,23],[-36,-12],[-20,-6]],[[666,668],[-3,1],[-1,5],[-2,4],[-2,2],[-4,3]],[[630,740],[2,4]],[[632,744],[0,3],[-1,20],[12,3]],[[643,770],[39,9],[-5,7],[-2,7],[0,3],[0,4],[2,7],[6,8]],[[683,815],[10,13],[4,-2],[3,8],[5,-2],[12,27],[5,2],[1,7],[-7,1],[-2,14]],[[983,938],[0,-2]],[[983,936],[-52,-74],[2,0],[4,-4],[3,0],[-1,-12],[1,0],[0,-23],[2,-5],[-11,-5],[-9,-2],[-75,5],[-9,-9],[4,-4],[12,-20],[5,-13],[4,-19],[6,-12],[-3,-2],[4,-9],[-1,-9],[-5,-3],[-15,-2],[0,-1],[-7,-1],[1,-1],[4,-1],[5,-3],[0,-4],[3,-3]],[[900,523],[-2,-4],[-1,-4],[1,-13],[-3,0],[-13,3],[-5,2],[-4,4],[-2,0],[-4,-1],[-3,-3],[-53,-5],[1,-5],[-4,-8],[-3,-3],[1,-4],[-2,-5],[0,-3],[2,-2],[0,-3],[2,-3],[0,-2],[0,-1],[0,-2],[1,-2],[-1,-2],[0,-2],[-2,-1],[1,-2],[-1,-3],[1,-3],[-2,-4],[1,-2],[1,-4],[-1,-1],[0,-4],[-2,-3],[1,-1],[0,-3],[0,-1],[0,-1]],[[805,422],[-2,-1],[0,-12]],[[803,409],[0,-35],[-2,-67],[-103,35]],[[698,342],[-27,40],[-15,13],[-23,116]],[[633,511],[-4,18],[-4,12]],[[607,603],[66,21],[7,-4],[6,-2],[5,1],[3,1],[6,1],[6,2],[3,-1],[6,2],[2,0],[1,-1],[2,1],[1,3],[6,6],[1,-2],[2,1],[1,6],[-3,-2],[-4,1],[-1,1],[-1,-1],[0,-2],[-4,0],[-11,8],[-1,0],[-10,-8],[-3,-1],[-4,1],[-12,7],[-8,-3],[-3,7],[6,2],[-2,6],[3,2],[1,2],[-1,1],[1,2],[-1,2],[-7,5]],[[743,659],[11,-5],[6,-1],[4,0],[17,6],[5,0],[5,-1],[7,-4],[6,-5],[14,-21],[3,-2],[6,-2],[3,-2],[9,-12],[4,-3],[22,-9],[4,-4],[2,-5],[1,-22],[1,-7],[12,-17],[15,-20]],[[1021,738],[-152,-33],[-14,-5]],[[983,936],[-2,-85],[61,11],[9,-32],[-2,-14],[-3,-7],[1,-5],[1,-18],[2,-10],[-1,-12],[-2,-6],[0,-3],[0,-5],[1,-10],[-27,-2]],[[895,727],[23,0],[1,1],[-2,3],[0,5],[2,1],[-2,6],[-17,-4],[-2,-7],[-3,-5]],[[643,770],[-2,8],[-6,12],[-3,-1],[-5,6],[-7,6],[-5,7],[-4,12]],[[611,820],[-2,13],[13,4]],[[622,837],[2,-13],[3,1],[4,-3],[1,-4],[2,-3],[7,2],[8,-2],[-1,-3],[2,-2],[1,-3],[0,-3],[-1,-3],[2,-1],[30,17],[1,-2]],[[622,862],[4,-17],[4,1],[1,-4],[-4,-1],[0,-2],[-5,-2]],[[611,820],[-9,-3],[-7,5],[-3,7],[-12,-4],[-5,26],[-66,-15]],[[596,523],[4,1]],[[600,524],[0,1]],[[600,525],[0,-1],[1,0],[-1,-1],[2,0],[0,-2],[2,-1],[2,0],[3,1],[2,0],[2,0],[1,0],[4,-4],[1,-2],[1,-5],[1,-2],[2,0],[4,2],[6,1]],[[698,342],[50,-79],[-127,-123],[-12,-13]],[[609,127],[-44,72],[-8,14],[-72,6],[1,-18],[-14,-26],[-6,-8],[34,-65],[-109,-23],[-11,-2],[-3,0],[-2,1],[-1,2],[0,2],[-10,-5],[-9,0],[-10,2],[-1,-1],[-1,0],[0,-2],[-3,1],[2,-3],[1,-2],[2,-2],[-1,-1],[-11,0],[-4,-2],[-1,0],[0,0],[0,2],[-1,1],[0,-2],[-2,0],[1,-3],[0,0],[-3,0],[-1,1],[-1,0],[1,-2],[0,-4],[-1,-2],[-2,-2],[-5,-1],[1,-3],[-4,-3],[-3,2],[2,1],[-3,2],[-1,-2],[-2,-1],[-2,-2],[-2,-2],[-2,0],[-3,1],[1,4],[-1,1],[-1,0],[0,-2],[-2,-1],[-1,-2],[-3,2],[-2,-1],[-3,-2],[-1,-2],[-2,0],[0,0],[0,2],[-1,0],[-1,3],[-1,1],[-1,0],[-7,2],[-1,-1],[2,-1],[-1,-2],[-2,0],[0,-1],[-5,1],[-3,-1],[-2,-1],[-2,-3],[-4,0],[2,-1],[0,-1],[-2,0],[-3,-1],[0,2],[0,0],[-2,-5],[-3,0],[0,1],[1,2],[-1,2],[-1,0],[-5,-3],[-3,1],[-1,-2],[-4,-1],[-1,-1],[-19,50],[-4,65],[3,2],[-16,67],[-122,-10],[0,32],[-22,39],[-19,-6],[-23,73],[-6,3],[59,10],[26,-14],[0,2],[-15,14],[42,6],[11,4],[26,5],[51,27]],[[1036,211],[6,25],[-68,39],[-32,-7],[-49,-23],[-15,114],[-12,-1],[-9,31],[48,16],[3,5],[-1,2],[-3,-2],[-4,2],[-13,-2]],[[887,410],[0,3],[1,1],[0,0],[1,-2],[1,0],[0,1],[-3,9],[7,3],[-1,16],[-15,0]],[[878,441],[-1,37],[25,0],[0,4],[4,3],[3,2],[-1,3],[15,7],[-3,5],[-5,7],[-15,14]],[[1021,738],[-8,-41],[1,-11],[14,-41],[6,-18],[-17,-8],[-8,-6],[-1,-4],[20,4],[1,-3],[16,-33],[4,11],[2,-2],[15,-42],[64,5],[14,4],[68,6],[10,4],[-5,19],[28,-6],[15,-22],[-10,-116],[-51,7],[-10,-110],[25,-7],[-20,-68],[-2,-98],[-156,49]],[[1036,211],[98,-60],[-36,-144],[-166,2],[-138,45],[-53,-4],[-5,-12],[-19,-38],[-8,5],[-118,104],[18,18]],[[803,409],[6,-1],[0,-9],[2,-2],[5,-2]],[[816,395],[-2,-2]],[[814,393],[0,0],[0,-9],[12,-1],[6,2],[30,19],[4,11],[15,-3],[1,-1],[3,-1],[1,-1],[1,1]],[[600,525],[2,0]],[[878,441],[-17,0],[2,-25],[-15,6]],[[848,422],[-10,5],[-1,0],[-3,-2],[-4,2],[-7,-1],[-3,1],[-2,0],[1,-1],[-1,-1],[-3,0],[-2,-2],[-5,0],[-3,-1]],[[848,422],[-2,-5],[-8,2],[-1,-1],[2,-2],[4,-3],[-3,-4],[2,-2],[-2,-4],[-8,-5],[-1,2],[-4,2],[-2,-2],[0,-2],[-2,0],[-5,-5],[-2,2],[0,0]],[[814,393],[2,2]],[[522,663],[13,4],[2,3],[5,8],[22,18],[7,2]],[[497,793],[0,2]]],"objects":{"66":{"type":"GeometryCollection","geometries":[{"arcs":[[0,1,2,3,4,5,6,7,8,9,10,11,12,13,14,15]],"type":"Polygon","properties":{"WARD":"74804001","PROVINCE":"Gauteng","CAT_B":"GT484","MUNICNAME":"Merafong City Local Municipality","WARDNO":1,"VOTERS":3017,"Area":528.585610124,"Shape_Leng":1.61562907949,