{"type":"Topology","transform":{"scale":[0.000199037475345178,0.00018654663019390804],"translate":[30.324139943000038,-30.41508994099996]},"arcs":[[[2398,1966],[-8,1],[-18,-13],[-12,-1],[-4,-2],[-7,1],[-2,-4],[-1,-8],[-7,-14],[-2,-2],[-9,-2],[2,-3],[5,-3],[2,1],[0,-2],[12,-7],[1,-2],[-1,-7],[3,-4],[0,-6],[3,-6],[-1,-3],[2,-8],[17,-21],[1,-4],[-4,-5],[-2,-12],[6,-8],[2,-12],[-1,-13],[2,-3],[4,-1],[3,-5],[-1,-3],[-3,-4],[-2,-5],[0,-9],[-7,2],[-11,-3],[-8,-3],[-7,-7],[-11,0],[-7,4],[-4,6],[-2,5],[-6,4],[-26,0],[-21,-8],[-19,-1],[-22,5],[-27,-8],[-3,1],[-24,12],[-17,0],[-12,3],[-10,0],[-2,2],[-2,0],[-5,-2],[-3,-7],[-1,-32],[-8,-4]],[[2113,1736],[-13,-3],[-14,-5],[-11,-8],[-5,-5],[-3,-7],[-1,-6],[4,-19],[-1,-20],[-4,-4],[-4,0],[-2,-1],[-7,-15],[-5,-6],[-4,0],[-6,4],[-23,18],[-24,10],[-27,4],[-12,-5]],[[1951,1668],[-4,0],[-7,14],[-3,3],[-8,1],[-5,-1],[-3,-4],[-2,-7],[-3,-5],[-4,-6],[-1,-5],[-8,-18],[-5,-2],[-12,4],[-4,1],[-17,17],[-14,11],[-19,9],[-23,15],[-4,5],[0,7],[4,20],[-5,19],[-11,10],[-10,7],[-4,1],[-5,0]],[[1774,1764],[-4,30],[2,26],[-9,2],[-4,11],[-8,3],[13,15],[1,12],[-17,10],[-7,-7],[-6,9],[-17,8],[-4,10],[9,19],[0,27],[21,2],[1,45],[7,19],[6,33],[-5,9],[6,29],[-13,4],[9,-2],[8,17],[12,0],[5,-14],[15,7],[7,-3],[4,-25],[57,-4],[12,-10],[35,-6],[17,-9],[13,7],[10,-14],[10,7],[12,1],[9,-7],[17,-8],[2,-33],[12,-3],[4,-13],[7,1],[5,10],[1,-5],[7,-16],[25,2],[0,11],[-4,8],[-16,-3],[-18,29],[-12,5],[-7,25],[37,53],[22,63],[40,15],[11,-9],[18,5],[2,-1],[2,-4],[0,-5],[5,-12],[5,-3],[11,-2],[5,1],[9,8],[14,4],[10,8],[17,7],[5,-3],[9,-11],[12,-3],[6,-3],[9,-1],[11,-2],[4,1],[2,1],[0,4],[-1,6],[5,1],[7,-2],[1,-2],[-2,-4],[-6,-5],[-2,-6],[2,-15],[5,-11],[21,5],[98,-147]],[[2398,1966],[39,-57],[71,-93],[7,-5],[4,-6],[4,-1],[10,-11],[2,-8],[-3,-15],[-5,-10],[-22,-25],[-7,-2],[-3,-3],[-3,-1],[-3,-15],[4,-6],[-2,-4],[-13,-17],[-2,2],[-3,0],[-8,-6],[-5,-8],[-1,-9],[-2,-3],[1,-6],[-45,-66],[-6,-2],[-7,-9],[-5,6],[-5,1],[-3,-4],[-5,-1],[-6,-4],[1,-4],[-3,-6],[-8,-3],[-3,1],[-1,11],[-1,4],[-12,2],[-1,-2],[2,-3],[-2,-1],[-6,3]],[[2342,1580],[-1,11],[-2,2],[-1,5],[-1,3],[-10,5],[-10,1],[-6,2],[-3,3],[-8,-1],[-8,3],[-5,6],[-7,4],[-7,6],[-3,3],[-1,5],[-5,3],[-9,1],[-8,3],[-6,-1],[-6,3],[-4,6],[-8,-1],[-2,1],[-4,3],[-5,19],[-2,3],[-7,3],[-16,1],[-2,2],[-2,6],[-8,1],[-2,2],[-1,4],[-7,3],[-17,11],[-5,0],[-4,7],[-26,18]],[[2342,1580],[-3,3],[-5,2],[0,2],[-3,1],[-73,-164],[-277,30],[-1,-21],[22,7],[15,-1],[7,-8],[14,-13],[17,-4],[11,-16],[18,-11],[12,-5],[10,-9],[6,5],[9,3],[11,-2],[7,-8],[3,-14],[5,-20],[9,-18],[-28,-26],[-9,3],[-13,-1],[-10,-5],[-6,-6],[-15,-10],[-5,-2],[-10,4],[-14,13],[-14,9],[-14,5],[-15,0],[-7,2],[-5,5],[-4,12],[-6,8],[-1,11],[3,16],[-5,10],[-7,8]],[[1971,1375],[2,0],[0,1],[-2,15],[9,9],[-1,13],[-9,2],[-33,-6],[-24,17],[-5,23],[-5,10],[-6,6],[-18,1],[-2,6],[-3,16],[-9,15],[0,7],[4,6],[5,5],[6,16],[21,1],[6,5],[7,-3],[4,0],[3,-1],[4,-8],[2,-14],[8,-5],[5,1],[0,18],[11,137]],[[1971,1375],[-4,1],[-4,-1],[-7,-8],[-4,-8],[-12,-31],[0,-5],[5,-4],[-2,-4],[-2,-1],[-11,-3],[-8,-1],[-21,2],[-17,7],[-8,2],[-15,9],[9,-81],[34,-31],[-54,-57],[-2,-1],[-9,-68],[-116,45],[-42,-13]],[[1681,1124],[-33,123],[-81,-30]],[[1567,1217],[-11,13],[-13,1],[-6,5],[-3,1],[-4,3],[-1,2],[3,4],[-3,7],[9,4],[2,6],[3,2],[2,3],[14,3],[-9,10],[-3,6],[0,4],[5,0],[15,13],[10,4],[1,3],[22,18],[6,8],[0,3],[4,6],[0,3],[-3,4],[-4,2],[-1,6],[1,3],[5,2],[0,4],[-9,-1],[-5,-4],[-11,-3],[-2,-3],[-8,-1],[-8,-6],[-8,-1],[-8,7],[-5,9],[0,4],[-3,4],[1,11],[-3,-3],[-6,-2],[-12,-9],[-14,-4],[-9,-6],[-3,2],[-4,-1],[-4,-2],[-3,0],[0,-10],[-8,-1],[-11,3],[-9,-4],[-10,0],[-3,-2],[-4,1],[-8,-2],[-2,2],[-1,3],[3,6],[0,4],[-2,6],[0,14],[-4,6],[-1,6],[-4,8],[1,6],[6,8],[-2,1],[-1,-1],[-14,0],[-7,-4],[-4,7],[-1,10],[-2,0],[-3,-4],[-9,-9],[-1,-4],[-2,0],[-5,-3],[-5,-1],[-7,-3],[-5,-1],[-3,2],[-4,8],[-1,12],[-3,9],[-14,1],[-5,1],[-2,-2],[-4,0],[-7,-6],[-8,-1],[-1,-2],[0,-4],[-7,-2],[-8,1],[-7,5],[-1,2],[-7,4]],[[1277,1431],[0,3],[-2,1],[-8,1],[-7,5],[-4,10]],[[1256,1451],[7,-1],[9,6],[1,2],[8,8],[1,3],[1,35],[1,7],[5,10],[9,10],[15,13],[10,13],[4,9],[-1,11],[4,13],[11,3],[8,-3],[2,-2],[10,-6],[7,-11],[-2,-10],[14,6],[-4,7],[1,5],[7,-2],[4,5],[-9,16],[8,5],[7,26],[12,2],[8,9],[-9,8],[0,9],[74,48],[35,-4],[60,54],[1,15],[-4,14],[3,16],[-8,9],[1,20],[31,20],[1,1],[7,-19],[24,-6],[10,6],[9,3],[31,-9],[17,5],[4,-6],[-14,-8],[-11,-18],[8,-18],[10,0],[4,-13],[-9,-8],[-24,-34],[4,-10],[30,0],[41,8],[27,15],[-2,20],[9,6]],[[1129,1520],[-26,-61],[-10,0],[-16,-30],[-7,7],[-13,16],[-8,2],[-6,0],[-6,2],[-9,10],[-17,1],[-2,1],[-4,10],[-3,1],[-13,1],[-9,4],[-8,-4],[-4,1],[-3,1],[-2,4],[-7,-3],[-5,3],[-7,-3],[-10,1],[-3,-2],[-5,2],[-2,-1],[-10,-12],[-1,-4],[2,-2],[1,-2],[-5,-6],[1,-2],[3,1],[2,-1],[7,-11],[0,-4],[-2,-5],[3,-5],[-2,-4],[1,-5],[-1,-8],[3,-6],[15,-18],[-1,-2],[2,-3],[-2,-9],[1,-6],[3,-2],[-4,-1],[-3,-2],[-2,-17],[-5,-12],[2,-12],[-2,-4],[-9,-5],[-2,-3],[-18,-31],[21,-13],[11,-3],[5,-6],[6,-14],[4,-14],[26,-45],[-9,-7],[-12,-4],[-8,-8],[-21,-13],[-5,-5],[1,-5],[12,-19],[-2,-6],[-6,-11]],[[924,1107],[-5,6],[-3,1],[-20,-10],[-5,-1],[-9,0],[-4,0],[-3,3],[-5,10],[-1,7],[2,5],[3,3],[7,3],[13,0],[7,1],[2,2],[1,3],[-3,2],[-14,4],[-2,3],[-2,21],[-4,5],[-6,5],[-7,2],[-17,1],[-4,-1],[-7,-10],[-6,1],[-3,3],[-17,34],[-5,7],[-8,8],[-6,10],[0,3],[8,17],[0,2],[-2,1],[-8,-2],[-16,-6],[-8,-2],[-6,2],[-18,9],[-4,-2],[-1,-3],[2,-2],[9,-5],[8,-6],[6,-7],[3,-12],[-3,-16],[-1,-3],[-3,-1],[-24,2],[-7,-1],[-2,-5],[0,-20],[-5,-6],[-5,1],[-4,2],[-9,10],[-12,9],[-4,1],[-3,-3],[-4,-12],[-8,-8],[-2,-3],[1,-12],[5,-13],[-1,-3],[-2,-2],[-5,0],[-19,6],[-44,20],[-13,2],[-4,-1],[-4,-4],[-7,-17],[-5,-4],[-7,-4],[-3,-10],[-6,-4],[-5,0],[-6,7],[-7,5],[-15,1],[-3,0],[-3,-3],[1,-3],[9,-7],[0,-1],[-1,-2],[-6,-1],[-8,1],[-4,-2],[-1,-6],[7,-5],[1,-5],[-2,-6],[-7,-1],[-3,2],[-2,13],[-2,5],[-6,3],[-11,3],[-8,10],[-8,4],[-1,5],[5,10],[1,7],[-1,6],[-4,0],[-2,-1]],[[464,1162],[-2,12],[-2,2],[1,3],[-7,12],[-4,22],[10,1],[15,6],[15,2],[13,5],[5,-2],[6,2],[10,-3],[6,-1],[0,4],[-6,6],[0,3],[15,26],[2,1],[10,-9],[1,-4],[-4,-7],[1,-1],[5,-1],[8,3],[7,10],[19,18],[-3,10],[-3,1],[-1,3],[2,1],[6,-2],[0,6],[3,4],[-2,3],[-14,2],[-4,2],[-5,8],[1,8],[-12,3],[-11,-2],[-13,6],[-6,5],[-3,9],[-4,2],[-4,17],[-1,1],[-5,-1],[-3,3],[0,4],[2,8],[-3,4],[0,5],[-13,17],[-7,1],[-3,3],[3,7],[-2,6],[2,3],[-1,5],[1,9],[-5,1],[-1,5],[-3,4],[-1,7],[-9,6],[-1,3],[145,314],[23,-9],[6,-5],[14,-6],[10,-7],[3,-10],[-4,-9],[0,-3],[5,-10],[4,-21],[15,-11],[7,-2],[7,1],[9,2],[8,5],[7,0],[12,-4],[5,-2],[17,-19],[10,-2],[7,-3],[5,1],[3,2],[2,7],[8,13],[2,5],[0,10],[-2,5],[-12,9],[-8,4],[-7,5],[-1,5],[1,7],[-3,11],[0,4],[3,4],[7,6],[7,1],[4,0],[16,-4],[5,-7],[24,-23],[6,-3],[7,-6],[15,-7],[8,-7],[1,-3],[-2,-3],[-23,-17],[-2,-23],[2,-4],[7,-2],[11,-13],[20,-12],[6,0],[25,-6],[3,0],[3,2],[3,7],[4,4],[4,17],[-2,24],[-5,8],[-8,9],[-1,14],[14,28],[12,8],[1,3],[0,8],[8,8],[6,1],[3,2],[9,-3],[12,-15],[22,-15],[5,-1],[7,1],[8,-4],[12,5],[10,1],[7,-3],[18,-2],[10,-3],[12,-9],[7,-11],[2,-6],[9,-25],[1,-7],[3,-5],[5,-1],[10,3],[5,1],[7,-3],[14,1],[11,-3],[9,-7],[9,-13],[1,-10],[3,-5],[1,-14],[4,-10],[3,-10],[4,-8],[-2,-7],[-4,-4],[-14,-6],[-15,-3],[-9,0],[-6,2],[-3,4],[4,27],[-4,9],[-10,11],[-6,-1],[-2,-2],[-14,-7],[-4,-3],[-16,-3],[-3,0],[-7,2],[-5,5],[-6,1],[-3,2],[-5,-2],[-6,-12],[1,-19],[3,-4],[18,-15],[43,-29],[9,-5]],[[1567,1217],[-152,-56],[-183,-30],[3,34],[3,13],[13,107],[-8,1],[-4,-2],[-5,-1],[-10,2],[-6,-3],[-5,4],[-10,2],[-5,2],[-3,4],[-9,3],[-10,10],[-14,3],[-4,-1],[-7,5],[1,5],[-1,1],[-9,3],[-2,6],[-6,5],[1,3],[-1,6],[1,4],[4,1],[5,6],[0,12],[2,6],[2,1],[11,1],[3,4],[8,6],[8,1],[10,9],[5,2],[2,5],[-1,5],[5,4],[6,1],[0,7],[8,3],[2,3],[2,11],[4,-14],[6,6],[12,-5],[-1,3],[2,1],[4,6],[5,0],[1,5],[3,1],[6,0],[5,-4],[9,-1],[4,-2]],[[1681,1124],[-2,0],[43,-162],[9,-17],[17,-42],[66,-21],[-10,-71],[-18,-20],[-4,6],[0,10],[-1,17],[-7,5],[-7,0],[-12,0],[-7,-4],[-5,-1],[-9,7],[-64,-68],[-64,32]],[[1606,795],[-22,59],[-5,2],[-6,11],[-8,6],[-13,8],[-6,5],[-12,-6],[-12,-6],[-4,0],[-5,2],[-8,-1],[-7,-3],[-5,3],