{"type":"Topology","transform":{"scale":[0.00009767053140096788,0.000104875000000004],"translate":[30.562689943000066,-30.50300006599997]},"arcs":[[[1925,2378],[-17,-23],[-13,16],[-15,6],[-8,-3],[-13,-9],[-11,-6],[-10,-3],[-19,-2],[-6,0],[-6,-1],[-11,2],[-34,-1],[-2,1],[-3,3],[-2,5],[3,26],[1,17],[-2,26],[-2,4],[-10,3],[-24,4],[-7,0],[-8,-4],[-1,-3],[1,-2],[15,-5],[8,-2],[5,-4],[6,-10],[1,-6],[-1,-5],[-4,-6],[-34,-11],[-5,-2],[-6,-5],[-5,-2],[-5,1],[-7,6],[-10,24],[-2,10],[-4,8],[-5,6],[-5,3],[-8,0],[-8,-2],[-5,-4]],[[1627,2428],[-2,-6],[-2,-2],[-4,-1],[-11,0],[-10,5],[-14,5],[-83,15],[-22,2],[-5,0],[-3,-1],[-2,-7],[0,-10],[-1,-3],[-2,-1],[-12,8],[-2,3],[-1,8],[3,5],[6,2],[18,3],[3,4],[-2,5],[-18,21],[-11,21],[-2,7],[0,10],[15,9],[15,5],[6,4],[6,5],[1,3],[-2,4],[-21,7],[-17,9],[-3,2],[-2,5],[1,3],[4,6],[17,14],[13,19],[3,9],[1,9],[0,26],[5,18],[-3,8],[-4,6],[-11,7],[-7,2],[-1,5],[3,4],[-1,3],[7,30],[0,7],[-4,7],[0,5],[2,4],[-2,3],[-11,6],[-8,15],[1,1],[3,2],[13,5],[5,8]],[[1472,2806],[296,-197],[119,-138],[27,-63],[11,-30]],[[1627,2428],[6,1],[6,-2],[2,-4],[0,-4],[-4,-5],[-18,-6],[-6,-4],[-2,-5],[3,-9],[-4,-11],[-4,-5],[-9,-7]],[[1597,2367],[-6,-3],[-9,-3],[-15,0],[-9,-2],[-33,-20],[-43,-32],[-8,-3],[-19,-1],[-12,-5],[-10,-11],[-7,-4],[1,-2],[-2,-4],[-29,0]],[[1396,2277],[-137,2],[-24,2]],[[1235,2281],[19,126],[-134,37],[-34,75],[-16,24],[-3,7],[-89,287],[91,23],[237,-79],[18,121],[4,1],[144,-97]],[[1396,2277],[-22,-143],[-41,-224],[-81,-87]],[[1252,1823],[-23,15],[-11,1],[-8,107],[-33,11],[9,18],[-6,0],[-12,-1],[-12,2],[-8,-2],[-6,0],[5,7],[-17,28],[6,17],[-15,1],[-8,-26],[-3,-3],[-11,-7],[-4,-3],[-11,-16],[0,-8],[11,-14],[-1,-13],[-22,10],[0,6],[-18,-6],[-4,-9],[14,-9],[-13,-27],[1,-6],[9,-6],[-20,-28],[23,0],[33,-6],[5,-3],[16,-13],[8,-5],[7,-1],[13,-1],[25,5],[7,0],[3,-8],[7,-6],[1,-3],[-3,-10],[9,-10],[35,0]],[[1230,1801],[-13,-14],[-40,-36],[-37,-36],[-10,-12]],[[1130,1703],[-9,1],[-21,-1],[-4,1],[-8,5],[-6,0],[-12,-5],[-5,-5],[-6,0],[-4,-2],[-13,-2],[-12,-5],[-15,-2],[-3,-2],[-1,-4],[-1,-5],[-2,1],[-20,-8],[-25,23],[-5,-2],[-5,-4],[-10,3],[-2,0],[-2,-3],[0,-5],[2,-2],[4,-1],[2,-2],[1,-4],[-2,1],[-1,0],[-7,-4],[-11,-2],[-2,-2],[-3,0],[-15,-16],[-3,-3],[0,-3],[5,-5],[-1,-4],[3,-6],[-9,-7],[-1,-5],[3,-10],[7,-1],[16,-17],[6,-16],[6,-5],[0,-2],[-3,-7],[0,-2],[2,-2],[6,0],[5,-2],[-8,-5],[-3,-7],[0,-3],[7,-8]],[[945,1530],[-11,5],[-7,-2],[-8,-6],[-5,-3],[-6,-1],[-13,3],[-6,3],[-11,8],[-9,17],[-3,2],[-7,2],[-18,1]],[[841,1559],[0,2],[34,33],[-3,4],[-7,3],[4,9],[11,3],[-2,6],[-4,-4],[-6,1],[-6,-1],[-2,2],[-6,2],[1,3],[7,6],[8,-3],[7,-1],[1,-1],[0,3],[1,0],[6,10],[9,20],[17,23],[6,5],[-3,-2],[4,9],[0,11],[9,-3],[3,-1],[6,15],[-1,-1],[-4,0],[-4,3],[7,4],[-5,8],[-39,37],[41,29],[17,-9],[26,47],[-6,2],[-52,4],[-42,137],[98,2],[-23,24],[14,63],[-49,54],[-99,104],[15,32],[131,-58],[57,55],[73,66],[6,-2],[7,-8],[5,-2],[11,2],[14,6],[25,2],[15,-2],[12,-8],[3,-30],[-1,-19],[9,-10],[38,36]],[[1976,2002],[-3,-4],[-3,-2],[-5,-9],[-6,-4],[0,-2],[-4,-3],[-3,-4],[-16,-15],[-6,-11],[-7,-6],[-6,-11],[-10,-11],[0,-3],[-2,-2],[-3,-8],[-4,-4],[-1,1],[-1,-4],[-2,-1],[0,-3],[-2,-1],[-2,-2],[0,-3],[-4,-4]],[[1886,1886],[-131,40],[-14,-20],[-70,-95],[-23,-35],[-7,-33],[-9,-72],[-11,-45],[-14,-26],[-17,-19],[-20,-18],[-7,2],[-8,1],[-6,-3],[-8,-1],[-18,1],[-10,-2],[-6,1],[-5,-1],[-5,4],[-3,6],[-5,2],[-2,2],[-1,4],[4,13],[-4,5],[-4,0],[-10,-3],[-12,3],[-6,5],[-3,4],[0,3],[-2,3],[-11,-5],[-10,0],[-9,1],[-14,4],[-1,3],[-1,11],[-7,9],[4,18],[-2,7],[-4,5],[-27,2],[-24,-1],[-31,1],[-6,2],[-3,3],[-4,5],[-4,10],[-4,3],[-5,-1],[-2,-3],[0,-7],[2,-7],[-2,-2],[-3,-1],[-11,1],[-10,-1],[-2,1],[-2,7],[-4,7],[-7,3],[-3,3],[8,16],[-1,5],[-3,2],[-9,0],[-8,-5],[-9,-2],[-10,-4],[-2,-1],[-10,-14],[-3,-3],[-3,0],[-9,3],[-4,4],[-7,3],[-14,1],[-28,8]],[[1230,1801],[22,22]],[[1597,2367],[7,-13],[4,-4],[4,-3],[18,-9],[14,-3],[19,1],[5,0],[8,-3],[13,-11],[9,-6],[40,-5],[15,-8],[11,1],[5,-1],[10,-6],[1,-4],[11,0],[25,-6],[7,-6],[8,-17],[5,-6],[-2,-3],[-154,10],[-8,-3],[-10,4],[-7,0],[-5,2],[-58,4],[-71,3],[36,-162],[7,-1],[35,10],[5,0],[12,-9],[8,-8],[4,-11],[-1,-3],[-4,-2],[-6,-6],[0,-4],[1,-4],[8,-10],[13,-10],[16,-11],[-5,-2],[-3,-2],[-5,-10],[-3,-3],[-9,-1],[-13,2],[-6,0],[-9,-7],[2,-5],[-1,-5],[-4,-6],[0,-6],[14,-29],[-1,-1],[-10,-4],[-1,-4],[75,-17],[44,-8],[2,0],[5,7],[2,0],[28,-12],[75,100],[8,-3],[9,10],[20,-9],[-1,-4],[0,-9],[16,-7],[5,11],[87,-18]],[[1925,2378],[56,-134],[16,18],[4,1],[7,5],[9,0],[2,-1],[4,-7],[12,12],[2,-3],[-5,-6],[0,-6],[3,-10],[5,-7],[4,-2],[1,-3],[6,10],[3,-2],[16,-10],[-4,-5],[-7,-7],[-6,-8],[-2,-6],[-2,0],[-6,-7],[-8,-13],[-5,-15],[-5,-5],[-9,-19],[-1,-9],[1,-13],[6,-3],[5,1],[2,0],[2,-2],[1,-4],[-1,-2],[-1,-2],[1,-1],[-8,-8],[-1,-16],[-2,-3],[2,-8],[-2,-8],[1,-5],[-3,-8],[0,-16],[-10,-9],[-4,-3],[-2,0],[-3,-5],[-5,-2],[0,-3],[-6,-4],[-6,-8],[-6,-5]],[[1032,1127],[257,-137]],[[1289,990],[-3,-1],[0,-2],[-2,-3],[-3,-1],[-1,-2],[-9,-5],[-4,-6],[-9,-8],[-11,-15],[-3,-5],[-5,-6],[-6,-11],[0,-4],[-5,-5],[-1,-5],[2,0],[-1,-6],[-3,-8],[0,-3],[-3,-4],[-1,-8],[-11,-12],[0,-4],[-3,-3],[0,-1],[1,-1],[-1,-3],[-12,-4],[-5,-4],[-11,-13],[-10,-8],[-8,-8],[-15,-20],[-1,-3],[-9,-9],[-2,-8],[-4,-6],[-1,-7],[-6,-8],[1,-2],[-6,-13],[3,-10],[6,-1],[1,-2],[2,-1],[0,-4],[1,-2],[-2,-6],[4,-1],[1,-4],[2,-2],[2,-4],[-1,-1],[-4,-1],[-1,-4],[5,-2],[1,-3],[-2,-2],[-11,-2],[-2,-4],[-10,-5],[-8,-5],[0,-2],[-8,-7],[-1,-3],[-5,-3],[-12,-18],[-1,-7],[3,-2],[-2,0],[2,-7],[-1,-3],[-5,-2],[-1,-1],[1,0],[-3,-1],[-2,-4],[-4,-1],[0,-2],[-3,0],[-2,-2],[-2,1],[-2,-5],[-2,1],[-7,-4],[-1,-2],[-6,-3],[-19,-21],[-4,-7],[-10,-8],[0,-14],[-4,-9],[-2,-6],[2,0],[-3,-7],[-2,-2],[-4,0],[-5,-9],[1,-2],[-10,-4],[-7,-6],[-3,-4],[-8,-9],[-5,-10],[-16,-22],[-7,-17],[1,-10],[2,-6],[-1,-7],[1,-4],[-2,-3],[1,-9],[-8,-8],[-2,-7],[1,-7],[4,-9],[0,-1],[-2,-1],[1,-1],[-3,-3],[-2,1],[0,-3],[-2,-3],[0,-1],[-3,1],[-1,-6],[-3,-1],[-6,-7],[-7,-9],[-5,-4],[-8,-2],[-2,-3],[-8,-5],[-1,-2],[-1,1],[0,-2],[-1,0],[-1,-1],[-2,0],[-3,-4],[-1,0],[-4,-4],[0,-3],[-3,-3],[-2,0],[-2,-3],[-2,0],[-1,-2],[-3,0],[-1,-3],[-3,-1],[-4,-7],[-28,-24],[-3,-7],[0,-2],[-3,-1],[0,-2],[-20,-24],[-6,-11],[0,-5],[-3,-8],[-9,-9],[-3,-2],[-1,-6],[-14,-12],[-3,-5],[-10,-12],[-4,-7],[-6,-8],[-2,-6],[-2,-8],[-2,-5],[1,-5],[2,-1],[1,-2],[-1,-1],[1,-1],[1,-4],[3,-1],[1,-2],[-3,-2],[0,-4],[-2,-3],[-1,-6],[-3,-4],[0,-1],[-6,-7],[-2,-7],[1,-5],[-1,-1],[-2,-6],[1,-14],[-27,-22],[0,-2],[2,-11],[-2,-4],[-4,-4],[-1,-5],[-4,-4],[-182,123],[-27,14],[-74,-104],[-132,67],[142,184],[-6,-2],[-20,13],[-40,15],[-10,6],[-7,7],[-7,9],[-3,12],[-1,11],[-3,8],[-3,2],[-3,1],[-13,3],[-8,0],[-85,451],[0,127],[-1,3],[-20,2],[-19,0],[-11,-1],[-12,-6],[-15,-15],[-20,-22],[-6,-9],[-9,-6],[-4,-19],[-4,-11],[-2,-4],[-9,-6],[-12,-4],[-7,0],[-7,2],[-8,3],[-11,8],[-2,4],[-7,7],[0,2],[-9,13],[-5,12],[1,17],[5,10],[4,6],[9,8],[2,4],[-2,1],[4,2],[3,6],[-1,9],[-5,9],[-3,4],[1,3],[54,5],[147,33],[-5,-69],[11,-2],[19,-6],[13,-9],[17,-10],[3,-3],[7,-3],[13,-12],[12,1],[2,3],[0,5],[-13,35],[4,16],[4,7],[8,4],[13,2],[6,1],[10,-1],[10,2],[5,5],[9,1],[15,4],[26,15],[19,8],[4,1],[7,-1],[5,-3],[5,-7],[14,-30],[5,-11],[1,-11],[-1,-3],[-6,-6],[22,-13],[42,138]],[[525,1065],[82,-44],[1,4],[3,3],[20,7],[7,-3],[7,-5],[15,8],[6,8],[0,2],[6,5],[11,6],[5,8],[6,3],[6,4],[-7,6],[-8,13],[6,1],[8,0],[17,12],[4,2],[12,0],[24,13],[10,10],[20,4],[8,3],[26,14],[3,3]],[[823,1152],[9,-11],[3,-5],[1,-3],[3,-28],[3,-8],[5,-6],[25,-20],[9,-4],[9,-2],[6,0],[27,4],[-5,-18],[0,-8],[5,-46],[60,69],[49,61]],[[945,1530],[4,-4],[6,-26],[4,-4],[3,-2],[8,0],[21,12],[6,1],[5,-1],[9,-7],[12,-18],[6,-2],[7,0],[10,-7],[25,-12],[5,-6],[5,-5],[5,-3],[15,-5],[3,-2],[6,-8],[6,-11],[17,-26],[21,-10],[6,-1],[-13,-19],[-79,-95],[16,-2],[8,-3],[-16,-10],[-10,-10],[-6,-7],[-36,-51],[-32,-37],[40,-22]],[[823,1152],[-11,13],[-2,12],[1,5],[13,29],[1,26],[12,21],[12,39],[1,12],[-4,10],[-18,18],[-4,9],[-3,-1],[-3,2],[0,7],[-9,4],[-4,3],[-5,12],[-2,2],[-26,7],[-19,13],[-5,1],[-7,0],[-15,-3],[-3,1],[-5,4],[-4,1],[-8,-3],[-7,0],[-2,2],[-3,9],[-19,18],[-2,4]],[[673,