{"type":"Topology","transform":{"scale":[0.00010758233056843764,0.00009477421549791881],"translate":[29.95807997000003,-30.906609940999942]},"arcs":[[[3248,2243],[4,24],[19,10],[10,35],[-46,105],[-101,-92],[-209,-80],[-97,-36],[0,-62],[18,-139],[-4,-33],[-5,16],[-2,4],[-4,3],[-15,6],[-12,2],[-12,-4],[-32,-13],[-8,0],[-13,2],[-9,0],[-12,-2],[-18,-1],[-15,-3],[-6,-2],[-6,-2],[-27,-14],[-7,-2],[-17,-7],[-19,-1],[-18,-8],[-15,-5],[-4,-2],[-12,-1],[-14,1],[-8,3],[-11,4],[-10,5],[-10,3],[-6,2],[-26,1],[-7,1],[-11,4],[-24,12],[-12,4],[-5,1],[-18,0],[-11,-2],[-3,-2],[-7,-8],[-6,-4],[-5,-3],[-5,-1],[-13,1],[-9,3],[-23,9],[-14,5],[-10,1],[-14,-1],[-4,-2],[-5,-6],[-8,-15],[-8,-14],[-4,-5],[-6,-5],[-12,-5],[-8,-2],[-15,-3],[-16,-1],[-11,2],[-23,9],[-5,1],[-7,0],[-10,-5],[-7,-6],[-12,-15],[-20,-19],[-4,-4],[-12,-5],[-16,-4],[-45,-3],[-6,-1],[-18,-6],[-10,-1],[-4,1],[-4,2],[-6,5],[-4,2],[-5,5],[-2,4],[-5,4],[-15,4],[-6,0],[-5,-1],[-3,-15],[-2,-14],[0,-12],[3,-8],[3,-5],[7,-6],[7,-10],[-1,-8],[-2,-4]],[[1936,1809],[-46,6],[-6,-26],[-20,28],[25,87],[4,1],[7,2],[3,2],[3,5],[0,4],[0,8],[1,16],[1,2],[5,8],[1,6],[-2,6],[-6,17],[0,22],[-3,8],[-2,4],[-7,10],[-13,12],[-2,5],[-1,7],[4,37],[-1,5],[-1,5],[-3,8],[-2,12],[-4,10],[2,15],[0,5],[-10,20],[-2,6],[-7,2],[-11,8],[-13,7],[-9,2],[-5,0],[-2,-1],[-3,-3],[-3,-5],[-1,-1],[-1,0],[-1,2],[-1,4],[-3,6],[-1,7],[-1,4],[-11,7],[-5,5],[-3,5],[0,9],[-3,2],[-5,-8],[-12,-10],[-3,-1],[-5,0],[-4,-9],[-43,-20],[-14,-2],[-6,6],[-11,5],[-4,3],[-19,6],[-11,2],[-17,4],[-5,0],[-5,3],[-5,0],[-21,3],[-28,0],[-17,-6],[-6,0],[-12,9],[-12,0],[-8,-1],[-20,1],[-19,5],[-7,4],[-1,-1],[-6,-5],[-14,1],[-4,-2],[-1,-3],[-8,-4],[-2,-1],[0,-2],[-4,2],[-9,5],[-4,9],[-2,2],[-6,12],[-22,16],[-7,28],[1,3],[3,5],[0,3],[-5,14],[-3,21],[-3,10],[1,5],[0,2],[-3,0],[-7,-4],[-8,-8],[-4,-3],[-7,-8],[-14,-4],[-15,-9],[-4,0],[-5,1],[-9,19],[-5,6],[-4,3],[-19,10],[-10,8],[-6,9],[-8,13],[0,3],[6,17],[1,14],[-1,4],[-9,15],[-2,4],[-2,7],[0,15],[6,15],[-2,9],[-1,2],[-11,6],[-13,1],[-10,8],[-4,8],[-5,7],[0,9],[-2,3],[-10,5],[-5,6],[-5,7]],[[1165,2544],[-34,108],[-155,-104],[-58,-15],[-1,-7],[-186,-44],[-132,186],[6,1],[-5,6],[-26,74],[91,57],[88,-41],[51,11],[44,23],[130,-34],[32,64],[44,-95],[13,-26],[2,-2],[19,25],[6,3],[6,-2],[2,-3],[44,37],[5,-4],[3,1],[10,2],[23,6],[14,5],[14,3],[9,4],[3,2],[11,8],[3,4],[1,-7],[3,0],[410,183],[1,4],[0,-2],[-7,-15],[-13,-16],[-3,-5],[-3,-10],[-2,-8],[-3,-33],[-1,-5],[8,-37],[3,-4],[6,-1],[3,1],[4,2],[4,3],[8,7],[9,10],[7,7],[9,23],[19,27],[22,45],[11,15],[7,6],[2,4],[6,6],[7,11],[5,5],[7,3],[13,3],[12,0],[4,1],[23,-3],[21,2],[11,3],[21,10],[5,4],[7,3],[13,9],[5,4],[20,23],[7,7],[21,16],[6,3],[6,1],[4,0],[6,-2],[6,-7],[1,-8],[-4,-9],[0,-6],[7,-13],[3,-5],[11,-12],[8,-12],[6,-40],[13,-25],[6,-7],[12,-8],[6,-2],[17,-4],[21,-1],[14,3],[14,6],[4,3],[6,8],[1,11],[0,18],[2,7],[4,11],[10,3],[27,20],[6,1],[6,0],[6,-5],[3,-4],[4,-10],[1,-9],[2,-9],[4,-8],[10,-11],[9,-13],[7,-14],[8,-12],[5,-12],[-1,-21],[-1,-6],[-10,-22],[-7,-17],[-6,-29],[0,-20],[2,-6],[1,-7],[2,-4],[3,-9],[1,-12],[-1,-11],[-8,-40],[0,-11],[1,-7],[2,-4],[12,-13],[5,-4],[4,-6],[4,-5],[6,-4],[6,-2],[12,-1],[8,0],[5,1],[8,7],[5,0],[18,-9],[32,-7],[20,-3],[26,-1],[16,1],[11,-2],[27,15],[39,20],[7,3],[14,4],[19,11],[27,12],[10,1],[6,1],[10,7],[8,3],[8,0],[11,6],[12,3],[27,10],[6,5],[18,21],[25,19],[9,8],[11,20],[11,25],[3,20],[-2,5],[-22,12],[-4,4],[-21,24],[-2,5],[-10,12],[-22,22],[-15,18],[-21,19],[-36,30],[-12,15],[-8,17],[-3,22],[4,11],[2,10],[5,5],[13,12],[5,6],[7,6],[6,3],[6,-2],[4,-4],[13,-8],[3,-3],[6,-12],[3,-7],[17,-30],[5,-13],[5,-20],[11,-25],[21,-25],[5,-5],[9,-5],[16,-5],[20,-3],[4,0],[24,11],[20,13],[16,6],[8,1],[27,-3],[9,-4],[8,-4],[23,-29],[11,-20],[9,-20],[7,-12],[12,-29],[10,-18],[17,-18],[8,-11],[26,-25],[9,-3],[8,-2],[19,0],[50,18],[19,9],[30,8],[10,5],[9,3],[16,9],[36,29],[5,7],[20,16],[13,12],[24,27],[3,6],[7,6],[7,6],[11,13],[22,17],[27,18],[9,4],[8,2],[13,2],[10,0],[28,-3],[15,-4],[17,-3],[33,-11],[3,0],[1,1],[10,0],[13,-5],[18,-4],[3,-1],[2,-3],[4,-21],[0,-10],[-4,-6],[-5,-2],[-7,-1],[-15,1],[-4,-3],[-2,-3],[-3,-7],[0,-7],[2,-7],[2,-6],[12,-13],[3,-3],[7,-8],[11,-20],[6,-13],[6,-9],[7,-8],[4,-8],[4,-9],[6,-13],[5,-5],[24,-20],[16,-9],[8,-4],[5,-1],[14,-9],[14,-6],[7,-2],[32,-13],[11,-7],[4,-3],[3,-4],[4,-15],[17,-38],[12,-25],[16,-29],[23,-38],[6,-8],[9,-4],[13,-7],[5,-1],[14,0],[5,2],[11,13],[4,5],[7,15],[-1,19],[-3,20],[3,5],[4,1],[5,0],[4,-2],[6,-10],[9,-9],[8,-13],[7,-10],[9,-19],[0,-4],[3,-5],[4,-12],[4,-22],[5,-19],[6,-17],[6,-8],[2,-5],[9,-15],[10,-11],[8,-11],[5,-8],[2,-6],[19,-22],[7,-13],[14,-33],[2,-7],[1,-4],[-3,-32],[-2,-6],[-5,-8],[-9,-12],[-2,-5],[0,-6],[4,-9],[5,-6],[6,-13],[12,-22],[8,-20],[3,-21],[3,-33],[0,-9],[1,-3],[3,-4],[5,-4],[15,-5],[19,-11],[32,-10],[3,-3],[-2,-4],[-37,-42],[17,-31],[41,-74],[-5,-45],[-22,10],[-19,11],[-82,43],[-48,25],[-48,25],[-149,79],[-136,68],[-16,8],[-12,7],[-37,18],[-57,132],[-220,-89]],[[1794,1002],[-4,4],[-3,-3],[-5,6],[-10,9],[-4,1],[-1,1],[-1,-1],[-4,1],[-1,2],[-4,-1],[-2,-5],[-3,-3],[-8,-5],[1,5],[-6,3],[-1,3],[-3,1],[-19,-2],[-7,-3],[-21,-1],[-3,0],[-6,3],[-5,0],[-3,1],[-5,0],[-2,2],[-8,0],[-6,-14],[-2,-3],[-1,-7],[-2,-6],[-3,1]],[[1642,991],[-2,3],[-9,12],[1,4],[-8,-1],[-2,3],[-1,6],[3,7],[-3,4],[1,9],[-11,11],[-2,4],[0,12],[-2,5],[-1,6],[0,5],[-2,5],[1,3],[4,3],[5,3],[4,9],[0,4],[4,10],[5,4],[7,14],[4,3],[5,8],[3,6],[1,5],[1,9],[0,9],[2,4],[1,9],[0,8],[-2,5],[-8,8],[-4,7],[0,11],[-4,8],[-3,14],[1,14],[3,14],[2,2],[2,4],[13,-8],[28,-3],[27,0],[33,3],[7,-2],[12,-8],[12,-2],[6,2],[19,9],[12,7],[7,6],[4,7],[7,22],[4,7],[7,8],[6,5],[5,2],[5,-1],[28,-9],[41,-5],[-22,26],[-4,11],[0,4],[-1,10],[4,10],[4,7],[8,10],[5,10],[-1,6],[-9,14]],[[1905,1432],[171,-42],[1,20],[5,50],[4,12],[6,9],[-43,100],[-3,12],[0,5],[6,14],[5,9],[12,43],[2,3],[5,4],[-21,7],[-1,-5],[-29,8],[-48,-32],[-36,68],[10,90],[-15,2]],[[3248,2243],[-97,-39],[-58,16],[-19,-22],[-47,-14],[-27,-29],[-56,-4],[16,-57],[61,0],[-61,-168],[-5,-7],[104,-105],[-10,-9],[15,-15],[13,-129],[8,-7],[7,-2],[4,-33],[-84,-97],[30,-124],[16,-62],[10,-32],[26,-14],[-120,-107],[3,-2],[-269,-164],[-55,-76],[49,-29],[-96,-77],[2,-31],[-28,-7],[-3,15],[-293,-233],[-173,681],[-31,129],[-28,-83],[0,9],[-5,-17],[-4,28],[-2,4],[-5,3],[-43,-62],[-68,-94],[1,-12],[-4,-30],[-20,-31],[-24,-20],[-7,-14],[-6,-7],[-23,-3],[-8,2],[-15,-20],[-8,-15],[-17,-25]],[[1794,1002],[-66,-98],[19,-180],[42,-208],[18,52],[44,-38],[87,-64],[134,-49],[-27,-289],[-186,-128],[-120,86],[-34,-49],[-166,-7],[-6,-4],[-5,0],[-7,3],[-8,0],[-9,4],[-12,6],[-3,3],[-2,4],[-7,3],[-1,2],[-4,2],[-8,6],[-2,1],[-9,-1],[-8,3],[-2,2],[-1,5],[1,4],[3,6],[9,9],[8,11],[4,6],[4,9],[3,2],[5,6],[1,2],[2,3],[6,4],[3,3],[1,3],[3,3],[4,3],[7,7],[7,17],[-1,12],[-1,2],[-3,3],[-5,7],[-6,5],[-11,2],[-12,-1],[-12,1],[-6,2],[-2,2],[-6,3],[-4,6],[-7,4],[-5,5],[-15,6],[-8,5],[-7,2],[-22,1],[-6,-3],[-15,0],[-28,-2],[-9,1],[-7,2],[-13,-1],[-6,1],[-12,2],[-6,3],[-6,1],[-7,3],[-5,1],[-5,2],[-12,2],[-8,3],[-3,-2],[-9,0],[-8,-3],[-16,-3],[-22,-7],[-7,-5],[-6,0],[-4,-1],[-4,1],[-3,-2],[-3,0],[-11,2],[-5,2],[-18,10],[-5,4],[-6,1],[-7,7],[-8,4],[-4,7],[-2,9],[-2,11],[-3,14],[-4,3],[-5,6],[-7,8],[-6,4],[-4,4],[-8,5],[-4,8],[-1,3],[1,7],[-4,13],[-2,1],[1,5],[2,1],[4,6],[9,6],[4,1],[7,1],[12,-2],[30,-9],[14,-6],[5,-2],[10,-4],[29,-10],[12,-2],[13,-5],[19,-1],[7,-4],[4,-7],[9,-12],[3,-5],[10,-5],[6,-6],[3,-1],[5,2],[2,2],[2,6],[0,4],[-5,20],[0,28],[1,9],[-2,5],[-1,9],[-2,4],[-1,12],[3,8],[4,9],[2,5],[7,10],[3,3],[1,3],[2,0],[2,2],[1,6],[0,14],[-2,3],[-2,5],[-4,2],[-3,0],[-3,0],[-4,-2],[-6,0],[-8,-2],[-12,-6],[-9,-2],[-7,-5],[-13,-4],[-6,0],[-4,2],[-2,4],[-7,3],[-2,-2],[-2,-2],[-5,-1],[-4,-1],[-7,1],[-4,0],[-1,-1],[-6,-9],[0,-2],[1,-2],[-2,-9],[-2,-1],[-2,1],[-12,-1],[-6,2],[-4,1],[-4,-1],[-4,2],[-5,0],[-2,0],[-3,-2],[-2,0],[-1,-1],[-13,0],[-6,-2],[-9,1],[-7,2],[-4,2],[-1,3],[2,5],[4,4],[1,14],[-2,22],[1,8],[4,12],[6,27],[0,2],[-2,1],[-7,4],[-8,7],[-2,2],[-3,4],[-6,15]],[[1052,563],[4,3],[5,6],[26,14],[4,8],[1,3],[-2,3],[-7,12],[-9,20],[-3,