{"type":"Topology","transform":{"scale":[0.00035474220732312065,0.0003024750957854264],"translate":[29.689915942000027,-29.639839939999945]},"arcs":[[[1560,475],[-2,-1],[-3,-4],[-2,-4],[1,-6],[2,-3],[1,-2],[-2,-4],[1,-7],[-3,-2],[-2,-4],[-2,-1],[-1,2],[-1,2],[-5,-5],[0,-2],[1,-2],[-4,-4],[-1,-3],[-10,-3],[1,3],[-2,10],[1,13],[-2,0],[-17,-29],[-23,20],[-4,5],[-7,12],[7,3],[11,1],[7,-1],[4,1],[3,0],[5,1],[6,10],[3,3],[1,6],[2,2],[2,8],[1,5]],[[1527,495],[0,4],[3,5],[4,1],[2,0]],[[1536,505],[2,-2],[4,-2],[2,1],[7,11]],[[1551,513],[5,-2],[5,-4],[4,-2],[2,-4],[0,-3],[-2,-2],[-5,-8],[-1,-9],[1,-4]],[[1527,495],[-1,0],[-1,2],[-7,-3],[1,-1],[-10,-4],[3,-6],[-3,-1],[-2,2],[-1,3],[-4,-2],[-2,7],[-4,4],[-1,4],[-3,3],[-5,2]],[[1487,505],[4,16],[8,14],[26,-16],[8,-1],[4,-10],[-1,-3]],[[1118,500],[4,-2],[-41,-142],[-7,-20],[1,-1],[33,-37],[2,-1],[1,0],[1,-161]],[[1112,136],[-105,-12],[-83,41],[-13,69],[-4,74],[1,7],[-6,7],[-5,4],[-2,10],[-3,6],[-43,3],[-7,-22],[-98,-15],[-3,15],[-95,28],[-25,25],[-108,129],[1,96],[-14,15],[-3,12],[-16,0],[-15,-26],[-95,4],[-35,68],[-21,-6],[-66,-15],[-8,-14],[-21,43],[-79,7],[-10,2],[-14,13],[-36,2],[-13,-8],[-51,4],[-17,82],[48,25],[10,10],[38,9],[52,5],[62,25],[-2,33],[91,13],[129,28],[33,26],[28,32],[82,-40],[2,2],[0,6],[1,4],[-3,3],[0,2],[3,11],[2,0],[3,-1],[4,0],[2,0],[2,5],[9,4],[7,7],[5,1],[2,3],[1,6],[4,4],[2,6],[8,4],[7,7],[2,-1],[4,-7],[1,-12],[3,-16],[4,1],[5,4],[2,4],[1,7],[1,2],[5,2],[2,-4],[2,-1],[3,-1],[2,2],[2,2],[-3,4],[-2,6],[4,0],[3,2],[8,10],[1,3],[0,11],[-3,18],[1,4],[2,1],[2,-4],[2,-1],[4,3],[2,6],[1,1],[3,0],[3,-4],[4,-1],[6,-5],[0,-1],[-1,-2],[1,-1],[5,0],[5,-3],[13,-16],[3,0],[5,1],[8,-5],[3,0],[2,2],[3,7],[1,9],[2,4],[2,0],[4,-1],[8,-5],[3,0],[7,-7],[7,-8],[69,-70],[31,32],[17,138],[33,6],[21,30]],[[961,1170],[7,-23],[25,-39],[12,-38],[3,-4],[7,-7],[2,-11],[1,-4],[3,-2],[32,-22],[11,-6],[9,-11],[15,-10],[18,-15],[9,-13],[10,-21],[22,-17],[-6,-3],[-2,-3],[0,-17],[-2,-6],[-5,-3],[-8,-4],[-4,-3],[0,-2],[-1,-6],[-2,-3],[-3,-1],[-10,3],[-3,-1],[-2,-5],[-6,-2],[-1,-1],[3,-7],[-1,-3],[1,-2],[0,-2],[-9,0],[-3,2],[-5,2],[-3,-3],[-6,0],[-2,-1],[-5,-7],[-2,-6],[-3,-4],[-3,-3],[-6,-4],[-8,-9],[-10,-6],[-2,-3],[0,-6],[15,1],[5,-3],[3,-4],[2,-6],[3,-3],[2,0],[7,1],[10,-2],[5,-2],[6,-6],[2,-9],[2,-3],[9,-5],[8,-9],[-16,-5],[-40,-45],[-26,7],[-1,1],[-3,0],[-2,2],[-13,1],[-3,0],[-10,3],[-1,-14],[-3,-8],[-2,-6],[-23,2],[-21,-23],[7,-3],[8,-5],[-2,-3],[7,-5],[-9,-27],[-9,-35],[-24,8],[-17,-16],[53,-44],[42,3],[30,-5],[77,-36],[12,-5]],[[1452,1107],[-11,-22],[-15,8],[-40,-50],[2,-2],[1,-3],[2,-1],[7,-1],[0,6],[1,1],[3,-1],[2,-6],[-1,-4],[-36,-35],[13,-15],[3,-11],[-4,-8],[-82,-42],[-35,-16],[25,-47],[-11,-3],[0,-4],[0,-1],[-3,3],[-2,0],[2,-4],[0,-2],[-1,0],[-4,5],[-10,-3],[-3,1],[-7,11],[-4,5],[-7,1],[-1,-1],[-5,-4],[20,-29],[4,-20],[9,-13],[2,-12],[3,-4],[9,-6],[1,-2],[3,-13],[2,-3],[24,-19],[23,-5],[5,-3],[3,-4],[18,-29],[1,-5],[0,-22],[1,-3],[9,-13],[2,-8],[5,-9],[2,-15],[3,-9],[0,-5],[-6,-8],[0,-3],[0,-14],[-1,-9],[2,-4],[6,-7],[2,-5]],[[1383,561],[-15,2],[-1,0],[-1,-2],[-1,-1],[-4,3],[-11,4],[-3,0],[-3,-1],[-2,-2],[-6,-10],[-1,0],[-4,0],[-7,3],[-4,5],[-4,11],[-5,4],[-3,5],[-10,5],[-22,7],[-1,-1],[-21,-11],[-7,-9],[-5,-4],[-5,-3],[-6,-2],[-22,-3],[-14,-4],[-4,-1],[-7,-7],[-4,-2],[-12,-4],[-2,-2],[-10,-16],[-4,-5],[-6,-4],[-22,-11],[-6,-5]],[[961,1170],[49,71],[24,-77],[51,41],[48,29],[58,24],[29,47],[62,-6],[7,4],[10,1],[5,0],[9,-4],[20,-16],[13,-7],[2,-2],[0,-5],[113,13],[-4,-123],[-5,-53]],[[1781,936],[-77,-11],[-94,14],[-3,-28],[0,-20],[-7,-20],[3,-47],[0,-4],[-1,-4],[-19,-37],[-4,-6],[-10,-13],[-3,-5],[-13,-34],[1,-8],[14,-36],[5,-26],[3,-24],[-1,-3],[-4,-11],[-2,-28],[-2,-5],[-28,-39],[6,-3],[6,-25]],[[1487,505],[-3,0],[-2,-3],[-5,0],[-2,-5],[-7,-3],[-10,1]],[[1458,495],[0,3],[-4,8],[-24,27],[-12,12],[-9,5],[-9,7],[-17,4]],[[1452,1107],[46,43],[33,-3],[49,-36],[73,-18],[59,-88],[49,61],[36,-67],[-16,-63]],[[1781,936],[14,-63],[-40,-73],[-18,-14],[38,-48],[0,-91],[4,-5],[4,-1],[6,4],[3,0],[7,4],[5,6],[2,5],[5,2],[2,-2],[0,-1],[-2,-6],[-1,-9],[2,-2],[4,-1],[10,1],[3,5],[3,1],[2,5],[2,3],[1,1],[4,-1],[1,-1],[6,-13],[1,-4],[2,-2],[3,2],[4,9],[7,-1],[2,4],[14,-3],[-2,3],[2,4],[7,-1],[4,-10],[10,-2],[13,3],[0,-2],[7,5],[4,2],[4,9],[2,3],[4,2],[3,0],[2,0],[6,-7],[3,-1],[5,3],[0,3],[1,1],[4,0],[3,2],[4,3],[1,-2],[4,3],[5,3],[6,1],[7,-1],[3,-4],[0,-6],[-3,-13],[0,-9],[0,-11],[-2,-5],[-2,-18],[4,-18],[-2,-34],[4,0],[10,4],[19,-9],[-8,-5],[-10,-7],[-9,-18],[-26,-32],[-1,1],[-6,-6],[0,-3],[-5,-14],[-4,-8],[-10,12],[-51,-56],[8,-25],[3,-40],[0,-26],[-53,-10],[-43,-13],[-51,-38]],[[1755,260],[-13,-9],[1,-4],[-9,-1],[-15,4],[0,14],[-2,2],[-3,-5],[-5,4],[-4,2],[0,2],[-1,0],[2,16],[-2,3],[-2,-1],[-2,0],[-4,3],[-1,3],[0,8],[-2,7],[-18,20],[-2,2],[-7,2],[-5,3],[-5,-1],[-7,2],[-37,32],[-7,2],[-13,3]],[[1592,373],[8,13],[1,-1],[1,2],[0,3],[-1,4],[0,11],[-1,3],[-2,4],[24,6],[0,1],[3,2],[1,1],[-1,2],[-3,3],[0,2],[3,9],[1,2],[6,2],[0,3],[-5,14],[-6,2],[-5,3],[2,4],[-2,4],[-3,1],[-3,2],[1,6],[-2,4],[-4,-1],[-13,-9],[-4,0],[-6,6],[-2,0],[-5,-3],[-2,-5],[-1,-3],[-2,-2],[-3,0],[-4,1],[-3,5],[0,1]],[[1755,260],[0,-3],[1,-4],[2,0],[0,-2],[4,-3],[4,-7],[-1,-2],[1,-11],[3,-2],[-1,-2],[5,-5],[10,-5],[1,2],[9,-5],[1,-2],[2,0],[3,1],[1,-1],[3,-6],[4,-2],[2,-3],[3,-9],[7,-9],[2,-6],[-1,-3],[-2,-2],[-3,-1],[-2,1],[-1,1],[-4,3],[-5,1],[-13,-1],[-5,-7],[0,-1],[1,-1],[0,-2],[-1,0],[-1,-4],[-3,-2],[-4,2],[-3,2],[-2,3],[-5,9],[-1,-1],[-10,12],[1,0],[-6,7],[-4,2],[-6,0],[-4,-4],[0,-5],[-20,-6],[3,-15],[11,-35],[-50,1],[5,46],[-24,-20],[-4,7],[15,23],[-7,6],[-63,8],[-17,-39],[-69,10]],[[1517,169],[-23,28],[-23,-2],[-58,81],[-16,7]],[[1397,283],[9,-3],[3,0],[3,0],[4,2],[35,31],[3,5],[8,14],[6,15],[-4,3],[-1,2],[-3,3],[0,3],[-5,3],[-7,4],[-14,4],[-2,2],[-2,2],[0,4],[3,12],[3,5],[3,5],[5,4],[4,3],[9,4],[6,1]],[[1463,411],[2,0]],[[1465,411],[34,-8],[-4,-32],[2,0],[5,9],[16,22],[2,2],[2,0],[11,-3],[1,3],[9,-2],[6,-5],[12,-12],[5,-4],[7,-3],[19,-5]],[[1517,169],[-16,-31],[-70,13]],[[1431,151],[-74,78],[-74,2],[66,46],[8,-5],[0,-4],[-1,-5],[2,-4]],[[1358,259],[-5,-4],[-2,-7],[0,-1],[-1,-1],[0,-5],[1,-2],[3,-1],[6,3],[0,-2],[1,1],[2,-3],[4,2],[2,-3],[9,-9]],[[1378,227],[5,-6],[1,-3],[5,-4],[5,-4],[0,1],[-3,3],[2,2],[-1,1],[1,2],[2,0],[4,15],[10,-3],[1,1],[5,-7],[6,4],[-18,25],[-4,7],[0,4],[-2,1],[-2,-3],[-1,0],[-2,-4],[-5,-1]],[[1387,258],[-4,7]],[[1383,265],[-2,5],[0,5],[5,13],[11,-5]],[[1458,495],[-5,1],[-6,1],[-1,-1],[-1,-10],[-4,-8],[-2,-13],[-13,-19],[-17,-20],[55,-14],[1,-1]],[[1465,411],[-2,0]],[[1383,265],[-23,-11],[-2,5]],[[1431,151],[-23,-12],[-27,-46],[-45,9],[-22,-36],[-50,-43],[-43,-5],[-14,-18],[-34,34],[4,19],[-50,0],[-26,35],[11,48]],[[1378,227],[5,5],[7,17],[0,1],[-3,-1],[-4,7],[4,2]]],"objects":{"77":{"type":"GeometryCollection","geometries":[{"arcs":[[0,1,2,3]],"type":"Polygon","properties":{"WARD":"52202001","PROVINCE":"KwaZulu-Natal","CAT_B":"KZN222","MUNICNAME":"uMngeni Local Municipality","WARDNO":1,"VOTERS":3317,"Area":4.3936178167,"Shape_Leng":0.116781053668,"Shape_Area":0.000408779197609,"ID":1828,"POPULATION":7661,"DENSITY":1743.6655438897724}},{"arcs":[[-2,4,5]],"type":"Polygon","properties":{"WARD":"52202002","PROVINCE":"KwaZulu-Natal","CAT_B":"KZN222","MUNICNAME":"uMngeni Local Municipality","WARDNO":2,"VOTERS":2849,"Area":1.62112575644,"Shape_Leng":0.0561517530326,"Shape_Area":0.000150807762632,"ID":1829,"POPULATION":1266,"DENSITY":780.9387982213929}},{"arcs":[[6,7,8]],"type":"Polygon","properties":{"WARD":"52202003","PROVINCE":"KwaZulu-Natal","CAT_B":"KZN222","MUNICNAME":"uMngeni Local Municipality","WARDNO":3,"VOTERS":3319,"Area":602.846776989,"Shape_Leng":1.55886691541,"Shape_Area":0.0560525267624,"ID":1830,"POPULATION":6411,"DENSITY":10.634543045947114}},{"arcs":[[9,10,-9,11]],"type":"Polygon","properties":{"WARD":"52202004","PROVINCE":"KwaZulu-Natal","CAT_B":"KZN222","MUNICNAME":"uMngeni Local Municipality","WARDNO":4,"VOTERS":3784,"Area":279.35895965,"Shape_Leng":1.07847070031,"Shape_Area":0.0259565386053,"ID":1831,