{"type":"Topology","transform":{"scale":[0.00047111895763173685,0.0004318723045728993],"translate":[29.506799942000043,-29.41543993999994]},"arcs":[[[1060,433],[-3,-1],[-8,8],[0,-2],[-9,-10],[-3,0],[-3,2],[-1,-1],[1,-1],[-2,-1],[-5,-1],[-3,2],[-2,2],[-3,3],[-8,5],[-3,4],[-2,8],[2,3],[2,2],[14,1],[5,-2],[-9,28],[1,4],[5,-1],[0,7],[3,1],[0,2],[-1,4],[3,2],[4,-1],[2,-8],[2,-4],[11,2],[-1,2],[5,12],[1,2],[1,1],[2,-1],[0,1],[3,1],[3,2],[13,-9],[10,5],[10,9],[3,3],[5,-12]],[[1105,506],[2,-3],[3,-2],[1,-2],[-1,-3],[-6,-4],[8,-13],[1,-11],[-8,0],[1,-8],[-9,0],[2,-9],[-5,-3],[-1,2],[-6,0],[-1,2],[-2,0],[-1,7],[-14,0],[-2,4],[-8,-24],[1,-6]],[[1280,657],[-5,-1],[-6,-6],[-5,0],[0,-3],[4,-4],[-2,-4],[-2,0],[-3,0],[-2,2],[-5,0],[-3,-4],[-1,-2],[0,-5],[2,-2],[8,0],[3,-3],[1,-4],[-1,-6],[5,-11],[0,-2],[-1,-2],[-2,-1],[-3,-1],[-12,-1],[-11,-2],[-4,-1],[-6,1],[-1,-1],[-3,-1],[-5,-6],[0,-1],[6,-6],[6,-9],[5,-5],[2,-4],[2,-1],[9,-2],[2,-1],[2,-3],[0,-2],[1,-2],[-1,-3],[-3,-4],[-3,-6],[-4,-4],[-3,-1],[-16,1],[-4,-4],[-1,-5],[1,-2],[1,-1],[4,-1],[2,-3],[0,-2],[-3,-3],[-2,-1],[-1,0],[-6,0],[-5,2],[-1,4],[1,5],[0,4],[-2,7],[-2,2],[-4,1],[-1,0],[-7,-8],[-1,-1],[-1,1],[-2,3],[0,2],[2,3],[-1,4],[-9,13],[-2,1],[-3,-2],[-2,-2],[-2,-7],[-4,-5],[-4,0],[0,1],[-3,1],[-1,1],[-3,0],[-4,-2],[1,-7],[-5,-8],[-2,-3],[-1,-2],[1,-7],[-2,-7],[-1,-2],[-3,-3],[-9,0],[-2,0],[-3,2],[0,2],[3,9],[1,6],[1,3],[-1,5],[-1,4],[-1,2],[-4,1],[-12,8],[-2,0],[-5,-2],[-6,-5],[-3,-3],[-1,-2],[1,-3],[1,-1],[5,-1],[5,0],[4,1],[6,-3],[4,-1],[1,-3],[1,-6],[-2,-3],[-1,-1],[-11,1],[-3,1],[-2,0],[-2,-6]],[[1060,433],[1,-4],[3,-3],[20,-22],[3,-4],[3,-34],[5,-23],[12,-25],[5,-18]],[[1112,300],[-15,-21],[-25,-4],[-13,-97],[-24,-22],[-52,49],[-5,5],[-5,5],[-2,0],[-6,4],[-5,0],[-2,-2],[0,-7],[-2,-4],[-2,-2],[-2,0],[-6,4],[-4,-1],[-2,0],[-10,11],[-3,2],[-4,0],[-1,3],[-4,3],[-3,1],[-3,3],[-1,0],[-1,-1],[-2,-4],[-3,-2],[-1,0],[-2,3],[-1,0],[-1,-3],[2,-12],[0,-8],[-1,-3],[-6,-7],[-2,-1],[-3,0],[2,-4],[2,-3],[-1,-2],[-2,-1],[-3,1],[-2,3],[-4,-1],[-3,-9],[-4,-3],[-3,0],[-2,10],[-1,9],[-3,5],[-1,0],[-6,-4],[-5,-3],[-2,-4],[-3,-3],[-1,-4],[-1,-3],[-4,0],[-6,-5],[-6,-3],[-2,-3],[-1,-1],[-7,1],[-2,-7],[0,-1],[2,-3],[-1,-3],[0,-4],[-1,-1],[-62,27],[-21,-22],[-25,-18],[-97,-20],[-69,-9],[2,-23],[-47,-17],[-39,-4],[-28,-6],[-8,-7],[-36,-18],[-28,-29],[-81,36],[-54,-20],[-124,91],[-59,-5],[-3,25],[-23,43],[-17,5],[18,32],[14,-9],[39,-50],[41,32],[-1,1],[41,4],[0,84],[-18,21],[52,61],[33,35],[43,-46],[53,29],[23,3],[4,-6],[-14,-7],[-22,-5],[-11,-19],[-15,-4],[-6,-15],[-9,-11],[-6,-2],[-2,-2],[7,0],[1,-14],[27,-4],[16,-9],[20,-2],[23,0],[0,1],[14,4],[8,-3],[9,-3],[-5,-6],[3,-4],[14,3],[24,15],[49,11],[57,16],[0,95],[30,50],[-1,0],[-2,1],[-2,4],[-2,2],[1,1],[-73,-23],[53,47],[53,33],[14,-11],[21,21],[6,-67],[62,-6],[55,4],[29,47],[10,34],[40,50],[16,27],[20,19],[38,46],[48,-22],[27,73],[50,31],[85,-8],[4,71],[75,7],[-27,67],[45,35],[31,105],[135,-67]],[[1365,972],[-35,-50],[4,-1],[42,-38],[-2,-13],[3,0],[5,-4],[2,-3],[3,-2],[-1,-3],[4,-2],[3,-7],[3,-2],[0,-4],[1,0],[-1,-2],[1,0],[-1,-5],[1,-3],[0,-6],[3,-3],[2,-4],[2,-2],[1,-4],[3,-4],[5,0],[2,-1],[0,-5],[1,-5],[6,-5],[4,-2],[2,-1],[3,1],[-2,-3],[-4,-3],[-7,-7],[-2,-4],[-1,-5],[1,-8],[-2,-3],[9,-5],[1,-2],[0,-2],[-1,-1],[-2,0],[-5,0],[-2,-1],[-2,-2],[3,-4],[2,-1],[6,-6],[0,-2],[4,-3],[0,-3],[-2,-3],[-4,-2],[-3,-2],[-3,-3],[-5,-3],[-2,-3],[0,-3],[-2,-3],[-11,-7],[-3,-3],[-5,-4],[-1,-2],[-3,0],[-1,1],[2,9],[-1,4],[-2,2],[-4,1],[-8,-1],[-1,-1],[-1,-5],[-4,-3],[-3,0],[-4,1],[-3,4],[-2,4],[-1,4],[-2,0],[-5,-9],[-9,-7],[-4,-4],[-4,-2],[-4,-1],[-3,-2],[-1,-13],[-2,-2],[-3,-1],[-7,-2],[-3,1],[-4,2],[-1,-1],[-2,-1],[-3,-1],[-1,1],[-3,-1],[-4,-3],[-1,-5],[-2,-1],[-2,0]],[[1378,391],[-7,3],[-4,0],[-8,-1],[-5,-3],[-47,4],[-21,-32],[-44,-18],[-37,-20],[-38,-29],[-18,54],[-37,-49]],[[1280,657],[28,-41],[2,-35],[18,-27],[8,-41],[44,-22],[-1,-7],[-3,-3],[-1,-7],[2,-5],[-1,-4],[-1,-1],[2,-9],[1,-64]],[[1365,972],[11,38],[39,4],[29,42],[23,-48],[36,-1],[8,-41],[23,33],[1,12],[3,34],[-16,43],[48,24],[56,32],[31,15],[72,-55],[40,-77],[63,-25],[1,-1],[-3,-2],[-15,-7],[-2,-1],[-2,-4],[0,-6],[6,-6],[3,1],[4,-5],[2,1],[-1,-3],[-41,-4],[-5,-21],[12,-7],[-2,-15],[-26,-32],[45,1],[0,-1],[0,-2],[2,-2],[4,0],[4,-2],[1,-1],[2,-3],[-1,-3],[8,-9],[-4,-1],[-2,1],[-12,-2],[31,-63],[-17,-72],[-5,-54],[-26,-38],[-62,-106],[-1,-25],[-1,-1],[-1,1],[-4,-1],[-3,-4],[-2,1],[-2,2],[0,-8],[-1,-14],[-8,-7],[2,-7],[0,-6],[3,-6],[0,-4],[29,13],[15,-50],[-60,-11],[-8,-58],[-19,-52],[-15,-39],[-22,-11],[-55,13],[-37,25],[-24,2],[-35,-30],[4,37],[3,86],[-85,-9],[0,3],[-2,2],[-9,5],[-15,11]]],"objects":{"78":{"type":"GeometryCollection","geometries":[{"arcs":[[0,1]],"type":"Polygon","properties":{"WARD":"52203001","PROVINCE":"KwaZulu-Natal","CAT_B":"KZN223","MUNICNAME":"Mpofana Local Municipality","WARDNO":1,"VOTERS":4465,"Area":11.4358932004,"Shape_Leng":0.196470055134,"Shape_Area":0.00106104355096,"ID":1840,"POPULATION":11414,"DENSITY":998.0855714532876}},{"arcs":[[2,-1,3,4,5]],"type":"Polygon","properties":{"WARD":"52203002","PROVINCE":"KwaZulu-Natal","CAT_B":"KZN223","MUNICNAME":"Mpofana Local Municipality","WARDNO":2,"VOTERS":3182,"Area":990.774000592,"Shape_Leng":2.65376223086,"Shape_Area":0.0919450377713,"ID":1841,"POPULATION":8464,"DENSITY":8.542816015501671}},{"arcs":[[6,-4,-2,-3,7]],"type":"Polygon","properties":{"WARD":"52203003","PROVINCE":"KwaZulu-Natal","CAT_B":"KZN223","MUNICNAME":"Mpofana Local Municipality","WARDNO":3,"VOTERS":3892,"Area":127.926479005,"Shape_Leng":0.708716759334,"Shape_Area":0.0118701723844,"ID":1842,"POPULATION":6917,"DENSITY":54.07011944516701}},{"arcs":[[-8,-6,8]],"type":"Polygon","properties":{"WARD":"52203004","PROVINCE":"KwaZulu-Natal","CAT_B":"KZN223","MUNICNAME":"Mpofana Local Municipality","WARDNO":4,"VOTERS":4331,"Area":689.651999636,"Shape_Leng":1.41992685232,"Shape_Area":0.0639248704332,"ID":1843,"POPULATION":11309,"DENSITY":16.398125440031954}}]}}}