{"type":"Topology","transform":{"scale":[0.0003281418282950221,0.0002417826863354012],"translate":[29.293210067000075,-29.729050064999967]},"arcs":[[[1610,1126],[-30,-49],[61,-66],[63,-64],[14,-17],[-38,-34],[-26,-34],[-69,29],[-61,29],[-25,-70],[-21,-69],[-33,-41],[30,-38],[-38,-19],[14,-34]],[[1451,649],[-26,-8],[-108,-34],[-65,-21],[0,0],[1,-1],[1,-2],[1,-1],[5,-11],[7,-8],[6,-10],[6,0],[5,3],[3,0],[7,-3],[4,-3],[3,-1],[2,2],[2,0],[6,-1],[6,-6],[6,-15],[5,-8],[1,-3],[-4,-7],[-5,-3],[-1,-1],[-7,2],[-2,-1],[-3,-4],[1,-2],[2,-1],[1,0],[1,0],[3,0],[6,-2],[4,-1],[3,2],[16,16],[3,1],[4,-1],[2,-5],[1,-6],[2,-4],[1,-14],[0,-7],[3,-6],[6,-9],[-1,-8],[-1,-14],[-1,-3],[-3,-18],[-4,-10],[0,-5],[2,0],[2,1],[2,4],[2,2],[7,1],[12,4],[3,1],[3,-1],[1,-1],[1,-3],[0,-11],[1,-4],[4,-4],[5,-5],[1,-2]],[[1402,389],[-4,-1],[0,-5],[0,-2],[-1,0],[-5,1],[-3,3],[-1,0],[-2,-2],[-1,-1],[-3,-1],[-3,2],[-4,4],[-1,0],[-1,0],[-2,-10],[2,0],[0,-1],[-3,-4],[-3,-1],[-2,-3],[-1,-7],[-3,-11],[0,-3],[-1,-6],[2,-2],[-2,-6],[1,-2],[0,-5],[1,-4],[5,-8],[0,-2],[-1,-1],[-2,-2],[-10,-1],[-2,-2],[-3,-7],[-5,-1],[-8,-1],[-4,-1],[0,-3],[-1,-3],[5,-7],[5,-3],[5,-5],[2,-3],[-2,-3],[-1,0],[4,-22],[-26,-34],[-122,8],[-1,1],[-4,3],[-21,10],[-39,7],[-1,1],[-5,1],[-3,-1],[-3,-3],[-2,2],[-1,2],[-2,0],[0,-5],[-1,1],[-7,11],[-3,7],[-3,0],[2,-15],[-2,-4],[-1,-11],[-17,11],[-38,9],[2,-6],[-8,-5],[-2,-2],[-1,-4],[-1,-1],[-11,8],[-2,0],[-5,-1],[-7,-5],[-3,-2],[-2,1],[-4,5],[-6,3],[-4,-1],[-2,-3],[-2,-2],[-1,1],[-1,1],[-2,3],[-2,3],[-3,2],[-1,0],[-5,-2],[-3,1],[-10,-16],[-18,-15],[-29,18],[-3,31],[-1,45],[-32,-5],[-49,2],[-35,14],[7,55],[19,2],[15,133],[-22,9],[-8,10],[8,19],[5,1],[3,2],[5,1],[3,-1],[32,32],[42,0],[8,48],[-49,-26],[-11,34],[-29,5],[-21,52],[-36,-42],[-31,35],[-17,-2],[0,1],[-19,-12],[-20,3],[0,-2],[0,-2],[3,-1],[2,-1],[5,-10],[2,-1],[6,-2],[7,-2],[4,-3],[1,-4],[-2,-8],[1,-5],[-3,2],[-2,1],[-4,0],[-5,-2],[-5,0],[-1,-1],[-1,-3],[-5,-2],[0,-5],[-1,-1],[-1,0],[-70,-35],[-57,38],[7,24],[-47,30],[-37,19],[11,57],[4,13],[-43,-7],[-11,-12],[-13,23],[-5,25],[9,15],[-5,2],[-2,-1],[-1,-3],[-2,-1],[-4,0],[-2,1],[-3,-1],[-3,1],[-1,0],[-2,-3],[-3,-1],[-2,-2],[-3,0],[-7,-1],[-7,5],[-4,0],[-9,6],[-5,0],[-2,3],[-7,3],[-3,-2],[-12,5],[-16,20],[-47,-3],[-43,40],[-19,-5],[-23,15],[-70,28],[-71,42],[-31,-9],[-15,21],[-1,1],[0,6],[-4,6],[0,1],[4,8],[6,8],[4,0],[5,0],[3,1],[9,5],[10,9],[1,0],[1,-1],[5,-10],[3,-3],[6,-3],[12,-4],[5,0],[8,3],[11,2],[0,4],[-2,8],[-3,7],[-3,3],[-3,7],[-1,3],[0,5],[3,2],[1,6],[0,1],[3,1],[2,2],[6,0],[3,3],[2,3],[2,6],[2,6],[4,-1],[1,3],[1,0],[7,-2],[6,-1],[2,-1],[2,-1],[6,-2],[7,-2],[1,3],[2,13],[3,2],[4,1],[0,5],[8,1],[1,1],[1,3],[4,-2],[7,-5],[6,-3],[21,-7],[2,-1],[3,2],[3,0],[2,-1],[4,-3],[2,4],[2,10],[7,7],[4,5],[10,2],[4,0],[1,1],[6,17],[4,10],[3,7],[7,1],[2,2],[5,-6],[5,-3],[5,3],[8,0],[1,13],[2,3],[15,2],[4,4],[4,8],[3,5],[2,0],[6,0],[2,0],[1,4],[-3,3],[0,1],[11,3],[0,2],[-6,8],[-3,8],[-2,10],[-1,8],[1,2],[5,3],[1,3],[1,14],[0,3],[3,7],[8,15],[2,7],[1,8],[3,3],[6,9],[2,3],[14,0],[9,2],[6,0],[5,6],[3,5],[0,3],[-7,12],[-4,10],[-1,7],[0,6],[2,13],[1,20],[3,3],[2,0],[11,-2],[2,0],[8,3],[6,0],[5,-3],[3,0],[8,1],[2,1],[3,5],[1,2],[-3,8],[1,7],[-2,14],[1,6],[2,3],[5,0],[1,1],[5,10],[3,8],[2,3],[10,5],[3,7],[2,3],[0,4],[-3,12],[7,5],[1,6],[1,6],[-1,1],[-3,3],[-6,5],[-4,5],[-2,6],[-4,14],[-3,9],[1,15],[4,8],[1,4],[-1,10],[-5,10],[0,2],[1,3],[7,5],[10,1],[6,1],[11,6],[6,3],[1,1],[6,-3],[6,-7],[8,-19],[16,-1],[5,3],[0,7],[9,6],[14,-3],[2,-4],[13,-2],[62,24],[16,5],[24,-9],[33,-77],[4,-45],[85,10],[178,-163],[77,35],[116,-64],[41,52],[18,-101],[55,-6],[15,10],[39,-3],[14,-15],[11,-3],[86,-8],[23,-54],[9,17],[71,18],[23,8],[37,-86]],[[1557,288],[-57,-29],[-6,-4],[-1,1],[-2,2],[-4,1],[-3,-1],[-3,1],[-2,1],[0,4],[3,5],[5,5],[0,2],[3,1],[5,6],[1,6],[0,3],[-3,3],[-7,3],[-4,3],[-11,13],[-6,6],[-3,1],[-2,1],[-4,5],[-3,1],[-4,-1],[-4,4],[-2,3],[0,3],[0,10],[2,8],[0,1],[-1,3],[-7,1],[-4,-1],[-3,2],[-5,2],[-11,-1],[-5,3],[-2,5],[-1,5],[-3,8],[-1,6]],[[1451,649],[148,47],[62,40]],[[1661,736],[2,-3],[5,-8],[14,-16],[-10,-8],[-2,-5],[-1,-7],[-2,-7],[-3,-4],[-4,-3],[-5,-2],[-4,0],[-6,1],[-7,0],[-4,0],[-4,-1],[-6,-12],[-6,-16],[-2,-6],[-4,-4],[-6,-4],[-10,-9],[-1,-3],[-2,-6],[0,-2],[-4,-5],[0,-3],[0,-3],[2,-2],[1,-5],[4,-4],[2,0],[3,-3],[2,-3],[2,0],[2,-2],[3,0],[2,-3],[7,-4],[4,-4],[5,-7],[5,-3],[5,0],[2,-1],[5,-5],[1,-2],[1,1],[2,-5],[5,-6],[4,-6],[2,-1],[2,-3],[1,0],[4,-11],[5,-7],[-1,-2],[-5,-3],[-8,-14],[-10,-23],[-5,0],[-1,-1],[-2,-12],[-5,-11],[-1,-4],[1,-6],[-2,-1],[2,-3],[5,-2],[1,-1],[11,1],[4,-3],[6,1],[3,-1],[3,-2],[1,-3],[0,-3],[1,-2],[7,-2],[10,1],[3,-1],[9,-7],[0,-4],[-5,-5],[-3,-5],[-3,-2],[-1,-1],[-1,-3],[-1,-1],[-1,0],[-1,4],[-1,5],[0,1],[-5,-5],[-19,-15],[-14,-6],[-3,-6],[-6,-4],[-2,-1],[-3,0],[-1,2],[-3,5],[-1,1],[-3,-2],[-3,-4],[-6,-4],[-10,-1],[-6,-3],[-3,2],[-2,3],[0,-3],[3,-4],[3,-3],[4,-2],[2,-3],[-1,-6],[1,-2],[-47,-50]],[[1761,375],[-15,-72],[10,-130],[-47,29],[-8,6],[-59,24],[-85,56]],[[1661,736],[69,47],[54,-96],[-9,-5],[-9,-3],[-3,-4],[-5,-10],[-2,-3],[-2,-1],[-6,1],[-1,0],[-2,-3],[-4,-14],[0,-2],[7,-7],[1,-4],[1,-6],[3,-4],[4,-3],[8,-11],[0,-4],[-1,-4],[0,-8],[-2,-4],[17,5],[4,3],[5,4],[5,10],[-3,-36],[-3,-14],[-20,-35],[-1,-7],[-1,-2],[-4,-2],[-3,-4],[-3,-1],[-2,-7],[-4,0],[0,-2],[-2,-4],[0,-5],[-2,0],[-2,-3],[-2,-1],[-2,-4],[-5,-1],[-2,0],[-1,-2],[2,-1],[2,-2],[4,-5],[1,0],[1,-2],[4,0],[2,-2],[1,-2],[3,-1],[0,-1],[2,0],[1,-1],[3,0],[0,-1],[1,-7],[-1,-2],[1,-3],[-2,-5],[-1,-5],[0,-15],[-2,-6],[-2,-7],[-2,-5],[-3,-2],[-2,-2],[-2,-1],[-4,-3],[3,-1],[4,-3],[4,-1],[2,-2],[1,-4],[6,-2],[0,-3],[0,-5],[0,-2],[3,0],[0,-1]],[[1610,1126],[103,-4],[16,32],[17,0],[3,-14],[15,-19],[1,-40],[-1,-80],[116,-161],[27,-32],[103,-36],[3,-17],[106,18],[8,27],[46,-3],[4,-8],[1,-13],[4,-2],[3,-2],[5,-9],[0,-8],[4,-94],[13,-85],[91,-52],[114,16],[-13,-61],[28,-43],[54,0],[-4,-25],[-88,-169],[26,-95],[2,-6],[-52,-25],[0,-95],[-90,16],[-48,41],[-25,-78],[0,1],[-35,10],[-49,18],[-37,17],[-37,22],[-52,38],[-31,-55],[-74,57],[-20,64],[-8,65],[38,80],[-11,76],[-89,34],[-36,-52]]],"objects":{"79":{"type":"GeometryCollection","geometries":[{"arcs":[[0,1,2]],"type":"Polygon","properties":{"WARD":"52204001","PROVINCE":"KwaZulu-Natal","CAT_B":"KZN224","MUNICNAME":"Impendle Local Municipality","WARDNO":1,"VOTERS":3939,"Area":974.655137118,"Shape_Leng":2.00501897955,"Shape_Area":0.090685955455,"ID":1844,"POPULATION":8683,"DENSITY":8.908792114588488}},{"arcs":[[3,-2,4,5]],"type":"Polygon","properties":{"WARD":"52204002","PROVINCE":"KwaZulu-Natal","CAT_B":"KZN224","MUNICNAME":"Impendle Local Municipality","WARDNO":2,"VOTERS":4121,"Area":86.8885600778,"Shape_Leng":0.542723208662,"Shape_Area":0.0080925598533,"ID":1845,"POPULATION":9546,"DENSITY":109.864865886286}},{"arcs":[[6,-6,7]],"type":"Polygon","properties":{"WARD":"52204003","PROVINCE":"KwaZulu-Natal","CAT_B":"KZN224","MUNICNAME":"Impendle Local Municipality","WARDNO":3,"VOTERS":4216,"Area":58.8245883513,"Shape_Leng":0.517054821443,"Shape_Area":0.00547907730117,"ID":1846,"POPULATION":8069,"DENSITY":137.17053065993412}},{"arcs":[[-8,-5,-1,8]],"type":"Polygon","properties":{"WARD":"52204004","PROVINCE":"KwaZulu-Natal","CAT_B":"KZN224","MUNICNAME":"Impendle Local Municipality","WARDNO":4,"VOTERS":3442,"Area":407.819965279,"Shape_Leng":1.34529279952,"Shape_Area":0.0379831919997,"ID":1847,"POPULATION":6806,"DENSITY":16.688736647171854}}]}}}