{"type":"Topology","transform":{"scale":[0.0002457948950766659,0.0002290616147070033],"translate":[30.39644006800006,-30.14466994099996]},"arcs":[[[914,2488],[-5,-5],[-7,-10],[-23,4],[-15,1],[-11,-1],[-5,2],[-6,5],[-5,-2],[-8,1],[-4,-1],[-5,-12],[0,-4],[8,-24],[0,-2],[0,-4],[-2,-2],[-11,-11],[2,-8],[3,-1],[3,-4],[0,-5],[-4,-7],[-2,-9],[1,-4],[3,-4],[-2,-3],[-12,-10],[3,-2],[0,-2],[-1,-8],[1,-4],[-2,-2],[0,-3],[1,-3],[-1,-3],[1,-3],[-1,-4],[-1,-3],[0,-5],[-1,-2],[0,-2],[-5,-4],[-3,-4],[-7,-2],[-3,-3],[-2,-2],[-7,-3],[-4,-6],[-4,-3],[-2,0],[-2,0],[-3,3],[-3,2]],[[761,2300],[0,4],[-6,8],[-5,2],[-7,-1],[-5,1],[-7,11],[-3,2],[-3,0],[-7,-3],[-17,-3],[-12,-5],[-5,0],[-7,3],[-7,1],[-6,5],[-6,11],[-4,6],[-4,3],[-3,4],[-8,3],[-5,-3],[-2,-6],[-12,-12],[-4,-5],[-5,-7],[-1,-8],[2,-2],[3,-2],[14,-4],[15,5],[3,-1],[6,-2],[4,1],[2,-2],[-1,-4],[-3,-2],[-4,-4],[-13,-4],[-4,-7],[-4,-1],[-6,2],[-8,3],[-13,1],[-10,10],[-6,0]],[[587,2298],[-41,156],[-73,-3],[0,67],[61,26],[7,-1],[15,3],[11,18],[6,-13],[-5,-3],[-3,-5],[-1,-10],[4,-10],[2,-6],[1,-3],[9,-6],[7,-1],[6,1],[7,4],[2,3],[6,24],[11,15],[29,28],[14,5],[8,3],[10,8],[9,5],[12,4],[18,4],[7,-1],[10,-6],[3,-2],[3,-3],[2,-29],[5,-11],[4,-4],[4,-1],[4,1],[9,0],[11,20],[11,15],[110,6],[26,-12],[9,-49],[-16,-19],[-29,-19],[22,-9]],[[768,2140],[11,47],[-47,18],[5,6],[2,5],[4,2],[6,1],[4,-1],[6,0],[1,-1],[2,3],[2,-1],[9,1],[21,8],[1,2],[2,0],[1,2],[-1,7],[-4,4],[-2,5],[0,4],[4,3],[-7,4],[-20,2],[-6,1],[-4,-1],[-2,1],[-5,2],[-2,2],[2,6],[-1,2],[2,6],[4,11],[5,9]],[[914,2488],[100,-45],[8,-33],[-5,-20],[-15,-20],[-29,0],[5,-12],[1,-3],[3,-3],[2,-8],[2,-8],[10,-8],[6,-7],[1,-4],[4,-7],[0,-7],[-1,-2],[0,-10],[-1,-6],[-3,-1],[-1,-4],[1,-4],[1,-3],[3,0],[8,1],[3,2],[5,4],[5,2],[5,1],[7,0],[1,-1],[2,-2],[2,-4],[0,-5],[2,-3],[6,-1],[7,2],[26,13],[46,10],[3,0],[4,-2],[0,-2],[-4,-2],[-8,-7],[-7,-14],[-1,-4],[-5,-11],[-10,-7],[-9,-4],[-18,-6],[-8,-2],[-3,0],[-11,7],[-3,1],[-7,0],[-10,-5],[-4,0],[-2,-2],[-6,1],[-3,3],[-8,4],[-2,0],[-1,-1],[1,-7],[6,-12],[2,-5],[2,-4],[5,-3],[4,-1],[7,1],[7,0],[3,2],[5,0],[5,-2],[20,2],[6,5],[2,5],[1,0],[2,0],[6,-4],[2,0],[10,-9],[2,-3],[0,-4],[-4,-15],[0,-4],[2,-2],[2,-3],[11,-4],[1,-2],[-1,-2],[-2,-1],[-6,0],[-8,2],[-7,2],[-10,10],[-7,3],[0,1],[-6,6],[-8,5],[-13,0],[-12,-4],[-4,-2],[-3,-4],[-2,-8],[-8,-8],[-8,-11],[-2,-5],[-2,-13],[3,-3],[8,-7],[5,-4],[8,-3],[8,-6],[0,-1],[-4,-3],[-4,0],[-4,1],[-8,-2],[-1,-2],[1,-4],[-1,-4],[1,-5],[-2,-1],[-7,-1],[-4,4],[-13,9],[-6,1],[-4,-1],[-7,0],[-2,1],[-5,0],[-2,2],[1,7],[5,10],[3,20],[0,5],[-2,6],[0,3],[2,7],[1,11],[-3,8],[-58,-110],[-150,61]],[[768,2140],[-52,-228],[-50,-94]],[[666,1818],[-11,1],[-17,6],[-23,-3],[-12,0],[-6,4],[-6,1],[-4,2],[-2,7],[-1,-2],[-2,-3],[-4,-1],[1,7],[-19,3],[-1,4],[-5,0],[-3,5],[-10,5],[-1,-2],[-10,4],[-5,-3],[-4,-9],[5,-9],[-3,-21],[-3,-7],[0,-3],[-3,-2],[-7,-4],[-31,-8],[0,-6],[-1,-3],[-10,-9],[-5,-7],[-17,-31],[-1,-6],[0,-6],[9,-70],[-1,-12],[-29,-11],[-5,0],[-4,-2],[-12,-14],[-3,-2],[-6,-1],[-11,4],[-35,-13],[-12,-3],[-19,11],[-18,-3],[-4,6],[-19,22],[9,36],[28,22],[3,29],[-12,15],[-80,69]],[[224,1805],[12,1],[14,3],[20,10],[1,-5],[7,6],[19,5],[3,2],[5,6],[3,-4],[7,5],[6,-2],[3,1],[4,2],[5,5],[4,3],[17,4],[16,8],[5,0],[4,-2],[3,-4],[1,-8],[2,-3],[3,-2],[5,-1],[-5,6],[24,15],[-5,7],[-4,17],[6,14],[0,12],[-7,11],[-47,55],[-4,8],[2,2],[-5,-2],[-65,83],[10,18],[13,21],[47,73],[-12,7],[-1,3],[0,5],[4,10],[0,2],[-4,1],[-9,0],[-5,1],[-2,1],[0,1],[3,6],[-2,7],[3,4],[-3,22],[3,3],[2,4],[7,2],[3,2],[49,10],[211,-15],[-13,47]],[[666,1818],[-1,0],[5,-1],[11,-8],[23,-6],[-15,-63],[42,0],[0,-22],[18,2],[6,-39],[10,2],[8,-94],[-5,-1],[2,-14],[-39,-207],[-5,-69],[80,51],[5,-4],[5,-2],[2,1],[2,1],[12,-2],[4,0],[4,4],[1,5],[1,3],[5,1],[11,0],[4,-2],[3,-5],[-2,-13],[1,-4],[2,-1],[2,1],[2,1],[4,-2],[4,-3],[4,-6],[4,-8],[0,-6],[-3,-7],[3,-17],[5,-12],[2,-1],[5,0]],[[898,1271],[-16,-123],[-71,32],[-63,-73],[-29,9],[1,-25],[-2,-18],[-7,-16],[-61,52],[-28,-51],[-42,28],[-67,-110],[13,-8],[5,-6],[-2,-5],[-8,-23],[-6,-7],[0,-7],[-5,-15],[-2,-1],[-10,-1],[-110,-11]],[[388,892],[0,34],[-18,-4],[-38,19],[55,39],[0,51],[6,39],[-163,48],[38,49],[47,162],[-263,7],[56,46],[66,57],[2,-4],[38,-3],[0,6],[2,8],[-1,2],[-8,6],[-3,3],[0,4],[2,5],[0,5],[-2,2],[-6,4],[-1,2],[1,2],[7,6],[1,3],[-6,6],[-4,6],[-16,11],[-1,2],[-1,5],[-2,4],[0,4],[5,3],[2,2],[0,7],[-1,5],[-3,0],[-3,-3],[-6,0],[-1,-2],[-4,0],[-4,-17],[0,-28],[-12,-4],[-10,-6],[-15,20],[-2,0],[2,0],[-17,22],[15,10],[-108,135],[-14,-13],[1,14],[-1,13],[7,18],[-1,9],[7,16],[2,-1],[2,1],[7,6],[8,2],[17,-3],[11,0],[4,2],[9,9],[3,2],[5,1],[4,43],[30,-11],[6,3],[-7,26],[7,1],[6,6],[3,-5],[65,10],[-1,-13],[30,-3]],[[1000,325],[-12,4],[-5,1],[-3,2],[-7,-1],[-7,2],[-6,3],[-22,4],[-1,2],[-1,-2],[-5,2],[-13,10],[-6,7],[0,2],[0,8],[0,0],[-17,-6],[-6,0]],[[889,363],[7,12],[0,3],[2,9],[-1,14],[0,3],[-10,13],[-7,5],[-3,2],[-6,-1],[-8,-3],[-3,0],[-3,1],[-1,2],[-1,1],[1,6],[5,7],[2,10],[0,2],[-2,4],[0,4],[12,10],[2,6],[0,10],[27,1],[88,54],[60,128],[8,33]],[[1058,699],[5,-3],[47,0],[39,21],[14,0],[2,-1],[23,12],[3,-1],[19,-13],[27,-24],[0,2],[2,-2],[-9,-7],[6,-16],[-30,-35],[-39,-3],[-17,-11],[-11,-11],[-12,-3],[-16,-10],[-14,-4],[-10,-16],[-4,-5],[16,-48],[14,-6],[17,-5],[-5,-24],[4,-7],[-4,-27],[-6,-15],[0,-16],[-1,-21],[-17,-2],[0,-21],[-7,-16],[3,-8],[14,-7],[4,-7],[7,6],[13,-8],[-1,-10],[-10,-12],[6,-3],[4,-9],[7,-1],[-2,-21],[4,-25],[-8,-5],[2,-17],[-22,-11],[-33,-7],[-24,0],[-4,8],[20,28],[7,7],[-3,10],[-9,0],[-6,15],[9,14],[12,7],[-4,5],[-14,-4],[-24,7],[-8,-3],[-8,-5],[-20,6],[-5,15],[-1,-1]],[[889,363],[-2,2],[-3,1],[-17,1],[-8,-1],[-4,-2],[-1,-2],[-4,-1],[-3,1],[-5,2],[-15,11],[-8,12],[-1,3],[-3,6],[-3,4],[-4,1],[-2,-1],[-12,-10],[-7,-2],[-6,-6],[-15,-6],[-8,-1],[-8,1],[-9,1],[-4,4],[-2,10],[0,8],[-3,0],[-3,-1],[-2,-6],[-1,3],[-3,4],[0,2],[2,5],[-2,5],[-2,8],[2,3],[5,3],[-1,4],[-2,4],[-5,9],[-4,3],[0,5],[-1,1],[-6,-1],[-1,1],[-2,6],[-2,1],[-2,6],[-5,5],[0,4],[-2,6],[0,4],[-1,2],[-7,9],[-2,2],[-3,0],[-3,2],[-7,-1],[-4,-3],[-2,0],[-10,1],[-12,-3],[-2,-2],[-3,2],[-5,-1],[-10,-13],[-2,-1],[-5,0],[-5,1],[-4,3],[-3,10],[-67,2],[-51,22],[-12,-35],[-17,-1]],[[458,479],[-250,-18],[-12,-32],[-3,19],[-10,31],[48,92],[55,-26],[46,5],[1,26],[-15,23],[8,11],[-21,46],[22,5],[27,22],[-1,26],[23,6],[-29,84],[68,-28],[41,-16],[23,20],[-31,19],[-14,-16],[-23,45],[-36,78],[13,-9]],[[898,1271],[6,1],[3,4],[5,-2],[2,-2],[0,-3],[3,-5],[0,-12],[-2,-5],[1,-10],[3,-5],[1,-5],[4,-4],[0,-3],[2,-2],[0,-2],[2,-3],[1,-5],[1,-6],[-2,-6],[-6,-3],[-2,-4],[-1,-2],[0,-3],[-3,-3],[-3,-1],[-1,-2],[1,-2],[-6,-7],[2,-7],[0,-4],[6,-25],[61,-69],[40,-15],[16,49],[32,-8],[-6,-38],[0,-20],[31,-12],[-23,-47],[31,-13],[37,11],[-89,-223],[2,-25],[11,-24]],[[1000,325],[-25,-16],[-1,-16],[7,-8],[-3,-13],[3,-11],[-1,-12],[-48,-44],[-28,3],[-60,-39],[-1,-7],[8,-7],[-7,-7],[-9,-2],[-6,-21],[-6,-4],[7,-13],[-3,-4],[-6,1],[-1,-3],[3,-7],[-11,-5],[1,5],[0,3],[-1,5],[-4,5],[-8,4],[-2,2],[-6,3],[-3,0],[-6,-3],[-1,-1],[0,-4],[-3,-6],[1,-8],[-2,-7],[-8,-9],[-1,-2],[-11,-10],[-1,0],[-4,-5],[-3,-4],[-4,-8],[-2,-6],[0,-28],[-1,-3],[-3,-3],[-4,-3],[0,-2],[-7,-5],[-6,1],[-2,2],[-1,4],[-4,11],[-14,10],[-20,9],[-12,7],[-8,-1],[-6,2],[-8,-2],[-2,2],[-4,-1],[-2,2],[-4,1],[-15,10],[-8,4],[-35,24],[-11,10],[-4,2],[-2,3],[-1,16],[4,9],[2,2],[3,0],[2,-1],[5,-1],[4,-4],[6,-2],[2,0],[13,3],[4,2],[11,5],[1,2],[4,1],[2,0],[4,-5],[5,-7],[2,-4],[-4,-21],[3,-4],[5,-2],[7,0],[13,3],[10,4],[4,4],[1,5],[-3,6],[-2,9],[-4,9],[0,10],[-3,5],[-1,8],[-4,7],[-4,4],[-6,5],[-9,2],[-11,0],[-6,2],[-4,-1],[-8,-2],[-4,1],[-2,4],[-1,6],[-4,8],[-2,8],[-2,4],[-1,4],[-6,10],[-10,7],[-8,3],[-15,1],[-5,3],[-8,-2],[-9,-3],[-3,0],[-4,3],[-6,-1],[-4,1],[-17,12],[-10,12],[-8,3],[-2,-2],[-1,33],[27,67],[-4,15],[18,13],[6,14],[2,16],[-21,20],[-16,27],[-9,-3],[-12,1],[-8,-5],[-1,30]]],"objects":{"81":{"type":"GeometryCollection","geometries":[{"arcs":[[0,1,2]],"type":"Polygon","properties":{"WARD":"52206001","PROVINCE":"KwaZulu-Natal","CAT_B":"KZN226","MUNICNAME":"Mkhambathini Local Municipality","WARDNO":1,"VOTERS":4882,