{"type":"Topology","transform":{"scale":[0.0002562251314136146,0.0002085052531915027],"translate":[30.03605994200007,-30.11341994099996]},"arcs":[[[981,1016],[-86,-64]],[[895,952],[-5,2],[-6,-4],[-5,-1],[-1,-1],[-4,3],[-2,0],[-2,4],[-3,2],[2,3],[-1,1],[0,2],[-1,1],[0,3],[-1,3],[0,4],[-3,3],[0,5],[-2,2],[0,6],[-2,4],[-4,3],[0,4],[2,5],[-15,2],[8,16],[0,2],[2,0],[7,13]],[[859,1039],[29,53],[-2,-1],[5,7],[1,5],[2,2],[2,0],[6,15],[-5,11],[-1,1],[1,2],[-1,2],[-3,0],[-2,1],[-2,3],[0,5],[-1,0],[-1,-1],[-1,1],[0,1],[3,1],[0,2],[1,4],[2,5],[-2,3],[-3,0],[0,1],[2,3],[3,1],[1,0],[-1,3],[-3,-1],[-1,1],[-1,3],[3,6],[2,-1],[2,-2],[1,0],[0,4],[3,5],[-2,0],[1,6],[-2,-1],[0,-3],[-2,-1],[-1,4],[-1,3],[1,2],[-2,4],[-3,0],[0,5],[-2,3],[-3,3],[-2,-2],[-1,1],[-1,2],[-3,-1],[-2,-3],[1,-1],[-4,-7],[-1,-5],[-1,-1],[-3,2],[1,-2],[-3,-3],[-6,0],[0,2],[-1,1],[-3,-1],[-2,-2],[-4,3],[-1,-1],[-3,1],[0,3],[-4,0],[0,-2],[-6,-3],[-4,-8],[-2,-1],[-62,-47]],[[765,1134],[-52,-39]],[[713,1095],[-63,-48],[46,-138],[-67,-37],[-16,4],[-34,61],[-36,77],[21,91],[-77,-23],[-22,97],[-30,59],[0,171],[74,-58],[-15,68],[126,39],[82,53]],[[702,1511],[74,-25],[96,-13],[31,44],[201,-32],[43,-38],[49,101],[15,-45]],[[1211,1503],[-10,-10],[-2,-5],[0,-13],[3,-11],[-6,-21],[1,-3],[2,-2],[6,-4],[1,-5],[0,-3],[-3,-4],[-7,-4],[-1,-4],[1,-4],[3,-5],[5,-4],[2,-2],[0,-5],[-2,-3],[-8,-5],[-11,2],[-16,-4],[-3,-2],[-11,-17],[-13,-15],[-5,-5],[-15,-12],[-47,-24],[-13,-12],[-4,-2],[-15,-5],[-5,-3],[-4,-5],[-2,-6],[-1,-5],[0,-5],[-9,1],[-24,-9],[-26,-4],[-4,-2],[-7,-4],[-18,-14],[-3,-3],[-3,-6],[-4,-11],[24,-6],[0,-3],[-16,-6],[-1,-6],[2,-3],[4,-3],[2,-3],[3,8],[12,-5],[1,-24],[1,-9],[-1,-5],[-1,-2],[-1,-1],[-7,2],[-9,-29],[-2,-4],[6,-9],[4,-3],[-1,0],[3,0],[2,2],[2,-4],[0,-5],[-1,-4],[-2,0],[-1,2],[-1,-1],[-1,-2],[-2,-4],[0,-2],[3,0],[0,-2],[7,1],[2,2],[7,6],[4,1],[0,-1],[3,-1],[1,-2],[-2,-1],[1,-3],[0,-5],[3,1],[2,-2],[3,-1],[1,3],[2,2],[0,15],[13,14],[-21,-96]],[[859,1039],[-1,2],[-1,0],[-2,-2],[-4,-1],[-1,2],[-9,3],[-3,2],[-2,7],[0,4],[-5,3],[-3,4],[6,9],[1,5],[0,3],[-8,10],[-2,0],[-17,-10],[-10,22],[-28,18],[0,4],[-2,1],[-3,9]],[[1524,1503],[-2,0],[-2,3],[-2,0],[-5,-7],[-3,-6],[-3,-3],[-2,-4],[3,-3],[1,-3],[-1,-1],[-4,-1],[-14,7],[-7,-1],[-4,4],[-4,0],[-1,-1],[-4,-1],[-5,-4],[1,-5],[0,-2],[1,-3],[-2,-1],[-3,-1],[-1,1],[-1,-3],[-2,0],[-4,2],[-2,0],[-4,3],[-2,1],[-4,-4],[-4,-1],[-3,-2],[-1,-2],[-1,-4],[-3,-2],[-1,1],[-3,4],[-5,2],[-2,2],[-6,0],[-5,3],[-6,5],[-2,0],[-8,7],[-4,3],[-11,10],[-5,3],[-7,1],[-3,-1],[1,-3],[-1,-4],[1,-16],[-3,-3],[-3,-1],[-7,5],[-1,3],[1,5],[4,9],[-1,8],[-8,9],[-5,10],[-6,6],[-17,-1],[-17,3],[-9,-2],[-12,-10],[-3,-4],[-3,-1],[-1,-8],[2,-3],[-1,-2],[-1,-1],[-5,0],[-2,-5],[-5,-4],[-2,2],[-2,4],[-5,3],[-7,1],[-5,2],[-3,1],[-7,-3],[-8,0],[-6,-2],[-4,6]],[[702,1511],[-29,81],[-52,15],[-69,88],[-56,-79],[-193,117]],[[303,1733],[155,147],[133,-12],[52,-16],[95,-5],[62,-15],[0,0],[145,33],[27,9],[211,-8],[79,-16],[51,4],[31,-11],[0,5],[16,-4],[-9,-11],[14,-5],[-4,-11],[18,-6],[6,-4],[5,-5],[7,-11],[13,-11],[2,-3],[2,-3],[0,-8],[3,-14],[2,-2],[-7,-18],[1,-10],[-6,-19],[0,-15],[-1,-15],[13,14],[105,-148],[-15,-12],[16,-23],[-1,-1]],[[1629,477],[-52,28],[-59,-33],[-35,-46],[-17,-44],[-14,-33],[-38,66],[-36,-21]],[[1378,394],[0,87],[50,71],[-32,28],[-7,24],[34,43],[-6,9],[-25,14],[-38,-20],[-50,50],[-54,-8],[-118,101],[-9,42],[-3,4],[-2,15],[1,0],[-5,25],[-8,16],[5,0],[-15,77],[-72,27],[-43,17]],[[1524,1503],[1,0],[15,-22],[9,7],[12,5],[0,30],[4,19],[4,0],[1,2],[3,1],[2,-1],[3,3],[3,0],[1,-5],[0,-8],[-2,-2],[-5,-3],[0,-5],[3,-4],[0,-5],[1,-3],[16,-12],[3,-7],[6,-6],[0,-4],[-8,-5],[0,-3],[0,-2],[7,-4],[1,-3],[0,-5],[-2,-5],[0,-5],[3,-4],[8,-6],[0,-1],[1,-3],[-2,-7],[0,-7],[-36,3],[-2,5],[-63,-62],[-55,-52],[253,-7],[-45,-178],[-37,-53],[156,-53],[-6,-43],[1,-57],[-53,-42],[37,-21],[17,4],[0,-37],[-13,9],[35,-84],[22,-50],[13,17],[30,-20],[-22,-22],[-40,17],[-64,31],[27,-92],[-22,-7],[1,-28],[-26,-25],[-21,-5],[20,-50],[-7,-13],[14,-25],[-1,-29],[-45,-5],[-51,28]],[[1249,318],[129,76]],[[1629,477],[-47,-101],[9,-33],[1,0],[2,-21],[12,35],[240,20],[1,-34],[8,6],[11,-1],[8,3],[16,-30],[20,-22],[-2,-17],[-6,-15],[-17,-14],[4,-17],[-26,-74],[1,-36],[-5,-1],[-5,-5],[-2,-3],[1,-6],[-1,-3],[-4,-3],[-3,-2],[-2,-2],[-11,-25],[0,-13],[7,-8],[4,-7],[0,-14],[2,-7],[-3,-16],[-4,-3],[-2,-5],[-2,-3],[-3,0],[-20,5],[-4,0],[-15,11],[-3,3],[-3,5],[-3,4],[-5,1],[-2,4],[2,20],[17,16],[2,2],[-1,3],[-6,7],[-12,6],[-5,5],[-4,3],[-20,21],[-3,5],[-13,4],[-3,0],[-6,-1],[-5,-5],[-2,-4],[0,-4],[2,-9],[-1,-6],[1,-5],[6,-5],[6,-3],[10,-8],[1,-4],[0,-10],[-1,-4],[-7,-12],[-2,-6],[-2,-2],[-4,0],[-5,2],[-8,2],[-13,17],[-4,2],[-4,1],[-5,3],[-6,-1],[-6,-4],[-7,-2],[-5,-1],[-6,2],[-2,2],[-10,8],[-3,19],[-3,8],[0,3],[3,8],[0,3],[-3,6],[-7,7],[-11,5],[-5,4],[-12,6],[-4,2],[0,-1],[-17,12],[-7,1],[-3,-3],[-1,-6],[-2,-18],[-2,-4],[-4,-15],[-5,-4],[-6,-2],[-8,-1],[-3,1],[-3,3],[-2,29],[-1,4],[-2,5],[-4,24],[-6,11],[-4,2],[-4,0],[-4,-3],[-5,-5],[0,-3],[1,-15],[-1,-8],[-1,-6],[0,-3],[10,-31],[0,-3],[-2,-5],[-4,-6],[-2,-6],[-2,-2],[-3,0],[-10,4],[-6,6],[-2,4],[-2,2],[-11,5],[-4,0],[-4,2],[-2,1],[-13,-1],[-7,-3],[-5,-3],[-3,-3],[-4,-5],[-8,-6],[-3,-6],[-1,-3],[-2,-17],[-3,-4],[-4,-1],[-12,7],[-4,3],[-4,4],[-6,4],[-5,4],[-4,7],[-9,10],[-5,1],[-19,-1],[-15,3],[-8,5],[-1,3],[-1,4],[0,8],[3,10],[4,3],[4,-2],[9,1],[15,9],[3,23],[-2,10],[-2,2],[-9,5],[-9,6],[-17,5],[-7,7],[-4,6],[0,3],[-10,1],[-2,-1],[-5,-6],[-7,-1],[-9,1],[-7,2],[-5,3],[-3,3],[-1,2],[3,9],[15,13],[9,9],[4,6],[1,6],[-2,4],[-4,1],[-5,0],[-5,-1],[-15,-7],[-8,-1],[-6,4],[-4,5],[-5,10],[-1,4],[0,8],[3,6],[5,5],[1,2],[5,16],[3,6],[0,6]],[[713,1095],[2,-3],[4,0],[11,-4],[4,1],[1,0],[3,-11],[5,-4],[3,-5],[2,0],[3,-7],[6,-10],[1,-3],[1,-2],[13,-7],[17,-2],[5,-4],[7,-3],[0,-7],[5,-1],[3,-8],[25,-21],[-67,-118],[25,-12],[60,56],[43,32]],[[1249,318],[2,23],[-1,9],[-1,4],[-8,9],[-11,6],[-4,1],[-10,-4],[-2,-2],[0,-10],[5,-11],[2,-10],[-2,-12],[-3,-7],[-5,-4],[-8,-2],[-13,3],[-6,3],[-6,6],[-8,17],[-1,6],[-6,7],[-5,27],[-7,10],[-8,3],[-2,0],[-15,-6],[-7,-7],[-2,-3],[1,-8],[-1,-22],[-3,-8],[-3,-5],[-3,-3],[-7,-4],[-4,0],[-1,2],[-8,20],[1,6],[5,8],[2,4],[-1,8],[-6,11],[-7,3],[-8,8],[-3,1],[-2,3],[0,4],[3,9],[3,5],[8,15],[0,9],[-1,6],[-3,6],[-8,8],[-8,4],[-4,4],[-8,6],[-3,1],[-12,3],[-7,-1],[-2,-1],[-3,-1],[-4,-2],[-12,-12],[-7,-4],[-5,-3],[-4,0],[-9,5],[-6,4],[-8,14],[-1,5],[0,3],[-1,11],[1,6],[0,6],[-3,8],[-5,6],[-2,1],[-8,1],[-15,-1],[-8,-10],[-2,-4],[-1,-5],[0,-10],[7,-10],[2,-5],[7,-9],[0,-9],[-2,-10],[-3,-7],[-2,-1],[-5,-4],[-5,1],[-7,9],[-7,11],[-19,19],[-4,6],[-4,4],[-2,1],[-17,1],[-7,-9],[-9,-6],[-8,0],[-2,2],[-2,8],[-4,7],[-14,9],[-8,4],[-3,0],[-5,-1],[-6,1],[-8,-4],[-3,-2],[-1,-3],[-2,-10],[-5,-2],[-9,1],[-27,1],[-12,5],[-5,0],[-2,-1],[-7,-11],[-12,-14],[-7,-4],[-7,-1],[-9,3],[-9,4],[-10,1],[-6,3],[-6,1],[-3,1],[-19,11],[-1,3],[1,2],[-1,5],[-4,11],[-9,7],[-1,6],[-3,4],[-11,7],[-12,5],[-35,3],[-12,-2],[-7,1],[-5,2],[-5,4],[-10,5],[-10,2],[-1,2],[1,10],[0,5],[-2,5],[-6,12],[-2,6],[0,5],[-2,3],[-3,3],[-7,1],[-11,8],[-6,3],[-10,12],[-6,4],[-6,2],[-6,-1],[-6,1],[-22,6],[-12,1],[-9,3],[-6,-1],[-21,-9],[-5,-1],[-6,0],[-6,4],[-4,-1],[-2,1],[-12,5],[-2,2],[-2,3],[-11,7],[-11,0],[-13,3],[-6,5],[-4,5],[-7,6],[-4,2],[-2,2],[-1,6],[3,5],[8,9],[5,1],[4,-2],[4,-1],[7,1],[6,4],[5,6],[3,25],[-1,2],[-5,4],[-6,9],[-2,4],[0,3],[2,1],[7,5],[12,15],[10,9],[0,4],[2,3],[0,3],[-6,3],[-13,0],[-11,2],[-11,4],[-5,0],[-9,4],[-1,4],[5,13],[0,2],[-3,6],[-5,2],[-2,0],[-3,-4],[-3,-1],[-4,-4],[-7,-12],[-3,-9],[-5,-9],[-2,-2],[-2,-2],[-8,-3],[-5,1],[-5,3],[-13,6],[-4,5],[-4,6],[1,11],[3,16],[2,5],[2,3],[9,8],[2,3],[1,4],[-8,16],[-10,7],[-10,11],[-3,13],[1,8],[3,6],[4,5],[14,12],[13,10],[7,3],[12,0],[10,4],[1,2],[4,3],[2,5],[0,4],[-2,5],[-2,2],[-18,9],[-15,20],[-13,4],[-4,1],[-6,-1],[-5,-8],[-6,-3],[-5,0],[-3,4],[-12,-11],[-31,25],[-10,29],[1,8],[-7,-2],[-4,-7],[-5,-6],[-4,-2],[-5,2],[-1,3],[-2,9],[-1,21],[1,4],[7,13],[13,8],[2,3],[0,7],[-8,20],[0,23],[-2,12],[2,7],[2,3],[6,6],[3,8],[5,18],[0,4],[-1,7],[-5,8],[-1,1],[-6,1],