{"type":"Topology","transform":{"scale":[0.0002171480035502883,0.00019215677390121356],"translate":[29.970789942000064,-28.764619938999942]},"arcs":[[[1665,1461],[-34,-68],[-31,-52],[13,-23],[2,-83],[-8,-15],[-53,0],[-20,-6],[-15,-14],[-314,167]],[[1205,1367],[1,10],[-1,3],[4,7],[6,7],[11,18],[0,3],[-6,8],[12,43]],[[1232,1466],[5,15],[4,7],[0,4],[-2,1],[8,30],[33,-13],[29,-5],[49,-8],[53,-4],[8,0],[3,1],[8,7],[40,63],[195,-103]],[[1319,1745],[65,-61],[0,-2],[104,-36],[23,-16],[1,1],[0,0],[178,-118],[-25,-52]],[[1232,1466],[-1,0],[-93,11],[2,3],[0,13],[1,1],[1,4],[0,22],[-6,8],[1,6],[3,2],[2,10],[3,3],[1,4],[6,6],[-2,3],[40,47]],[[1190,1609],[74,-24],[29,27],[-8,9],[-4,7],[-2,21],[-8,19],[-5,8],[0,4],[27,2],[2,-1],[2,0],[2,-2],[0,2],[-1,2],[0,2],[-4,5],[-3,1],[-2,6],[1,6],[-3,3],[-1,5],[-6,6],[-1,4],[-6,4],[-3,5],[-4,1],[3,4],[-1,1],[-2,0],[-3,7],[-4,-2],[0,6],[2,1],[7,-2],[4,3],[6,0],[5,-2],[1,-2],[6,1],[3,-2],[3,3],[3,-1],[2,0],[4,-6],[2,0],[2,1],[0,4],[10,0]],[[1190,1609],[-71,25],[-83,26],[-2,3],[-2,10],[-1,2],[-3,-1],[-7,-6],[-13,1],[-3,2],[0,4],[-2,3],[-6,5],[-10,-4],[-6,0],[-4,2],[-4,4],[-5,0],[-12,4],[-1,2]],[[955,1691],[170,244],[142,-138],[-1,-2],[53,-50]],[[944,1731],[11,-40]],[[1205,1367],[21,-79]],[[1226,1288],[-3,-1],[-11,2],[-16,5],[-4,3],[-2,7],[-9,10],[-3,2],[-4,1],[-3,-1],[-3,-6],[-6,3],[-9,1],[-15,4],[-1,4],[-5,2],[-35,2],[-4,1],[-2,2],[-7,-4],[-3,0],[-3,-1],[-1,-2],[-1,0],[-3,-3],[-2,0],[-2,-1],[0,-2],[-3,-1],[-4,-1],[-8,1],[-1,-1],[0,-3],[-2,1],[0,-1],[-1,0],[-7,-4],[-4,1],[-7,-6],[-15,-7],[-2,-3],[-10,0],[-5,9],[-5,2],[-5,0],[-13,-3],[-5,-3],[-2,-2],[-2,-11],[-3,0],[-4,1],[-3,-2],[-5,-9],[-3,-3],[-7,-1],[-11,-6],[-11,5],[-14,-2],[-2,-2],[-6,-7],[-9,-6],[-5,1],[0,-3],[-6,3],[-15,5],[-9,5],[-10,-1],[-13,1],[-7,3],[-1,2],[0,4],[4,3],[1,2],[0,5],[-1,8],[6,2],[4,0],[2,3],[-2,9],[1,8],[10,15],[1,4],[2,27],[6,6],[2,8],[0,3],[1,12]],[[861,1387],[2,5],[0,7],[-3,2],[-11,2],[-3,1],[-3,5],[-1,9],[-6,9],[-3,3],[-3,0],[-3,-2],[-1,-5],[1,-6],[-2,-6],[-5,-6],[-4,-2],[-9,4],[-4,4],[-5,7],[-9,6],[-6,5],[-1,6],[0,14],[2,5],[2,2],[21,3],[2,-1],[5,-4],[6,1],[3,4],[4,3],[10,3],[3,2]],[[840,1467],[7,3],[7,0],[5,-2],[3,-6],[4,-1],[3,4],[2,6],[-1,15],[6,7],[10,-5],[11,0],[2,-2],[6,-10],[5,-2],[4,1],[3,4],[1,3],[-4,8],[5,16],[2,6],[12,13],[6,3],[5,-2],[0,-3],[-4,-4],[0,-4],[2,-4],[5,-1],[5,2],[4,3],[6,15],[8,4],[7,1],[1,2],[1,3],[-7,19],[-1,11],[-15,1],[-15,3],[-8,4],[-34,22],[-5,2],[-6,2]],[[888,1604],[-1,5],[-2,4],[-65,83],[-3,9],[2,26],[125,0]],[[840,1467],[-4,11],[-9,7],[-2,11],[-2,1],[-1,2],[-2,1],[-6,1],[-2,-2],[-1,1],[-2,3],[0,3],[2,3],[-2,1],[0,5],[-2,4],[-6,5],[-1,5],[6,5],[14,6],[9,6],[3,-3],[3,2],[-4,6],[6,3],[-1,9],[-5,10],[-4,5],[48,24],[13,2]],[[861,1387],[-2,1],[-117,11],[-4,2],[-87,-187],[1,-6],[13,-4],[7,-9],[-7,-41],[3,-3],[6,-2],[3,-2],[4,-10],[3,-13],[3,-6],[5,-5],[4,-1],[13,9],[9,2],[2,-2],[0,-11],[5,-5],[5,-1],[5,2],[3,0],[3,-1],[3,0],[3,-4],[-2,-6],[0,-22],[-54,-1],[-89,9]],[[602,1081],[-179,19],[-32,107],[-35,16],[-88,-11],[-29,24],[-74,84]],[[165,1320],[7,12],[17,40],[199,371],[-34,36],[-280,154],[109,39],[97,82],[28,23],[-11,44],[20,0],[6,-1],[2,6],[18,-8],[7,9],[45,-32],[21,10],[42,19],[118,-34],[14,-22],[134,94],[-13,28],[48,17],[9,-2],[3,-8],[7,-2],[2,-2],[11,7],[33,-6],[46,-14],[-31,-75],[98,-48],[0,-10],[5,1],[-1,-84],[-59,-8],[17,-61],[0,-4],[20,-70],[-35,-42],[45,3],[15,-51]],[[1226,1288],[44,-172],[-70,-66],[-40,-20],[-9,-34],[3,-21],[13,-31],[4,-5],[5,-16],[6,-5],[4,0],[3,-3],[4,-1],[9,-2],[12,2],[9,-3],[-11,-163]],[[1212,748],[-4,-6],[-9,-8],[-6,4],[-1,3],[0,7],[1,5],[5,11],[-1,24],[-2,6],[-5,8],[-5,14],[-3,3],[-3,2],[-7,1],[-4,-1],[-3,-2],[-8,-13],[-2,-10],[-3,-6],[-5,-1],[-5,2],[-1,1],[-1,11],[-2,11],[-3,3],[-3,3],[-17,-2],[-10,1],[-8,5],[-3,1],[-6,0],[-6,-5],[-3,-8],[1,-19],[1,-5],[10,-17],[3,-12],[0,-10],[-6,4],[-12,3],[-20,-9],[-8,-3],[-4,1],[-4,2],[-8,-1],[-6,1],[-2,-1],[0,-5],[-2,-2],[-3,0],[0,-4],[-10,-1],[-5,-2],[-15,4],[-7,1],[-6,2],[-16,-1],[-17,2],[-15,5],[-6,1],[-2,5],[-2,4],[0,3],[3,4],[2,9],[-3,3],[-1,7],[1,4],[5,4],[0,3],[-2,3],[-1,3],[4,5],[2,7],[0,3],[-2,2],[1,7],[-1,4],[4,6],[-1,13],[2,3],[-2,5],[-2,0],[-1,3],[0,1],[2,1],[0,2],[0,6],[-2,5],[2,3],[-1,4],[0,5],[-2,5],[-6,7],[-26,6],[-4,-2],[-12,-2],[-9,-4],[-5,-3],[-4,-10],[-12,3],[-7,-4],[-2,1],[-6,4],[-4,-10],[1,-4],[-5,-11],[1,-9],[3,-3],[4,0],[2,-4],[-2,-7],[-8,-7],[1,-6],[2,-2],[-1,-2],[-4,0],[-3,-23],[-2,-1],[-3,-5],[-2,-2],[-3,1],[-2,-2],[-5,-1],[-7,-6],[-4,-2],[-6,-9],[-1,-4],[-5,-8],[-3,-1],[-9,3],[-3,5],[-3,4],[-11,10],[-13,3],[-7,-3],[-3,0],[-3,2],[-6,7]],[[718,787],[-8,7],[-13,10],[-2,4],[0,3],[3,10],[4,4],[13,2],[5,-4],[4,7],[-169,50],[23,82],[24,119]],[[718,787],[-11,-3],[-5,-4],[-3,-6],[1,-8],[-1,-6],[-6,-10],[-3,1],[0,-3],[5,-6],[4,-6],[2,-1],[0,-4],[-2,-2],[-1,-6],[-5,-11],[-2,-3],[-8,-5],[-5,-1],[0,-4],[-10,-2],[-3,-2],[-2,-2],[0,-7],[-5,-7],[0,-7],[-3,-4],[0,-3],[3,-1],[1,-8],[-6,-3],[0,-5],[-8,-8],[-4,-6],[-1,-13],[0,-7],[-2,-6],[0,-9],[-55,-57],[-1,-128],[-4,2],[-5,-5],[-9,-13],[-3,-3],[-2,-7],[0,-3],[3,-5],[3,-14],[6,-15],[5,-4],[-2,-4],[-4,-1],[-6,-5],[-8,-4],[-3,-3],[-2,-7],[1,-6],[1,-4],[-2,-10],[1,-3],[0,-4],[-3,-5],[-1,-6],[1,-5],[-3,-13],[1,-3],[3,-4],[0,-6],[-4,-4],[-2,-7],[-1,-2],[-3,0],[-2,-4]],[[538,237],[-9,8],[-3,1],[-10,-4],[-14,-12],[-10,-5],[-14,-4],[-25,3],[-9,3],[-5,3],[-9,18],[-12,13],[-3,16],[0,12],[2,12],[-2,5],[-6,5],[-14,7],[-11,3],[-8,3],[-19,-7],[-10,-7],[-10,-3],[-6,0],[-5,3],[-4,4],[-1,4],[-3,12],[1,13],[1,5],[4,8],[6,5],[6,4],[3,4],[2,7],[2,16],[0,6],[-2,10],[2,24],[-3,6],[-5,5],[-6,6],[-11,-1],[-11,-6],[-20,-5],[-11,-5],[-13,-5],[-5,0],[-4,3],[-2,6],[4,21],[-2,10],[-6,8],[-6,3],[-5,0],[-5,-2],[-22,-9],[-7,-6],[-5,-3],[-3,-4],[-4,0],[-5,8],[-5,18],[-4,23],[-13,27],[-5,6],[-2,7],[-6,11],[-15,21],[-17,9],[-9,10],[-1,15],[2,7],[-1,9],[2,9],[-2,5],[-9,3],[-7,0],[-15,0],[-15,-3],[-12,-5],[-13,-7],[-6,-4],[-2,2],[-3,37],[7,77],[20,198],[-55,116],[74,162],[55,44],[36,61]],[[1212,748],[0,-2],[35,-32],[5,-4],[4,-1],[2,-3],[3,-9],[3,-4],[6,0],[3,-2],[8,-13],[5,-10],[0,-10],[-4,-7],[-7,-5],[-4,-1],[-5,-4],[-8,-9],[0,-6],[1,-3],[5,-3],[11,1],[28,-3],[3,-3],[8,-15]],[[1314,600],[-5,-8],[-1,-4],[-9,-6],[-3,-7],[-1,-7],[5,-4],[0,-2],[-9,-7],[-2,0],[-1,2],[-3,-6],[-2,-1],[1,-3],[-12,-5],[-4,0],[-1,-2],[-1,-4],[6,-8],[3,-2],[4,-2],[9,1],[4,-1],[1,0],[1,-3],[1,-14],[-4,-12],[-7,-14],[-7,-10],[0,-7],[3,-7],[14,-10],[8,-3],[4,-6],[1,-11],[-4,-14],[-3,-6],[-11,-6],[-4,-5],[0,-10],[5,-4],[17,-1],[3,-5],[-1,-9],[-6,-2],[-7,-7],[-1,-5],[2,-3],[11,-4],[3,-4],[0,-10],[-5,-1],[-5,4],[-19,0],[-6,2],[-16,-2],[-2,-4],[-4,-6],[-1,-5],[-2,-3],[-3,5],[-3,2],[-12,-12],[-8,-6],[-8,-3],[-7,-6],[-8,-5],[-9,1],[-2,5],[-3,2],[-1,13],[-3,5],[-5,4],[-7,1],[-4,3],[-11,-6],[-4,-3],[-7,-3],[-7,-5],[-20,-2],[-11,-5],[-8,-1],[-3,0],[2,5],[-2,5],[2,2],[0,2],[-5,1],[-3,5],[-7,3],[-5,10],[0,3],[0,4],[-12,13],[2,11],[-38,0],[18,-54],[-3,-4],[-7,-2],[0,-7],[4,-11],[2,-3],[8,-4],[3,-8],[-1,-4],[-9,-5],[-8,-8],[3,-18],[-4,-4],[-4,-1],[-12,-10],[-1,-7],[-1,-1],[-5,-1],[-17,1],[-11,11],[-28,4],[-16,1],[-7,6],[-2,7],[-8,8],[-2,5],[-25,15],[-7,0],[-1,1],[-4,0],[-3,2],[-4,-1],[-1,-3],[-5,-2],[0,-2],[-4,0],[-2,-3],[-8,-1],[-4,-3],[-6,-1],[0,-4],[-2,-1],[-2,0],[-3,1],[-5,3],[-5,-3],[-1,-2],[-5,1],[-1,-2],[-9,-4],[-4,-1],[-2,-4],[1,-3],[0,-5],[-2,-1],[-6,-1],[-3,1],[-1,-6]],[[799,227],[-5,2],[-8,1],[-21,-1],[-7,2],[-13,8],[-4,1],[-4,-1],[-10,-5],[-7,-8],[-9,-15],[-19,-43],[-2,-3],[-6,-1],[-23,13],[-9,2],[-39,-1],[-18,-3],[-5,0],[-8,3],[-4,4],[-6,11],[-7,8],[-12,18],[-9,10],[-6,8]],[[1314,600],[2,-6],[3,-3],[10,-5],[4,-5],[3,-2],[6,-9],[2,-11],[0,-10],[-2,-13],[0,-8],[8,-20],[2,-11],[12,-22],[4,-6],[10,-10],[11,-9],[14,-7],[4,-5],[12,-20],[3,-15],[7,-5],[6,-14],[9,-11],[0,-4],[-1,0],[-12,5],[-9,0],[-4,-1],[-7,-5],[-9,-3],[-12,-2],[-4,-4],[-5,-28],[-2,-28],[-3,-5],[-8,-9],[-9,-12],[-4,-6],[-3,-9],[1,-7],[3,-12],[1,-9],[8,-17],[3,-12],[7,-11],[-1,-10],[-1,-3],[-7,-7],[-20,-7],[-20,-3],[-6,-3],[-9,5],[-13,0],[-19,-4],[-13,-6],[-5,-4],[-6,-7],[-4,-10],[-2,-2],[-15,