{"type":"Topology","transform":{"scale":[0.0002597978180593091,0.00024654031785258085],"translate":[29.709160000000054,-29.219770064999977]},"arcs":[[[324,608],[-2,2],[-50,-35],[-9,23],[-13,43],[-16,30],[14,30]],[[248,701],[4,-1],[1,4],[4,1],[0,1],[2,3],[2,-1],[2,2],[4,-3],[6,3],[30,5]],[[303,715],[0,-4],[4,-5],[-1,-1],[7,-10],[0,-2],[2,0],[-1,-1],[-6,-4],[4,-5],[0,1],[4,-3],[1,0],[1,-3],[4,-4],[4,-2],[1,-2],[-3,-3],[0,-2],[3,-4],[3,0],[-1,-2],[2,-1],[2,-7],[2,0],[1,0],[2,-2],[0,-2],[-1,-2],[1,-3],[3,-3],[-1,-4],[1,-3],[-3,-3],[-1,-5],[-1,-3],[-4,-2],[-2,-3],[-1,-2],[-1,0],[-4,-6]],[[248,701],[1,5],[-17,-3],[-8,15],[0,14],[-15,21],[0,2],[-8,24],[0,8],[60,24]],[[261,811],[67,-91],[-25,-5]],[[565,937],[0,-13],[7,-18],[2,-7],[-4,-1],[-2,-2],[-4,2],[-3,-3],[-5,0],[-2,2],[-1,5],[-5,0],[-4,4],[0,1],[1,2],[-1,3],[-7,3],[-1,-3],[-2,0],[-2,1],[-2,4],[-4,1],[-6,-2],[-9,-3],[-1,1],[0,3],[-2,2],[-3,0],[-2,-3],[-2,3],[0,3],[5,7],[0,4],[-1,4],[-3,3],[-3,1],[-5,1],[-4,3],[-22,-31],[18,-12],[19,-8],[6,-1],[17,0],[10,-1],[9,-4],[8,-6],[6,-3],[6,-2],[18,-1],[10,-3],[8,-6],[16,-12],[14,-7],[4,-3],[5,-5],[8,-9],[2,-4],[0,-4],[-1,-4],[-1,-4],[-12,-9],[-2,-4],[-2,-4],[-1,-7],[0,-3],[4,-10],[1,-7],[8,1],[4,2],[2,2],[2,4],[0,2],[-2,5],[-4,3],[-7,2],[-3,2],[1,6],[2,4],[3,1],[4,1],[3,-7],[2,-3],[7,-4],[4,1]],[[664,793],[60,-77],[-18,-22],[46,-24],[3,-2],[3,-5],[2,-3],[3,-12],[5,-7],[7,-4],[16,-4],[58,169],[17,-72],[199,-188]],[[1065,542],[-91,-55],[-48,-128],[-88,38],[-69,-80],[-35,-34],[-29,-47],[-74,-87],[-18,-60],[-52,-82],[-99,-7],[-112,11],[-11,117],[-39,-37],[-25,19],[-96,-58],[-38,92],[115,60],[-18,51],[-33,12],[-1,53],[44,15],[16,27],[-22,22],[136,62],[23,45],[-1,1],[4,6],[1,3],[-1,5],[-5,5],[-4,6],[0,3],[2,2],[14,1],[15,7],[5,1],[4,2],[4,5],[-51,7],[-64,63]],[[261,811],[31,52],[46,65],[-11,17],[16,-10],[2,1],[3,-1],[7,-1],[8,1],[0,3],[8,1],[-14,13],[40,55],[-42,58],[-4,26],[55,27]],[[406,1118],[8,-7],[1,-3],[9,-9],[1,-1],[-2,-4],[6,-6],[-2,-12],[2,-4],[2,-3],[6,-4],[2,-4],[132,-100]],[[571,961],[8,-6],[-14,-12],[0,-6]],[[565,937],[20,-12],[4,7],[-1,4],[9,3],[3,-1],[1,0],[-4,3],[1,1],[5,2],[11,-21],[14,16],[30,-31],[70,-29],[3,-9]],[[731,870],[-4,4],[-4,1],[-3,-1],[-1,-3],[-1,-6],[3,-12],[-7,-12],[-9,-4],[-5,0],[-3,0],[-3,1],[-7,8],[-1,3],[-2,7],[-3,2],[-5,2],[-4,1],[-5,1],[-4,0],[-1,-1],[0,-5],[1,-9],[12,-11],[0,-10],[3,-6],[3,-2],[3,-8],[-1,-5],[1,-8],[-2,-4],[-7,-1],[-5,1],[-3,1],[-3,-1]],[[2210,1657],[-109,44],[-112,-101],[-23,92],[-99,-25],[-68,3],[-1,-11],[-2,-5],[-3,-4],[-4,-2],[-10,-1],[-5,-2],[-8,-6],[-2,-4],[1,-6],[2,-2],[3,-2],[6,0],[11,2],[3,-2],[1,-3],[-1,-5],[-15,-16],[-2,-5],[-4,-18],[-3,-3],[-5,-2],[-1,-1],[1,-3],[3,-4],[1,-5],[-1,-3],[-7,-14],[-1,-3],[4,-14],[6,-6],[1,-2],[-1,-2],[-4,-3],[-18,-1],[-15,-5],[-9,2],[-3,-1],[-7,-4],[-7,-2],[-8,6],[-4,1],[-6,0],[-1,1],[-6,7],[-1,0],[-15,3],[-4,2],[-11,26],[-1,7],[-2,3],[-4,0],[-8,-6],[-11,-3],[-1,-1],[-1,-2],[1,-3],[16,-11],[3,-3],[1,-5],[-2,-5],[0,-2],[-2,-3],[1,-5],[-1,-5],[-4,-7],[-2,-2],[-5,0],[-3,2],[-9,8],[-14,-4],[-10,-4],[-103,-198],[-71,50],[1,4],[-74,21],[1,3],[4,2],[3,4],[5,4],[4,0],[4,-1],[17,0],[5,-1],[4,1],[1,0],[8,6],[5,7],[4,12],[2,1],[2,2],[1,2],[8,3],[4,-1],[4,4],[3,5],[2,12],[-1,8],[2,8],[-3,6],[-3,2],[-2,4],[0,2],[1,4],[5,8],[0,6],[3,5],[2,0],[2,0],[1,-1],[2,-8],[4,-5],[5,-12],[3,-1],[7,3],[1,3],[5,7],[5,3],[2,0],[1,-1],[4,-6],[4,-3],[1,0],[3,4],[1,6],[2,4],[6,3],[-3,1],[-3,1],[0,3],[-2,0],[0,2],[-1,0],[0,13],[0,4],[1,2],[0,1],[-3,3],[-4,2],[-2,2],[0,2],[-7,0],[-4,55],[-1,3],[0,5],[1,3],[6,7],[1,11],[-4,11],[1,1],[5,7],[1,6],[-2,3],[-8,9],[-9,5],[-3,0],[-7,0],[-3,6],[2,12],[8,20],[8,9],[6,6],[-90,1]],[[1380,1704],[-124,2],[48,120],[-3,10],[-3,4],[-5,4],[-16,8],[-19,6],[-29,9],[-44,16],[-16,3],[-14,-1],[-3,1],[-6,4],[-5,4],[-7,1],[-6,-2],[-1,0],[-3,1],[0,2],[-1,1],[-8,1],[-15,-1],[-10,1],[-5,0],[-4,-2],[-2,-2],[-3,-1],[-8,-6],[-2,-2],[6,-7],[4,-3],[5,-1],[1,-2],[0,-2],[-5,-4],[-3,0],[-4,-3],[-4,0],[-6,3],[-6,1],[-2,1],[-5,-1],[-3,0],[-16,4],[-3,0],[-3,-2],[-3,-3],[1,-8],[-3,-3],[-2,-1],[-2,0],[-3,4],[-2,3],[0,7],[-2,2],[-2,0],[-5,-2],[-7,-2],[-6,0],[-4,2],[-8,6],[-4,1],[-6,0],[-42,82],[0,14],[-66,59],[-76,56],[-4,108]],[[776,2194],[5,2],[7,0],[17,-2],[3,-1],[14,-8],[5,-2],[12,-2],[7,-2],[4,2],[2,1],[4,5],[4,10],[0,9],[6,5],[1,2],[4,2],[6,0],[23,14],[6,0],[7,-1],[8,0],[12,-3],[11,-4],[10,-2],[3,0],[6,2],[3,2],[7,7],[4,2],[2,2],[3,1],[1,2],[0,4],[0,3],[-1,1],[-6,3],[-1,4],[2,2],[1,3],[6,4],[4,5],[3,8],[2,10],[-2,13],[3,8],[5,4],[9,2],[30,23],[12,6],[10,4],[14,3],[7,0],[10,-1],[8,-2],[1,-4],[0,-4],[-1,-3],[1,-7],[-2,-5],[1,-12],[7,-7],[12,-5],[3,-2],[12,-17],[5,-8],[2,-6],[4,-4],[11,-22],[4,-18],[3,-13],[5,-7],[3,0],[3,3],[4,2],[5,5],[19,7],[4,2],[5,0],[5,-3],[5,-6],[1,-8],[-3,-10],[0,-6],[2,-5],[3,-2],[4,0],[11,4],[9,4],[17,4],[7,3],[5,1],[6,1],[4,-3],[5,-5],[2,-5],[-1,-19],[2,-8],[0,-6],[-2,-11],[-3,-7],[-9,-7],[-6,-7],[-1,-4],[0,-8],[3,-14],[5,-5],[5,-2],[3,0],[8,3],[8,5],[15,5],[2,0],[6,-2],[9,-2],[12,-5],[5,-5],[1,-3],[0,-5],[-1,-5],[0,-9],[1,-9],[1,-4],[11,-10],[6,-12],[4,-3],[11,-4],[21,-1],[12,3],[6,4],[12,9],[6,2],[3,0],[5,-3],[9,-10],[5,-4],[12,-17],[6,-6],[5,-9],[4,-3],[6,-2],[5,-1],[15,3],[32,1],[7,-2],[20,-10],[5,1],[2,2],[16,34],[6,11],[7,6],[8,5],[3,1],[4,-1],[10,-7],[7,-1],[17,1],[8,-2],[10,-4],[3,-3],[2,-1],[1,-4],[-1,-8],[-8,-27],[-4,-7],[-2,-7],[-3,-4],[-6,-6],[-7,-4],[-8,-3],[-3,-2],[-1,-2],[0,-3],[1,-3],[4,-3],[14,-5],[5,-1],[7,-6],[8,-14],[9,-13],[4,-10],[0,-4],[-5,-5],[0,-5],[4,1],[3,-1],[4,-4],[4,-6],[3,-1],[12,-1],[8,-4],[13,-3],[11,-4],[7,-1],[10,1],[5,3],[2,4],[1,8],[-6,19],[0,9],[1,5],[-2,18],[1,4],[2,2],[2,0],[9,0],[4,-1],[12,-7],[10,-7],[5,-1],[9,-9],[9,-4],[9,2],[5,2],[2,2],[3,9],[7,3],[8,1],[2,-4],[1,-1],[5,-1],[2,0],[10,4],[9,6],[4,1],[5,1],[7,-3],[7,-2],[8,-1],[2,1],[6,5],[6,9],[6,6],[2,1],[12,-1],[10,1],[9,3],[13,7],[8,3],[7,0],[4,-1],[12,-2],[13,3],[12,6],[2,1],[3,8],[5,6],[4,3],[11,4],[16,3],[11,1],[3,-1],[3,-3],[2,0],[5,2],[16,2],[14,5],[3,1],[43,-3],[3,-117],[15,-205]],[[904,1210],[-12,-9],[-7,-14],[0,-4],[1,-3],[2,-2],[8,-1],[19,-12],[2,-3],[1,-8],[0,-2],[-6,-3],[0,-2],[-5,-2],[-6,-6],[-5,0],[-3,1],[-9,6],[-10,9],[-8,2],[-4,3],[-3,-1],[-2,-2],[1,-10],[5,-14],[1,-7],[-3,-3],[-7,-8],[-5,-2],[-6,0],[-2,1],[-2,5],[1,10],[-7,7],[-2,6],[-3,1],[-2,-1],[-8,-7],[-3,-11],[-2,-4],[-1,-13],[1,-10],[3,-5],[4,-3],[3,0],[7,3],[6,-2],[6,-5],[2,-3],[4,-4],[0,-4],[-7,-7],[-3,-3],[-4,-1],[-3,0],[-18,5],[-2,0],[-3,-1],[-3,-7],[-4,-3],[-2,2],[-1,2],[-2,2],[-4,0],[-4,-2],[-9,-5],[-7,-1],[-6,-2],[-4,-4],[-1,-3],[0,-8],[3,-5],[6,-6],[7,-3],[4,-2],[6,-6],[6,-8],[3,-3],[7,0],[5,-2],[3,1],[3,3],[4,10],[3,4],[4,4],[4,1],[2,-1],[2,-6],[0,-4],[2,-6],[0,-4],[1,-2],[5,-9],[8,-8],[4,-3],[2,-3],[1,-3],[-1,-5],[-2,-3],[-6,-4],[-5,-1],[-3,-3],[-6,-2],[-2,0],[-4,3],[0,7],[-2,2],[-2,1],[-3,1],[-8,-1],[-4,-4],[-2,-1],[-10,-1],[-10,1],[-8,-4],[-4,-5],[-6,-10],[0,-3],[1,-5],[-3,-4],[0,-3],[2,-6],[3,-1],[4,-1],[2,-2],[4,-4],[2,-6],[-3,-7],[-3,-4],[-3,-8],[-4,-19],[0,-5],[7,-5],[1,-4],[0,-13],[-1,-3],[-2,-3],[-6,0],[-2,-1],[-3,0],[-7,7],[0,5],[-2,3],[-3,6],[-2,3],[-7,3],[-12,2]],[[571,961],[21,23],[33,64],[29,67],[136,64],[-110,15],[-1,1],[-6,1],[-16,2],[-5,-1],[-1,2],[-6,0],[-1,0],[-1,-3],[0,0],[-3,1],[0,2],[-1,1],[-2,0],[-1,-1],[-5,2],[-42,6],[104,90],[-37,44],[1,2],[-51,64],[-7,1],[-1,0],[0,-1],[-1,1],[0,3],[-1,1],[-5,0],[-2,2],[-2,-1],[-2,1],[-4,0],[-1,2],[1,4],[-5,2],[0,1],[-1,4],[10,6],[2,-2],[15,10],[10,-13],[16,12],[10,-13],[23,15],[52,59],[119,-96],[3,-1],[-3,-4],[2,-3],[5,-1],[5,0],[7,8],[3,1],[3,1],[3,-2],[1,-4],[2,-2],[13,0],[8,2],[7,0],[6,-2],[1,-2],[0,-3],[-2,-5],[0,-3],[2,-6],[7,-6],[7,-5],[4,-2],[-5,-8],[-8,-12],[-6,-15],[-21,-25],[-16,-12],[-2,-3],[-1,-3],[1,-3],[2,-2],[12,-8],[3,-4],[0,-3],[-3,-13],[-1,-21],[0,-4],[2,-3],[9,-8],[2,-4],[1,0],[3,-3],[3,0],[2,-1],[11,-1]],[[2210,1657],[-34,-94],[-8,-42],[3,-131],[-19,-115],[74,-38],[-57,-26],[-101,-56],[-87,-44],[29,-74],[-5,-60],[-2,-21],[-42,-57],[-14,71],[-66,2],[-42,84],[-51,-74],[-72,-6],[-19,-67],[-246,118]],[[1451,