{"type":"Topology","transform":{"scale":[0.0003457042805447465,0.00029454573095869527],"translate":[28.873479941000024,-29.149206160999935]},"arcs":[[[2141,881],[1,2],[-81,89],[-25,-1],[-116,1],[-45,-1],[13,102]],[[1888,1073],[6,47]],[[1894,1120],[-51,-15],[-2,3]],[[1841,1108],[-19,35]],[[1822,1143],[-9,4],[-151,55],[-5,-2]],[[1657,1200],[48,124],[-64,18],[72,50],[-9,60],[-4,-2],[-40,1],[3,8],[-6,2],[8,14],[1,15],[11,9],[14,27],[44,-2],[34,21]],[[1769,1545],[20,9],[10,3],[14,0],[19,-1],[14,7],[10,11],[6,14],[3,3],[8,7],[4,1],[15,8],[2,0],[9,-3],[3,-3],[12,-5],[5,-4],[7,-3],[11,-2],[6,-2],[9,-5],[3,1],[2,2],[0,5],[-1,9],[1,15],[-1,28],[2,15],[1,15],[3,4],[6,4],[9,3],[5,1],[2,-1],[8,-11],[6,-9],[2,-5],[3,-13]],[[2007,1643],[1,-3],[12,-11],[1,-4],[-1,-3],[-6,-11],[-3,0],[-9,2],[-7,-1],[-3,-2],[-8,-9],[-2,-5],[-8,-30],[-1,-4],[1,-4],[3,-2],[9,0],[1,1],[4,5],[12,9],[13,6],[7,0],[2,-1],[3,-7],[7,-5],[4,-2],[12,-3],[11,2],[3,-1],[2,-5],[-1,-16],[2,-3],[6,-3],[3,1],[10,3],[7,4],[11,18],[0,2],[-4,7],[-3,3],[-11,4],[-14,10],[-2,3],[0,1],[6,10],[8,6],[16,19],[15,37],[3,2],[2,-1],[4,-6],[5,-2],[6,-6],[11,-7],[-1,-3],[-6,-23],[-3,-3],[-6,-1],[-15,8],[-4,-2],[-1,-3],[2,-9],[2,-11],[4,-5],[5,-2],[16,1],[12,3],[3,0],[7,-10],[0,-5],[-8,-13],[-2,-6],[0,-5],[4,-11],[2,-3],[8,-5],[8,-4],[3,-3],[0,-3],[-7,-4],[-2,-4],[1,-4],[7,-5],[1,-5],[-2,-5],[-2,-2],[-1,0],[-4,4],[-7,3],[-10,-1],[-2,1],[-2,-1],[-9,-2],[-7,-4],[-4,-3],[-5,-8],[1,-7],[-1,-8],[2,-2],[3,-2],[5,0],[2,0],[5,7],[3,6],[3,6],[5,1],[10,0],[4,-3],[8,-9],[13,-9],[8,-7],[14,-5],[5,-2],[1,-3],[-3,0],[-1,-1],[1,-2],[3,-13],[6,-8],[3,-2],[3,-4],[2,-10],[3,-7],[4,-2],[12,-18],[6,-6],[3,-6],[7,-7],[0,-1],[-9,-6],[-5,-3],[-7,-1],[-2,-2],[-1,-3],[-5,-5],[1,-2],[3,-2],[27,5],[13,-8],[2,-1],[5,0],[5,2],[2,3],[3,12],[4,5],[6,12],[4,2],[9,1],[9,-4],[10,0],[6,1],[23,10],[6,0],[11,-3],[9,3],[7,6],[10,3],[14,9],[5,1],[4,0],[4,-2],[4,-6],[2,-7],[3,-4],[12,-2],[8,3],[5,0],[4,-2],[10,-10],[3,-1],[3,1],[12,8],[9,4],[2,3],[0,4],[-3,3],[-9,19],[-1,4],[3,2],[6,-1],[8,-8],[7,-3],[10,-1],[5,1],[17,6],[2,-1],[2,-7],[3,-3],[3,1],[3,1],[2,-139],[-68,-43],[-14,-38],[-60,-88],[-11,-22],[-12,-21],[38,-54],[34,-86],[-65,-20],[-87,75],[-131,-8],[-53,-71]],[[1362,849],[0,5],[-4,4],[-13,16],[-8,8],[-6,18],[-4,5],[-3,3],[1,3],[3,5],[1,4],[2,5],[6,16],[0,9],[-8,4],[-5,3],[-2,0],[-20,2],[-13,0],[-7,-5],[-8,-3],[-11,-9],[-2,3],[-1,6],[-3,4],[0,5],[-4,1],[-1,1],[0,3],[5,7],[1,7],[2,4],[3,4],[10,8],[1,7],[9,13],[5,14],[12,12],[2,1],[2,3],[4,4],[0,1],[-6,4],[-5,6],[1,4]],[[1298,1064],[78,15],[2,-2],[7,-16],[7,-10],[4,-11],[39,32],[2,5],[8,8],[10,5],[2,-2],[4,-1],[3,3],[103,8]],[[1567,1098],[2,0],[1,-35],[0,-7],[0,0],[2,-55],[-33,10],[-26,-99],[-39,25],[-13,-15],[-26,-23],[-6,-6],[-4,-7],[-11,-10],[-10,-8],[-4,-5],[-6,-3],[-10,-11],[-5,-4],[-16,-4],[-1,8]],[[1149,1141],[6,-135],[143,58]],[[1362,849],[-10,0],[-4,1],[-3,-1],[-4,2],[-2,-1],[-3,3],[-3,0],[-3,2],[-4,0],[-3,2],[-2,0],[-1,2],[-2,-2],[-2,-1],[-2,2],[-6,-5],[-4,-1],[-4,3],[0,2],[-4,3],[-5,0],[-1,-1],[-6,2],[-2,1],[-3,1],[-1,2],[-3,1],[-1,2],[-3,-1],[-5,0],[-3,-1],[-2,-3],[-3,0],[-5,2],[-2,3],[0,4],[1,5],[-1,3],[-3,3],[-1,-2],[-1,-2],[2,-11],[-2,-4],[-8,-7],[-7,0],[-5,3],[-7,-3],[-4,-5],[-5,-3],[-2,-2],[-1,0],[-1,-3],[0,-1],[-1,-1],[2,-2],[-1,-2],[2,1],[0,-2],[2,-1],[1,0],[1,-1],[-1,-6],[1,-2],[5,-3],[1,-2],[3,-2],[6,-7],[14,-12],[4,-2],[26,-95],[10,-44],[35,5],[16,-17],[20,-28],[11,-5],[11,-20],[-6,-13],[-19,-21],[-3,-5],[1,-8],[-2,-15],[8,-11],[-1,-5],[-2,-2],[1,-5],[-2,-1],[-2,0],[-2,-8],[0,-6],[2,-5],[-2,-8],[-3,-4],[-4,0],[-3,0],[-4,4],[-2,-1],[-2,4],[-4,1],[0,1],[-2,2],[-1,2],[-2,1],[-7,3],[9,-70],[22,-13],[4,-28],[-3,-18],[1,-14],[-8,-16],[-4,-11],[-10,-8],[-17,-6],[-15,-34],[-6,-10],[-6,-1],[-11,10],[-7,9],[-2,-7],[-2,-30],[0,-2]],[[1256,246],[-40,0],[-14,5],[-9,-4],[-5,0],[-11,3],[-4,0],[-3,-2],[-3,-6],[-7,-6],[-11,-4],[-4,-1],[-7,-8],[-5,-2],[-6,-5],[-3,-10],[-3,-3],[-6,-4],[-7,1],[-5,3],[-2,2],[-4,9],[0,13],[-8,5],[-17,14],[-6,1],[-2,1],[-4,11],[-13,8],[-8,9],[-14,16],[-1,3],[1,2],[4,3],[1,2],[0,12],[-9,18],[-2,7],[-17,3],[-13,0],[-8,5],[-2,3],[0,3],[4,6],[1,9],[-2,3],[-5,6],[0,3],[3,5],[6,2],[2,1],[4,6],[3,7],[-1,3],[-5,14],[-10,7],[-9,6],[-8,13],[-12,10],[-6,3],[-4,0],[-10,-1],[-9,0],[-18,6],[-4,4],[-4,11],[-3,5],[-10,13],[-12,2],[-3,2],[-7,-3],[-11,4],[-13,-5],[-10,1],[-13,19],[-1,7],[-4,8],[0,10],[-2,1],[-7,-1],[-1,2],[0,2],[7,1],[0,3],[-12,4],[-12,6],[-2,3],[-1,4],[-5,4],[-5,1],[-3,0],[-1,-1],[1,-5],[-1,-2],[-6,-1],[-3,-3],[-2,-1],[-3,1],[-4,6],[-3,2],[-8,4],[-9,3],[-1,12],[-2,13],[3,4],[-1,2],[-2,1],[0,2],[2,0],[3,2],[2,4],[1,1],[2,0],[3,-3],[2,-1],[5,1],[0,1],[-4,9],[-6,8],[-10,5],[-5,3],[-24,24],[-6,4],[-5,6],[2,1],[-1,3],[-5,4],[-8,2],[-4,0],[-8,2],[-5,20],[-6,5],[-12,7],[0,1],[1,4],[-1,1],[-3,1],[-5,-3],[-4,0],[-5,1],[-5,4],[-10,-8],[-10,-4],[-6,2],[-8,4],[-2,7],[1,2],[7,12],[0,2],[-1,2],[0,4],[4,1],[0,1],[-6,6],[-1,6],[-6,7],[-1,1],[2,2],[6,2],[0,4],[6,4]],[[589,781],[167,-24],[13,31],[10,49],[33,64]],[[812,901],[57,-32],[33,-12],[40,1],[17,21],[34,55],[29,37],[12,8],[15,18],[8,12],[6,26],[1,21],[1,8],[3,9],[0,9],[-2,9],[5,6],[6,7],[3,8],[22,14],[5,8],[10,4],[7,0],[15,3],[10,0]],[[1071,1319],[2,-3],[2,-1],[4,2],[25,27],[6,8],[3,1],[2,-1],[1,-5],[-1,-6],[-10,-11],[-2,-3],[2,-12],[0,-3],[-2,-2],[-13,1],[-3,-2],[-2,-3],[0,-2],[3,-9],[15,-13],[5,-13],[1,-2],[2,1],[2,1],[-3,10],[3,4],[3,2],[4,2],[3,0],[4,-2],[8,-10],[10,-14],[3,-2],[3,0],[21,-25],[-25,-46],[2,-47]],[[812,901],[19,47],[11,90],[22,4],[19,5],[10,4],[5,4],[6,7],[6,14],[7,24],[5,8],[3,14],[-3,8],[-2,1],[-1,8],[-2,2],[0,5],[1,4],[-10,18],[-4,-2],[-13,0],[-9,-2],[-3,0],[-2,3],[-7,1],[-8,-3],[-6,-3],[-5,2],[-9,3],[-6,14],[2,11],[-3,11],[-1,5],[-2,8],[0,7],[5,-2],[4,-1],[9,-4],[30,1],[5,9],[7,4],[16,3],[4,2],[3,15],[0,6],[5,9],[0,4],[9,14],[4,9],[1,2],[1,6],[2,2],[6,12],[1,7],[-3,5],[1,3],[0,1],[4,-4],[-1,5],[1,2],[8,7],[3,2],[4,7],[0,14],[-5,2],[-9,-1]],[[947,1364],[4,7],[15,18],[29,31]],[[995,1420],[18,-31],[10,-21],[10,-16],[15,-19],[10,-9],[13,-5]],[[589,781],[2,2],[0,2],[-9,-3],[-10,1],[-3,3],[-8,2],[-6,3],[-3,2],[-10,-1],[-3,-1],[-1,-1],[-1,-5],[-3,-2],[-10,8],[-4,1],[-5,1],[-8,5],[-3,-2],[-7,0],[-6,-2],[-6,1],[-9,13],[0,6],[2,3],[1,2],[-4,9],[-5,4],[-3,3],[-7,6],[-5,3],[-5,8],[-1,4],[0,3],[4,10],[-1,6],[-2,12],[-28,16],[-1,4],[-5,2],[-2,-1],[-2,-2],[-4,-3],[-7,-1],[-3,-2],[0,-1],[3,-2],[0,-1],[-6,-2],[0,-1],[4,-2],[0,-2],[-4,-10],[2,-4],[6,-6],[2,-4],[-4,-10],[-4,-1],[-11,1],[-4,-1],[-3,-5],[0,-6],[-3,-5],[-7,-5],[-10,-1],[-10,-3],[-3,-7],[-3,-12],[-1,-8],[-2,-4],[-12,-5],[-3,0],[-12,3],[-4,0],[-1,1],[-8,14],[-4,5],[-8,5],[-1,2],[4,4],[3,6],[-3,11],[3,23],[-3,9],[-2,3],[-13,6],[-11,3],[-3,2],[-2,2],[-2,7],[5,8],[-9,3],[-5,9],[-5,4],[-2,2],[1,4],[6,5],[4,2],[6,8],[-5,1],[-1,3],[3,4],[-1,1],[-6,-3],[-4,-1],[-4,1],[-2,4],[-8,1],[-8,-3],[-3,-1],[-3,1],[-9,7],[-4,4],[-12,11],[0,4],[-2,3],[1,2],[3,3],[9,4],[2,3],[0,2],[-3,1],[0,3],[2,1],[4,0],[2,2],[1,1],[4,-3],[4,0],[2,-1],[6,-1],[1,1],[2,5],[0,4],[-6,11],[-6,5],[-8,5],[-1,6],[-3,4],[1,3],[8,5],[-3,12],[0,4],[-2,2],[2,4],[-3,2],[4,6],[0,6],[3,4],[0,1],[-9,5],[0,2],[3,4],[-1,1],[-10,5],[-8,-1],[-5,1],[2,10],[4,7],[-1,1],[-2,0],[-4,-4],[-7,-3],[-6,0],[-6,1],[-7,5],[-11,4],[-1,1],[-3,8],[-4,7],[0,2],[2,1],[14,4],[7,4],[14,1],[0,1],[-2,3],[1,5],[5,6],[5,0],[5,-5],[3,-1],[13,5],[9,1],[2,2],[2,5],[-1,7],[-1,5],[-3,4],[-15,6],[-6,3],[-12,9],[-4,2],[-6,0],[-2,1],[0,1],[1,0],[8,-1],[2,1],[5,10],[2,8],[1,3],[3,-1],[2,-2],[5,-4],[5,-1],[2,1],[2,1]],[[208,1229],[46,-1],[9,-4],[19,3],[42,21],[21,28],[7,-4],[7,6],[20,-5],[4,5],[13,10],[13,0],[6,10],[7,4],[7,10],[5,4],[6,0],[14,-8],[16,-4],[15,4],[4,0],[5,-4],[12,-3],[2,-3],[6,-4],[6,0],[26,31],[6,1],[2,1],[12,6]],[[566,1333],[5,-1],[14,0],[9,1],[16,-1],[14,2],[7,2],[8,4]],[[639,1340],[18,-20],[10,-4],[4,6],[19,-10],[10,-4],[38,-3],[11,1],[16,4],[16,6],[7,0],[18,11],[7,1],[7,5],[3,1],[4,0],[7,-2],[7,0],[4,1],[5,3],[4,1],[11,-3],[5,1],[1,-1],[0,-2],[5,0],[1,-5],[4,1],[4,0],[19,15],[3,1],[2,4],[3,1],[1,3],[1,1],[2,1],[3,-1],[4,3],[3,