{"type":"Topology","transform":{"scale":[0.00015419888191762053,0.00013870433494623337],"translate":[29.343939942000077,-29.351340064999935]},"arcs":[[[3043,1823],[1,-2],[-39,-79],[-229,-110],[37,-40],[-27,-48],[-73,-27],[1,-94],[55,-21],[30,-92],[-192,-105],[63,-164],[-163,-145],[222,71],[0,-3],[5,-6],[2,-5],[5,-8],[6,-4],[3,1],[-94,-154],[2,-297],[-175,-51],[-150,-35],[-74,-44],[-43,-9],[-8,12],[15,17],[-27,9],[-24,10],[-43,-12],[0,-4],[-71,0],[-60,7],[-51,27],[-80,13],[-5,43],[-20,1],[5,7],[18,5],[30,35],[17,46],[46,14],[34,57],[66,18],[44,21],[-13,17],[-70,-7],[-162,-93],[-87,95]],[[1770,690],[3,-1],[3,2],[2,1],[1,-1],[-1,-4],[2,-1],[11,4],[2,3],[-1,9],[5,14],[11,11],[4,2],[4,-1],[5,5],[1,6],[-4,0],[-3,-1],[-2,1],[-3,8],[0,3],[1,0],[1,-3],[1,0],[1,1],[0,5],[-3,6],[0,1],[2,0],[1,1],[-2,5],[1,3],[7,8],[0,4],[-2,2],[2,7],[9,5],[-1,2],[0,3],[6,4],[0,4],[0,3],[2,1],[4,0],[1,-3],[1,-1],[6,5],[3,1],[4,2],[7,0],[8,3],[5,0],[5,4],[0,2],[-1,3],[1,2],[3,2],[4,-2],[2,1],[1,2],[-3,6],[1,7],[1,1],[4,3],[1,2],[5,4],[2,9],[7,4],[1,4],[-1,5],[2,1],[0,3],[3,2],[1,4],[4,6],[-2,5],[1,4],[3,0],[2,7],[-1,2],[-1,3],[-3,1],[-2,0],[-7,-4],[0,-2],[-1,0],[-1,0],[0,3],[-2,1],[-2,-1],[0,-3],[-2,-1],[-1,0],[-1,2],[-3,0],[-1,1],[3,1],[0,2],[-1,1],[-3,0],[3,2],[-1,6],[3,0],[0,1],[-3,1],[1,8],[-2,2],[0,1],[1,1],[5,0],[1,5],[3,0],[-1,2],[-3,0],[2,5],[2,0],[1,-4],[2,0],[0,3],[3,-3],[9,5],[1,2],[0,4],[-6,8],[0,7],[-3,5],[-2,0],[-3,-1],[-2,2],[1,6],[-1,10],[0,4],[2,2],[3,-1],[1,2],[-3,3],[-2,-1],[-1,-2],[-1,1],[1,3],[2,3],[3,0],[-2,2],[0,2],[1,1],[3,-1],[1,1],[0,3],[-2,5],[1,2],[0,0],[0,-3],[2,0],[1,2],[5,2],[1,-2],[0,-3],[0,-1],[2,0],[0,4],[-1,4],[-1,1],[1,1],[0,5],[6,10],[-1,1],[-3,-1],[-3,1],[-3,2],[1,3],[-1,18],[3,16],[-1,4],[0,5],[7,12],[4,0],[6,-3],[2,1],[2,5],[4,4],[5,5],[2,2],[-1,7],[-2,3],[-1,5],[-4,1],[-3,-2],[-4,0],[-8,-2],[-11,2],[-4,4],[-13,25],[-2,14],[1,4],[4,2],[1,0],[15,-5],[6,-5],[10,-3],[2,0],[15,12],[39,27],[6,6],[1,2],[-4,7],[-8,11],[-1,2],[0,4],[3,5],[4,16],[4,3],[5,2],[23,19],[10,6],[2,4],[6,5],[2,4],[12,-1],[2,-1],[2,-2],[0,-3],[-2,-3],[0,-7],[-2,-3],[3,-9],[8,-5],[16,-8],[2,0],[3,2],[-2,5],[3,3],[1,0],[2,-3],[4,-2],[4,0],[3,5],[2,7],[12,11],[3,6],[1,1],[6,0],[3,2],[4,2],[13,-7],[7,3],[5,1],[5,2],[11,0],[5,1],[10,16],[3,6],[1,14],[2,7],[3,4],[5,5],[5,9],[3,3],[2,0],[15,0]],[[2229,1364],[6,1],[3,-1],[7,-2],[4,-3],[2,0],[12,0],[3,1],[6,-3],[12,0],[11,-4],[12,-7],[15,-5],[19,0],[7,4],[1,3],[-1,7],[-7,12],[0,2],[0,8],[-1,5],[2,26],[-2,13],[-3,8],[-4,4],[-1,3],[0,3],[2,4],[1,0],[4,-1],[5,-5],[3,-7],[1,-4],[1,-1],[4,-1],[3,0],[5,1],[7,4],[3,-1],[4,-3],[2,-4],[2,-10],[8,-16],[3,-3],[5,1],[15,16],[14,17],[8,12],[-1,6],[-3,3],[-5,3],[-5,2],[-17,16],[-25,20],[-3,4],[-3,12],[2,4],[4,6],[6,5],[6,2],[6,-1],[5,-3],[6,-7],[3,-1],[2,0],[5,2],[18,-2],[4,1],[1,2],[1,4],[0,3],[-3,19],[-1,6],[-5,9],[-1,7],[-16,10],[-2,3],[-1,3],[4,8],[3,3],[26,15],[6,2],[8,6],[7,28],[2,16],[0,18],[2,7],[4,6],[3,0],[5,-3],[3,-5],[4,-2],[10,-1],[9,2],[7,-3],[5,0],[3,1],[5,4],[15,5],[11,8],[6,7]],[[2558,1698],[4,4],[4,1],[24,-7],[5,-3],[9,0],[9,3],[9,10],[7,12],[3,11],[-6,5],[-20,8],[-4,6],[-1,4],[0,5],[5,4],[11,3],[15,1],[7,-4],[8,-6],[2,-1],[6,0],[16,4],[3,1],[10,9],[2,2],[3,0],[4,-2],[3,-6],[6,-6],[12,-9],[5,0],[1,3],[-1,3],[-6,7],[-9,8],[0,2],[-2,10],[-2,9],[1,4],[10,9],[4,1],[5,0],[6,-7],[-1,-10],[0,-11],[1,-5],[2,-2],[4,-2],[2,0],[9,3],[7,1],[6,7],[2,3],[0,3],[-4,6],[-10,13],[-4,6],[0,4],[3,3],[7,3],[5,0],[2,-1],[5,-5],[6,-9],[5,-3],[9,-3],[8,1],[7,0],[3,-1],[15,-12],[2,-1],[4,-1],[7,-1],[17,6],[4,5],[4,8],[4,6],[4,3],[1,2],[-1,3],[-3,3],[-2,6],[-8,12],[-1,3],[1,3],[4,5],[5,3],[3,0],[4,3],[5,2],[17,3],[10,-2],[3,0],[0,4],[-7,14],[0,9],[1,2],[2,1],[4,0],[2,-1],[8,-14],[7,-8],[5,-8],[3,-3],[1,-7],[0,-5],[2,-8],[-2,-14],[2,-4],[3,-3],[6,-1],[15,-10],[14,-8],[3,0],[1,1],[3,5],[2,19],[-5,31],[-7,17],[-2,6],[1,5],[4,2],[6,1],[7,-2],[9,-3],[2,-4],[1,0],[29,1],[5,-2],[2,-2],[1,-6],[0,-10],[2,-8],[0,-17],[2,-2],[7,-3],[3,0],[2,2]],[[1886,1502],[2,-3],[4,-2],[17,-2],[2,-4],[-1,-2],[3,-6],[8,-6],[6,-3],[9,2],[1,2],[-1,5],[2,2],[3,-1],[0,-3],[5,-4],[4,0],[2,1],[4,5],[3,9],[-2,1],[-2,1],[-2,1],[-2,3],[5,4],[5,0],[4,2],[2,-1],[6,-8],[4,-2],[6,0],[2,-2],[6,-10],[2,-1],[6,-5],[8,-12]],[[2007,1463],[1,-5],[0,-14],[2,-4],[6,-2],[13,3],[7,-1],[3,-2],[7,-10],[5,-4],[3,-1],[11,6],[10,2],[13,1],[14,-1],[1,-1],[0,-3],[7,-7],[2,-4],[5,-4],[3,-5],[0,-4],[3,-4],[1,0],[3,2],[2,0],[5,-3],[4,0],[-1,-7],[3,-5],[2,-2],[2,0],[5,-7],[6,0],[9,2],[5,-3],[2,2],[0,3],[2,1],[1,0],[2,-3],[5,-1],[5,5],[1,4],[-1,3],[1,3],[2,0],[6,0],[1,-2],[2,0],[4,-2],[1,-3],[-2,-15],[2,-1],[3,2],[2,0],[5,3],[2,0],[12,-7],[2,-4]],[[1770,690],[-46,50],[-100,-108],[-159,-193],[57,-62],[0,-263],[-127,-14],[3,-2],[-126,-98],[-117,153],[-44,29],[-55,-99],[-33,-8],[-133,-41],[-28,2],[-3,8],[-31,4],[-19,-10],[1,-11],[-11,-7],[-35,2],[-16,33],[-13,13],[-12,5],[1,0],[-1,21],[2,15],[-9,24],[-10,18],[-4,8],[-1,13],[-1,22],[-3,15],[2,7],[0,3],[-2,1],[-4,1],[-14,-1],[-2,2],[-1,5],[-1,14],[-1,4],[-5,8],[-3,3],[-11,5],[-21,4],[-1,2],[8,12],[-2,5],[-4,5],[-14,7],[-9,7],[1,2],[9,9],[-2,6],[-4,7],[0,8],[2,9],[3,4],[7,4],[13,10],[1,3],[1,6],[1,9],[-2,4],[-9,14],[-9,15],[0,2],[1,9],[-2,19],[-2,6],[-2,3],[-19,19],[-3,11],[-5,32],[0,2],[1,1],[26,-2],[1,1],[1,4],[-1,27],[8,13],[0,5],[-3,17],[-3,11],[-19,33],[-5,5],[-12,7],[-23,5],[-27,13],[-12,3],[-25,-1],[-16,14],[3,34],[-1,9],[13,-4],[13,2],[8,4],[11,9],[3,4],[-1,2],[-8,19],[-3,12],[-4,26],[-2,6],[-11,19],[-4,5],[-3,1],[-7,3],[-6,1],[-2,1],[-3,4],[-2,6],[-3,13],[-6,5],[-2,5],[-3,4],[-16,7],[-8,2],[-14,7],[-13,4],[-4,2],[0,2],[2,4],[5,19],[3,18],[3,6],[4,4],[5,2],[17,-3],[3,1],[2,1],[-8,13],[-13,29],[-2,5],[-6,7],[-5,10],[-6,6],[-43,25],[-26,11],[-21,6],[-5,1],[-16,1],[-15,5],[-15,6],[-9,5],[-11,8],[-10,5],[-4,-2],[-17,-9],[-15,-4],[-17,-1],[-5,-3],[-19,-5],[-7,-3],[-13,-1],[-11,0],[-11,1],[-10,7],[-4,1],[-13,6],[-10,8],[-3,6],[-5,28],[-4,14],[-3,4],[-5,4],[-11,3],[-10,7],[-16,16],[-8,5],[-6,5],[-8,10],[-3,8],[1,10],[-1,17],[-3,21],[0,18],[4,11],[6,7],[9,7],[2,3],[1,13],[-2,17],[0,15],[-2,13],[0,6],[2,4],[9,5],[2,7],[-2,13],[-11,19],[-10,12],[-4,7],[-4,9],[0,9],[3,5],[21,21],[7,7],[5,2],[13,-1],[6,2],[4,4],[1,4],[-4,13],[-7,5],[-2,3],[1,13],[1,7],[5,8],[6,16],[2,3],[6,6],[4,3],[10,4],[3,4],[0,7],[22,9],[56,3],[146,-51],[101,-46],[83,-23],[43,90],[56,32]],[[592,1579],[8,-26],[0,-3],[3,-3],[0,-5],[3,-2],[1,-4],[4,-5],[1,-18],[4,-6],[0,-6],[2,-1],[5,-6],[0,-8],[0,-1],[7,-10],[2,-2],[6,-1],[7,-4],[2,-6],[6,-3],[1,-3],[3,0],[0,-1],[2,-3],[0,-4],[3,-4],[-5,-7],[-3,-10],[1,-1],[4,-3],[2,-3],[1,-2],[-1,-3],[1,-2],[3,0],[3,-2],[2,-5],[5,0],[3,-8],[6,-5],[0,-3],[4,-3],[0,-4],[2,-2],[6,0],[6,2],[3,0],[5,-3],[2,0],[4,3],[5,2],[3,0],[3,2],[7,-1],[4,1],[2,2],[4,0],[5,4],[2,3],[20,12],[11,9],[5,7],[5,5],[21,7],[12,6],[17,12],[16,9],[14,11],[9,2],[6,5],[6,9],[25,20],[11,6],[13,6],[18,12],[9,4],[10,16],[6,4],[16,2],[18,10],[219,107],[93,72],[74,55],[169,108]],[[1574,1912],[36,-53],[-2,-21],[-42,18],[-41,-37],[14,-50],[42,-27],[5,7],[71,-41],[53,-19],[-10,-14],[5,-2],[-16,-17],[5,-54],[-16,-16],[3,-3],[2,-1],[1,-1],[0,-3],[2,-1],[2,-3],[2,-2],[3,-11],[1,-1],[2,0],[1,0],[0,-4],[-2,-1],[0,-3],[5,-3],[9,-1],[4,-1],[7,-9],[-1,-7],[-7,-5],[-1,-9],[0,-2],[3,-3],[0,-4],[3,-6],[2,-3],[1,-1],[3,1],[7,1],[2,2],[4,-3],[7,-3],[2,-1],[-1,-2],[-4,0],[-1,-1],[1,-5],[2,-2],[17,-2],[6,3],[12,3],[4,-5],[6,-3],[6,-2],[4,1],[2,2],[1,8],[2,2],[3,1],[3,7],[4,-4],[3,0],[1,4],[-1,7],[2,3],[2,0],[3,-3],[4,-2],[-2,-7],[1,-2],[4,-4],[6,6],[10,-3],[21,-2],[4,3],[9,11],[2,0],[1,-3],[4,-2]],[[2007,1463],[3,9],[3,0],[0,-1],[1,3],[44,48],[9,6],[3,0],[7,6],[3,0],[5,3],[4,5],[1,4],[5,5],[2,4],[0,7],[3,0],[7,10],[4,1],[2,-1],[7,7],[9,15],[10,8],[6,7],[2,6],[5,5],[2,2],[9,3],[3,3],[12,4],[14,9],[4,3],[7,4],[12,1],[8,-6],[7,-2],[3,0],[8,5],[-1,2],[1,5],[3,5],[2,-1],[1,-3],[6,-3],[1,-2],[2,-1],[7,-3],[4,1],[1,-2],[1,0],[3,6],[2,2],[1,3],[0,11],[-1,4],[1,6],[-2,16],[12,-10],[6,6],[2,-2],[5,0],[2,2],[2,4],[0,5],[6,2],[3,3],[2,0],[3,3],[0,3],[3,6],[2,1],[0,4],[3,3],[2,4],[2,