{"type":"Topology","transform":{"scale":[0.00037360347026022813,0.0003382744192691217],"translate":[29.97679394200003,-28.43966293899996]},"arcs":[[[498,833],[-3,-4],[-4,-7],[-1,-6],[0,-11],[-1,-2],[-5,-6],[-18,-12],[-3,-3],[-3,-5],[-1,-5],[1,-5],[4,-8],[1,-5],[-1,-10],[1,-5],[-3,0],[-3,2],[-4,1],[-3,-2],[-3,-3],[20,-11]],[[469,726],[3,-2],[3,-58],[2,-26],[9,-30],[-26,-47],[-14,0],[-5,-8],[-5,-11],[-3,-12],[0,-6],[2,-8],[6,-52],[22,-77],[-7,-5],[-1,-6],[-4,0],[-7,-5],[-6,-9],[-7,-5],[-15,1],[2,-13],[28,-1],[8,-4],[-10,-53]],[[444,289],[-6,-4],[-2,1],[-4,1],[-2,5],[-5,1],[-28,-10],[8,-15],[-78,-54],[-8,12],[-55,16],[2,5],[3,4],[3,7],[0,9],[0,0],[-18,-8],[5,21],[-18,51],[-4,67],[-69,83],[-10,13],[-4,4],[-93,44],[-22,10],[-39,39],[24,57],[-20,41],[32,64],[15,-14],[53,108],[88,-36],[64,1],[160,-37],[-8,71],[-30,1],[15,70],[13,-6],[34,-9],[13,-35],[32,4],[10,-34],[3,-4]],[[689,812],[-18,-16],[-4,4],[-9,-8],[23,-24],[2,-3],[-6,-1],[1,-5]],[[678,759],[-5,0],[0,-2],[-6,-5],[-6,-15]],[[661,737],[-7,4],[-14,-11],[3,47],[-79,-15],[-48,11],[-23,-36],[2,-1],[-2,-7],[-4,5],[-5,5],[-10,-6],[-3,-3],[-2,-4]],[[498,833],[8,-11],[5,1],[12,-3],[32,2],[-5,39],[-4,7],[21,63]],[[567,931],[54,7],[-5,-21],[5,2],[20,-19],[-6,-5],[9,-8],[10,8],[43,-30],[17,0],[5,-20],[-9,-2],[2,-2],[-27,-25],[4,-4]],[[1113,486],[-85,-56],[-24,82],[-40,-5],[-1,-1],[-48,-7],[2,-85],[-37,-98],[-33,20],[-42,-113],[-40,-44],[-78,-87],[-49,46],[-99,-138],[-15,52],[-27,-2],[21,24],[-12,40],[0,2],[-10,34],[35,5],[1,48],[-3,-1],[0,6],[-57,27],[17,43],[-26,7],[-19,4]],[[661,737],[76,-36],[73,66],[-35,48],[-16,-4],[-4,4]],[[755,815],[2,7],[4,6],[6,5],[7,2],[5,0],[5,-1],[28,-12],[8,0],[4,1],[118,86],[13,47],[15,28],[31,-18],[-1,-13],[19,10],[1,-1],[28,14],[11,12],[3,1],[1,-2],[-1,-3],[3,-3],[1,-2],[1,-2],[-2,-3],[4,-2],[0,-2],[3,-4],[0,-3],[1,-2],[1,-4],[1,-3],[-2,-4],[1,-2],[-1,-2],[7,-5],[10,-2],[8,1],[5,-1],[23,7],[10,-14],[4,4],[2,7],[3,4],[6,3],[4,0],[-5,-5],[26,-17],[-55,-56],[17,-26],[1,-55],[-9,23],[-71,-39],[19,-46],[21,15],[9,-27],[9,7],[54,-42],[-4,-22],[0,-77],[-57,-3],[-16,-26],[19,-68]],[[721,804],[-3,-6],[-5,-8],[0,-3],[-7,-3],[-7,-5],[2,-6],[4,1],[4,-1],[3,1],[1,-3],[2,-1],[1,-1],[-1,-1],[-3,0],[-1,-1],[0,-7],[-7,0],[-1,0],[-9,-1],[-1,1],[-7,-7],[-6,7],[-2,-1]],[[689,812],[7,-8],[10,8],[9,-10],[6,2]],[[721,804],[2,3],[0,4],[4,1],[1,-1],[2,0],[1,-3],[2,1],[3,-7],[5,2],[5,-4],[9,15]],[[567,931],[6,9],[2,15],[0,6],[-7,17],[5,7],[28,9],[-1,13],[-29,10],[9,48],[11,23],[110,-4],[26,-9],[20,-6],[40,66],[23,14],[-1,5],[14,22],[-78,20],[-22,76],[-4,42],[35,49],[64,-12],[61,19],[3,6],[6,7],[5,8],[2,3],[7,4],[6,6],[0,3],[-1,6],[-2,2],[-3,1],[-11,-1],[-4,0],[-18,5],[-11,1],[-4,2],[-1,2],[-8,19],[11,60],[152,-11],[88,12],[123,-127],[67,-37],[2,2],[47,1],[19,-1],[30,-14],[25,-9],[74,-32],[13,-2],[91,-13],[1,-2],[-4,-1],[-1,-1],[-2,1],[0,-2],[-2,0],[0,-1],[0,-1],[-2,1],[-2,-2],[1,-2],[2,0],[3,-2],[0,-1],[-8,-3],[-2,1],[-2,0],[0,-2],[4,-1],[0,-2],[-1,-3],[-3,-2],[0,-3],[0,-3],[2,-1],[2,-1],[1,-1],[1,-2],[2,0],[1,-1],[0,-6],[-2,-5],[0,-4],[-1,-3],[5,-3],[3,1],[4,-1],[2,-6],[0,-4],[-4,-4],[1,-4],[1,-5],[-1,-2],[-4,-6],[0,-3],[5,-7],[2,-1],[6,-1],[5,0],[1,0],[1,-1],[2,-5],[5,-8],[5,-5],[-1,0],[1,-3],[-2,-2],[-4,-7],[0,-5],[1,-5],[-2,-2],[-3,0],[-1,1],[-2,5],[-2,1],[-2,-1],[-6,-4],[-3,-6],[0,-5],[-3,-2],[0,-1],[-2,-7],[-2,-4],[-2,-6],[-2,-4],[-2,0],[-3,5],[-6,3],[1,1],[2,2],[-1,1],[-7,-1],[-3,2],[-2,-1],[-2,0],[-2,-2],[5,-5],[0,-2],[-2,-1],[-6,0],[-3,1],[-3,-4],[-1,-3],[-7,-8],[-3,0],[-4,0],[-6,2],[-3,2],[-4,2],[-1,-1],[-3,-4],[-1,-3],[0,-4],[5,-9],[1,-6],[3,-4],[0,-1],[-5,-9],[-4,-4],[-1,-1],[-2,0],[0,3],[-1,0],[-1,0],[0,-5],[2,-3],[-1,-6],[-4,1],[-3,-3],[-3,2],[-1,-1],[0,-2],[2,-3],[1,-2],[-1,-1],[-1,-1],[-1,-2],[0,-1],[2,1],[2,-1],[7,-3],[8,-1],[2,-1],[0,-8],[2,-5],[1,-2],[-1,-5],[-1,-3],[2,-11],[5,-4],[0,-2],[-1,-1],[-2,0],[-3,3],[-1,-1],[-1,-1],[0,-6],[2,-5],[-2,-4],[1,-7],[-2,-4],[1,-6],[-3,-7],[0,-3],[0,-1],[4,-7],[5,-4],[2,-1],[0,-5],[5,-7],[4,-3],[1,-5],[-1,-1],[-4,1],[-2,-3],[-5,-1],[-3,-1],[0,-1],[4,-5],[0,-1],[-4,-8],[-1,-4],[-1,-1],[-3,-1],[-4,3],[-1,4],[0,3],[-6,6],[-2,0],[-5,-1],[-4,1],[-2,0],[-2,-1],[-1,-3],[-9,-1],[-1,-3],[2,-4],[0,-4],[0,-3],[-4,-20],[3,-3],[3,-2],[0,-1],[-3,-7],[-4,-3],[-3,-9],[-2,-1],[-4,1],[-2,0],[-5,-7],[0,-3],[5,-4],[-1,-3],[-4,-3],[-4,-1],[-2,0],[-1,-4],[-14,-8],[-1,-1],[2,-5],[1,-1],[5,-3],[1,-3],[1,-4],[2,-2],[2,-2],[4,0],[3,-1],[3,-2],[0,-3],[2,-3],[0,-4],[-2,-10],[5,-8],[1,0],[3,0],[10,5],[2,-2],[4,-8],[-1,-6],[-4,-5],[1,-2],[2,0],[3,1],[4,0],[4,9],[2,7],[0,4],[1,3],[4,2],[5,4],[6,3],[4,-1],[1,-2],[1,-2],[0,-2],[-1,-2],[-3,1],[-3,-2],[2,-4],[2,-3],[0,-2],[-7,-5],[0,-2],[3,-4],[3,-2],[2,-2],[-2,-3],[-1,-5],[-3,-1],[-1,1],[-2,1],[-8,-6],[-6,-12],[-6,-2],[-5,-6],[-1,-2],[1,-3],[5,-4],[5,-3],[1,-2],[3,-9],[0,-7],[2,-5],[-2,-6],[-1,-1],[-3,0],[-8,2],[-4,-1],[-3,-2],[-2,-2],[0,-3],[-3,-5],[-8,-4],[-8,-5],[-3,-5],[-2,-5],[1,-3],[-4,-2],[-6,0],[-5,2],[-1,1],[-11,2],[-1,-1],[0,-7],[-1,-5],[-2,-5],[0,-3],[1,-1],[2,1],[4,2],[5,2],[5,-3],[5,-5],[1,-7],[-1,-3],[-2,-1],[-8,0],[-3,-2],[-3,-6],[-5,-5],[0,-3],[0,-5],[-3,-6],[-2,-1],[-10,-1],[-2,-2],[-1,-5],[1,-9],[4,-6],[2,-4],[5,-3],[-67,-9],[-52,12],[-15,-15],[-18,-45],[-77,4],[-28,-36],[-46,52]]],"objects":{"88":{"type":"GeometryCollection","geometries":[{"arcs":[[0,1,2]],"type":"Polygon","properties":{"WARD":"52401001","PROVINCE":"KwaZulu-Natal","CAT_B":"KZN241","MUNICNAME":"Endumeni Local Municipality","WARDNO":1,"VOTERS":2550,"Area":266.968895127,"Shape_Leng":0.850038702185,"Shape_Area":0.0245455840125,"ID":1972,"POPULATION":6950,"DENSITY":26.03299532963872}},{"arcs":[[3,4,5,-1,6,7]],"type":"Polygon","properties":{"WARD":"52401002","PROVINCE":"KwaZulu-Natal","CAT_B":"KZN241","MUNICNAME":"Endumeni Local Municipality","WARDNO":2,"VOTERS":5150,"Area":35.8109111056,"Shape_Leng":0.365329321588,"Shape_Area":0.003290070634,"ID":1973,"POPULATION":13130,"DENSITY":366.648029738254}},{"arcs":[[8,-2,-6,9,10]],"type":"Polygon","properties":{"WARD":"52401003","PROVINCE":"KwaZulu-Natal","CAT_B":"KZN241","MUNICNAME":"Endumeni Local Municipality","WARDNO":3,"VOTERS":4861,"Area":513.56322095,"Shape_Leng":1.37852849376,"Shape_Area":0.0472257391499,"ID":1974,"POPULATION":15093,"DENSITY":29.388786782824234}},{"arcs":[[11,-4,12]],"type":"Polygon","properties":{"WARD":"52401004","PROVINCE":"KwaZulu-Natal","CAT_B":"KZN241","MUNICNAME":"Endumeni Local Municipality","WARDNO":4,"VOTERS":3968,"Area":2.64768795321,"Shape_Leng":0.0866886848079,"Shape_Area":0.000243284021072,"ID":1975,"POPULATION":8390,"DENSITY":3168.802422441113}},{"arcs":[[-5,-12,13,-10]],"type":"Polygon","properties":{"WARD":"52401005","PROVINCE":"KwaZulu-Natal","CAT_B":"KZN241","MUNICNAME":"Endumeni Local Municipality","WARDNO":5,"VOTERS":3902,"Area":12.2903179259,"Shape_Leng":0.165568636126,"Shape_Area":0.00112939443153,"ID":1976,"POPULATION":9825,"DENSITY":799.409751581388}},{"arcs":[[-11,-14,-13,-8,14]],"type":"Polygon","properties":{"WARD":"52401006","PROVINCE":"KwaZulu-Natal","CAT_B":"KZN241","MUNICNAME":"Endumeni Local Municipality","WARDNO":6,"VOTERS":4068,"Area":778.952363576,"Shape_Leng":1.94197663248,"Shape_Area":0.0715188571629,"ID":1977,"POPULATION":11474,"DENSITY":14.730040675819216}}]}}}