{"type":"Topology","transform":{"scale":[0.0003543552453146941,0.00021750758725341615],"translate":[23.395039996000033,-34.14358999899997]},"arcs":[[[727,2172],[0,-18],[4,-12],[0,-12],[4,-9],[2,-12],[0,-12],[9,-7],[2,-7],[1,-8],[5,-17],[2,-11],[-2,-14],[-10,-18],[-3,-11],[6,-7],[3,-14],[5,0],[4,-9],[6,-5],[6,-3],[6,-6],[7,5],[7,-3],[0,-15],[6,-5],[3,1],[6,-8],[4,-8],[1,-13],[-3,-10],[1,-8],[8,-13],[3,-13],[0,-10],[80,7],[-20,-39],[-6,-111],[24,-9],[-9,-70],[-16,-41],[0,-37],[6,-88],[1,1],[0,-6],[-1,-1],[-9,-119],[0,-62]],[[870,1285],[-234,96],[-35,47],[-130,19],[-22,149],[9,14],[-109,52],[-2,-16],[-85,-27],[3,-74],[-59,0],[-39,20],[-75,19],[-30,20],[-62,10],[56,75],[43,66],[28,204],[100,-1],[186,84],[1,76],[39,46],[3,98],[83,-97],[121,15],[67,-8]],[[1719,2103],[-19,-228],[-62,-200],[20,-27],[-92,-68],[-20,-12],[-20,0],[-3,3],[-2,4],[-2,3],[-3,3],[-4,1],[-2,-1],[-7,-9],[-4,-2],[-3,-1],[-3,2],[-1,4],[0,3],[1,4],[-4,3],[-3,0],[-6,-10],[-2,-1],[-4,0],[-2,-1],[-4,-9],[-1,-6],[-3,-4],[-3,-1],[-8,0],[-3,-3],[-4,-10],[-2,-1],[-7,0],[-2,-2],[-1,-3],[0,-7],[-2,-8],[-3,-8],[-6,-7],[-2,-7],[-4,-9],[-2,-18],[-2,-9],[-1,-3],[-3,-15],[-20,5],[0,-1],[-1,1],[-10,5],[-13,1],[-15,3],[0,2],[3,-1],[1,3],[-8,3],[-1,1],[-38,-110],[10,-116],[15,-17],[4,-73],[11,-27]],[[1347,1122],[-21,-23],[-55,18],[-1,-20],[-5,-14],[1,-6],[-2,-2],[-5,-1],[-2,-4],[-1,-3],[1,-5],[-1,-2],[-4,-5],[-3,-3],[-1,-3],[1,-4],[-4,-2],[-1,-3],[-1,-2],[0,-5],[0,-2],[-5,-3],[-4,3],[-1,-3],[3,-1],[0,-1],[-4,-5],[-3,0],[-3,5],[-1,-1],[-2,-4],[-5,-2],[-1,-3],[1,-5],[1,-6],[-3,-1],[-1,-3],[-1,-1],[-1,3],[-1,1],[-4,-20],[-1,-1],[-2,3],[-2,-1],[0,-2],[3,-3],[-3,-6],[-1,-4],[-1,0],[-6,2],[-2,-2],[0,-8],[3,1],[0,0],[2,-5],[-1,-2],[-3,2],[-1,-1],[1,-10],[2,-5],[0,-2],[-2,-2],[-6,-1],[-4,1],[-2,-1],[0,-2],[3,-5],[6,-7],[0,-1],[-7,-8],[-2,-4],[2,-6],[5,-5],[1,-3],[-1,-16],[2,-5],[1,-3],[0,-23],[1,-8],[-1,-7],[-2,-5],[-8,-13],[0,-5],[2,-5],[1,-7],[-2,-5],[1,-3],[4,-1],[2,-6],[9,-14],[-1,-12],[3,-21],[1,-12],[-1,-2],[-6,-5],[-2,-6],[-3,-11],[-2,-14],[-2,-26],[-2,-6],[-2,-13],[-1,-4],[2,-6],[-3,-22],[-21,4],[-6,3],[-9,-3],[0,-2],[-2,-1],[-5,0],[-7,2],[-7,6],[-8,2],[-5,2],[-5,3],[-2,4],[0,3],[-3,0],[-6,-5],[-3,-4],[-2,0],[-2,3],[-3,-1],[-6,-1],[-5,3],[-3,5],[-10,2],[-8,13],[-5,-2],[-3,-4],[-4,1],[-6,4],[-3,5],[-4,3],[-3,6],[-2,2],[-12,5],[-10,3],[-7,-2],[-13,3],[-16,9],[-2,6],[-1,1],[-2,-5],[-2,-1],[-9,1],[-7,5],[-5,2],[-13,2],[-7,4],[-5,2],[-12,2],[-17,0],[-3,1],[-6,4],[1,4],[-2,1],[-1,3],[-12,0],[-28,12],[-8,2],[-5,-1],[-3,1],[-1,2],[-2,0],[-2,1],[-1,1],[-23,0],[-4,2],[-5,5],[-12,5],[-15,0],[-11,5],[-13,-1],[-12,5]],[[714,752],[-2,4],[0,9],[-2,4],[-4,2],[1,2],[4,4],[1,6],[-2,14],[-4,12],[0,5],[-1,4],[0,6],[-1,2],[0,2],[3,1],[1,4],[-6,12],[-2,12],[-6,11],[-2,1],[-4,-4],[-3,1],[-4,5],[-5,10],[0,9],[2,4],[-1,5],[1,12],[2,10],[-1,5],[-1,6],[-1,4],[3,8],[6,3],[1,2],[0,3],[-3,3],[-1,6],[3,2],[2,3],[4,0],[1,1],[-2,7],[0,3],[1,1],[2,-1],[2,-3],[4,-1],[2,1],[2,2],[1,3],[0,9],[-3,5],[-9,12],[-2,4],[1,2],[7,4],[1,2],[1,4],[-2,8],[-2,8],[-2,1],[-2,0],[-3,7],[-6,10],[-1,2],[1,3],[4,12],[3,3],[25,0],[2,2],[1,0],[7,-1],[3,1],[1,2],[2,7],[1,1],[2,1],[3,-1],[1,1],[-1,5],[3,4],[0,1],[-3,3],[-4,2],[0,1],[5,2],[0,1],[0,3],[-6,3],[-6,8],[-7,2],[-1,2],[-1,2],[-1,6],[-1,2],[-3,0],[0,5],[3,5],[-1,2],[-2,3],[-1,3],[9,0],[3,0],[1,1],[1,11],[1,1],[3,1],[2,1],[2,10],[2,2],[2,0],[1,-3],[3,-1],[9,3],[3,3],[7,3],[5,5],[4,0],[2,-3],[2,0],[4,6],[1,3],[2,-1],[5,-1],[6,3],[2,0],[3,0],[2,0],[0,-3],[4,-2],[6,4],[2,-1],[0,-2],[2,0],[1,6],[3,3],[0,3],[4,0],[3,4],[1,6],[2,2],[1,4],[3,5],[1,3],[2,10],[6,15],[4,7],[0,6],[5,3],[13,0],[8,15]],[[727,2172],[50,-6],[3,82],[10,132],[-155,158],[-9,98],[85,-37],[89,-86],[54,-46],[39,-33],[31,-15],[28,3],[30,11],[19,2],[14,13],[16,8],[19,1],[22,-15],[16,-28],[14,-18],[54,-56],[51,-40],[57,-33],[60,-24],[67,-22],[51,-14],[50,-9],[47,-7],[61,-16],[43,-19],[30,-18],[34,-27],[12,-8]],[[1644,1146],[-141,64],[-22,-20],[-36,7],[-26,-49],[-33,-22],[-39,-4]],[[1719,2103],[8,-5],[26,-9],[28,-9],[15,-3],[13,-6],[70,-24],[0,-9],[-10,-118]],[[1869,1920],[-7,-122],[8,-134],[23,-77],[21,-37],[-17,-148],[-114,-56],[-116,-64],[-23,-136]],[[3098,463],[-55,87],[-172,107],[-278,99],[-49,-41],[-52,52],[-19,33],[-41,32],[-63,3],[-192,-3],[-20,52],[-49,26],[-223,125]],[[1885,1035],[-3,95],[-43,25],[-41,-70],[-22,16],[-70,23],[-62,22]],[[1869,1920],[368,-178],[70,45],[81,55],[61,-6],[5,14],[74,135],[90,-39],[135,75],[-43,-136],[82,-42],[63,-42],[46,-31],[75,-17],[67,-13],[54,-43],[20,-18],[31,-35],[94,56],[96,-80],[133,-34],[104,-40],[-46,-176],[-37,-132],[-95,49],[-15,9],[-46,-169],[-13,51],[-22,-68],[-38,23],[-6,-12],[-89,56],[-14,-47],[-52,-157],[7,-59],[-6,-29],[82,-41],[54,-28],[-23,-82],[134,-74],[16,-11],[92,-52],[-35,-114],[-9,-39],[49,-13],[-52,-23],[11,-29],[-75,-79],[-30,69],[-131,105],[-41,-5],[-47,-6]],[[3098,463],[87,-197],[-25,-115],[-149,59],[-23,-39],[8,-3],[3,-6],[-10,-50],[-4,-13],[-19,-91],[-3,-8],[-6,6],[-1,6],[-2,0],[-1,2],[-2,0],[-2,3],[0,1],[2,2],[1,5],[-2,3],[-3,-1],[-1,-2],[-1,1],[0,1],[3,3],[0,2],[-1,1],[-3,3],[-1,3],[-2,0],[-2,2],[-2,5],[-2,3],[-4,3],[-5,10],[-5,4],[-7,9],[-27,25],[-11,7],[-3,0],[-10,10],[-4,2],[-8,2],[-6,1],[-4,-1],[-1,3],[-1,5],[-2,4],[-6,5],[-1,4],[-3,-2],[0,2],[-1,0],[-1,3],[2,1],[-2,3],[-2,1],[-1,-3],[-1,0],[1,3],[-1,0],[-2,-2],[0,2],[-2,1],[1,2],[-3,1],[0,-2],[-2,0],[0,3],[-2,-1],[0,3],[0,1],[2,1],[-1,2],[-1,0],[-1,-3],[-2,1],[0,1],[-1,-1],[-2,5],[-3,0],[0,3],[-2,-1],[0,3],[-2,0],[-1,1],[1,2],[-2,-1],[-1,3],[-2,-1],[0,1],[-3,4],[-1,-3],[-2,3],[0,2],[-3,-1],[0,6],[1,1],[-1,1],[-2,0],[-8,0],[-3,-1],[-1,-2],[-4,3],[-4,0],[-2,2],[-2,-2],[-3,0],[-7,0],[-1,-4],[-2,2],[-1,-2],[-2,1],[0,-2],[-2,0],[0,-1],[-4,1],[-1,-2],[-2,-1],[-3,1],[0,2],[-2,0],[-2,2],[-1,-1],[-1,1],[-1,-1],[-1,1],[-1,-1],[-4,1],[0,1],[-2,-1],[-3,1],[-1,-1],[-2,1],[-1,-3],[-1,0],[-4,3],[-1,1],[0,1],[-2,1],[-2,4],[-1,-1],[0,-1],[-2,0],[-1,-2],[-3,0],[-7,-3],[-3,1],[0,1],[-2,2],[-1,-1],[-1,2],[-3,0],[-2,-2],[-7,3],[-3,-1],[-5,0],[-1,-2],[-2,2],[-1,-2],[-4,0],[-2,-1],[-1,1],[-1,-2],[-4,1],[-3,-2],[-2,2],[0,-1],[-1,0],[-1,1],[0,-2],[-7,2],[-1,-1],[-2,0],[-3,-1],[-2,1],[-1,0],[-2,2],[-1,-1],[-1,1],[-1,0],[-4,5],[-1,0],[0,1],[-1,-1],[0,1],[-1,0],[-1,1],[-3,-1],[-2,1],[0,-1],[-2,1],[0,-1],[-1,1],[-1,-2],[-1,2],[0,-2],[-3,0],[-1,1],[-1,-1],[-2,0],[-2,-2],[-1,1],[0,1],[-2,-1],[-1,0],[0,2],[-1,1],[-1,4],[-2,-1],[-2,2],[0,-2],[-2,1],[-1,-1],[-3,3],[-2,0],[0,-1],[-2,1],[-1,3],[-1,0],[0,3],[-3,0],[0,2],[-1,2],[-2,-1],[-1,2],[-2,0],[0,-1],[-2,-2],[-2,1],[-2,2],[-1,4],[-1,1],[0,2],[0,1],[0,1],[-1,0],[0,3],[-3,1],[0,2],[-2,0],[-2,4],[-2,-1],[-1,2],[-2,1],[0,1],[-2,-1],[-7,3],[0,0],[-4,2],[-6,-3],[-1,1],[-1,-1],[-1,2],[-3,0],[-2,2],[-1,0],[-1,5],[-2,-2],[-3,3],[-1,0],[-2,3],[-1,-1],[-6,1],[-5,3],[-3,3],[0,1],[0,4],[-2,0],[-1,1],[-2,0],[-1,1],[-2,-2],[-2,0],[-1,-1],[-2,2],[-2,-1],[0,-1],[-8,4],[-2,3],[-3,2],[0,1],[-1,0],[-1,2],[-1,-1],[0,1],[-7,0],[-5,4],[-6,0],[-1,1],[-3,0],[0,1],[-3,-1],[-1,1],[-1,0],[-2,2],[-5,0],[0,1],[-1,0],[-1,0],[-1,0],[-1,-1],[-1,2],[0,-1],[-1,1],[-1,0],[-1,2],[-1,0],[-1,2],[-2,-1],[0,3],[-1,-1],[-1,2],[-1,0],[0,2],[-1,1],[-1,3],[-1,-1],[0,6],[-2,3],[-1,-1],[-1,-3],[-1,0],[0,-4],[-1,-1],[-1,1],[-2,3],[1,2],[1,-1],[1,1],[-3,1],[-2,4],[-3,-1],[-1,1],[-1,-1],[-1,2],[-2,-1],[0,1],[-2,-1],[-5,4],[0,-3],[-2,-2],[-3,0],[-1,1],[-2,1],[-1,2],[-2,-1],[-1,2],[-3,1],[-1,2],[-1,-1],[-1,2],[-4,3],[0,1],[-3,1],[-1,1],[-2,0],[0,2],[-2,0],[-1,4],[-2,0],[-1,1],[-1,-1],[-3,1],[0,1],[0,1],[-2,4],[-2,-1],[-1,-2],[1,-5],[-2,-1],[-2,2],[0,1],[1,1],[0,1],[-2,0],[0,-3],[-2,-1],[-2,2],[-2,-1],[-1,1],[-2,-1],[0,1],[-2,0],[0,2],[1,0],[1,2],[-1,4],[-2,2],[-2,1],[-1,0],[0,-1],[-1,1],[-1,-1],[-3,3],[0,0],[-1,-1],[-1,1],[-2,0],[-1,2],[-2,-1],[-1,1],[-1,-1],[-1,1],[0,1],[-1,0],[0,1],[-2,0],[0,2],[-2,1],[0,2],[-2,2],[0,2],[-1,0],[0,1],[-1,0],[-1,3],[1,2],[-1,2],[-3,0],[0,-2],[-1,1],[-1,-1],[-2,1],[-2,3],[-4,1],[-2,4],[-2,0],[0,2],[-2,1],[0,1],[-2,0],[0,1],[-1,1],[-2,4],[0,2],[1,1],[-3,4],[-1,-2],[-1,2],[-2,0],[-2,2]],[[2254,384],[-7,-1],[-1,1],[-2,2],