{"type":"Topology","transform":{"scale":[0.0004389503829253211,0.00038897286918606537],"translate":[29.616861983000035,-28.189779938999944]},"arcs":[[[1014,774],[12,-63],[76,-38],[34,-67]],[[1136,606],[8,-23],[-5,-4],[-2,-7],[-10,-15],[-6,-33],[5,-19],[0,-12],[-1,-1],[-1,-2],[-10,-4],[-23,-11],[-30,-12]],[[1061,463],[-19,23],[11,42],[-67,-6],[-9,-3],[1,-3],[-1,-7],[2,-12],[1,-15],[2,-4],[3,-4],[3,-2],[3,-1],[-13,-15],[11,-9],[-27,-4],[2,-7],[21,-8],[9,7],[8,-14],[-13,-13],[2,-10],[24,12],[4,1],[4,-15],[8,3],[13,-83],[-13,-38],[-21,-24],[-25,3],[-32,10],[-12,-36],[-11,-1],[-26,-48],[-9,-18],[48,-21],[-34,-49]],[[909,94],[-46,-94],[-12,12],[-122,104],[9,34],[-7,74],[-1,8],[0,11],[0,23],[2,30],[-28,-3],[0,-4],[-2,-1],[-4,0],[-5,-1],[-7,-8],[-5,-3],[-3,-1],[-7,-2],[-11,2],[-4,-1],[-10,-3],[1,-35],[-42,-55],[-71,31],[-12,43],[-69,-21],[-43,-7],[-20,8],[-14,-53],[-17,-61],[-22,-40],[-42,32],[-15,12],[4,12],[-6,14],[-26,14],[-64,4],[-32,6],[-2,-17],[-17,0],[-17,-16],[3,-11],[-17,-8],[-21,9],[15,32],[-19,70],[7,22],[-54,54],[-34,57],[51,81],[-8,54],[15,29],[19,42],[9,8],[8,5],[11,9],[1,3],[8,-3],[9,2],[7,0],[7,-5],[22,-19],[21,-11],[25,2],[23,-50],[8,-51],[53,34],[4,21],[15,66],[-27,7],[23,37],[23,-37],[0,-61],[164,-22],[19,7],[6,-46],[4,-2],[-2,1],[1,-2],[0,-1],[-4,-3],[3,-1],[1,-2],[-1,-3],[4,0],[2,-1],[0,-3],[-1,-4],[6,-2],[2,0],[2,3],[2,4],[5,10],[8,8],[12,1],[0,-2],[-1,-4],[0,-6],[1,-1],[1,0],[2,2],[4,2],[6,2],[0,1],[0,2],[1,3],[0,1],[2,0],[0,0],[-1,2],[4,1],[1,1],[-1,2],[-2,6],[-7,7],[0,1],[7,-1],[1,-1],[3,-1],[2,-2],[3,-2],[2,-1],[2,0],[5,1],[4,3],[1,2],[1,4],[0,1],[1,-3],[3,-5],[5,-5],[3,-6],[1,0],[1,0],[2,4],[6,17],[2,6],[0,1],[-2,1],[1,1],[3,2],[3,2],[6,0],[3,-2],[1,-3],[1,-1],[3,0],[6,-6],[3,0],[2,1],[5,5],[1,3],[1,2],[-2,3],[0,3],[3,-2],[1,0],[4,2],[7,0],[3,2],[3,5],[3,9],[7,9],[3,5],[7,7],[1,1],[3,2],[4,5],[3,2],[2,3],[3,8],[1,1],[3,-1],[8,-3],[2,0],[3,0],[5,1],[1,1],[2,3],[0,5],[-2,1],[-4,-2],[-1,0],[0,1],[-4,9],[-3,2],[-1,2],[0,9],[1,2],[1,3],[1,0],[6,2],[2,1],[3,3],[3,3],[2,0],[1,-1],[1,-1],[0,-3],[0,-1],[2,-3],[1,0],[4,0],[5,2],[3,2],[2,4],[0,1],[-2,4],[0,5],[-2,7],[-4,5],[-3,3],[-10,5],[-1,2],[0,1],[0,1],[7,1],[2,1],[5,4],[5,2],[4,2],[3,1],[2,2],[1,5],[0,3],[2,1],[3,1],[6,-3],[1,-8],[63,-15],[31,48],[-1,1],[1,1],[0,1],[2,0],[6,8],[-11,42],[-26,16],[29,37],[39,-45],[97,19]],[[1061,463],[-1,-1],[-3,1],[-4,1],[-22,1],[-3,0],[-7,-3],[11,-3],[-1,-10],[34,-16],[14,8],[10,-13],[-21,-41],[19,-22],[-1,-47],[1,-3],[2,-3],[5,-5],[4,-2],[2,0],[86,105],[29,3],[-4,-32],[27,-2],[24,-9],[-15,-23],[2,-6],[15,3],[8,-1],[14,-4],[36,-39]],[[1322,300],[-9,-16],[-7,-42],[25,-9],[0,-11],[-23,-7],[-5,-7],[6,-14],[1,-6],[-3,-13],[-5,-8],[-17,-54],[3,-6],[4,-34],[-27,-2],[-7,2],[-3,0],[-5,-1],[-8,13],[-9,30],[-27,-4],[-11,31],[-29,8],[-11,5],[-13,-61],[25,-1],[7,-61],[-136,32],[-55,-1],[-74,31]],[[1136,606],[76,3]],[[1212,609],[30,1],[43,-26]],[[1285,584],[42,-15],[26,-12],[56,-26],[23,-31]],[[1432,500],[3,-37],[19,-66],[66,-17],[-11,-19],[0,-5],[-19,-11],[-34,-57],[-17,4],[-23,8],[-93,4],[-1,-4]],[[1285,584],[7,1],[2,7],[10,3],[20,20]],[[1324,615],[22,-17],[109,44],[63,-15]],[[1518,627],[0,-2],[1,0],[13,-6],[6,-4],[2,-3],[2,-6],[4,-9],[1,-2],[2,-1],[2,-1],[5,0],[4,-1],[4,-1],[6,-1],[6,-2],[14,0],[1,0],[1,-2],[1,-5],[0,-2],[-5,-5],[-6,-4],[-2,-3],[-5,-7],[-5,-6],[-2,-5],[-52,-16],[-55,10],[-29,-43]],[[1231,842],[46,-8],[27,-13],[1,1],[3,0],[1,-1],[2,0],[2,-1],[1,1],[0,0],[1,-1],[0,-1],[3,1],[2,-9],[-6,-11]],[[1314,800],[-13,-22],[-4,4],[-9,2],[0,-4],[0,-3],[0,-1],[0,-2],[-1,-1],[-4,-3],[-3,-4],[0,-2],[0,0],[3,-1],[0,-2],[-1,-1],[-2,-3],[-5,-2],[-2,0],[-2,1],[-3,-1],[0,-5],[-2,-2],[1,-5],[-2,-6],[-1,-4],[-1,1],[-30,-36]],[[1233,698],[-43,-34],[22,-55]],[[1014,774],[50,24]],[[1064,798],[39,-49],[-3,41],[38,-14],[13,66],[2,4],[19,-36],[59,32]],[[1505,705],[-10,-12],[-2,-7],[0,-3],[1,-3],[2,-1],[2,0],[6,2],[1,1],[6,-6],[2,-7],[2,-6],[2,-5],[-1,-8],[2,-16],[0,-7]],[[1324,615],[-16,13]],[[1308,628],[29,49],[14,0],[3,35],[1,23],[0,2],[0,7],[2,35],[-12,10],[-1,0],[-11,12],[2,2],[2,0],[1,4],[-1,3],[1,2]],[[1338,812],[2,3],[1,3],[-1,1],[-2,0],[-1,2],[2,1],[0,4],[4,3],[1,2],[0,4],[-1,1],[-2,2],[0,2],[4,7],[1,0],[1,-1],[1,1],[1,2]],[[1349,849],[3,-3],[78,-37],[-7,-24],[41,-90],[35,16],[6,-6]],[[1233,698],[17,-17],[5,-5],[14,-16],[4,-3],[-1,0],[36,-29]],[[1349,849],[2,0],[1,4],[2,3],[5,1],[3,4],[1,2],[-2,4],[0,6],[0,4],[0,1],[3,3],[2,6],[1,1],[3,0],[1,1],[5,-1],[4,3],[0,3],[0,0],[-1,1],[0,1],[-1,0],[-5,1],[-51,20],[33,29],[32,57]],[[1387,1003],[6,-2],[12,-3],[17,-6],[18,-2],[2,1],[4,0],[11,-3],[3,-2],[3,-2],[2,-3],[0,-2],[-1,-5],[-1,-5],[1,-1],[2,-1],[10,1],[13,6],[3,-1],[12,-4],[8,-5],[2,-2],[0,-2],[4,-4],[1,-5],[6,-8],[1,-3],[2,-4],[3,-1],[7,-1],[3,-3],[0,-2],[0,-4],[-3,-9],[5,-13],[-1,-2],[0,-1],[-4,-3],[-5,-4],[-2,-1],[-8,3],[-7,7],[-5,0],[-3,-1],[-1,-1],[-1,-2],[5,-7],[4,-4],[3,-5],[5,-10],[7,-10],[4,-11],[1,-4],[-4,-23],[1,-3],[3,-7],[4,-3],[2,-1],[3,0],[5,2],[4,1],[6,-1],[3,-2],[1,-4],[4,-6],[0,-4],[2,-7],[0,-8],[1,-1],[3,-3],[0,-2],[0,-6],[-1,-3],[-1,-1],[-7,-5],[-2,-11],[1,-7],[-1,-5],[-1,-6],[-2,-2],[-2,-1],[-8,0],[-7,-1],[-3,0],[-5,2],[-2,0],[-4,-3],[-5,-3],[-5,-3],[-5,-3],[-8,-12]],[[1338,812],[-3,-3],[-3,-3],[-4,-1],[-2,-3],[-7,0],[0,-1],[0,-3],[-1,0],[-2,2],[-2,0],[0,0]],[[1231,842],[-3,13],[-1,1],[0,3],[-2,13],[-1,0],[-1,2],[2,0],[3,37],[-29,6],[-2,0],[-1,1],[-2,0],[-2,1],[-3,6],[0,3],[2,2],[-1,3],[4,3],[-1,2],[0,2],[4,4],[-1,4],[1,1],[3,2],[-1,1],[0,0],[-4,-2],[-1,10],[21,47]],[[1215,1007],[27,-19],[4,7],[16,34],[86,3],[-5,-10],[-9,-12],[-4,-9],[-4,-8],[-3,-3],[-7,-7],[-2,-3],[-2,-6],[-1,-3],[0,-2],[4,-6],[4,-1],[3,0],[5,5],[5,4],[4,5],[5,12],[5,9],[2,1],[5,-3],[4,1],[9,4],[13,4],[4,1],[4,-2]],[[1064,798],[-16,20],[-5,-7],[-24,81],[-17,52],[103,4],[0,9],[40,-8],[-25,60],[95,-2]]],"objects":{"94":{"type":"GeometryCollection","geometries":[{"arcs":[[0,1,2,3]],"type":"Polygon","properties":{"WARD":"52504001","PROVINCE":"KwaZulu-Natal","CAT_B":"KZN254","MUNICNAME":"Dannhauser Local Municipality","WARDNO":1,"VOTERS":3944,"Area":772.732170111,"Shape_Leng":2.08057658472,"Shape_Area":0.0709141373726,"ID":2060,"POPULATION":9749,"DENSITY":12.616272981878824}},{"arcs":[[4,5,-3]],"type":"Polygon","properties":{"WARD":"52504002","PROVINCE":"KwaZulu-Natal","CAT_B":"KZN254","MUNICNAME":"Dannhauser Local Municipality","WARDNO":2,"VOTERS":3552,"Area":199.743596141,"Shape_Leng":0.992302716828,"Shape_Area":0.018341044629,"ID":2061,"POPULATION":8095,"DENSITY":40.52695633999549}},{"arcs":[[-5,-2,6,7,8,9]],"type":"Polygon","properties":{"WARD":"52504003","PROVINCE":"KwaZulu-Natal","CAT_B":"KZN254","MUNICNAME":"Dannhauser Local Municipality","WARDNO":3,"VOTERS":3476,"Area":163.074147305,"Shape_Leng":0.669175814666,"Shape_Area":0.0149626369233,"ID":2062,"POPULATION":9101,"DENSITY":55.80896880593994}},{"arcs":[[-9,10,11,12]],"type":"Polygon","properties":{"WARD":"52504004","PROVINCE":"KwaZulu-Natal","CAT_B":"KZN254","MUNICNAME":"Dannhauser Local Municipality","WARDNO":4,"VOTERS":3964,"Area":39.3676111717,"Shape_Leng":0.314986651863,"Shape_Area":0.00361040328437,"ID":2063,"POPULATION":9213,"DENSITY":234.02486779850398}},{"arcs":[[13,14,15,-7,-1,16,17]],"type":"Polygon","properties":{"WARD":"52504005","PROVINCE":"KwaZulu-Natal","CAT_B":"KZN254","MUNICNAME":"Dannhauser Local Municipality","WARDNO":5,"VOTERS":3517,"Area":69.4535885465,"Shape_Leng":0.44258809959,"Shape_Area":0.00636606814688,"ID":2064,"POPULATION":7424,"DENSITY":106.89152505099926}},{"arcs":[[18,-12,19,20,21,22]],"type":"Polygon","properties":{"WARD":"52504006","PROVINCE":"KwaZulu-Natal","CAT_B":"KZN254","MUNICNAME":"Dannhauser Local Municipality","WARDNO":6,"VOTERS":3570,"Area":47.1717489914,"Shape_Leng":0.356522168704,"Shape_Area":0.00432419395379,"ID":2065,"POPULATION":9538,"DENSITY":202.19729401466324}},{"arcs":[[-20,-11,-8,-16,23]],"type":"Polygon","properties":{"WARD":"52504007","PROVINCE":"KwaZulu-Natal","CAT_B":"KZN254","MUNICNAME":"Dannhauser Local Municipality","WARDNO":7,"VOTERS":3336,"Area":14.1161122138,